id,persistent_id,camera_id,track_id,confidence,frame_id,in_geo_fence,fence_id,fence_name,timestamp,bbox_x,bbox_y,bbox_width,bbox_height
19518,7,CAM001,162,1.6079504134033213,3500,True,58c867fb-332c-46d9-8b45-c0d3caad69df,Eastbound,2026-01-28 10:42:49.620990,257.0,258.0,51.0,65.0
19517,8,CAM001,161,2.0095882451671883,3500,True,58c867fb-332c-46d9-8b45-c0d3caad69df,Eastbound,2026-01-28 10:42:49.617446,356.0,241.0,47.0,74.0
19516,9,CAM001,159,2.0191990577148458,3500,True,58c867fb-332c-46d9-8b45-c0d3caad69df,Eastbound,2026-01-28 10:42:49.612429,284.0,250.0,112.0,94.0
19515,4,CAM001,151,2.021358424367222,3500,True,58c867fb-332c-46d9-8b45-c0d3caad69df,Eastbound,2026-01-28 10:42:49.607893,387.0,244.0,96.0,98.0
19514,5,CAM001,146,2.0299116814551583,3500,True,58c867fb-332c-46d9-8b45-c0d3caad69df,Eastbound,2026-01-28 10:42:49.603892,687.0,241.0,98.0,148.0
19513,10,CAM001,141,1.9969293263764365,3500,True,58c867fb-332c-46d9-8b45-c0d3caad69df,Eastbound,2026-01-28 10:42:49.600884,169.0,244.0,102.0,90.0
19512,3,CAM001,138,1.78874453663899,3500,True,58c867fb-332c-46d9-8b45-c0d3caad69df,Eastbound,2026-01-28 10:42:49.595409,519.0,250.0,91.0,128.0
19511,2,CAM001,134,2.026974986411795,3500,True,58c867fb-332c-46d9-8b45-c0d3caad69df,Eastbound,2026-01-28 10:42:49.579979,606.0,248.0,71.0,115.0
19510,3,CAM002,132,1.7577403315544857,2740,True,8b9846a8-d4ff-4584-8387-7714d0f8f8d8,Westbound,2026-01-28 10:42:46.765806,569.0,354.0,91.0,147.0
19509,7,CAM002,126,1.6578418111998792,2740,True,8b9846a8-d4ff-4584-8387-7714d0f8f8d8,Westbound,2026-01-28 10:42:46.761799,251.0,360.0,134.0,167.0
19508,6,CAM002,125,2.022183872381925,2740,True,8b9846a8-d4ff-4584-8387-7714d0f8f8d8,Westbound,2026-01-28 10:42:46.759117,672.0,275.0,218.0,261.0
19507,1,CAM002,120,2.0334660142952234,2740,True,8b9846a8-d4ff-4584-8387-7714d0f8f8d8,Westbound,2026-01-28 10:42:46.753160,396.0,338.0,230.0,202.0
19506,8,CAM001,161,2.0171992622371793,3495,True,58c867fb-332c-46d9-8b45-c0d3caad69df,Eastbound,2026-01-28 10:42:41.962056,359.0,243.0,43.0,72.0
19505,9,CAM001,159,2.0323441581147956,3495,True,58c867fb-332c-46d9-8b45-c0d3caad69df,Eastbound,2026-01-28 10:42:41.957979,286.0,250.0,108.0,93.0
19504,4,CAM001,151,2.0298532631955815,3495,True,58c867fb-332c-46d9-8b45-c0d3caad69df,Eastbound,2026-01-28 10:42:41.954981,386.0,244.0,97.0,98.0
19503,5,CAM001,146,2.03001285838863,3495,True,58c867fb-332c-46d9-8b45-c0d3caad69df,Eastbound,2026-01-28 10:42:41.951984,687.0,241.0,98.0,148.0
19502,10,CAM001,141,1.9985805539909076,3495,True,58c867fb-332c-46d9-8b45-c0d3caad69df,Eastbound,2026-01-28 10:42:41.947464,169.0,244.0,101.0,90.0
19501,3,CAM001,138,1.7272940956628546,3495,True,58c867fb-332c-46d9-8b45-c0d3caad69df,Eastbound,2026-01-28 10:42:41.943502,518.0,249.0,92.0,129.0
19500,2,CAM001,134,2.02941641767021,3495,True,58c867fb-332c-46d9-8b45-c0d3caad69df,Eastbound,2026-01-28 10:42:41.939147,606.0,247.0,71.0,116.0
19499,3,CAM002,132,1.732372468847229,2735,True,8b9846a8-d4ff-4584-8387-7714d0f8f8d8,Westbound,2026-01-28 10:42:40.023273,569.0,354.0,90.0,148.0
19498,7,CAM002,126,2.0165699474526453,2735,True,8b9846a8-d4ff-4584-8387-7714d0f8f8d8,Westbound,2026-01-28 10:42:40.017715,252.0,354.0,138.0,173.0
19497,6,CAM002,125,2.005440646718278,2735,True,8b9846a8-d4ff-4584-8387-7714d0f8f8d8,Westbound,2026-01-28 10:42:40.012705,668.0,274.0,224.0,261.0
19496,1,CAM002,120,2.0309161136702802,2735,True,8b9846a8-d4ff-4584-8387-7714d0f8f8d8,Westbound,2026-01-28 10:42:40.006185,396.0,338.0,231.0,202.0
19495,8,CAM001,161,1.9062768549783737,3490,True,58c867fb-332c-46d9-8b45-c0d3caad69df,Eastbound,2026-01-28 10:42:35.159511,366.0,233.0,39.0,76.0
19494,9,CAM001,159,1.6253104742353452,3490,True,58c867fb-332c-46d9-8b45-c0d3caad69df,Eastbound,2026-01-28 10:42:35.156990,288.0,249.0,104.0,93.0
19493,4,CAM001,151,2.004123878829682,3490,True,58c867fb-332c-46d9-8b45-c0d3caad69df,Eastbound,2026-01-28 10:42:35.152988,387.0,244.0,96.0,97.0
19492,5,CAM001,146,1.6133824447236729,3490,True,58c867fb-332c-46d9-8b45-c0d3caad69df,Eastbound,2026-01-28 10:42:35.149475,687.0,241.0,98.0,149.0
19491,10,CAM001,141,1.9217635080742668,3490,True,58c867fb-332c-46d9-8b45-c0d3caad69df,Eastbound,2026-01-28 10:42:35.147475,167.0,238.0,104.0,95.0
19490,3,CAM001,138,1.6710077976319266,3490,True,58c867fb-332c-46d9-8b45-c0d3caad69df,Eastbound,2026-01-28 10:42:35.144474,517.0,248.0,93.0,130.0
19489,2,CAM001,134,1.9896776294514078,3490,True,58c867fb-332c-46d9-8b45-c0d3caad69df,Eastbound,2026-01-28 10:42:35.139958,606.0,246.0,71.0,118.0
19488,5,CAM002,146,1.727424401699473,2730,True,8b9846a8-d4ff-4584-8387-7714d0f8f8d8,Westbound,2026-01-28 10:42:33.229079,661.0,369.0,101.0,138.0
19487,3,CAM002,132,1.731772136083956,2730,True,8b9846a8-d4ff-4584-8387-7714d0f8f8d8,Westbound,2026-01-28 10:42:33.227070,569.0,353.0,90.0,150.0
19486,7,CAM002,126,2.014653906266988,2730,True,8b9846a8-d4ff-4584-8387-7714d0f8f8d8,Westbound,2026-01-28 10:42:33.225053,251.0,355.0,140.0,175.0
19485,6,CAM002,125,1.9861501852452277,2730,True,8b9846a8-d4ff-4584-8387-7714d0f8f8d8,Westbound,2026-01-28 10:42:33.222072,666.0,273.0,225.0,261.0
19484,1,CAM002,120,2.032502735062094,2730,True,8b9846a8-d4ff-4584-8387-7714d0f8f8d8,Westbound,2026-01-28 10:42:33.218509,396.0,338.0,231.0,202.0
19483,8,CAM001,161,2.0276991572550602,3485,True,58c867fb-332c-46d9-8b45-c0d3caad69df,Eastbound,2026-01-28 10:42:29.043045,372.0,215.0,42.0,82.0
19482,4,CAM001,151,2.0056972565545683,3485,True,58c867fb-332c-46d9-8b45-c0d3caad69df,Eastbound,2026-01-28 10:42:29.041078,387.0,244.0,96.0,97.0
19481,5,CAM001,146,1.6422134892323796,3485,True,58c867fb-332c-46d9-8b45-c0d3caad69df,Eastbound,2026-01-28 10:42:29.038369,687.0,241.0,98.0,149.0
19480,10,CAM001,141,2.0030717441404575,3485,True,58c867fb-332c-46d9-8b45-c0d3caad69df,Eastbound,2026-01-28 10:42:29.035331,161.0,228.0,116.0,105.0
19479,3,CAM001,138,1.6482106852668899,3485,True,58c867fb-332c-46d9-8b45-c0d3caad69df,Eastbound,2026-01-28 10:42:29.033369,517.0,249.0,93.0,130.0
19478,2,CAM001,134,2.017919930569356,3485,True,58c867fb-332c-46d9-8b45-c0d3caad69df,Eastbound,2026-01-28 10:42:29.031426,606.0,247.0,71.0,120.0
19477,9,CAM002,144,1.9844261841733364,2725,True,8b9846a8-d4ff-4584-8387-7714d0f8f8d8,Westbound,2026-01-28 10:42:27.264774,367.0,382.0,87.0,104.0
19476,3,CAM002,132,1.7184417008761381,2725,True,8b9846a8-d4ff-4584-8387-7714d0f8f8d8,Westbound,2026-01-28 10:42:27.262706,569.0,349.0,91.0,153.0
19475,7,CAM002,126,1.9932719384527697,2725,True,8b9846a8-d4ff-4584-8387-7714d0f8f8d8,Westbound,2026-01-28 10:42:27.261146,252.0,358.0,139.0,171.0
19474,6,CAM002,125,2.0028167689526226,2725,True,8b9846a8-d4ff-4584-8387-7714d0f8f8d8,Westbound,2026-01-28 10:42:27.258146,659.0,272.0,229.0,263.0
19473,1,CAM002,120,2.027942698594323,2725,True,8b9846a8-d4ff-4584-8387-7714d0f8f8d8,Westbound,2026-01-28 10:42:27.253145,395.0,337.0,232.0,203.0
19472,4,CAM001,162,2.0349995446599727,3480,True,58c867fb-332c-46d9-8b45-c0d3caad69df,Eastbound,2026-01-28 10:42:23.174047,259.0,258.0,48.0,65.0
19471,8,CAM001,161,1.9197841785438055,3480,True,58c867fb-332c-46d9-8b45-c0d3caad69df,Eastbound,2026-01-28 10:42:23.169488,367.0,225.0,45.0,80.0
19470,7,CAM001,159,1.657078229340404,3480,True,58c867fb-332c-46d9-8b45-c0d3caad69df,Eastbound,2026-01-28 10:42:23.165482,289.0,247.0,103.0,94.0
19469,9,CAM001,151,1.6745864051482513,3480,True,58c867fb-332c-46d9-8b45-c0d3caad69df,Eastbound,2026-01-28 10:42:23.161301,387.0,245.0,97.0,97.0
19468,5,CAM001,146,2.0266703164311295,3480,True,58c867fb-332c-46d9-8b45-c0d3caad69df,Eastbound,2026-01-28 10:42:23.159285,687.0,240.0,98.0,151.0
19467,10,CAM001,141,1.9823980356159199,3480,True,58c867fb-332c-46d9-8b45-c0d3caad69df,Eastbound,2026-01-28 10:42:23.155264,161.0,233.0,115.0,100.0
19466,3,CAM001,138,1.7422522594100678,3480,True,58c867fb-332c-46d9-8b45-c0d3caad69df,Eastbound,2026-01-28 10:42:23.152308,516.0,249.0,93.0,130.0
19465,2,CAM001,134,2.0019906827286595,3480,True,58c867fb-332c-46d9-8b45-c0d3caad69df,Eastbound,2026-01-28 10:42:23.146763,605.0,247.0,73.0,122.0
19464,9,CAM002,144,1.7132299207153037,2720,True,8b9846a8-d4ff-4584-8387-7714d0f8f8d8,Westbound,2026-01-28 10:42:21.125676,369.0,381.0,84.0,104.0
19463,3,CAM002,132,1.7391953075708784,2720,True,8b9846a8-d4ff-4584-8387-7714d0f8f8d8,Westbound,2026-01-28 10:42:21.121668,568.0,348.0,93.0,154.0
19462,7,CAM002,126,1.6738437997941955,2720,True,8b9846a8-d4ff-4584-8387-7714d0f8f8d8,Westbound,2026-01-28 10:42:21.118154,253.0,359.0,137.0,169.0
19461,6,CAM002,125,2.0125891970648637,2720,True,8b9846a8-d4ff-4584-8387-7714d0f8f8d8,Westbound,2026-01-28 10:42:21.115155,656.0,273.0,234.0,261.0
19460,1,CAM002,120,2.0186430751065565,2720,True,8b9846a8-d4ff-4584-8387-7714d0f8f8d8,Westbound,2026-01-28 10:42:21.111274,395.0,337.0,234.0,203.0
19459,4,CAM001,162,1.9264453020002548,3475,True,58c867fb-332c-46d9-8b45-c0d3caad69df,Eastbound,2026-01-28 10:42:16.205236,258.0,259.0,49.0,69.0
19458,8,CAM001,161,1.8596290905090314,3475,True,58c867fb-332c-46d9-8b45-c0d3caad69df,Eastbound,2026-01-28 10:42:16.201214,366.0,233.0,42.0,78.0
19457,7,CAM001,159,1.519843327323986,3475,True,58c867fb-332c-46d9-8b45-c0d3caad69df,Eastbound,2026-01-28 10:42:16.200215,291.0,247.0,99.0,95.0
19456,9,CAM001,151,1.647116956694599,3475,True,58c867fb-332c-46d9-8b45-c0d3caad69df,Eastbound,2026-01-28 10:42:16.197214,388.0,246.0,95.0,95.0
19455,5,CAM001,146,2.03393966444221,3475,True,58c867fb-332c-46d9-8b45-c0d3caad69df,Eastbound,2026-01-28 10:42:16.196213,686.0,240.0,100.0,152.0
19454,10,CAM001,141,2.022033811210297,3475,True,58c867fb-332c-46d9-8b45-c0d3caad69df,Eastbound,2026-01-28 10:42:16.194215,168.0,244.0,104.0,90.0
19453,3,CAM001,138,1.732086549725644,3475,True,58c867fb-332c-46d9-8b45-c0d3caad69df,Eastbound,2026-01-28 10:42:16.192216,516.0,248.0,93.0,131.0
19452,2,CAM001,134,2.025614379991215,3475,True,58c867fb-332c-46d9-8b45-c0d3caad69df,Eastbound,2026-01-28 10:42:16.189047,606.0,246.0,71.0,118.0
19451,9,CAM002,144,1.5733366353493978,2715,True,8b9846a8-d4ff-4584-8387-7714d0f8f8d8,Westbound,2026-01-28 10:42:14.476102,378.0,381.0,69.0,104.0
19450,3,CAM002,132,1.7290587972768006,2715,True,8b9846a8-d4ff-4584-8387-7714d0f8f8d8,Westbound,2026-01-28 10:42:14.473163,569.0,350.0,91.0,151.0
19449,7,CAM002,126,2.0308508039607345,2715,True,8b9846a8-d4ff-4584-8387-7714d0f8f8d8,Westbound,2026-01-28 10:42:14.472099,252.0,359.0,135.0,169.0
19448,6,CAM002,125,2.016690219428886,2715,True,8b9846a8-d4ff-4584-8387-7714d0f8f8d8,Westbound,2026-01-28 10:42:14.469914,651.0,274.0,242.0,258.0
19447,1,CAM002,120,2.014793561388791,2715,True,8b9846a8-d4ff-4584-8387-7714d0f8f8d8,Westbound,2026-01-28 10:42:14.467027,391.0,338.0,239.0,202.0
19446,4,CAM001,162,2.0164518083005563,3470,True,58c867fb-332c-46d9-8b45-c0d3caad69df,Eastbound,2026-01-28 10:42:10.630047,255.0,260.0,53.0,74.0
19445,8,CAM001,161,2.0245153590297216,3470,True,58c867fb-332c-46d9-8b45-c0d3caad69df,Eastbound,2026-01-28 10:42:10.628046,372.0,215.0,46.0,83.0
19444,9,CAM001,151,2.0352942555901166,3470,True,58c867fb-332c-46d9-8b45-c0d3caad69df,Eastbound,2026-01-28 10:42:10.626045,388.0,245.0,94.0,95.0
19443,5,CAM001,146,2.0262894720619276,3470,True,58c867fb-332c-46d9-8b45-c0d3caad69df,Eastbound,2026-01-28 10:42:10.625045,686.0,240.0,100.0,152.0
19442,10,CAM001,141,2.010400397948732,3470,True,58c867fb-332c-46d9-8b45-c0d3caad69df,Eastbound,2026-01-28 10:42:10.624047,169.0,244.0,103.0,91.0
19441,3,CAM001,138,1.6817432703459056,3470,True,58c867fb-332c-46d9-8b45-c0d3caad69df,Eastbound,2026-01-28 10:42:10.621032,516.0,248.0,93.0,131.0
19440,2,CAM001,134,2.0147021351166767,3470,True,58c867fb-332c-46d9-8b45-c0d3caad69df,Eastbound,2026-01-28 10:42:10.618523,606.0,247.0,70.0,120.0
19439,3,CAM002,132,1.7310280012626542,2710,True,8b9846a8-d4ff-4584-8387-7714d0f8f8d8,Westbound,2026-01-28 10:42:09.139213,569.0,350.0,91.0,151.0
19438,7,CAM002,126,2.0041473751922423,2710,True,8b9846a8-d4ff-4584-8387-7714d0f8f8d8,Westbound,2026-01-28 10:42:09.136211,252.0,359.0,137.0,170.0
19437,6,CAM002,125,2.0103040629260596,2710,True,8b9846a8-d4ff-4584-8387-7714d0f8f8d8,Westbound,2026-01-28 10:42:09.134213,643.0,277.0,255.0,255.0
19436,1,CAM002,120,2.0233767503707587,2710,True,8b9846a8-d4ff-4584-8387-7714d0f8f8d8,Westbound,2026-01-28 10:42:09.130956,387.0,337.0,237.0,203.0
19435,4,CAM001,162,1.9648736729725305,3465,True,58c867fb-332c-46d9-8b45-c0d3caad69df,Eastbound,2026-01-28 10:42:04.178446,256.0,259.0,54.0,69.0
19434,8,CAM001,161,1.8686889376764557,3465,True,58c867fb-332c-46d9-8b45-c0d3caad69df,Eastbound,2026-01-28 10:42:04.177446,364.0,225.0,51.0,79.0
19433,7,CAM001,159,1.6351680841424323,3465,True,58c867fb-332c-46d9-8b45-c0d3caad69df,Eastbound,2026-01-28 10:42:04.174445,289.0,249.0,100.0,98.0
19432,9,CAM001,151,2.020082447409899,3465,True,58c867fb-332c-46d9-8b45-c0d3caad69df,Eastbound,2026-01-28 10:42:04.172440,388.0,244.0,94.0,97.0
19431,5,CAM001,146,2.0298891289613565,3465,True,58c867fb-332c-46d9-8b45-c0d3caad69df,Eastbound,2026-01-28 10:42:04.170135,687.0,241.0,98.0,150.0
19430,10,CAM001,141,1.9994771877216166,3465,True,58c867fb-332c-46d9-8b45-c0d3caad69df,Eastbound,2026-01-28 10:42:04.169135,170.0,244.0,101.0,91.0
19429,3,CAM001,138,1.7334822035434685,3465,True,58c867fb-332c-46d9-8b45-c0d3caad69df,Eastbound,2026-01-28 10:42:04.167137,517.0,248.0,93.0,130.0
19428,2,CAM001,134,2.0310528334353197,3465,True,58c867fb-332c-46d9-8b45-c0d3caad69df,Eastbound,2026-01-28 10:42:04.165134,605.0,248.0,72.0,125.0
19427,3,CAM002,132,1.725088869435728,2705,True,8b9846a8-d4ff-4584-8387-7714d0f8f8d8,Westbound,2026-01-28 10:42:02.589417,569.0,348.0,91.0,153.0
19426,7,CAM002,126,1.6478055041160269,2705,True,8b9846a8-d4ff-4584-8387-7714d0f8f8d8,Westbound,2026-01-28 10:42:02.587415,252.0,359.0,137.0,171.0
19425,6,CAM002,125,1.9446100637136121,2705,True,8b9846a8-d4ff-4584-8387-7714d0f8f8d8,Westbound,2026-01-28 10:42:02.585420,646.0,278.0,279.0,255.0
19424,1,CAM002,120,2.015223652005318,2705,True,8b9846a8-d4ff-4584-8387-7714d0f8f8d8,Westbound,2026-01-28 10:42:02.581094,393.0,337.0,234.0,203.0
19423,4,CAM001,162,1.9788665861366372,3460,True,58c867fb-332c-46d9-8b45-c0d3caad69df,Eastbound,2026-01-28 10:41:58.822881,259.0,257.0,52.0,67.0
19422,8,CAM001,161,1.8122531449829793,3460,True,58c867fb-332c-46d9-8b45-c0d3caad69df,Eastbound,2026-01-28 10:41:58.821890,358.0,243.0,49.0,74.0
19421,7,CAM001,159,1.4599744587052865,3460,True,58c867fb-332c-46d9-8b45-c0d3caad69df,Eastbound,2026-01-28 10:41:58.819859,287.0,233.0,112.0,115.0
19420,9,CAM001,151,1.996672686115481,3460,True,58c867fb-332c-46d9-8b45-c0d3caad69df,Eastbound,2026-01-28 10:41:58.818858,387.0,244.0,96.0,97.0
19419,5,CAM001,146,1.967735351748871,3460,True,58c867fb-332c-46d9-8b45-c0d3caad69df,Eastbound,2026-01-28 10:41:58.816858,687.0,240.0,99.0,151.0
19418,10,CAM001,141,1.935129477272646,3460,True,58c867fb-332c-46d9-8b45-c0d3caad69df,Eastbound,2026-01-28 10:41:58.813858,169.0,238.0,103.0,96.0
19417,3,CAM001,138,1.6774939115784857,3460,True,58c867fb-332c-46d9-8b45-c0d3caad69df,Eastbound,2026-01-28 10:41:58.812859,517.0,248.0,93.0,130.0
19416,2,CAM001,134,2.0191511213987625,3460,True,58c867fb-332c-46d9-8b45-c0d3caad69df,Eastbound,2026-01-28 10:41:58.808347,605.0,248.0,72.0,124.0
19415,3,CAM002,132,1.7135967014845246,2700,True,8b9846a8-d4ff-4584-8387-7714d0f8f8d8,Westbound,2026-01-28 10:41:56.841150,568.0,347.0,93.0,154.0
19414,7,CAM002,126,2.028473881168936,2700,True,8b9846a8-d4ff-4584-8387-7714d0f8f8d8,Westbound,2026-01-28 10:41:56.839150,249.0,360.0,138.0,168.0
19413,6,CAM002,125,2.034806213483123,2700,True,8b9846a8-d4ff-4584-8387-7714d0f8f8d8,Westbound,2026-01-28 10:41:56.836150,667.0,276.0,286.0,257.0
19412,1,CAM002,120,2.018868429616489,2700,True,8b9846a8-d4ff-4584-8387-7714d0f8f8d8,Westbound,2026-01-28 10:41:56.832144,396.0,338.0,234.0,202.0
19411,4,CAM001,162,1.9890969741285922,3455,True,58c867fb-332c-46d9-8b45-c0d3caad69df,Eastbound,2026-01-28 10:41:52.974510,256.0,259.0,55.0,68.0
19410,8,CAM001,159,1.9923203239452187,3455,True,58c867fb-332c-46d9-8b45-c0d3caad69df,Eastbound,2026-01-28 10:41:52.971492,280.0,208.0,139.0,141.0
19409,9,CAM001,151,1.5548732757860495,3455,True,58c867fb-332c-46d9-8b45-c0d3caad69df,Eastbound,2026-01-28 10:41:52.969797,388.0,244.0,95.0,97.0
19408,5,CAM001,146,1.6008941492558337,3455,True,58c867fb-332c-46d9-8b45-c0d3caad69df,Eastbound,2026-01-28 10:41:52.967797,687.0,241.0,99.0,150.0
19407,10,CAM001,141,1.9729807385364286,3455,True,58c867fb-332c-46d9-8b45-c0d3caad69df,Eastbound,2026-01-28 10:41:52.965789,163.0,229.0,113.0,104.0
19406,3,CAM001,138,1.6569753216231868,3455,True,58c867fb-332c-46d9-8b45-c0d3caad69df,Eastbound,2026-01-28 10:41:52.961687,517.0,248.0,94.0,131.0
19405,2,CAM001,134,2.022845517370878,3455,True,58c867fb-332c-46d9-8b45-c0d3caad69df,Eastbound,2026-01-28 10:41:52.957090,605.0,248.0,71.0,123.0
19404,9,CAM002,144,1.6879900964983703,2695,True,8b9846a8-d4ff-4584-8387-7714d0f8f8d8,Westbound,2026-01-28 10:41:51.444270,365.0,384.0,60.0,101.0
19403,5,CAM002,143,1.7320883772269007,2695,True,8b9846a8-d4ff-4584-8387-7714d0f8f8d8,Westbound,2026-01-28 10:41:51.442275,665.0,369.0,98.0,136.0
19402,3,CAM002,132,1.7438079708822223,2695,True,8b9846a8-d4ff-4584-8387-7714d0f8f8d8,Westbound,2026-01-28 10:41:51.439552,568.0,349.0,93.0,152.0
19401,7,CAM002,126,1.9952667230977659,2695,True,8b9846a8-d4ff-4584-8387-7714d0f8f8d8,Westbound,2026-01-28 10:41:51.438514,251.0,362.0,138.0,164.0
19400,6,CAM002,125,2.0032479426371745,2695,True,8b9846a8-d4ff-4584-8387-7714d0f8f8d8,Westbound,2026-01-28 10:41:51.436536,670.0,275.0,282.0,258.0
19399,1,CAM002,120,2.003236293005862,2695,True,8b9846a8-d4ff-4584-8387-7714d0f8f8d8,Westbound,2026-01-28 10:41:51.433500,394.0,338.0,236.0,202.0
19398,4,CAM001,162,1.9326406826847158,3450,True,58c867fb-332c-46d9-8b45-c0d3caad69df,Eastbound,2026-01-28 10:41:46.924871,257.0,258.0,56.0,67.0
19397,8,CAM001,161,2.0190865597816328,3450,True,58c867fb-332c-46d9-8b45-c0d3caad69df,Eastbound,2026-01-28 10:41:46.922871,359.0,243.0,48.0,74.0
19396,7,CAM001,159,1.5741069395743439,3450,True,58c867fb-332c-46d9-8b45-c0d3caad69df,Eastbound,2026-01-28 10:41:46.920843,279.0,223.0,132.0,126.0
19395,9,CAM001,151,1.6604205792446407,3450,True,58c867fb-332c-46d9-8b45-c0d3caad69df,Eastbound,2026-01-28 10:41:46.917842,387.0,244.0,96.0,98.0
19394,5,CAM001,146,1.6688273992726426,3450,True,58c867fb-332c-46d9-8b45-c0d3caad69df,Eastbound,2026-01-28 10:41:46.915844,687.0,242.0,98.0,150.0
19393,10,CAM001,141,1.9834825154966975,3450,True,58c867fb-332c-46d9-8b45-c0d3caad69df,Eastbound,2026-01-28 10:41:46.912844,164.0,234.0,111.0,99.0
19392,3,CAM001,138,1.717608763939714,3450,True,58c867fb-332c-46d9-8b45-c0d3caad69df,Eastbound,2026-01-28 10:41:46.909316,515.0,248.0,96.0,132.0
19391,2,CAM001,134,2.0253816969609537,3450,True,58c867fb-332c-46d9-8b45-c0d3caad69df,Eastbound,2026-01-28 10:41:46.907334,604.0,246.0,73.0,127.0
19390,5,CAM002,143,1.723656453124413,2690,True,8b9846a8-d4ff-4584-8387-7714d0f8f8d8,Westbound,2026-01-28 10:41:44.995280,666.0,369.0,97.0,137.0
19389,3,CAM002,132,1.7426685426894923,2690,True,8b9846a8-d4ff-4584-8387-7714d0f8f8d8,Westbound,2026-01-28 10:41:44.993238,569.0,351.0,91.0,150.0
19388,7,CAM002,126,1.6921697705123313,2690,True,8b9846a8-d4ff-4584-8387-7714d0f8f8d8,Westbound,2026-01-28 10:41:44.989570,255.0,361.0,136.0,163.0
19387,6,CAM002,125,2.0140887241302377,2690,True,8b9846a8-d4ff-4584-8387-7714d0f8f8d8,Westbound,2026-01-28 10:41:44.987668,674.0,275.0,277.0,258.0
19386,1,CAM002,120,2.0313653583364726,2690,True,8b9846a8-d4ff-4584-8387-7714d0f8f8d8,Westbound,2026-01-28 10:41:44.983628,394.0,338.0,236.0,202.0
19385,8,CAM001,161,1.7484817512858404,3445,True,58c867fb-332c-46d9-8b45-c0d3caad69df,Eastbound,2026-01-28 10:41:40.614089,357.0,240.0,49.0,80.0
19384,7,CAM001,159,1.485033207561714,3445,True,58c867fb-332c-46d9-8b45-c0d3caad69df,Eastbound,2026-01-28 10:41:40.611080,285.0,241.0,111.0,106.0
19383,9,CAM001,151,2.016227602905558,3445,True,58c867fb-332c-46d9-8b45-c0d3caad69df,Eastbound,2026-01-28 10:41:40.608537,387.0,244.0,96.0,98.0
19382,5,CAM001,146,1.6732912134409956,3445,True,58c867fb-332c-46d9-8b45-c0d3caad69df,Eastbound,2026-01-28 10:41:40.604537,686.0,242.0,100.0,151.0
19381,10,CAM001,141,2.0381336792117053,3445,True,58c867fb-332c-46d9-8b45-c0d3caad69df,Eastbound,2026-01-28 10:41:40.601528,171.0,244.0,98.0,89.0
19380,4,CAM001,138,1.9922362743632738,3445,True,58c867fb-332c-46d9-8b45-c0d3caad69df,Eastbound,2026-01-28 10:41:40.599019,512.0,249.0,97.0,131.0
19379,2,CAM001,134,1.9696457419301177,3445,True,58c867fb-332c-46d9-8b45-c0d3caad69df,Eastbound,2026-01-28 10:41:40.596018,604.0,252.0,72.0,123.0
19378,3,CAM002,132,2.000395467439044,2685,True,8b9846a8-d4ff-4584-8387-7714d0f8f8d8,Westbound,2026-01-28 10:41:38.983613,569.0,351.0,90.0,150.0
19377,7,CAM002,126,2.008006790909036,2685,True,8b9846a8-d4ff-4584-8387-7714d0f8f8d8,Westbound,2026-01-28 10:41:38.981240,254.0,362.0,137.0,165.0
19376,6,CAM002,125,1.9874133138105419,2685,True,8b9846a8-d4ff-4584-8387-7714d0f8f8d8,Westbound,2026-01-28 10:41:38.979279,679.0,273.0,270.0,260.0
19375,1,CAM002,120,2.031202616968934,2685,True,8b9846a8-d4ff-4584-8387-7714d0f8f8d8,Westbound,2026-01-28 10:41:38.977224,394.0,338.0,235.0,202.0
19374,8,CAM001,159,1.90771144130169,3440,True,58c867fb-332c-46d9-8b45-c0d3caad69df,Eastbound,2026-01-28 10:41:35.243548,285.0,230.0,117.0,116.0
19373,9,CAM001,151,2.039544594950986,3440,True,58c867fb-332c-46d9-8b45-c0d3caad69df,Eastbound,2026-01-28 10:41:35.241505,389.0,246.0,93.0,96.0
19372,5,CAM001,146,2.0323646955394663,3440,True,58c867fb-332c-46d9-8b45-c0d3caad69df,Eastbound,2026-01-28 10:41:35.238957,686.0,243.0,100.0,151.0
19371,10,CAM001,141,1.9207051598870961,3440,True,58c867fb-332c-46d9-8b45-c0d3caad69df,Eastbound,2026-01-28 10:41:35.237947,169.0,238.0,102.0,95.0
19370,4,CAM001,138,2.0355166105341422,3440,True,58c867fb-332c-46d9-8b45-c0d3caad69df,Eastbound,2026-01-28 10:41:35.235961,511.0,250.0,96.0,130.0
19369,2,CAM001,134,1.4976282029435877,3440,True,58c867fb-332c-46d9-8b45-c0d3caad69df,Eastbound,2026-01-28 10:41:35.231952,609.0,262.0,63.0,114.0
19368,3,CAM002,132,2.0059779414501677,2680,True,8b9846a8-d4ff-4584-8387-7714d0f8f8d8,Westbound,2026-01-28 10:41:33.949494,568.0,349.0,93.0,152.0
19367,7,CAM002,126,1.9955817992333034,2680,True,8b9846a8-d4ff-4584-8387-7714d0f8f8d8,Westbound,2026-01-28 10:41:33.945488,253.0,361.0,136.0,167.0
19366,6,CAM002,125,2.0145793667319714,2680,True,8b9846a8-d4ff-4584-8387-7714d0f8f8d8,Westbound,2026-01-28 10:41:33.942436,684.0,271.0,262.0,262.0
19365,1,CAM002,120,2.0020489242439514,2680,True,8b9846a8-d4ff-4584-8387-7714d0f8f8d8,Westbound,2026-01-28 10:41:33.936707,394.0,338.0,233.0,202.0
19364,8,CAM001,161,1.9788725013914161,3435,True,58c867fb-332c-46d9-8b45-c0d3caad69df,Eastbound,2026-01-28 10:41:30.574908,335.0,212.0,78.0,130.0
19363,2,CAM001,159,2.0008906407972162,3435,True,58c867fb-332c-46d9-8b45-c0d3caad69df,Eastbound,2026-01-28 10:41:30.572907,285.0,243.0,105.0,105.0
19362,9,CAM001,151,1.9974751902218824,3435,True,58c867fb-332c-46d9-8b45-c0d3caad69df,Eastbound,2026-01-28 10:41:30.570866,388.0,246.0,95.0,96.0
19361,5,CAM001,146,1.9743785795744995,3435,True,58c867fb-332c-46d9-8b45-c0d3caad69df,Eastbound,2026-01-28 10:41:30.566872,686.0,244.0,100.0,149.0
19360,10,CAM001,141,2.004701412692718,3435,True,58c867fb-332c-46d9-8b45-c0d3caad69df,Eastbound,2026-01-28 10:41:30.562867,161.0,227.0,115.0,106.0
19359,4,CAM001,138,1.9818281357599483,3435,True,58c867fb-332c-46d9-8b45-c0d3caad69df,Eastbound,2026-01-28 10:41:30.559346,513.0,251.0,94.0,129.0
19358,3,CAM002,132,1.9734398773062087,2675,True,8b9846a8-d4ff-4584-8387-7714d0f8f8d8,Westbound,2026-01-28 10:41:29.093276,568.0,351.0,93.0,150.0
19357,7,CAM002,126,2.0175751728648637,2675,True,8b9846a8-d4ff-4584-8387-7714d0f8f8d8,Westbound,2026-01-28 10:41:29.091255,252.0,357.0,138.0,169.0
19356,6,CAM002,125,1.9692770656785872,2675,True,8b9846a8-d4ff-4584-8387-7714d0f8f8d8,Westbound,2026-01-28 10:41:29.089574,684.0,273.0,243.0,261.0
19355,1,CAM002,120,1.9847980187670284,2675,True,8b9846a8-d4ff-4584-8387-7714d0f8f8d8,Westbound,2026-01-28 10:41:29.086593,395.0,338.0,232.0,202.0
19354,8,CAM001,161,1.8674001893444314,3430,True,58c867fb-332c-46d9-8b45-c0d3caad69df,Eastbound,2026-01-28 10:41:25.139523,342.0,223.0,69.0,109.0
19353,2,CAM001,159,2.010209374962914,3430,True,58c867fb-332c-46d9-8b45-c0d3caad69df,Eastbound,2026-01-28 10:41:25.137527,286.0,243.0,105.0,106.0
19352,9,CAM001,151,2.017084951529093,3430,True,58c867fb-332c-46d9-8b45-c0d3caad69df,Eastbound,2026-01-28 10:41:25.135525,388.0,245.0,94.0,98.0
19351,5,CAM001,146,1.9689766254804717,3430,True,58c867fb-332c-46d9-8b45-c0d3caad69df,Eastbound,2026-01-28 10:41:25.132523,687.0,243.0,98.0,149.0
19350,10,CAM001,141,1.9791035440642657,3430,True,58c867fb-332c-46d9-8b45-c0d3caad69df,Eastbound,2026-01-28 10:41:25.130970,162.0,233.0,114.0,100.0
19349,3,CAM001,138,1.6990111193060757,3430,True,58c867fb-332c-46d9-8b45-c0d3caad69df,Eastbound,2026-01-28 10:41:25.127973,515.0,251.0,93.0,129.0
19348,4,CAM001,134,2.0230434314002865,3430,True,58c867fb-332c-46d9-8b45-c0d3caad69df,Eastbound,2026-01-28 10:41:25.124987,609.0,245.0,64.0,119.0
19347,3,CAM002,132,1.7032531707416465,2670,True,8b9846a8-d4ff-4584-8387-7714d0f8f8d8,Westbound,2026-01-28 10:41:23.447398,570.0,355.0,90.0,146.0
19346,7,CAM002,126,2.017947843304099,2670,True,8b9846a8-d4ff-4584-8387-7714d0f8f8d8,Westbound,2026-01-28 10:41:23.442397,254.0,362.0,133.0,165.0
19345,6,CAM002,125,1.9777852425764524,2670,True,8b9846a8-d4ff-4584-8387-7714d0f8f8d8,Westbound,2026-01-28 10:41:23.441264,665.0,276.0,240.0,259.0
19344,1,CAM002,120,2.034312519982353,2670,True,8b9846a8-d4ff-4584-8387-7714d0f8f8d8,Westbound,2026-01-28 10:41:23.437262,397.0,338.0,232.0,202.0
19343,8,CAM001,161,1.561988837631722,3425,True,58c867fb-332c-46d9-8b45-c0d3caad69df,Eastbound,2026-01-28 10:41:19.673327,356.0,240.0,48.0,79.0
19342,2,CAM001,159,1.8019055805158541,3425,True,58c867fb-332c-46d9-8b45-c0d3caad69df,Eastbound,2026-01-28 10:41:19.669605,287.0,239.0,104.0,111.0
19341,9,CAM001,151,1.6301760732913253,3425,True,58c867fb-332c-46d9-8b45-c0d3caad69df,Eastbound,2026-01-28 10:41:19.668613,386.0,244.0,98.0,100.0
19340,5,CAM001,146,2.0244056138721875,3425,True,58c867fb-332c-46d9-8b45-c0d3caad69df,Eastbound,2026-01-28 10:41:19.667603,687.0,242.0,98.0,149.0
19339,10,CAM001,141,2.0164417195734745,3425,True,58c867fb-332c-46d9-8b45-c0d3caad69df,Eastbound,2026-01-28 10:41:19.665602,169.0,243.0,103.0,90.0
19338,3,CAM001,138,1.4204348212463365,3425,True,58c867fb-332c-46d9-8b45-c0d3caad69df,Eastbound,2026-01-28 10:41:19.663496,516.0,251.0,92.0,129.0
19337,4,CAM001,134,1.9642176328453504,3425,True,58c867fb-332c-46d9-8b45-c0d3caad69df,Eastbound,2026-01-28 10:41:19.661303,614.0,247.0,60.0,120.0
19336,3,CAM002,132,2.02733857762291,2665,True,8b9846a8-d4ff-4584-8387-7714d0f8f8d8,Westbound,2026-01-28 10:41:18.575372,570.0,356.0,90.0,145.0
19335,7,CAM002,126,1.9938544526658513,2665,True,8b9846a8-d4ff-4584-8387-7714d0f8f8d8,Westbound,2026-01-28 10:41:18.573388,253.0,363.0,134.0,164.0
19334,6,CAM002,125,1.9540521914171713,2665,True,8b9846a8-d4ff-4584-8387-7714d0f8f8d8,Westbound,2026-01-28 10:41:18.572376,667.0,277.0,250.0,257.0
19333,1,CAM002,120,2.035374528113282,2665,True,8b9846a8-d4ff-4584-8387-7714d0f8f8d8,Westbound,2026-01-28 10:41:18.568678,396.0,338.0,231.0,202.0
19332,2,CAM001,159,2.0303328217688796,3420,True,58c867fb-332c-46d9-8b45-c0d3caad69df,Eastbound,2026-01-28 10:41:15.626820,264.0,201.0,134.0,147.0
19331,5,CAM001,146,2.0410259130578834,3420,True,58c867fb-332c-46d9-8b45-c0d3caad69df,Eastbound,2026-01-28 10:41:15.624257,687.0,244.0,99.0,148.0
19330,10,CAM001,141,2.0069929647702236,3420,True,58c867fb-332c-46d9-8b45-c0d3caad69df,Eastbound,2026-01-28 10:41:15.621244,169.0,245.0,101.0,88.0
19329,4,CAM001,134,2.007599423093636,3420,True,58c867fb-332c-46d9-8b45-c0d3caad69df,Eastbound,2026-01-28 10:41:15.617753,619.0,249.0,61.0,121.0
19328,3,CAM002,132,2.0290614064189034,2660,True,8b9846a8-d4ff-4584-8387-7714d0f8f8d8,Westbound,2026-01-28 10:41:14.473025,571.0,356.0,88.0,146.0
19327,7,CAM002,126,2.0294554802627736,2660,True,8b9846a8-d4ff-4584-8387-7714d0f8f8d8,Westbound,2026-01-28 10:41:14.469515,256.0,361.0,133.0,163.0
19326,6,CAM002,125,2.0344302440804563,2660,True,8b9846a8-d4ff-4584-8387-7714d0f8f8d8,Westbound,2026-01-28 10:41:14.466516,695.0,276.0,239.0,257.0
19325,1,CAM002,120,2.0340562274636906,2660,True,8b9846a8-d4ff-4584-8387-7714d0f8f8d8,Westbound,2026-01-28 10:41:14.463515,396.0,338.0,231.0,202.0
19324,2,CAM001,159,1.9929353517061918,3415,True,58c867fb-332c-46d9-8b45-c0d3caad69df,Eastbound,2026-01-28 10:41:11.648593,264.0,200.0,135.0,148.0
19323,5,CAM001,146,2.0181119215625816,3415,True,58c867fb-332c-46d9-8b45-c0d3caad69df,Eastbound,2026-01-28 10:41:11.646592,688.0,244.0,97.0,147.0
19322,10,CAM001,141,2.0395775340423543,3415,True,58c867fb-332c-46d9-8b45-c0d3caad69df,Eastbound,2026-01-28 10:41:11.643593,168.0,245.0,102.0,88.0
19321,4,CAM001,134,1.998083689753156,3415,True,58c867fb-332c-46d9-8b45-c0d3caad69df,Eastbound,2026-01-28 10:41:11.641082,618.0,249.0,63.0,117.0
19320,3,CAM002,132,1.9628835072992667,2655,True,8b9846a8-d4ff-4584-8387-7714d0f8f8d8,Westbound,2026-01-28 10:41:10.597394,570.0,355.0,89.0,148.0
19319,7,CAM002,126,1.9877046796424278,2655,True,8b9846a8-d4ff-4584-8387-7714d0f8f8d8,Westbound,2026-01-28 10:41:10.595395,256.0,362.0,133.0,163.0
19318,6,CAM002,125,1.9212036072245866,2655,True,8b9846a8-d4ff-4584-8387-7714d0f8f8d8,Westbound,2026-01-28 10:41:10.592404,695.0,274.0,213.0,260.0
19317,1,CAM002,120,2.0061505484829847,2655,True,8b9846a8-d4ff-4584-8387-7714d0f8f8d8,Westbound,2026-01-28 10:41:10.587654,397.0,338.0,229.0,202.0
19316,2,CAM001,161,2.017995034761004,3410,True,58c867fb-332c-46d9-8b45-c0d3caad69df,Eastbound,2026-01-28 10:41:07.162353,334.0,213.0,74.0,126.0
19315,7,CAM001,159,1.397722680261123,3410,True,58c867fb-332c-46d9-8b45-c0d3caad69df,Eastbound,2026-01-28 10:41:07.158822,264.0,199.0,139.0,148.0
19314,9,CAM001,151,2.024107740435611,3410,True,58c867fb-332c-46d9-8b45-c0d3caad69df,Eastbound,2026-01-28 10:41:07.155822,388.0,243.0,95.0,99.0
19313,5,CAM001,146,2.023562269449664,3410,True,58c867fb-332c-46d9-8b45-c0d3caad69df,Eastbound,2026-01-28 10:41:07.152812,688.0,243.0,97.0,146.0
19312,10,CAM001,141,2.0258909639882807,3410,True,58c867fb-332c-46d9-8b45-c0d3caad69df,Eastbound,2026-01-28 10:41:07.150294,168.0,245.0,102.0,88.0
19311,8,CAM001,138,2.0310866040174913,3410,True,58c867fb-332c-46d9-8b45-c0d3caad69df,Eastbound,2026-01-28 10:41:07.147295,516.0,252.0,92.0,128.0
19310,4,CAM001,134,1.9789926093920447,3410,True,58c867fb-332c-46d9-8b45-c0d3caad69df,Eastbound,2026-01-28 10:41:07.143284,614.0,249.0,65.0,118.0
19309,3,CAM002,132,2.0280179297442653,2650,True,8b9846a8-d4ff-4584-8387-7714d0f8f8d8,Westbound,2026-01-28 10:41:05.792852,569.0,352.0,90.0,149.0
19308,7,CAM002,126,2.033905370755765,2650,True,8b9846a8-d4ff-4584-8387-7714d0f8f8d8,Westbound,2026-01-28 10:41:05.790059,255.0,363.0,135.0,164.0
19307,6,CAM002,125,2.03879566217667,2650,True,8b9846a8-d4ff-4584-8387-7714d0f8f8d8,Westbound,2026-01-28 10:41:05.789069,674.0,271.0,210.0,264.0
19306,1,CAM002,120,2.0052845749431567,2650,True,8b9846a8-d4ff-4584-8387-7714d0f8f8d8,Westbound,2026-01-28 10:41:05.786056,395.0,338.0,231.0,202.0
19305,2,CAM001,161,1.9995475481169984,3405,True,58c867fb-332c-46d9-8b45-c0d3caad69df,Eastbound,2026-01-28 10:41:02.672826,331.0,214.0,77.0,125.0
19304,9,CAM001,151,2.0061714955107064,3405,True,58c867fb-332c-46d9-8b45-c0d3caad69df,Eastbound,2026-01-28 10:41:02.670319,387.0,243.0,97.0,98.0
19303,5,CAM001,146,2.0154762028458713,3405,True,58c867fb-332c-46d9-8b45-c0d3caad69df,Eastbound,2026-01-28 10:41:02.667318,689.0,242.0,96.0,147.0
19302,10,CAM001,141,2.0390469593656575,3405,True,58c867fb-332c-46d9-8b45-c0d3caad69df,Eastbound,2026-01-28 10:41:02.664318,168.0,245.0,103.0,88.0
19301,8,CAM001,138,1.9989989497418572,3405,True,58c867fb-332c-46d9-8b45-c0d3caad69df,Eastbound,2026-01-28 10:41:02.662314,517.0,250.0,91.0,129.0
19300,4,CAM001,134,2.033507108449938,3405,True,58c867fb-332c-46d9-8b45-c0d3caad69df,Eastbound,2026-01-28 10:41:02.657839,605.0,249.0,71.0,127.0
19299,3,CAM002,132,1.9911710223249741,2645,True,8b9846a8-d4ff-4584-8387-7714d0f8f8d8,Westbound,2026-01-28 10:41:01.372258,568.0,349.0,92.0,152.0
19298,7,CAM002,126,2.021468238662734,2645,True,8b9846a8-d4ff-4584-8387-7714d0f8f8d8,Westbound,2026-01-28 10:41:01.369749,254.0,363.0,136.0,163.0
19297,6,CAM002,125,2.0168149780767526,2645,True,8b9846a8-d4ff-4584-8387-7714d0f8f8d8,Westbound,2026-01-28 10:41:01.367749,673.0,272.0,212.0,262.0
19296,1,CAM002,120,2.0307153195784884,2645,True,8b9846a8-d4ff-4584-8387-7714d0f8f8d8,Westbound,2026-01-28 10:41:01.362773,397.0,338.0,230.0,202.0
19295,2,CAM001,161,2.009881573889434,3400,True,58c867fb-332c-46d9-8b45-c0d3caad69df,Eastbound,2026-01-28 10:40:58.230071,328.0,216.0,81.0,124.0
19294,9,CAM001,151,2.022419966976808,3400,True,58c867fb-332c-46d9-8b45-c0d3caad69df,Eastbound,2026-01-28 10:40:58.222556,387.0,243.0,97.0,97.0
19293,5,CAM001,146,1.9465686180419939,3400,True,58c867fb-332c-46d9-8b45-c0d3caad69df,Eastbound,2026-01-28 10:40:58.220046,687.0,241.0,99.0,151.0
19292,10,CAM001,141,1.9968928878740828,3400,True,58c867fb-332c-46d9-8b45-c0d3caad69df,Eastbound,2026-01-28 10:40:58.218046,168.0,244.0,103.0,89.0
19291,8,CAM001,138,1.9547008562561181,3400,True,58c867fb-332c-46d9-8b45-c0d3caad69df,Eastbound,2026-01-28 10:40:58.216047,518.0,249.0,91.0,129.0
19290,4,CAM001,134,2.0110398254157844,3400,True,58c867fb-332c-46d9-8b45-c0d3caad69df,Eastbound,2026-01-28 10:40:58.210883,605.0,248.0,71.0,127.0
19289,3,CAM002,132,1.738087005820308,2640,True,8b9846a8-d4ff-4584-8387-7714d0f8f8d8,Westbound,2026-01-28 10:40:56.766071,566.0,346.0,94.0,155.0
19288,7,CAM002,126,2.0132502177595533,2640,True,8b9846a8-d4ff-4584-8387-7714d0f8f8d8,Westbound,2026-01-28 10:40:56.764054,255.0,363.0,134.0,160.0
19287,6,CAM002,125,2.018348555864483,2640,True,8b9846a8-d4ff-4584-8387-7714d0f8f8d8,Westbound,2026-01-28 10:40:56.762054,673.0,273.0,213.0,261.0
19286,1,CAM002,120,2.0363222009637587,2640,True,8b9846a8-d4ff-4584-8387-7714d0f8f8d8,Westbound,2026-01-28 10:40:56.759428,396.0,338.0,230.0,202.0
19285,2,CAM001,161,1.6972953547059297,3395,True,58c867fb-332c-46d9-8b45-c0d3caad69df,Eastbound,2026-01-28 10:40:53.233583,329.0,220.0,82.0,119.0
19284,8,CAM001,159,1.9973833857064522,3395,True,58c867fb-332c-46d9-8b45-c0d3caad69df,Eastbound,2026-01-28 10:40:53.230052,311.0,211.0,122.0,129.0
19283,9,CAM001,151,2.038684243047431,3395,True,58c867fb-332c-46d9-8b45-c0d3caad69df,Eastbound,2026-01-28 10:40:53.228053,388.0,245.0,95.0,95.0
19282,5,CAM001,146,2.028906601585618,3395,True,58c867fb-332c-46d9-8b45-c0d3caad69df,Eastbound,2026-01-28 10:40:53.227057,687.0,239.0,99.0,153.0
19281,10,CAM001,141,2.0335273605901505,3395,True,58c867fb-332c-46d9-8b45-c0d3caad69df,Eastbound,2026-01-28 10:40:53.224053,167.0,244.0,104.0,89.0
19280,3,CAM001,138,1.6819307751768107,3395,True,58c867fb-332c-46d9-8b45-c0d3caad69df,Eastbound,2026-01-28 10:40:53.221042,519.0,249.0,90.0,129.0
19279,4,CAM001,134,2.0242165053786367,3395,True,58c867fb-332c-46d9-8b45-c0d3caad69df,Eastbound,2026-01-28 10:40:53.218509,605.0,247.0,71.0,130.0
19278,3,CAM002,132,1.6899504107283543,2635,True,8b9846a8-d4ff-4584-8387-7714d0f8f8d8,Westbound,2026-01-28 10:40:51.752349,564.0,345.0,96.0,156.0
19277,7,CAM002,126,2.024931316201869,2635,True,8b9846a8-d4ff-4584-8387-7714d0f8f8d8,Westbound,2026-01-28 10:40:51.749825,256.0,363.0,133.0,160.0
19276,6,CAM002,125,1.9865713675100554,2635,True,8b9846a8-d4ff-4584-8387-7714d0f8f8d8,Westbound,2026-01-28 10:40:51.747856,677.0,275.0,212.0,260.0
19275,1,CAM002,120,2.038125260423997,2635,True,8b9846a8-d4ff-4584-8387-7714d0f8f8d8,Westbound,2026-01-28 10:40:51.745826,396.0,338.0,231.0,202.0
19274,8,CAM001,161,2.0264940522620827,3390,True,58c867fb-332c-46d9-8b45-c0d3caad69df,Eastbound,2026-01-28 10:40:48.188383,355.0,242.0,54.0,76.0
19273,2,CAM001,160,2.0357492820851033,3390,True,58c867fb-332c-46d9-8b45-c0d3caad69df,Eastbound,2026-01-28 10:40:48.186387,258.0,259.0,51.0,64.0
19272,7,CAM001,159,1.5681573045394046,3390,True,58c867fb-332c-46d9-8b45-c0d3caad69df,Eastbound,2026-01-28 10:40:48.185386,294.0,227.0,130.0,114.0
19271,9,CAM001,151,2.0278875104526684,3390,True,58c867fb-332c-46d9-8b45-c0d3caad69df,Eastbound,2026-01-28 10:40:48.184386,388.0,245.0,95.0,96.0
19270,5,CAM001,146,2.0327148895170004,3390,True,58c867fb-332c-46d9-8b45-c0d3caad69df,Eastbound,2026-01-28 10:40:48.182387,688.0,239.0,98.0,152.0
19269,10,CAM001,141,2.033783163028842,3390,True,58c867fb-332c-46d9-8b45-c0d3caad69df,Eastbound,2026-01-28 10:40:48.181378,167.0,244.0,104.0,89.0
19268,3,CAM001,138,1.7085695840940065,3390,True,58c867fb-332c-46d9-8b45-c0d3caad69df,Eastbound,2026-01-28 10:40:48.178870,519.0,249.0,90.0,129.0
19267,4,CAM001,134,2.028800522881714,3390,True,58c867fb-332c-46d9-8b45-c0d3caad69df,Eastbound,2026-01-28 10:40:48.175869,604.0,247.0,73.0,130.0
19266,3,CAM002,132,2.029980249553145,2630,True,8b9846a8-d4ff-4584-8387-7714d0f8f8d8,Westbound,2026-01-28 10:40:46.609659,562.0,345.0,97.0,156.0
19265,7,CAM002,126,1.621180957463572,2630,True,8b9846a8-d4ff-4584-8387-7714d0f8f8d8,Westbound,2026-01-28 10:40:46.608660,256.0,363.0,133.0,161.0
19264,6,CAM002,125,2.0065479037063616,2630,True,8b9846a8-d4ff-4584-8387-7714d0f8f8d8,Westbound,2026-01-28 10:40:46.606659,679.0,276.0,207.0,258.0
19263,1,CAM002,120,1.6024173679896698,2630,True,8b9846a8-d4ff-4584-8387-7714d0f8f8d8,Westbound,2026-01-28 10:40:46.602680,395.0,337.0,231.0,203.0
19262,2,CAM001,160,1.8579693475104213,3385,True,58c867fb-332c-46d9-8b45-c0d3caad69df,Eastbound,2026-01-28 10:40:42.935170,258.0,259.0,51.0,64.0
19261,7,CAM001,159,1.4310357007338774,3385,True,58c867fb-332c-46d9-8b45-c0d3caad69df,Eastbound,2026-01-28 10:40:42.934170,285.0,251.0,111.0,93.0
19260,9,CAM001,151,1.9715568174665339,3385,True,58c867fb-332c-46d9-8b45-c0d3caad69df,Eastbound,2026-01-28 10:40:42.932170,387.0,244.0,96.0,98.0
19259,5,CAM001,146,1.942699137935913,3385,True,58c867fb-332c-46d9-8b45-c0d3caad69df,Eastbound,2026-01-28 10:40:42.931165,687.0,239.0,99.0,152.0
19258,10,CAM001,141,1.9938320687860898,3385,True,58c867fb-332c-46d9-8b45-c0d3caad69df,Eastbound,2026-01-28 10:40:42.929661,167.0,244.0,104.0,89.0
19257,1,CAM001,138,1.9782282173145447,3385,True,58c867fb-332c-46d9-8b45-c0d3caad69df,Eastbound,2026-01-28 10:40:42.927660,519.0,249.0,90.0,130.0
19256,4,CAM001,134,2.0202844436869216,3385,True,58c867fb-332c-46d9-8b45-c0d3caad69df,Eastbound,2026-01-28 10:40:42.925679,605.0,247.0,71.0,129.0
19255,3,CAM002,132,2.0001500089395226,2625,True,8b9846a8-d4ff-4584-8387-7714d0f8f8d8,Westbound,2026-01-28 10:40:41.669005,561.0,347.0,98.0,154.0
19254,7,CAM002,126,2.0148153407207627,2625,True,8b9846a8-d4ff-4584-8387-7714d0f8f8d8,Westbound,2026-01-28 10:40:41.667004,257.0,362.0,132.0,163.0
19253,6,CAM002,125,2.003805135743707,2625,True,8b9846a8-d4ff-4584-8387-7714d0f8f8d8,Westbound,2026-01-28 10:40:41.664003,672.0,275.0,206.0,258.0
19252,8,CAM002,120,2.0151424366326145,2625,True,8b9846a8-d4ff-4584-8387-7714d0f8f8d8,Westbound,2026-01-28 10:40:41.661062,394.0,336.0,232.0,204.0
19251,9,CAM001,151,2.0274940187152612,3380,True,58c867fb-332c-46d9-8b45-c0d3caad69df,Eastbound,2026-01-28 10:40:38.540894,387.0,243.0,96.0,97.0
19250,5,CAM001,146,2.029562341170924,3380,True,58c867fb-332c-46d9-8b45-c0d3caad69df,Eastbound,2026-01-28 10:40:38.535386,687.0,239.0,100.0,154.0
19249,10,CAM001,141,2.028227343415332,3380,True,58c867fb-332c-46d9-8b45-c0d3caad69df,Eastbound,2026-01-28 10:40:38.531189,167.0,244.0,103.0,89.0
19248,3,CAM001,138,1.6564677418221907,3380,True,58c867fb-332c-46d9-8b45-c0d3caad69df,Eastbound,2026-01-28 10:40:38.526189,519.0,248.0,91.0,131.0
19247,4,CAM001,134,1.990099897127415,3380,True,58c867fb-332c-46d9-8b45-c0d3caad69df,Eastbound,2026-01-28 10:40:38.521272,605.0,247.0,72.0,130.0
19246,3,CAM002,132,1.698727128613784,2620,True,8b9846a8-d4ff-4584-8387-7714d0f8f8d8,Westbound,2026-01-28 10:40:37.160184,559.0,347.0,100.0,154.0
19245,7,CAM002,126,2.020434843300961,2620,True,8b9846a8-d4ff-4584-8387-7714d0f8f8d8,Westbound,2026-01-28 10:40:37.158183,256.0,361.0,134.0,163.0
19244,6,CAM002,125,1.9829529557116437,2620,True,8b9846a8-d4ff-4584-8387-7714d0f8f8d8,Westbound,2026-01-28 10:40:37.156183,673.0,276.0,205.0,257.0
19243,8,CAM002,120,2.038750891645025,2620,True,8b9846a8-d4ff-4584-8387-7714d0f8f8d8,Westbound,2026-01-28 10:40:37.153185,395.0,338.0,231.0,202.0
19242,2,CAM001,160,1.9982904377096886,3375,True,58c867fb-332c-46d9-8b45-c0d3caad69df,Eastbound,2026-01-28 10:40:33.753539,258.0,259.0,51.0,64.0
19241,7,CAM001,159,1.639163644084882,3375,True,58c867fb-332c-46d9-8b45-c0d3caad69df,Eastbound,2026-01-28 10:40:33.752552,284.0,251.0,114.0,94.0
19240,1,CAM001,155,1.851890961906617,3375,True,58c867fb-332c-46d9-8b45-c0d3caad69df,Eastbound,2026-01-28 10:40:33.751510,364.0,223.0,44.0,70.0
19239,9,CAM001,151,2.027610667564477,3375,True,58c867fb-332c-46d9-8b45-c0d3caad69df,Eastbound,2026-01-28 10:40:33.749836,388.0,243.0,95.0,97.0
19238,5,CAM001,146,1.5978434659037797,3375,True,58c867fb-332c-46d9-8b45-c0d3caad69df,Eastbound,2026-01-28 10:40:33.747845,687.0,239.0,99.0,153.0
19237,10,CAM001,141,2.0029277900915323,3375,True,58c867fb-332c-46d9-8b45-c0d3caad69df,Eastbound,2026-01-28 10:40:33.744835,169.0,244.0,101.0,89.0
19236,3,CAM001,138,1.6960960250312782,3375,True,58c867fb-332c-46d9-8b45-c0d3caad69df,Eastbound,2026-01-28 10:40:33.741730,519.0,249.0,91.0,130.0
19235,4,CAM001,134,2.023547261464887,3375,True,58c867fb-332c-46d9-8b45-c0d3caad69df,Eastbound,2026-01-28 10:40:33.736133,605.0,248.0,72.0,129.0
19234,5,CAM002,141,1.7141788784234364,2615,True,8b9846a8-d4ff-4584-8387-7714d0f8f8d8,Westbound,2026-01-28 10:40:32.268375,672.0,369.0,90.0,142.0
19233,3,CAM002,132,1.6954743970516815,2615,True,8b9846a8-d4ff-4584-8387-7714d0f8f8d8,Westbound,2026-01-28 10:40:32.265367,558.0,348.0,103.0,153.0
19232,7,CAM002,126,1.6431252358313913,2615,True,8b9846a8-d4ff-4584-8387-7714d0f8f8d8,Westbound,2026-01-28 10:40:32.262246,256.0,361.0,134.0,162.0
19231,6,CAM002,125,1.9905103283386296,2615,True,8b9846a8-d4ff-4584-8387-7714d0f8f8d8,Westbound,2026-01-28 10:40:32.259627,679.0,277.0,203.0,258.0
19230,8,CAM002,120,2.0084991618322485,2615,True,8b9846a8-d4ff-4584-8387-7714d0f8f8d8,Westbound,2026-01-28 10:40:32.256725,395.0,338.0,232.0,202.0
19229,7,CAM001,155,1.2502214046481586,3370,True,58c867fb-332c-46d9-8b45-c0d3caad69df,Eastbound,2026-01-28 10:40:28.759296,358.0,239.0,45.0,81.0
19228,9,CAM001,151,1.3251720501894717,3370,True,58c867fb-332c-46d9-8b45-c0d3caad69df,Eastbound,2026-01-28 10:40:28.757296,388.0,244.0,94.0,97.0
19227,6,CAM001,146,1.9739327054974611,3370,True,58c867fb-332c-46d9-8b45-c0d3caad69df,Eastbound,2026-01-28 10:40:28.756297,687.0,240.0,98.0,151.0
19226,10,CAM001,141,1.802815816792681,3370,True,58c867fb-332c-46d9-8b45-c0d3caad69df,Eastbound,2026-01-28 10:40:28.754295,170.0,243.0,100.0,90.0
19225,1,CAM001,138,1.991579083157388,3370,True,58c867fb-332c-46d9-8b45-c0d3caad69df,Eastbound,2026-01-28 10:40:28.752296,520.0,251.0,89.0,127.0
19224,4,CAM001,134,2.025117551985314,3370,True,58c867fb-332c-46d9-8b45-c0d3caad69df,Eastbound,2026-01-28 10:40:28.747842,604.0,249.0,73.0,129.0
19223,5,CAM002,141,2.004467664096431,2610,True,8b9846a8-d4ff-4584-8387-7714d0f8f8d8,Westbound,2026-01-28 10:40:27.655372,673.0,369.0,89.0,142.0
19222,3,CAM002,132,2.032897172397801,2610,True,8b9846a8-d4ff-4584-8387-7714d0f8f8d8,Westbound,2026-01-28 10:40:27.653372,557.0,350.0,104.0,151.0
19221,7,CAM002,126,2.019918390201773,2610,True,8b9846a8-d4ff-4584-8387-7714d0f8f8d8,Westbound,2026-01-28 10:40:27.652372,256.0,361.0,132.0,161.0
19220,2,CAM002,125,2.024352422472055,2610,True,8b9846a8-d4ff-4584-8387-7714d0f8f8d8,Westbound,2026-01-28 10:40:27.650186,679.0,276.0,201.0,259.0
19219,8,CAM002,120,2.032587520388796,2610,True,8b9846a8-d4ff-4584-8387-7714d0f8f8d8,Westbound,2026-01-28 10:40:27.644287,395.0,338.0,232.0,202.0
19218,6,CAM001,146,2.0132045596211987,3365,True,58c867fb-332c-46d9-8b45-c0d3caad69df,Eastbound,2026-01-28 10:40:24.859297,687.0,241.0,99.0,151.0
19217,1,CAM001,138,2.0170631203353504,3365,True,58c867fb-332c-46d9-8b45-c0d3caad69df,Eastbound,2026-01-28 10:40:24.858299,520.0,252.0,88.0,126.0
19216,4,CAM001,134,2.0405258589329542,3365,True,58c867fb-332c-46d9-8b45-c0d3caad69df,Eastbound,2026-01-28 10:40:24.853313,604.0,249.0,73.0,129.0
19215,5,CAM002,141,2.026075860713137,2605,True,8b9846a8-d4ff-4584-8387-7714d0f8f8d8,Westbound,2026-01-28 10:40:23.965057,675.0,369.0,88.0,142.0
19214,3,CAM002,132,2.031710710329698,2605,True,8b9846a8-d4ff-4584-8387-7714d0f8f8d8,Westbound,2026-01-28 10:40:23.962056,557.0,353.0,103.0,148.0
19213,7,CAM002,126,2.012132099601948,2605,True,8b9846a8-d4ff-4584-8387-7714d0f8f8d8,Westbound,2026-01-28 10:40:23.958954,256.0,362.0,132.0,160.0
19212,2,CAM002,125,2.024248554690902,2605,True,8b9846a8-d4ff-4584-8387-7714d0f8f8d8,Westbound,2026-01-28 10:40:23.957955,680.0,276.0,200.0,259.0
19211,8,CAM002,120,2.01486680628881,2605,True,8b9846a8-d4ff-4584-8387-7714d0f8f8d8,Westbound,2026-01-28 10:40:23.954055,393.0,338.0,232.0,202.0
19210,6,CAM001,146,2.022210442587617,3360,True,58c867fb-332c-46d9-8b45-c0d3caad69df,Eastbound,2026-01-28 10:40:21.366055,686.0,241.0,98.0,152.0
19209,1,CAM001,138,2.0133858386218497,3360,True,58c867fb-332c-46d9-8b45-c0d3caad69df,Eastbound,2026-01-28 10:40:21.364053,520.0,252.0,89.0,127.0
19208,4,CAM001,134,1.4376731545337533,3360,True,58c867fb-332c-46d9-8b45-c0d3caad69df,Eastbound,2026-01-28 10:40:21.360319,604.0,249.0,73.0,129.0
19207,3,CAM002,132,2.028939091215346,2600,True,8b9846a8-d4ff-4584-8387-7714d0f8f8d8,Westbound,2026-01-28 10:40:20.448382,556.0,355.0,103.0,146.0
19206,7,CAM002,126,2.0052669654912245,2600,True,8b9846a8-d4ff-4584-8387-7714d0f8f8d8,Westbound,2026-01-28 10:40:20.446382,257.0,362.0,130.0,160.0
19205,2,CAM002,125,1.986107565616221,2600,True,8b9846a8-d4ff-4584-8387-7714d0f8f8d8,Westbound,2026-01-28 10:40:20.439866,683.0,277.0,196.0,256.0
19204,8,CAM002,120,2.038882706673272,2600,True,8b9846a8-d4ff-4584-8387-7714d0f8f8d8,Westbound,2026-01-28 10:40:20.433865,393.0,338.0,233.0,202.0
19203,4,CAM001,155,1.951129824757028,3355,True,58c867fb-332c-46d9-8b45-c0d3caad69df,Eastbound,2026-01-28 10:40:17.564195,342.0,214.0,64.0,123.0
19202,6,CAM001,146,1.9352921567325732,3355,True,58c867fb-332c-46d9-8b45-c0d3caad69df,Eastbound,2026-01-28 10:40:17.563195,685.0,242.0,100.0,152.0
19201,10,CAM001,141,1.8957994959266353,3355,True,58c867fb-332c-46d9-8b45-c0d3caad69df,Eastbound,2026-01-28 10:40:17.561184,158.0,225.0,118.0,108.0
19200,1,CAM001,138,2.0040930321739987,3355,True,58c867fb-332c-46d9-8b45-c0d3caad69df,Eastbound,2026-01-28 10:40:17.559680,520.0,253.0,89.0,126.0
19199,5,CAM001,134,1.9942235224189961,3355,True,58c867fb-332c-46d9-8b45-c0d3caad69df,Eastbound,2026-01-28 10:40:17.556679,604.0,249.0,73.0,128.0
19198,3,CAM002,132,2.0338026247331,2595,True,8b9846a8-d4ff-4584-8387-7714d0f8f8d8,Westbound,2026-01-28 10:40:16.247800,555.0,355.0,103.0,147.0
19197,7,CAM002,126,2.0052020952524394,2595,True,8b9846a8-d4ff-4584-8387-7714d0f8f8d8,Westbound,2026-01-28 10:40:16.245801,256.0,361.0,131.0,162.0
19196,2,CAM002,125,2.021909061181262,2595,True,8b9846a8-d4ff-4584-8387-7714d0f8f8d8,Westbound,2026-01-28 10:40:16.243800,685.0,278.0,189.0,254.0
19195,8,CAM002,120,2.033241212887712,2595,True,8b9846a8-d4ff-4584-8387-7714d0f8f8d8,Westbound,2026-01-28 10:40:16.239194,394.0,338.0,234.0,202.0
19194,4,CAM001,155,1.9570259151787042,3350,True,58c867fb-332c-46d9-8b45-c0d3caad69df,Eastbound,2026-01-28 10:40:13.404011,340.0,214.0,64.0,124.0
19193,6,CAM001,146,1.459930755657612,3350,True,58c867fb-332c-46d9-8b45-c0d3caad69df,Eastbound,2026-01-28 10:40:13.403010,688.0,241.0,99.0,149.0
19192,10,CAM001,141,1.9755041383054388,3350,True,58c867fb-332c-46d9-8b45-c0d3caad69df,Eastbound,2026-01-28 10:40:13.400981,161.0,232.0,115.0,102.0
19191,1,CAM001,138,2.006360754578572,3350,True,58c867fb-332c-46d9-8b45-c0d3caad69df,Eastbound,2026-01-28 10:40:13.398980,520.0,250.0,90.0,128.0
19190,5,CAM001,134,2.018839355206511,3350,True,58c867fb-332c-46d9-8b45-c0d3caad69df,Eastbound,2026-01-28 10:40:13.393113,605.0,248.0,72.0,125.0
19189,3,CAM002,132,2.000278274550211,2590,True,8b9846a8-d4ff-4584-8387-7714d0f8f8d8,Westbound,2026-01-28 10:40:12.305849,555.0,355.0,104.0,147.0
19188,7,CAM002,126,2.034911888509378,2590,True,8b9846a8-d4ff-4584-8387-7714d0f8f8d8,Westbound,2026-01-28 10:40:12.303835,255.0,359.0,133.0,165.0
19187,2,CAM002,125,1.555244172447682,2590,True,8b9846a8-d4ff-4584-8387-7714d0f8f8d8,Westbound,2026-01-28 10:40:12.301326,687.0,277.0,176.0,256.0
19186,8,CAM002,120,2.0359116121418133,2590,True,8b9846a8-d4ff-4584-8387-7714d0f8f8d8,Westbound,2026-01-28 10:40:12.297424,395.0,337.0,234.0,203.0
19185,4,CAM001,155,2.0126968940164907,3345,True,58c867fb-332c-46d9-8b45-c0d3caad69df,Eastbound,2026-01-28 10:40:09.325358,337.0,214.0,66.0,125.0
19184,6,CAM001,151,2.00461826291831,3345,True,58c867fb-332c-46d9-8b45-c0d3caad69df,Eastbound,2026-01-28 10:40:09.323358,389.0,246.0,94.0,96.0
19183,2,CAM001,146,1.500481846006429,3345,True,58c867fb-332c-46d9-8b45-c0d3caad69df,Eastbound,2026-01-28 10:40:09.322360,688.0,240.0,98.0,148.0
19182,10,CAM001,141,2.0398423646482255,3345,True,58c867fb-332c-46d9-8b45-c0d3caad69df,Eastbound,2026-01-28 10:40:09.320157,167.0,242.0,105.0,93.0
19181,1,CAM001,138,2.0227708803670397,3345,True,58c867fb-332c-46d9-8b45-c0d3caad69df,Eastbound,2026-01-28 10:40:09.317156,519.0,249.0,92.0,130.0
19180,5,CAM001,134,2.013269348643273,3345,True,58c867fb-332c-46d9-8b45-c0d3caad69df,Eastbound,2026-01-28 10:40:09.313150,606.0,247.0,70.0,123.0
19179,3,CAM002,132,2.0324204255380183,2585,True,8b9846a8-d4ff-4584-8387-7714d0f8f8d8,Westbound,2026-01-28 10:40:07.887235,555.0,355.0,104.0,146.0
19178,7,CAM002,126,2.028381171635027,2585,True,8b9846a8-d4ff-4584-8387-7714d0f8f8d8,Westbound,2026-01-28 10:40:07.885241,257.0,360.0,131.0,163.0
19177,2,CAM002,125,1.5785224252202088,2585,True,8b9846a8-d4ff-4584-8387-7714d0f8f8d8,Westbound,2026-01-28 10:40:07.883135,679.0,277.0,177.0,257.0
19176,8,CAM002,120,2.0067280200874325,2585,True,8b9846a8-d4ff-4584-8387-7714d0f8f8d8,Westbound,2026-01-28 10:40:07.879338,395.0,337.0,233.0,203.0
19175,4,CAM001,155,1.9821685405771101,3340,True,58c867fb-332c-46d9-8b45-c0d3caad69df,Eastbound,2026-01-28 10:40:04.740103,339.0,217.0,67.0,122.0
19174,6,CAM001,151,2.0017648680115845,3340,True,58c867fb-332c-46d9-8b45-c0d3caad69df,Eastbound,2026-01-28 10:40:04.739103,389.0,244.0,94.0,98.0
19173,2,CAM001,146,1.4344364968032135,3340,True,58c867fb-332c-46d9-8b45-c0d3caad69df,Eastbound,2026-01-28 10:40:04.737103,687.0,240.0,99.0,151.0
19172,10,CAM001,141,2.0277236191452435,3340,True,58c867fb-332c-46d9-8b45-c0d3caad69df,Eastbound,2026-01-28 10:40:04.736102,167.0,242.0,105.0,93.0
19171,1,CAM001,138,2.0114945986379036,3340,True,58c867fb-332c-46d9-8b45-c0d3caad69df,Eastbound,2026-01-28 10:40:04.733098,518.0,250.0,93.0,130.0
19170,5,CAM001,134,2.0298445253925292,3340,True,58c867fb-332c-46d9-8b45-c0d3caad69df,Eastbound,2026-01-28 10:40:04.730042,604.0,248.0,73.0,129.0
19169,3,CAM002,132,2.0178111095144518,2580,True,8b9846a8-d4ff-4584-8387-7714d0f8f8d8,Westbound,2026-01-28 10:40:03.556054,555.0,356.0,104.0,145.0
19168,7,CAM002,126,2.0250536145355253,2580,True,8b9846a8-d4ff-4584-8387-7714d0f8f8d8,Westbound,2026-01-28 10:40:03.554054,258.0,361.0,129.0,162.0
19167,2,CAM002,125,1.5549638928549767,2580,True,8b9846a8-d4ff-4584-8387-7714d0f8f8d8,Westbound,2026-01-28 10:40:03.549498,683.0,277.0,176.0,258.0
19166,8,CAM002,120,2.036834117685117,2580,True,8b9846a8-d4ff-4584-8387-7714d0f8f8d8,Westbound,2026-01-28 10:40:03.546602,396.0,338.0,232.0,202.0
19165,4,CAM001,155,2.0188074743409024,3335,True,58c867fb-332c-46d9-8b45-c0d3caad69df,Eastbound,2026-01-28 10:40:00.481675,340.0,220.0,65.0,119.0
19164,6,CAM001,151,1.9962756915709847,3335,True,58c867fb-332c-46d9-8b45-c0d3caad69df,Eastbound,2026-01-28 10:40:00.480061,388.0,242.0,97.0,99.0
19163,2,CAM001,146,1.4897030364434571,3335,True,58c867fb-332c-46d9-8b45-c0d3caad69df,Eastbound,2026-01-28 10:40:00.478354,687.0,240.0,100.0,153.0
19162,10,CAM001,141,1.9989234013209158,3335,True,58c867fb-332c-46d9-8b45-c0d3caad69df,Eastbound,2026-01-28 10:40:00.476344,167.0,243.0,106.0,92.0
19161,3,CAM001,138,1.6438594633795909,3335,True,58c867fb-332c-46d9-8b45-c0d3caad69df,Eastbound,2026-01-28 10:40:00.474381,518.0,250.0,92.0,129.0
19160,5,CAM001,134,2.0045489783003116,3335,True,58c867fb-332c-46d9-8b45-c0d3caad69df,Eastbound,2026-01-28 10:40:00.471240,605.0,248.0,71.0,125.0
19159,1,CAM002,138,2.0116349866029557,2575,True,8b9846a8-d4ff-4584-8387-7714d0f8f8d8,Westbound,2026-01-28 10:39:59.192368,312.0,369.0,76.0,122.0
19158,3,CAM002,132,1.706291780349328,2575,True,8b9846a8-d4ff-4584-8387-7714d0f8f8d8,Westbound,2026-01-28 10:39:59.189598,555.0,357.0,104.0,144.0
19157,7,CAM002,126,2.004863451084635,2575,True,8b9846a8-d4ff-4584-8387-7714d0f8f8d8,Westbound,2026-01-28 10:39:59.188609,256.0,364.0,123.0,159.0
19156,2,CAM002,125,1.6049365714023238,2575,True,8b9846a8-d4ff-4584-8387-7714d0f8f8d8,Westbound,2026-01-28 10:39:59.186596,680.0,276.0,177.0,258.0
19155,8,CAM002,120,2.0384702310884504,2575,True,8b9846a8-d4ff-4584-8387-7714d0f8f8d8,Westbound,2026-01-28 10:39:59.181660,396.0,338.0,231.0,202.0
19154,4,CAM001,156,2.013647939101989,3330,True,58c867fb-332c-46d9-8b45-c0d3caad69df,Eastbound,2026-01-28 10:39:55.506153,266.0,243.0,114.0,109.0
19153,1,CAM001,155,1.6921548680187783,3330,True,58c867fb-332c-46d9-8b45-c0d3caad69df,Eastbound,2026-01-28 10:39:55.504159,342.0,216.0,63.0,123.0
19152,6,CAM001,151,2.0247928867087412,3330,True,58c867fb-332c-46d9-8b45-c0d3caad69df,Eastbound,2026-01-28 10:39:55.501143,389.0,244.0,95.0,96.0
19151,2,CAM001,146,1.5989604882182422,3330,True,58c867fb-332c-46d9-8b45-c0d3caad69df,Eastbound,2026-01-28 10:39:55.499634,687.0,238.0,101.0,154.0
19150,10,CAM001,141,1.994138932121197,3330,True,58c867fb-332c-46d9-8b45-c0d3caad69df,Eastbound,2026-01-28 10:39:55.496627,168.0,243.0,104.0,92.0
19149,3,CAM001,138,1.7345941759853316,3330,True,58c867fb-332c-46d9-8b45-c0d3caad69df,Eastbound,2026-01-28 10:39:55.494683,519.0,249.0,92.0,130.0
19148,5,CAM001,134,2.0182830327479677,3330,True,58c867fb-332c-46d9-8b45-c0d3caad69df,Eastbound,2026-01-28 10:39:55.490106,607.0,247.0,67.0,119.0
19147,1,CAM002,138,1.518445857631105,2570,True,8b9846a8-d4ff-4584-8387-7714d0f8f8d8,Westbound,2026-01-28 10:39:53.934942,312.0,370.0,82.0,120.0
19146,3,CAM002,132,1.6930998763987495,2570,True,8b9846a8-d4ff-4584-8387-7714d0f8f8d8,Westbound,2026-01-28 10:39:53.932936,555.0,357.0,104.0,144.0
19145,7,CAM002,126,1.9589934264938933,2570,True,8b9846a8-d4ff-4584-8387-7714d0f8f8d8,Westbound,2026-01-28 10:39:53.930928,251.0,365.0,127.0,158.0
19144,2,CAM002,125,1.5877500781066058,2570,True,8b9846a8-d4ff-4584-8387-7714d0f8f8d8,Westbound,2026-01-28 10:39:53.929421,679.0,277.0,176.0,257.0
19143,8,CAM002,120,2.012963842705842,2570,True,8b9846a8-d4ff-4584-8387-7714d0f8f8d8,Westbound,2026-01-28 10:39:53.924467,397.0,338.0,230.0,202.0
19142,4,CAM001,156,1.9691975919569549,3325,True,58c867fb-332c-46d9-8b45-c0d3caad69df,Eastbound,2026-01-28 10:39:50.504510,266.0,243.0,115.0,108.0
19141,1,CAM001,155,2.0352162118625623,3325,True,58c867fb-332c-46d9-8b45-c0d3caad69df,Eastbound,2026-01-28 10:39:50.503512,342.0,214.0,66.0,126.0
19140,6,CAM001,151,2.0369168537784272,3325,True,58c867fb-332c-46d9-8b45-c0d3caad69df,Eastbound,2026-01-28 10:39:50.501505,390.0,245.0,93.0,95.0
19139,2,CAM001,146,1.4772391774811704,3325,True,58c867fb-332c-46d9-8b45-c0d3caad69df,Eastbound,2026-01-28 10:39:50.499001,686.0,234.0,103.0,155.0
19138,10,CAM001,141,1.9993713062462082,3325,True,58c867fb-332c-46d9-8b45-c0d3caad69df,Eastbound,2026-01-28 10:39:50.498002,167.0,242.0,106.0,92.0
19137,3,CAM001,138,1.5574578648077788,3325,True,58c867fb-332c-46d9-8b45-c0d3caad69df,Eastbound,2026-01-28 10:39:50.496001,518.0,248.0,93.0,131.0
19136,5,CAM001,134,1.4769091531980112,3325,True,58c867fb-332c-46d9-8b45-c0d3caad69df,Eastbound,2026-01-28 10:39:50.491994,608.0,247.0,68.0,126.0
19135,5,CAM002,135,1.6260121444652431,2565,True,8b9846a8-d4ff-4584-8387-7714d0f8f8d8,Westbound,2026-01-28 10:39:49.106595,676.0,368.0,80.0,142.0
19134,3,CAM002,132,2.0395194194329185,2565,True,8b9846a8-d4ff-4584-8387-7714d0f8f8d8,Westbound,2026-01-28 10:39:49.103594,555.0,358.0,104.0,143.0
19133,7,CAM002,126,2.0238442707726856,2565,True,8b9846a8-d4ff-4584-8387-7714d0f8f8d8,Westbound,2026-01-28 10:39:49.081544,255.0,360.0,134.0,163.0
19132,2,CAM002,125,1.614084155140392,2565,True,8b9846a8-d4ff-4584-8387-7714d0f8f8d8,Westbound,2026-01-28 10:39:49.079036,680.0,279.0,173.0,255.0
19131,8,CAM002,120,2.035573585284935,2565,True,8b9846a8-d4ff-4584-8387-7714d0f8f8d8,Westbound,2026-01-28 10:39:49.075037,397.0,338.0,230.0,202.0
19130,4,CAM001,157,2.0376190499465765,3320,True,58c867fb-332c-46d9-8b45-c0d3caad69df,Eastbound,2026-01-28 10:39:45.722525,256.0,258.0,53.0,65.0
19129,7,CAM001,156,1.5755713695965607,3320,True,58c867fb-332c-46d9-8b45-c0d3caad69df,Eastbound,2026-01-28 10:39:45.721519,274.0,245.0,111.0,103.0
19128,1,CAM001,155,1.8991913745666027,3320,True,58c867fb-332c-46d9-8b45-c0d3caad69df,Eastbound,2026-01-28 10:39:45.720015,348.0,223.0,59.0,109.0
19127,6,CAM001,151,2.0352853483348663,3320,True,58c867fb-332c-46d9-8b45-c0d3caad69df,Eastbound,2026-01-28 10:39:45.718014,390.0,245.0,93.0,95.0
19126,2,CAM001,146,1.5051572309096823,3320,True,58c867fb-332c-46d9-8b45-c0d3caad69df,Eastbound,2026-01-28 10:39:45.716016,686.0,237.0,102.0,151.0
19125,10,CAM001,141,1.9655001714200093,3320,True,58c867fb-332c-46d9-8b45-c0d3caad69df,Eastbound,2026-01-28 10:39:45.714015,166.0,242.0,106.0,92.0
19124,5,CAM001,134,1.531541787220362,3320,True,58c867fb-332c-46d9-8b45-c0d3caad69df,Eastbound,2026-01-28 10:39:45.711097,606.0,249.0,73.0,133.0
19123,5,CAM002,135,1.6042831614782296,2560,True,8b9846a8-d4ff-4584-8387-7714d0f8f8d8,Westbound,2026-01-28 10:39:44.386352,679.0,368.0,75.0,140.0
19122,3,CAM002,132,1.9887920688141134,2560,True,8b9846a8-d4ff-4584-8387-7714d0f8f8d8,Westbound,2026-01-28 10:39:44.383445,555.0,358.0,104.0,143.0
19121,7,CAM002,126,1.6356562934553254,2560,True,8b9846a8-d4ff-4584-8387-7714d0f8f8d8,Westbound,2026-01-28 10:39:44.378744,255.0,359.0,134.0,164.0
19120,2,CAM002,125,1.6079605568168662,2560,True,8b9846a8-d4ff-4584-8387-7714d0f8f8d8,Westbound,2026-01-28 10:39:44.376635,681.0,280.0,172.0,253.0
19119,8,CAM002,120,2.0351350315173034,2560,True,8b9846a8-d4ff-4584-8387-7714d0f8f8d8,Westbound,2026-01-28 10:39:44.372732,397.0,338.0,229.0,202.0
19118,7,CAM001,156,1.5288384307803855,3315,True,58c867fb-332c-46d9-8b45-c0d3caad69df,Eastbound,2026-01-28 10:39:41.087490,283.0,248.0,99.0,98.0
19117,1,CAM001,155,1.874665888088164,3315,True,58c867fb-332c-46d9-8b45-c0d3caad69df,Eastbound,2026-01-28 10:39:41.085490,358.0,231.0,45.0,94.0
19116,6,CAM001,151,1.9783068514847852,3315,True,58c867fb-332c-46d9-8b45-c0d3caad69df,Eastbound,2026-01-28 10:39:41.083585,392.0,244.0,91.0,97.0
19115,2,CAM001,146,1.542278291850898,3315,True,58c867fb-332c-46d9-8b45-c0d3caad69df,Eastbound,2026-01-28 10:39:41.081578,687.0,240.0,101.0,149.0
19114,10,CAM001,141,2.0204116014398306,3315,True,58c867fb-332c-46d9-8b45-c0d3caad69df,Eastbound,2026-01-28 10:39:41.077864,167.0,243.0,105.0,91.0
19113,3,CAM001,138,1.6870706447924462,3315,True,58c867fb-332c-46d9-8b45-c0d3caad69df,Eastbound,2026-01-28 10:39:41.075879,517.0,247.0,93.0,131.0
19112,5,CAM001,134,1.5751772618334212,3315,True,58c867fb-332c-46d9-8b45-c0d3caad69df,Eastbound,2026-01-28 10:39:41.071157,605.0,248.0,74.0,127.0
19111,5,CAM002,135,1.3084222961777225,2555,True,8b9846a8-d4ff-4584-8387-7714d0f8f8d8,Westbound,2026-01-28 10:39:39.718065,690.0,367.0,61.0,140.0
19110,3,CAM002,132,1.647365550883638,2555,True,8b9846a8-d4ff-4584-8387-7714d0f8f8d8,Westbound,2026-01-28 10:39:39.715064,555.0,359.0,104.0,142.0
19109,7,CAM002,126,1.6173656332166133,2555,True,8b9846a8-d4ff-4584-8387-7714d0f8f8d8,Westbound,2026-01-28 10:39:39.713065,255.0,359.0,135.0,165.0
19108,2,CAM002,125,1.5434912204024316,2555,True,8b9846a8-d4ff-4584-8387-7714d0f8f8d8,Westbound,2026-01-28 10:39:39.709555,678.0,279.0,176.0,254.0
19107,8,CAM002,120,2.032812593479199,2555,True,8b9846a8-d4ff-4584-8387-7714d0f8f8d8,Westbound,2026-01-28 10:39:39.706554,398.0,337.0,228.0,203.0
19106,7,CAM001,156,1.6769333244279925,3310,True,58c867fb-332c-46d9-8b45-c0d3caad69df,Eastbound,2026-01-28 10:39:36.134057,266.0,243.0,107.0,106.0
19105,1,CAM001,155,1.6725054009240343,3310,True,58c867fb-332c-46d9-8b45-c0d3caad69df,Eastbound,2026-01-28 10:39:36.132101,346.0,214.0,60.0,126.0
19104,6,CAM001,151,2.0115922481031947,3310,True,58c867fb-332c-46d9-8b45-c0d3caad69df,Eastbound,2026-01-28 10:39:36.129500,392.0,242.0,94.0,100.0
19103,2,CAM001,146,1.5803144077096576,3310,True,58c867fb-332c-46d9-8b45-c0d3caad69df,Eastbound,2026-01-28 10:39:36.128500,688.0,239.0,99.0,148.0
19102,10,CAM001,141,2.001699554417878,3310,True,58c867fb-332c-46d9-8b45-c0d3caad69df,Eastbound,2026-01-28 10:39:36.126500,167.0,244.0,103.0,89.0
19101,3,CAM001,138,1.7183970750629964,3310,True,58c867fb-332c-46d9-8b45-c0d3caad69df,Eastbound,2026-01-28 10:39:36.123501,519.0,248.0,91.0,130.0
19100,5,CAM001,134,2.0161184675343162,3310,True,58c867fb-332c-46d9-8b45-c0d3caad69df,Eastbound,2026-01-28 10:39:36.118992,608.0,246.0,66.0,117.0
19099,1,CAM002,138,1.706650496434838,2550,True,8b9846a8-d4ff-4584-8387-7714d0f8f8d8,Westbound,2026-01-28 10:39:34.336273,365.0,387.0,71.0,99.0
19098,3,CAM002,132,1.7440933887315346,2550,True,8b9846a8-d4ff-4584-8387-7714d0f8f8d8,Westbound,2026-01-28 10:39:34.334266,556.0,359.0,103.0,142.0
19097,7,CAM002,126,1.721330422097889,2550,True,8b9846a8-d4ff-4584-8387-7714d0f8f8d8,Westbound,2026-01-28 10:39:34.331258,254.0,358.0,137.0,167.0
19096,2,CAM002,125,1.6298875969536024,2550,True,8b9846a8-d4ff-4584-8387-7714d0f8f8d8,Westbound,2026-01-28 10:39:34.328752,671.0,275.0,185.0,258.0
19095,8,CAM002,120,2.0379647016929514,2550,True,8b9846a8-d4ff-4584-8387-7714d0f8f8d8,Westbound,2026-01-28 10:39:34.325855,396.0,337.0,229.0,203.0
19094,7,CAM001,156,1.620932220753622,3305,True,58c867fb-332c-46d9-8b45-c0d3caad69df,Eastbound,2026-01-28 10:39:30.124281,268.0,243.0,107.0,106.0
19093,1,CAM001,155,1.636992044188329,3305,True,58c867fb-332c-46d9-8b45-c0d3caad69df,Eastbound,2026-01-28 10:39:30.119755,342.0,215.0,64.0,125.0
19092,6,CAM001,151,2.0023931496045924,3305,True,58c867fb-332c-46d9-8b45-c0d3caad69df,Eastbound,2026-01-28 10:39:30.116753,390.0,243.0,96.0,99.0
19091,2,CAM001,146,1.522424842692401,3305,True,58c867fb-332c-46d9-8b45-c0d3caad69df,Eastbound,2026-01-28 10:39:30.112752,689.0,239.0,98.0,146.0
19090,10,CAM001,141,2.02982956881449,3305,True,58c867fb-332c-46d9-8b45-c0d3caad69df,Eastbound,2026-01-28 10:39:30.096868,168.0,243.0,103.0,91.0
19089,3,CAM001,138,1.6212818621887881,3305,True,58c867fb-332c-46d9-8b45-c0d3caad69df,Eastbound,2026-01-28 10:39:30.082348,521.0,249.0,89.0,129.0
19088,5,CAM001,134,1.9835065982695639,3305,True,58c867fb-332c-46d9-8b45-c0d3caad69df,Eastbound,2026-01-28 10:39:30.074238,607.0,247.0,68.0,124.0
19087,1,CAM002,138,1.5472582812734192,2545,True,8b9846a8-d4ff-4584-8387-7714d0f8f8d8,Westbound,2026-01-28 10:39:28.098242,365.0,387.0,71.0,98.0
19086,3,CAM002,132,2.039994984469615,2545,True,8b9846a8-d4ff-4584-8387-7714d0f8f8d8,Westbound,2026-01-28 10:39:28.095241,556.0,359.0,103.0,142.0
19085,7,CAM002,126,1.6168015704343723,2545,True,8b9846a8-d4ff-4584-8387-7714d0f8f8d8,Westbound,2026-01-28 10:39:28.092244,254.0,359.0,135.0,164.0
19084,2,CAM002,125,1.5324339894447254,2545,True,8b9846a8-d4ff-4584-8387-7714d0f8f8d8,Westbound,2026-01-28 10:39:28.087709,665.0,272.0,192.0,261.0
19083,8,CAM002,120,2.0389185328948978,2545,True,8b9846a8-d4ff-4584-8387-7714d0f8f8d8,Westbound,2026-01-28 10:39:28.084706,396.0,337.0,228.0,203.0
19082,7,CAM001,156,1.6542991133274352,3300,True,58c867fb-332c-46d9-8b45-c0d3caad69df,Eastbound,2026-01-28 10:39:24.668966,271.0,243.0,105.0,107.0
19081,1,CAM001,155,1.9993168979720835,3300,True,58c867fb-332c-46d9-8b45-c0d3caad69df,Eastbound,2026-01-28 10:39:24.667965,341.0,216.0,67.0,124.0
19080,6,CAM001,151,2.0290840399661967,3300,True,58c867fb-332c-46d9-8b45-c0d3caad69df,Eastbound,2026-01-28 10:39:24.665964,389.0,245.0,97.0,97.0
19079,2,CAM001,146,1.5378176583599266,3300,True,58c867fb-332c-46d9-8b45-c0d3caad69df,Eastbound,2026-01-28 10:39:24.664965,688.0,240.0,98.0,146.0
19078,10,CAM001,141,2.0266714665232675,3300,True,58c867fb-332c-46d9-8b45-c0d3caad69df,Eastbound,2026-01-28 10:39:24.662964,168.0,243.0,104.0,92.0
19077,5,CAM001,134,2.0381094992266995,3300,True,58c867fb-332c-46d9-8b45-c0d3caad69df,Eastbound,2026-01-28 10:39:24.660957,605.0,249.0,74.0,133.0
19076,3,CAM002,132,1.9839082451485368,2540,True,8b9846a8-d4ff-4584-8387-7714d0f8f8d8,Westbound,2026-01-28 10:39:23.021993,556.0,359.0,103.0,142.0
19075,7,CAM002,126,1.6409032746497378,2540,True,8b9846a8-d4ff-4584-8387-7714d0f8f8d8,Westbound,2026-01-28 10:39:23.019450,258.0,364.0,128.0,158.0
19074,2,CAM002,125,1.571872499136465,2540,True,8b9846a8-d4ff-4584-8387-7714d0f8f8d8,Westbound,2026-01-28 10:39:23.015442,660.0,271.0,196.0,263.0
19073,8,CAM002,120,2.036875888897253,2540,True,8b9846a8-d4ff-4584-8387-7714d0f8f8d8,Westbound,2026-01-28 10:39:23.009922,395.0,337.0,229.0,203.0
19072,7,CAM001,156,1.51940321552035,3295,True,58c867fb-332c-46d9-8b45-c0d3caad69df,Eastbound,2026-01-28 10:39:19.515118,274.0,243.0,99.0,107.0
19071,1,CAM001,155,1.9932834108939794,3295,True,58c867fb-332c-46d9-8b45-c0d3caad69df,Eastbound,2026-01-28 10:39:19.514118,339.0,216.0,70.0,125.0
19070,6,CAM001,151,2.0342258416212595,3295,True,58c867fb-332c-46d9-8b45-c0d3caad69df,Eastbound,2026-01-28 10:39:19.511113,390.0,245.0,97.0,97.0
19069,2,CAM001,146,1.5050619545046182,3295,True,58c867fb-332c-46d9-8b45-c0d3caad69df,Eastbound,2026-01-28 10:39:19.509608,687.0,242.0,100.0,147.0
19068,10,CAM001,141,2.040159942166055,3295,True,58c867fb-332c-46d9-8b45-c0d3caad69df,Eastbound,2026-01-28 10:39:19.507608,167.0,243.0,105.0,92.0
19067,3,CAM001,138,1.67739468842066,3295,True,58c867fb-332c-46d9-8b45-c0d3caad69df,Eastbound,2026-01-28 10:39:19.505610,523.0,247.0,89.0,131.0
19066,5,CAM001,134,1.9795660970986648,3295,True,58c867fb-332c-46d9-8b45-c0d3caad69df,Eastbound,2026-01-28 10:39:19.501603,605.0,248.0,74.0,127.0
19065,3,CAM002,132,1.6794024020092246,2535,True,8b9846a8-d4ff-4584-8387-7714d0f8f8d8,Westbound,2026-01-28 10:39:18.165455,556.0,358.0,103.0,143.0
19064,7,CAM002,126,2.0359530468412204,2535,True,8b9846a8-d4ff-4584-8387-7714d0f8f8d8,Westbound,2026-01-28 10:39:18.163455,259.0,364.0,126.0,159.0
19063,2,CAM002,125,1.5633447592339813,2535,True,8b9846a8-d4ff-4584-8387-7714d0f8f8d8,Westbound,2026-01-28 10:39:18.161450,659.0,272.0,198.0,263.0
19062,8,CAM002,120,2.0070411690265226,2535,True,8b9846a8-d4ff-4584-8387-7714d0f8f8d8,Westbound,2026-01-28 10:39:18.158050,395.0,336.0,230.0,204.0
19061,1,CAM001,155,2.000849967951239,3290,True,58c867fb-332c-46d9-8b45-c0d3caad69df,Eastbound,2026-01-28 10:39:14.686650,336.0,215.0,74.0,125.0
19060,6,CAM001,151,2.0150730125520684,3290,True,58c867fb-332c-46d9-8b45-c0d3caad69df,Eastbound,2026-01-28 10:39:14.683648,391.0,245.0,95.0,96.0
19059,2,CAM001,146,1.469387701817177,3290,True,58c867fb-332c-46d9-8b45-c0d3caad69df,Eastbound,2026-01-28 10:39:14.680109,689.0,241.0,98.0,144.0
19058,10,CAM001,141,2.0402960257156537,3290,True,58c867fb-332c-46d9-8b45-c0d3caad69df,Eastbound,2026-01-28 10:39:14.676111,167.0,243.0,105.0,92.0
19057,3,CAM001,138,1.6488517664273181,3290,True,58c867fb-332c-46d9-8b45-c0d3caad69df,Eastbound,2026-01-28 10:39:14.672103,522.0,248.0,90.0,130.0
19056,5,CAM001,134,1.9932624097667522,3290,True,58c867fb-332c-46d9-8b45-c0d3caad69df,Eastbound,2026-01-28 10:39:14.661567,606.0,247.0,70.0,121.0
19055,3,CAM002,132,1.703822267319457,2530,True,8b9846a8-d4ff-4584-8387-7714d0f8f8d8,Westbound,2026-01-28 10:39:13.402386,556.0,359.0,102.0,142.0
19054,7,CAM002,126,1.9351439389768261,2530,True,8b9846a8-d4ff-4584-8387-7714d0f8f8d8,Westbound,2026-01-28 10:39:13.399875,259.0,354.0,127.0,168.0
19053,2,CAM002,125,1.5623022449578137,2530,True,8b9846a8-d4ff-4584-8387-7714d0f8f8d8,Westbound,2026-01-28 10:39:13.397874,661.0,274.0,202.0,261.0
19052,8,CAM002,120,2.0340683243408084,2530,True,8b9846a8-d4ff-4584-8387-7714d0f8f8d8,Westbound,2026-01-28 10:39:13.393873,394.0,336.0,232.0,204.0
19051,7,CAM001,156,1.587255188090406,3285,True,58c867fb-332c-46d9-8b45-c0d3caad69df,Eastbound,2026-01-28 10:39:10.007525,283.0,243.0,97.0,108.0
19050,1,CAM001,155,1.5070231213748533,3285,True,58c867fb-332c-46d9-8b45-c0d3caad69df,Eastbound,2026-01-28 10:39:10.006524,341.0,225.0,69.0,108.0
19049,6,CAM001,151,2.0235413916544847,3285,True,58c867fb-332c-46d9-8b45-c0d3caad69df,Eastbound,2026-01-28 10:39:10.004626,390.0,244.0,94.0,97.0
19048,2,CAM001,146,1.4867630954724667,3285,True,58c867fb-332c-46d9-8b45-c0d3caad69df,Eastbound,2026-01-28 10:39:10.002633,689.0,242.0,98.0,143.0
19047,10,CAM001,141,2.0313144613808505,3285,True,58c867fb-332c-46d9-8b45-c0d3caad69df,Eastbound,2026-01-28 10:39:10.001210,168.0,243.0,103.0,91.0
19046,3,CAM001,138,1.665854351195653,3285,True,58c867fb-332c-46d9-8b45-c0d3caad69df,Eastbound,2026-01-28 10:39:10.000228,522.0,249.0,90.0,129.0
19045,5,CAM001,134,2.020250149186013,3285,True,58c867fb-332c-46d9-8b45-c0d3caad69df,Eastbound,2026-01-28 10:39:09.998209,604.0,247.0,73.0,125.0
19044,1,CAM002,138,1.6523312718767134,2525,True,8b9846a8-d4ff-4584-8387-7714d0f8f8d8,Westbound,2026-01-28 10:39:08.605391,365.0,387.0,70.0,98.0
19043,3,CAM002,132,1.7119651975349768,2525,True,8b9846a8-d4ff-4584-8387-7714d0f8f8d8,Westbound,2026-01-28 10:39:08.602392,557.0,358.0,101.0,143.0
19042,7,CAM002,126,1.6490325193869266,2525,True,8b9846a8-d4ff-4584-8387-7714d0f8f8d8,Westbound,2026-01-28 10:39:08.599876,257.0,344.0,132.0,178.0
19041,2,CAM002,125,1.5968884705605684,2525,True,8b9846a8-d4ff-4584-8387-7714d0f8f8d8,Westbound,2026-01-28 10:39:08.596929,668.0,276.0,202.0,259.0
19040,8,CAM002,120,2.0356821858989913,2525,True,8b9846a8-d4ff-4584-8387-7714d0f8f8d8,Westbound,2026-01-28 10:39:08.592990,395.0,337.0,233.0,203.0
19039,7,CAM001,156,1.4422978435720595,3280,True,58c867fb-332c-46d9-8b45-c0d3caad69df,Eastbound,2026-01-28 10:39:04.897870,303.0,232.0,88.0,114.0
19038,1,CAM001,155,1.4932706718958597,3280,True,58c867fb-332c-46d9-8b45-c0d3caad69df,Eastbound,2026-01-28 10:39:04.896869,358.0,243.0,46.0,76.0
19037,6,CAM001,151,2.0232153453477033,3280,True,58c867fb-332c-46d9-8b45-c0d3caad69df,Eastbound,2026-01-28 10:39:04.893875,388.0,244.0,94.0,97.0
19036,2,CAM001,146,1.4810135569926504,3280,True,58c867fb-332c-46d9-8b45-c0d3caad69df,Eastbound,2026-01-28 10:39:04.891763,689.0,243.0,97.0,145.0
19035,10,CAM001,141,2.020703619942235,3280,True,58c867fb-332c-46d9-8b45-c0d3caad69df,Eastbound,2026-01-28 10:39:04.891159,169.0,243.0,101.0,90.0
19034,3,CAM001,138,1.6714302924885283,3280,True,58c867fb-332c-46d9-8b45-c0d3caad69df,Eastbound,2026-01-28 10:39:04.889168,522.0,250.0,89.0,128.0
19033,5,CAM001,134,2.0264964029988657,3280,True,58c867fb-332c-46d9-8b45-c0d3caad69df,Eastbound,2026-01-28 10:39:04.885147,606.0,247.0,69.0,122.0
19032,1,CAM002,138,1.6668938227802932,2520,True,8b9846a8-d4ff-4584-8387-7714d0f8f8d8,Westbound,2026-01-28 10:39:03.355185,365.0,387.0,70.0,98.0
19031,3,CAM002,132,1.7071197539428575,2520,True,8b9846a8-d4ff-4584-8387-7714d0f8f8d8,Westbound,2026-01-28 10:39:03.352178,558.0,357.0,100.0,144.0
19030,7,CAM002,126,2.0124801587849297,2520,True,8b9846a8-d4ff-4584-8387-7714d0f8f8d8,Westbound,2026-01-28 10:39:03.349440,261.0,353.0,121.0,171.0
19029,2,CAM002,125,1.585070576101622,2520,True,8b9846a8-d4ff-4584-8387-7714d0f8f8d8,Westbound,2026-01-28 10:39:03.348405,663.0,274.0,206.0,262.0
19028,8,CAM002,120,2.038840434889999,2520,True,8b9846a8-d4ff-4584-8387-7714d0f8f8d8,Westbound,2026-01-28 10:39:03.345414,396.0,337.0,232.0,203.0
19027,1,CAM001,156,1.6409224695629023,3275,True,58c867fb-332c-46d9-8b45-c0d3caad69df,Eastbound,2026-01-28 10:38:59.519530,320.0,215.0,103.0,124.0
19026,6,CAM001,151,2.0182715492042482,3275,True,58c867fb-332c-46d9-8b45-c0d3caad69df,Eastbound,2026-01-28 10:38:59.517530,389.0,244.0,94.0,96.0
19025,2,CAM001,146,1.5254278116161835,3275,True,58c867fb-332c-46d9-8b45-c0d3caad69df,Eastbound,2026-01-28 10:38:59.515530,688.0,243.0,98.0,147.0
19024,10,CAM001,141,2.038081738442289,3275,True,58c867fb-332c-46d9-8b45-c0d3caad69df,Eastbound,2026-01-28 10:38:59.513530,170.0,244.0,99.0,89.0
19023,3,CAM001,138,1.6850144111866563,3275,True,58c867fb-332c-46d9-8b45-c0d3caad69df,Eastbound,2026-01-28 10:38:59.511277,523.0,249.0,88.0,129.0
19022,5,CAM001,134,2.013260493912758,3275,True,58c867fb-332c-46d9-8b45-c0d3caad69df,Eastbound,2026-01-28 10:38:59.509278,605.0,248.0,71.0,126.0
19021,3,CAM002,132,1.6817614462886166,2515,True,8b9846a8-d4ff-4584-8387-7714d0f8f8d8,Westbound,2026-01-28 10:38:57.930287,559.0,357.0,98.0,144.0
19020,7,CAM002,126,1.926587392986781,2515,True,8b9846a8-d4ff-4584-8387-7714d0f8f8d8,Westbound,2026-01-28 10:38:57.928183,276.0,360.0,104.0,162.0
19019,2,CAM002,125,1.3272003898988136,2515,True,8b9846a8-d4ff-4584-8387-7714d0f8f8d8,Westbound,2026-01-28 10:38:57.923286,652.0,273.0,214.0,263.0
19018,8,CAM002,120,2.029145859780496,2515,True,8b9846a8-d4ff-4584-8387-7714d0f8f8d8,Westbound,2026-01-28 10:38:57.919574,396.0,337.0,230.0,203.0
19017,7,CAM001,156,1.544225463551134,3270,True,58c867fb-332c-46d9-8b45-c0d3caad69df,Eastbound,2026-01-28 10:38:54.549138,295.0,225.0,126.0,117.0
19016,1,CAM001,155,1.999046127168183,3270,True,58c867fb-332c-46d9-8b45-c0d3caad69df,Eastbound,2026-01-28 10:38:54.548155,361.0,244.0,42.0,71.0
19015,6,CAM001,151,2.0300067869605294,3270,True,58c867fb-332c-46d9-8b45-c0d3caad69df,Eastbound,2026-01-28 10:38:54.547179,389.0,243.0,94.0,98.0
19014,2,CAM001,146,2.0343753941418687,3270,True,58c867fb-332c-46d9-8b45-c0d3caad69df,Eastbound,2026-01-28 10:38:54.545153,689.0,242.0,97.0,147.0
19013,10,CAM001,141,2.0193263822948633,3270,True,58c867fb-332c-46d9-8b45-c0d3caad69df,Eastbound,2026-01-28 10:38:54.542096,171.0,244.0,97.0,89.0
19012,3,CAM001,138,1.7215122670916239,3270,True,58c867fb-332c-46d9-8b45-c0d3caad69df,Eastbound,2026-01-28 10:38:54.540959,523.0,248.0,88.0,130.0
19011,5,CAM001,134,2.0394325731360987,3270,True,58c867fb-332c-46d9-8b45-c0d3caad69df,Eastbound,2026-01-28 10:38:54.538339,605.0,248.0,71.0,126.0
19010,3,CAM002,132,1.661994778485245,2510,True,8b9846a8-d4ff-4584-8387-7714d0f8f8d8,Westbound,2026-01-28 10:38:53.071556,558.0,356.0,95.0,145.0
19009,7,CAM002,126,1.6092772789337868,2510,True,8b9846a8-d4ff-4584-8387-7714d0f8f8d8,Westbound,2026-01-28 10:38:53.069041,293.0,366.0,96.0,156.0
19008,8,CAM002,120,2.0328198789252747,2510,True,8b9846a8-d4ff-4584-8387-7714d0f8f8d8,Westbound,2026-01-28 10:38:53.064140,393.0,337.0,231.0,203.0
19007,7,CAM001,156,1.4787938149485107,3265,True,58c867fb-332c-46d9-8b45-c0d3caad69df,Eastbound,2026-01-28 10:38:49.713966,274.0,242.0,119.0,107.0
19006,1,CAM001,155,1.899442719242264,3265,True,58c867fb-332c-46d9-8b45-c0d3caad69df,Eastbound,2026-01-28 10:38:49.712973,355.0,233.0,48.0,92.0
19005,6,CAM001,151,2.0231753452761336,3265,True,58c867fb-332c-46d9-8b45-c0d3caad69df,Eastbound,2026-01-28 10:38:49.711244,389.0,243.0,93.0,98.0
19004,2,CAM001,146,1.6469952767616076,3265,True,58c867fb-332c-46d9-8b45-c0d3caad69df,Eastbound,2026-01-28 10:38:49.709256,689.0,240.0,97.0,145.0
19003,10,CAM001,141,1.9260527280175925,3265,True,58c867fb-332c-46d9-8b45-c0d3caad69df,Eastbound,2026-01-28 10:38:49.708249,168.0,238.0,100.0,95.0
19002,3,CAM001,138,1.6637720479445308,3265,True,58c867fb-332c-46d9-8b45-c0d3caad69df,Eastbound,2026-01-28 10:38:49.705142,524.0,248.0,87.0,130.0
19001,5,CAM001,134,2.035373978747123,3265,True,58c867fb-332c-46d9-8b45-c0d3caad69df,Eastbound,2026-01-28 10:38:49.702236,605.0,248.0,71.0,127.0
19000,2,CAM002,137,1.6349061199943895,2505,True,8b9846a8-d4ff-4584-8387-7714d0f8f8d8,Westbound,2026-01-28 10:38:48.325664,796.0,359.0,52.0,76.0
18999,3,CAM002,132,1.6741706450473315,2505,True,8b9846a8-d4ff-4584-8387-7714d0f8f8d8,Westbound,2026-01-28 10:38:48.321642,555.0,356.0,94.0,146.0
18998,7,CAM002,126,2.001658423634387,2505,True,8b9846a8-d4ff-4584-8387-7714d0f8f8d8,Westbound,2026-01-28 10:38:48.319113,293.0,362.0,99.0,160.0
18997,8,CAM002,120,2.0064589834994693,2505,True,8b9846a8-d4ff-4584-8387-7714d0f8f8d8,Westbound,2026-01-28 10:38:48.314111,392.0,336.0,231.0,204.0
18996,1,CAM001,155,2.0203329766210736,3260,True,58c867fb-332c-46d9-8b45-c0d3caad69df,Eastbound,2026-01-28 10:38:44.587175,342.0,216.0,64.0,124.0
18995,6,CAM001,151,2.0307458721025466,3260,True,58c867fb-332c-46d9-8b45-c0d3caad69df,Eastbound,2026-01-28 10:38:44.584174,390.0,244.0,91.0,97.0
18994,2,CAM001,146,1.6213459519157958,3260,True,58c867fb-332c-46d9-8b45-c0d3caad69df,Eastbound,2026-01-28 10:38:44.580109,690.0,235.0,95.0,150.0
18993,10,CAM001,141,1.991083704585023,3260,True,58c867fb-332c-46d9-8b45-c0d3caad69df,Eastbound,2026-01-28 10:38:44.577110,158.0,225.0,114.0,108.0
18992,3,CAM001,138,1.639075770927854,3260,True,58c867fb-332c-46d9-8b45-c0d3caad69df,Eastbound,2026-01-28 10:38:44.574113,525.0,248.0,86.0,130.0
18991,5,CAM001,134,2.006104619540732,3260,True,58c867fb-332c-46d9-8b45-c0d3caad69df,Eastbound,2026-01-28 10:38:44.569592,605.0,247.0,71.0,128.0
18990,2,CAM002,137,1.7181050115427725,2500,True,8b9846a8-d4ff-4584-8387-7714d0f8f8d8,Westbound,2026-01-28 10:38:43.229013,794.0,358.0,54.0,77.0
18989,3,CAM002,132,1.692511165460139,2500,True,8b9846a8-d4ff-4584-8387-7714d0f8f8d8,Westbound,2026-01-28 10:38:43.226988,554.0,357.0,93.0,147.0
18988,7,CAM002,126,1.9955779785631997,2500,True,8b9846a8-d4ff-4584-8387-7714d0f8f8d8,Westbound,2026-01-28 10:38:43.225012,292.0,363.0,100.0,156.0
18987,8,CAM002,120,2.0308016577480488,2500,True,8b9846a8-d4ff-4584-8387-7714d0f8f8d8,Westbound,2026-01-28 10:38:43.220237,393.0,336.0,232.0,204.0
18986,1,CAM001,155,1.9959919051146078,3255,True,58c867fb-332c-46d9-8b45-c0d3caad69df,Eastbound,2026-01-28 10:38:39.871325,340.0,216.0,67.0,124.0
18985,6,CAM001,151,2.007642208960966,3255,True,58c867fb-332c-46d9-8b45-c0d3caad69df,Eastbound,2026-01-28 10:38:39.869759,389.0,243.0,92.0,98.0
18984,2,CAM001,146,1.692104444678423,3255,True,58c867fb-332c-46d9-8b45-c0d3caad69df,Eastbound,2026-01-28 10:38:39.866775,687.0,234.0,101.0,159.0
18983,10,CAM001,141,1.9659021071798288,3255,True,58c867fb-332c-46d9-8b45-c0d3caad69df,Eastbound,2026-01-28 10:38:39.864759,157.0,232.0,116.0,101.0
18982,3,CAM001,138,1.6793797978373917,3255,True,58c867fb-332c-46d9-8b45-c0d3caad69df,Eastbound,2026-01-28 10:38:39.862752,525.0,248.0,88.0,130.0
18981,5,CAM001,134,2.0268266392899816,3255,True,58c867fb-332c-46d9-8b45-c0d3caad69df,Eastbound,2026-01-28 10:38:39.860239,605.0,246.0,71.0,129.0
18980,2,CAM002,137,1.7056024773528071,2495,True,8b9846a8-d4ff-4584-8387-7714d0f8f8d8,Westbound,2026-01-28 10:38:38.510404,792.0,358.0,55.0,77.0
18979,3,CAM002,132,1.6561382292069564,2495,True,8b9846a8-d4ff-4584-8387-7714d0f8f8d8,Westbound,2026-01-28 10:38:38.506404,552.0,355.0,97.0,149.0
18978,7,CAM002,126,1.9833157675726996,2495,True,8b9846a8-d4ff-4584-8387-7714d0f8f8d8,Westbound,2026-01-28 10:38:38.504454,287.0,363.0,102.0,158.0
18977,8,CAM002,120,2.0035800339898686,2495,True,8b9846a8-d4ff-4584-8387-7714d0f8f8d8,Westbound,2026-01-28 10:38:38.499787,393.0,336.0,233.0,204.0
18976,1,CAM001,155,1.9985662153120065,3250,True,58c867fb-332c-46d9-8b45-c0d3caad69df,Eastbound,2026-01-28 10:38:35.433687,338.0,215.0,69.0,125.0
18975,6,CAM001,151,2.0071666816648626,3250,True,58c867fb-332c-46d9-8b45-c0d3caad69df,Eastbound,2026-01-28 10:38:35.431115,389.0,243.0,92.0,98.0
18974,2,CAM001,146,2.0226712279093775,3250,True,58c867fb-332c-46d9-8b45-c0d3caad69df,Eastbound,2026-01-28 10:38:35.428115,686.0,234.0,104.0,160.0
18973,10,CAM001,141,1.9923128555739602,3250,True,58c867fb-332c-46d9-8b45-c0d3caad69df,Eastbound,2026-01-28 10:38:35.426115,166.0,243.0,105.0,91.0
18972,3,CAM001,138,1.6810781647514486,3250,True,58c867fb-332c-46d9-8b45-c0d3caad69df,Eastbound,2026-01-28 10:38:35.424116,523.0,249.0,88.0,130.0
18971,5,CAM001,134,2.004606827419903,3250,True,58c867fb-332c-46d9-8b45-c0d3caad69df,Eastbound,2026-01-28 10:38:35.419459,604.0,247.0,73.0,129.0
18970,3,CAM002,132,1.6632374216666097,2490,True,8b9846a8-d4ff-4584-8387-7714d0f8f8d8,Westbound,2026-01-28 10:38:33.894670,552.0,354.0,98.0,149.0
18969,7,CAM002,126,2.0267528810326723,2490,True,8b9846a8-d4ff-4584-8387-7714d0f8f8d8,Westbound,2026-01-28 10:38:33.892662,283.0,361.0,106.0,165.0
18968,8,CAM002,120,2.0366623863318143,2490,True,8b9846a8-d4ff-4584-8387-7714d0f8f8d8,Westbound,2026-01-28 10:38:33.889147,392.0,336.0,233.0,204.0
18967,9,CAM001,156,2.0062885604506033,3245,True,58c867fb-332c-46d9-8b45-c0d3caad69df,Eastbound,2026-01-28 10:38:30.805061,259.0,241.0,120.0,110.0
18966,1,CAM001,155,2.0038597030747916,3245,True,58c867fb-332c-46d9-8b45-c0d3caad69df,Eastbound,2026-01-28 10:38:30.803057,337.0,215.0,71.0,125.0
18965,6,CAM001,151,1.4043370703190559,3245,True,58c867fb-332c-46d9-8b45-c0d3caad69df,Eastbound,2026-01-28 10:38:30.799471,389.0,243.0,91.0,98.0
18964,2,CAM001,146,1.677184092588149,3245,True,58c867fb-332c-46d9-8b45-c0d3caad69df,Eastbound,2026-01-28 10:38:30.796527,686.0,237.0,102.0,155.0
18963,10,CAM001,141,2.0073260725690485,3245,True,58c867fb-332c-46d9-8b45-c0d3caad69df,Eastbound,2026-01-28 10:38:30.795502,164.0,242.0,107.0,93.0
18962,3,CAM001,138,1.6529576306073126,3245,True,58c867fb-332c-46d9-8b45-c0d3caad69df,Eastbound,2026-01-28 10:38:30.793512,522.0,250.0,87.0,129.0
18961,5,CAM001,134,2.031293162050452,3245,True,58c867fb-332c-46d9-8b45-c0d3caad69df,Eastbound,2026-01-28 10:38:30.789092,605.0,247.0,72.0,129.0
18960,2,CAM002,137,1.7141425140051911,2485,True,8b9846a8-d4ff-4584-8387-7714d0f8f8d8,Westbound,2026-01-28 10:38:29.378070,798.0,359.0,46.0,66.0
18959,3,CAM002,132,1.6954555424568378,2485,True,8b9846a8-d4ff-4584-8387-7714d0f8f8d8,Westbound,2026-01-28 10:38:29.374069,553.0,354.0,100.0,149.0
18958,7,CAM002,126,1.9793352445126031,2485,True,8b9846a8-d4ff-4584-8387-7714d0f8f8d8,Westbound,2026-01-28 10:38:29.372070,286.0,364.0,102.0,161.0
18957,8,CAM002,120,1.9826964439484795,2485,True,8b9846a8-d4ff-4584-8387-7714d0f8f8d8,Westbound,2026-01-28 10:38:29.368558,392.0,336.0,233.0,204.0
18956,7,CAM001,156,1.6134245753862901,3240,True,58c867fb-332c-46d9-8b45-c0d3caad69df,Eastbound,2026-01-28 10:38:25.927114,261.0,241.0,128.0,110.0
18955,1,CAM001,155,1.9247537071996228,3240,True,58c867fb-332c-46d9-8b45-c0d3caad69df,Eastbound,2026-01-28 10:38:25.925114,342.0,224.0,66.0,108.0
18954,9,CAM001,151,2.037746538489474,3240,True,58c867fb-332c-46d9-8b45-c0d3caad69df,Eastbound,2026-01-28 10:38:25.922115,388.0,242.0,91.0,99.0
18953,2,CAM001,146,1.7973854606442627,3240,True,58c867fb-332c-46d9-8b45-c0d3caad69df,Eastbound,2026-01-28 10:38:25.921108,689.0,242.0,96.0,146.0
18952,10,CAM001,141,2.0209468486453983,3240,True,58c867fb-332c-46d9-8b45-c0d3caad69df,Eastbound,2026-01-28 10:38:25.919603,165.0,243.0,106.0,91.0
18951,3,CAM001,138,1.727646905313094,3240,True,58c867fb-332c-46d9-8b45-c0d3caad69df,Eastbound,2026-01-28 10:38:25.917604,525.0,250.0,86.0,128.0
18950,5,CAM001,134,2.0284487945670717,3240,True,58c867fb-332c-46d9-8b45-c0d3caad69df,Eastbound,2026-01-28 10:38:25.914603,605.0,248.0,72.0,129.0
18949,3,CAM002,132,1.6945982320679285,2480,True,8b9846a8-d4ff-4584-8387-7714d0f8f8d8,Westbound,2026-01-28 10:38:24.353096,555.0,353.0,101.0,148.0
18948,7,CAM002,126,1.6395905712760857,2480,True,8b9846a8-d4ff-4584-8387-7714d0f8f8d8,Westbound,2026-01-28 10:38:24.349583,291.0,369.0,97.0,152.0
18947,6,CAM002,125,1.9498550256974823,2480,True,8b9846a8-d4ff-4584-8387-7714d0f8f8d8,Westbound,2026-01-28 10:38:24.348583,659.0,275.0,189.0,259.0
18946,8,CAM002,120,2.0317661102012057,2480,True,8b9846a8-d4ff-4584-8387-7714d0f8f8d8,Westbound,2026-01-28 10:38:24.344582,391.0,337.0,235.0,203.0
18945,7,CAM001,156,1.3832377562411098,3235,True,58c867fb-332c-46d9-8b45-c0d3caad69df,Eastbound,2026-01-28 10:38:20.964506,267.0,242.0,133.0,109.0
18944,1,CAM001,155,1.8650137775206939,3235,True,58c867fb-332c-46d9-8b45-c0d3caad69df,Eastbound,2026-01-28 10:38:20.963499,352.0,232.0,49.0,92.0
18943,9,CAM001,151,2.030746598455458,3235,True,58c867fb-332c-46d9-8b45-c0d3caad69df,Eastbound,2026-01-28 10:38:20.962488,389.0,242.0,90.0,100.0
18942,2,CAM001,146,2.0115826065150952,3235,True,58c867fb-332c-46d9-8b45-c0d3caad69df,Eastbound,2026-01-28 10:38:20.959714,688.0,241.0,98.0,148.0
18941,10,CAM001,141,2.0390785837526795,3235,True,58c867fb-332c-46d9-8b45-c0d3caad69df,Eastbound,2026-01-28 10:38:20.957710,167.0,243.0,103.0,90.0
18940,3,CAM001,138,1.6676037598972722,3235,True,58c867fb-332c-46d9-8b45-c0d3caad69df,Eastbound,2026-01-28 10:38:20.955704,525.0,250.0,86.0,128.0
18939,5,CAM001,134,2.0318843151296404,3235,True,58c867fb-332c-46d9-8b45-c0d3caad69df,Eastbound,2026-01-28 10:38:20.952573,604.0,249.0,73.0,128.0
18938,3,CAM002,132,1.6831133214158216,2475,True,8b9846a8-d4ff-4584-8387-7714d0f8f8d8,Westbound,2026-01-28 10:38:19.547211,557.0,353.0,101.0,148.0
18937,7,CAM002,126,1.987098537028783,2475,True,8b9846a8-d4ff-4584-8387-7714d0f8f8d8,Westbound,2026-01-28 10:38:19.544210,294.0,371.0,92.0,150.0
18936,6,CAM002,125,1.9653871190794214,2475,True,8b9846a8-d4ff-4584-8387-7714d0f8f8d8,Westbound,2026-01-28 10:38:19.542211,673.0,290.0,173.0,244.0
18935,8,CAM002,120,2.0296116508400304,2475,True,8b9846a8-d4ff-4584-8387-7714d0f8f8d8,Westbound,2026-01-28 10:38:19.538699,390.0,337.0,238.0,203.0
18934,1,CAM001,155,2.0228295823618656,3230,True,58c867fb-332c-46d9-8b45-c0d3caad69df,Eastbound,2026-01-28 10:38:16.336882,342.0,216.0,63.0,123.0
18933,9,CAM001,151,2.024984628644545,3230,True,58c867fb-332c-46d9-8b45-c0d3caad69df,Eastbound,2026-01-28 10:38:16.332874,389.0,243.0,91.0,99.0
18932,2,CAM001,146,2.0293877664795543,3230,True,58c867fb-332c-46d9-8b45-c0d3caad69df,Eastbound,2026-01-28 10:38:16.330355,688.0,240.0,97.0,148.0
18931,10,CAM001,141,2.0354457021981656,3230,True,58c867fb-332c-46d9-8b45-c0d3caad69df,Eastbound,2026-01-28 10:38:16.326354,167.0,243.0,103.0,90.0
18930,3,CAM001,138,1.713088137057618,3230,True,58c867fb-332c-46d9-8b45-c0d3caad69df,Eastbound,2026-01-28 10:38:16.323354,525.0,250.0,87.0,128.0
18929,5,CAM001,134,2.031231774071638,3230,True,58c867fb-332c-46d9-8b45-c0d3caad69df,Eastbound,2026-01-28 10:38:16.317830,604.0,248.0,73.0,129.0
18928,3,CAM002,132,1.6992854080615427,2470,True,8b9846a8-d4ff-4584-8387-7714d0f8f8d8,Westbound,2026-01-28 10:38:14.771235,556.0,352.0,101.0,149.0
18927,7,CAM002,126,1.985034136518736,2470,True,8b9846a8-d4ff-4584-8387-7714d0f8f8d8,Westbound,2026-01-28 10:38:14.768731,292.0,365.0,96.0,162.0
18926,6,CAM002,125,1.9981491067391612,2470,True,8b9846a8-d4ff-4584-8387-7714d0f8f8d8,Westbound,2026-01-28 10:38:14.762723,688.0,300.0,163.0,233.0
18925,8,CAM002,120,2.0290013393963227,2470,True,8b9846a8-d4ff-4584-8387-7714d0f8f8d8,Westbound,2026-01-28 10:38:14.757192,388.0,336.0,246.0,204.0
18924,1,CAM001,155,2.0163930451181113,3225,True,58c867fb-332c-46d9-8b45-c0d3caad69df,Eastbound,2026-01-28 10:38:10.965963,342.0,216.0,63.0,124.0
18923,9,CAM001,151,2.0252808835051512,3225,True,58c867fb-332c-46d9-8b45-c0d3caad69df,Eastbound,2026-01-28 10:38:10.963961,390.0,244.0,89.0,98.0
18922,2,CAM001,146,2.025150481563057,3225,True,58c867fb-332c-46d9-8b45-c0d3caad69df,Eastbound,2026-01-28 10:38:10.961963,688.0,241.0,98.0,148.0
18921,10,CAM001,141,2.02800480288964,3225,True,58c867fb-332c-46d9-8b45-c0d3caad69df,Eastbound,2026-01-28 10:38:10.958444,167.0,244.0,104.0,89.0
18920,3,CAM001,138,1.7042579928162418,3225,True,58c867fb-332c-46d9-8b45-c0d3caad69df,Eastbound,2026-01-28 10:38:10.955443,524.0,250.0,87.0,128.0
18919,5,CAM001,134,2.009484298303937,3225,True,58c867fb-332c-46d9-8b45-c0d3caad69df,Eastbound,2026-01-28 10:38:10.951401,604.0,248.0,73.0,128.0
18918,3,CAM002,132,1.6795103712938497,2465,True,8b9846a8-d4ff-4584-8387-7714d0f8f8d8,Westbound,2026-01-28 10:38:09.109290,556.0,350.0,101.0,152.0
18917,7,CAM002,126,1.984692586319516,2465,True,8b9846a8-d4ff-4584-8387-7714d0f8f8d8,Westbound,2026-01-28 10:38:09.106316,291.0,363.0,102.0,172.0
18916,6,CAM002,125,1.9780948719519704,2465,True,8b9846a8-d4ff-4584-8387-7714d0f8f8d8,Westbound,2026-01-28 10:38:09.104730,689.0,298.0,168.0,236.0
18915,8,CAM002,120,2.0177908966668188,2465,True,8b9846a8-d4ff-4584-8387-7714d0f8f8d8,Westbound,2026-01-28 10:38:09.101714,392.0,336.0,248.0,204.0
18914,1,CAM001,155,2.026730469907185,3220,True,58c867fb-332c-46d9-8b45-c0d3caad69df,Eastbound,2026-01-28 10:38:05.804155,341.0,215.0,66.0,126.0
18913,9,CAM001,151,2.0126491098520396,3220,True,58c867fb-332c-46d9-8b45-c0d3caad69df,Eastbound,2026-01-28 10:38:05.801113,390.0,244.0,90.0,98.0
18912,2,CAM001,146,1.9437345094978826,3220,True,58c867fb-332c-46d9-8b45-c0d3caad69df,Eastbound,2026-01-28 10:38:05.798114,688.0,241.0,98.0,149.0
18911,10,CAM001,141,2.0372405383142995,3220,True,58c867fb-332c-46d9-8b45-c0d3caad69df,Eastbound,2026-01-28 10:38:05.796114,167.0,245.0,104.0,88.0
18910,3,CAM001,138,1.6654255864655545,3220,True,58c867fb-332c-46d9-8b45-c0d3caad69df,Eastbound,2026-01-28 10:38:05.792104,523.0,250.0,88.0,128.0
18909,5,CAM001,134,2.0242249674792423,3220,True,58c867fb-332c-46d9-8b45-c0d3caad69df,Eastbound,2026-01-28 10:38:05.788691,604.0,248.0,73.0,128.0
18908,3,CAM002,132,1.6495721361552127,2460,True,8b9846a8-d4ff-4584-8387-7714d0f8f8d8,Westbound,2026-01-28 10:38:04.316299,556.0,348.0,101.0,155.0
18907,7,CAM002,126,1.7708889133722578,2460,True,8b9846a8-d4ff-4584-8387-7714d0f8f8d8,Westbound,2026-01-28 10:38:04.314297,289.0,364.0,114.0,171.0
18906,6,CAM002,125,1.9891369922208515,2460,True,8b9846a8-d4ff-4584-8387-7714d0f8f8d8,Westbound,2026-01-28 10:38:04.312297,688.0,305.0,170.0,229.0
18905,8,CAM002,120,1.9946821496642613,2460,True,8b9846a8-d4ff-4584-8387-7714d0f8f8d8,Westbound,2026-01-28 10:38:04.296032,396.0,336.0,243.0,204.0
18904,1,CAM001,155,2.0248704732898375,3215,True,58c867fb-332c-46d9-8b45-c0d3caad69df,Eastbound,2026-01-28 10:38:01.231229,341.0,215.0,70.0,127.0
18903,9,CAM001,151,1.9886236592251436,3215,True,58c867fb-332c-46d9-8b45-c0d3caad69df,Eastbound,2026-01-28 10:38:01.230228,390.0,244.0,90.0,99.0
18902,2,CAM001,146,2.027114294373039,3215,True,58c867fb-332c-46d9-8b45-c0d3caad69df,Eastbound,2026-01-28 10:38:01.229227,687.0,240.0,100.0,150.0
18901,10,CAM001,141,2.001372729308277,3215,True,58c867fb-332c-46d9-8b45-c0d3caad69df,Eastbound,2026-01-28 10:38:01.226228,167.0,245.0,104.0,88.0
18900,3,CAM001,138,1.655328093012087,3215,True,58c867fb-332c-46d9-8b45-c0d3caad69df,Eastbound,2026-01-28 10:38:01.224226,523.0,250.0,87.0,128.0
18899,5,CAM001,134,2.014240173625673,3215,True,58c867fb-332c-46d9-8b45-c0d3caad69df,Eastbound,2026-01-28 10:38:01.219717,604.0,248.0,73.0,127.0
18898,3,CAM002,132,1.6634315445923575,2455,True,8b9846a8-d4ff-4584-8387-7714d0f8f8d8,Westbound,2026-01-28 10:38:00.006062,556.0,348.0,102.0,155.0
18897,6,CAM002,125,2.011248905027359,2455,True,8b9846a8-d4ff-4584-8387-7714d0f8f8d8,Westbound,2026-01-28 10:38:00.004061,693.0,321.0,161.0,214.0
18896,8,CAM002,120,1.976284822561976,2455,True,8b9846a8-d4ff-4584-8387-7714d0f8f8d8,Westbound,2026-01-28 10:37:59.999551,399.0,337.0,237.0,203.0
18895,7,CAM001,156,2.0229811549124346,3210,True,58c867fb-332c-46d9-8b45-c0d3caad69df,Eastbound,2026-01-28 10:37:56.768111,283.0,250.0,114.0,94.0
18894,1,CAM001,155,1.850503594862205,3210,True,58c867fb-332c-46d9-8b45-c0d3caad69df,Eastbound,2026-01-28 10:37:56.766106,344.0,224.0,69.0,109.0
18893,9,CAM001,151,2.0172057926428826,3210,True,58c867fb-332c-46d9-8b45-c0d3caad69df,Eastbound,2026-01-28 10:37:56.764114,388.0,244.0,92.0,100.0
18892,2,CAM001,146,2.019071006160525,3210,True,58c867fb-332c-46d9-8b45-c0d3caad69df,Eastbound,2026-01-28 10:37:56.762109,687.0,243.0,99.0,148.0
18891,10,CAM001,141,1.9991544268544803,3210,True,58c867fb-332c-46d9-8b45-c0d3caad69df,Eastbound,2026-01-28 10:37:56.761160,166.0,244.0,105.0,89.0
18890,3,CAM001,138,1.7563374994408991,3210,True,58c867fb-332c-46d9-8b45-c0d3caad69df,Eastbound,2026-01-28 10:37:56.758510,523.0,249.0,88.0,129.0
18889,5,CAM001,134,2.0056151479247832,3210,True,58c867fb-332c-46d9-8b45-c0d3caad69df,Eastbound,2026-01-28 10:37:56.754568,605.0,247.0,71.0,124.0
18888,3,CAM002,132,1.6452401455734438,2450,True,8b9846a8-d4ff-4584-8387-7714d0f8f8d8,Westbound,2026-01-28 10:37:55.099568,556.0,347.0,102.0,156.0
18887,6,CAM002,125,1.9971331481379306,2450,True,8b9846a8-d4ff-4584-8387-7714d0f8f8d8,Westbound,2026-01-28 10:37:55.096046,693.0,323.0,160.0,213.0
18886,8,CAM002,120,2.029742938422292,2450,True,8b9846a8-d4ff-4584-8387-7714d0f8f8d8,Westbound,2026-01-28 10:37:55.093036,405.0,338.0,232.0,202.0
18885,7,CAM001,155,1.2667045309094263,3205,True,58c867fb-332c-46d9-8b45-c0d3caad69df,Eastbound,2026-01-28 10:37:51.301259,356.0,239.0,49.0,80.0
18884,4,CAM001,154,1.3276486626268358,3205,True,58c867fb-332c-46d9-8b45-c0d3caad69df,Eastbound,2026-01-28 10:37:51.299258,265.0,258.0,37.0,65.0
18883,9,CAM001,151,2.0281518213986978,3205,True,58c867fb-332c-46d9-8b45-c0d3caad69df,Eastbound,2026-01-28 10:37:51.296258,388.0,243.0,92.0,100.0
18882,2,CAM001,146,1.6236323055741364,3205,True,58c867fb-332c-46d9-8b45-c0d3caad69df,Eastbound,2026-01-28 10:37:51.293743,689.0,244.0,96.0,144.0
18881,10,CAM001,141,2.0112011233590383,3205,True,58c867fb-332c-46d9-8b45-c0d3caad69df,Eastbound,2026-01-28 10:37:51.291411,166.0,244.0,106.0,89.0
18880,3,CAM001,138,2.0282089841097135,3205,True,58c867fb-332c-46d9-8b45-c0d3caad69df,Eastbound,2026-01-28 10:37:51.289410,523.0,249.0,88.0,129.0
18879,5,CAM001,134,2.013716141350467,3205,True,58c867fb-332c-46d9-8b45-c0d3caad69df,Eastbound,2026-01-28 10:37:51.286412,606.0,247.0,69.0,122.0
18878,2,CAM002,134,1.6563316778729635,2445,True,8b9846a8-d4ff-4584-8387-7714d0f8f8d8,Westbound,2026-01-28 10:37:49.934179,693.0,358.0,60.0,123.0
18877,1,CAM002,132,2.0327066342775084,2445,True,8b9846a8-d4ff-4584-8387-7714d0f8f8d8,Westbound,2026-01-28 10:37:49.931089,555.0,348.0,103.0,155.0
18876,7,CAM002,126,2.026116524294408,2445,True,8b9846a8-d4ff-4584-8387-7714d0f8f8d8,Westbound,2026-01-28 10:37:49.929087,278.0,360.0,125.0,174.0
18875,6,CAM002,125,1.439490904548722,2445,True,8b9846a8-d4ff-4584-8387-7714d0f8f8d8,Westbound,2026-01-28 10:37:49.927087,691.0,291.0,185.0,244.0
18874,8,CAM002,120,2.006925174753334,2445,True,8b9846a8-d4ff-4584-8387-7714d0f8f8d8,Westbound,2026-01-28 10:37:49.924085,404.0,337.0,232.0,203.0
18873,9,CAM001,151,2.037426359838006,3200,True,58c867fb-332c-46d9-8b45-c0d3caad69df,Eastbound,2026-01-28 10:37:47.003369,389.0,242.0,92.0,101.0
18872,2,CAM001,146,2.0214490264082814,3200,True,58c867fb-332c-46d9-8b45-c0d3caad69df,Eastbound,2026-01-28 10:37:47.001212,689.0,243.0,95.0,144.0
18871,10,CAM001,141,1.9903682025862939,3200,True,58c867fb-332c-46d9-8b45-c0d3caad69df,Eastbound,2026-01-28 10:37:46.999211,163.0,243.0,108.0,91.0
18870,3,CAM001,138,2.0301319147930705,3200,True,58c867fb-332c-46d9-8b45-c0d3caad69df,Eastbound,2026-01-28 10:37:46.997210,524.0,249.0,87.0,129.0
18869,5,CAM001,134,1.5819917951135853,3200,True,58c867fb-332c-46d9-8b45-c0d3caad69df,Eastbound,2026-01-28 10:37:46.994212,605.0,248.0,71.0,127.0
18868,5,CAM002,134,1.6143258058206287,2440,True,8b9846a8-d4ff-4584-8387-7714d0f8f8d8,Westbound,2026-01-28 10:37:45.713699,690.0,362.0,55.0,128.0
18867,1,CAM002,132,2.0334053046671707,2440,True,8b9846a8-d4ff-4584-8387-7714d0f8f8d8,Westbound,2026-01-28 10:37:45.710174,555.0,350.0,103.0,153.0
18866,7,CAM002,126,1.9704732477666758,2440,True,8b9846a8-d4ff-4584-8387-7714d0f8f8d8,Westbound,2026-01-28 10:37:45.707176,266.0,359.0,135.0,174.0
18865,8,CAM002,120,2.004358955435843,2440,True,8b9846a8-d4ff-4584-8387-7714d0f8f8d8,Westbound,2026-01-28 10:37:45.703167,400.0,336.0,232.0,204.0
18864,6,CAM001,155,1.9997768594976322,3195,True,58c867fb-332c-46d9-8b45-c0d3caad69df,Eastbound,2026-01-28 10:37:42.252982,334.0,213.0,75.0,128.0
18863,9,CAM001,151,2.0099847516912095,3195,True,58c867fb-332c-46d9-8b45-c0d3caad69df,Eastbound,2026-01-28 10:37:42.250976,389.0,244.0,92.0,98.0
18862,2,CAM001,146,2.025955380166068,3195,True,58c867fb-332c-46d9-8b45-c0d3caad69df,Eastbound,2026-01-28 10:37:42.248470,688.0,242.0,98.0,149.0
18861,10,CAM001,141,2.0065069853358226,3195,True,58c867fb-332c-46d9-8b45-c0d3caad69df,Eastbound,2026-01-28 10:37:42.246469,163.0,243.0,106.0,91.0
18860,3,CAM001,138,2.018037680503513,3195,True,58c867fb-332c-46d9-8b45-c0d3caad69df,Eastbound,2026-01-28 10:37:42.244470,522.0,248.0,89.0,130.0
18859,5,CAM001,134,1.6075394630982172,3195,True,58c867fb-332c-46d9-8b45-c0d3caad69df,Eastbound,2026-01-28 10:37:42.240040,604.0,248.0,72.0,128.0
18858,1,CAM002,132,1.9972219491793235,2435,True,8b9846a8-d4ff-4584-8387-7714d0f8f8d8,Westbound,2026-01-28 10:37:40.886191,556.0,351.0,102.0,151.0
18857,7,CAM002,126,1.9907724246516059,2435,True,8b9846a8-d4ff-4584-8387-7714d0f8f8d8,Westbound,2026-01-28 10:37:40.884191,251.0,358.0,141.0,174.0
18856,8,CAM002,120,1.996356061473406,2435,True,8b9846a8-d4ff-4584-8387-7714d0f8f8d8,Westbound,2026-01-28 10:37:40.881186,395.0,336.0,231.0,204.0
18855,6,CAM001,155,2.0048622487849443,3190,True,58c867fb-332c-46d9-8b45-c0d3caad69df,Eastbound,2026-01-28 10:37:37.664301,335.0,214.0,76.0,126.0
18854,9,CAM001,151,2.022565634396907,3190,True,58c867fb-332c-46d9-8b45-c0d3caad69df,Eastbound,2026-01-28 10:37:37.661268,390.0,246.0,89.0,95.0
18853,2,CAM001,146,1.9811818581760963,3190,True,58c867fb-332c-46d9-8b45-c0d3caad69df,Eastbound,2026-01-28 10:37:37.659473,687.0,240.0,99.0,152.0
18852,10,CAM001,141,2.0041488998112404,3190,True,58c867fb-332c-46d9-8b45-c0d3caad69df,Eastbound,2026-01-28 10:37:37.658474,167.0,244.0,104.0,89.0
18851,3,CAM001,138,2.0218120081646567,3190,True,58c867fb-332c-46d9-8b45-c0d3caad69df,Eastbound,2026-01-28 10:37:37.655492,522.0,248.0,90.0,130.0
18850,5,CAM001,134,2.0273198248222863,3190,True,58c867fb-332c-46d9-8b45-c0d3caad69df,Eastbound,2026-01-28 10:37:37.653566,604.0,248.0,72.0,128.0
18849,1,CAM002,132,2.034813543635323,2430,True,8b9846a8-d4ff-4584-8387-7714d0f8f8d8,Westbound,2026-01-28 10:37:36.350041,558.0,352.0,100.0,150.0
18848,7,CAM002,126,2.00184677473411,2430,True,8b9846a8-d4ff-4584-8387-7714d0f8f8d8,Westbound,2026-01-28 10:37:36.348041,248.0,359.0,144.0,173.0
18847,8,CAM002,120,2.0287467463210938,2430,True,8b9846a8-d4ff-4584-8387-7714d0f8f8d8,Westbound,2026-01-28 10:37:36.346040,397.0,337.0,230.0,203.0
18846,6,CAM001,155,1.9829977955705989,3185,True,58c867fb-332c-46d9-8b45-c0d3caad69df,Eastbound,2026-01-28 10:37:32.818989,337.0,213.0,78.0,126.0
18845,9,CAM001,151,1.745767101937656,3185,True,58c867fb-332c-46d9-8b45-c0d3caad69df,Eastbound,2026-01-28 10:37:32.816991,390.0,245.0,88.0,95.0
18844,2,CAM001,146,1.9719217568215923,3185,True,58c867fb-332c-46d9-8b45-c0d3caad69df,Eastbound,2026-01-28 10:37:32.813987,687.0,241.0,99.0,151.0
18843,10,CAM001,141,2.0383712276745216,3185,True,58c867fb-332c-46d9-8b45-c0d3caad69df,Eastbound,2026-01-28 10:37:32.811987,168.0,244.0,102.0,89.0
18842,3,CAM001,138,2.015142534851992,3185,True,58c867fb-332c-46d9-8b45-c0d3caad69df,Eastbound,2026-01-28 10:37:32.808476,520.0,249.0,91.0,130.0
18841,5,CAM001,134,2.028280166105807,3185,True,58c867fb-332c-46d9-8b45-c0d3caad69df,Eastbound,2026-01-28 10:37:32.806476,603.0,248.0,74.0,129.0
18840,1,CAM002,132,1.9928169534245967,2425,True,8b9846a8-d4ff-4584-8387-7714d0f8f8d8,Westbound,2026-01-28 10:37:31.523559,560.0,352.0,97.0,151.0
18839,7,CAM002,126,2.0188951075049886,2425,True,8b9846a8-d4ff-4584-8387-7714d0f8f8d8,Westbound,2026-01-28 10:37:31.521533,247.0,361.0,143.0,169.0
18838,8,CAM002,120,1.9955021009439757,2425,True,8b9846a8-d4ff-4584-8387-7714d0f8f8d8,Westbound,2026-01-28 10:37:31.518797,401.0,340.0,225.0,200.0
18837,6,CAM001,155,1.8096041641815503,3180,True,58c867fb-332c-46d9-8b45-c0d3caad69df,Eastbound,2026-01-28 10:37:28.004309,341.0,217.0,77.0,119.0
18836,9,CAM001,154,2.030192825316092,3180,True,58c867fb-332c-46d9-8b45-c0d3caad69df,Eastbound,2026-01-28 10:37:28.002299,373.0,215.0,45.0,87.0
18835,2,CAM001,146,1.9746987466864998,3180,True,58c867fb-332c-46d9-8b45-c0d3caad69df,Eastbound,2026-01-28 10:37:27.998644,686.0,241.0,101.0,152.0
18834,10,CAM001,141,2.0324799878251048,3180,True,58c867fb-332c-46d9-8b45-c0d3caad69df,Eastbound,2026-01-28 10:37:27.996647,169.0,244.0,101.0,89.0
18833,3,CAM001,138,1.982252458733758,3180,True,58c867fb-332c-46d9-8b45-c0d3caad69df,Eastbound,2026-01-28 10:37:27.994650,519.0,250.0,90.0,130.0
18832,5,CAM001,134,2.0189838746744924,3180,True,58c867fb-332c-46d9-8b45-c0d3caad69df,Eastbound,2026-01-28 10:37:27.991597,603.0,247.0,75.0,126.0
18831,1,CAM002,132,1.6698152352276499,2420,True,8b9846a8-d4ff-4584-8387-7714d0f8f8d8,Westbound,2026-01-28 10:37:26.740269,562.0,353.0,91.0,150.0
18830,7,CAM002,126,2.0264050386461756,2420,True,8b9846a8-d4ff-4584-8387-7714d0f8f8d8,Westbound,2026-01-28 10:37:26.738270,246.0,362.0,143.0,166.0
18829,8,CAM002,120,1.9802083988233348,2420,True,8b9846a8-d4ff-4584-8387-7714d0f8f8d8,Westbound,2026-01-28 10:37:26.736251,403.0,342.0,221.0,198.0
18828,6,CAM001,155,2.01344890473251,3175,True,58c867fb-332c-46d9-8b45-c0d3caad69df,Eastbound,2026-01-28 10:37:22.794907,358.0,244.0,48.0,75.0
18827,9,CAM001,154,1.9719611294154236,3175,True,58c867fb-332c-46d9-8b45-c0d3caad69df,Eastbound,2026-01-28 10:37:22.789330,373.0,214.0,45.0,84.0
18826,3,CAM001,151,2.0315147088680483,3175,True,58c867fb-332c-46d9-8b45-c0d3caad69df,Eastbound,2026-01-28 10:37:22.785348,388.0,243.0,90.0,98.0
18825,2,CAM001,146,2.027250528653886,3175,True,58c867fb-332c-46d9-8b45-c0d3caad69df,Eastbound,2026-01-28 10:37:22.783336,685.0,242.0,103.0,152.0
18824,10,CAM001,141,1.9939632016711106,3175,True,58c867fb-332c-46d9-8b45-c0d3caad69df,Eastbound,2026-01-28 10:37:22.781305,170.0,244.0,99.0,90.0
18823,1,CAM001,138,1.6871942200845618,3175,True,58c867fb-332c-46d9-8b45-c0d3caad69df,Eastbound,2026-01-28 10:37:22.778604,519.0,251.0,90.0,129.0
18822,4,CAM001,135,2.0131502343859133,3175,True,58c867fb-332c-46d9-8b45-c0d3caad69df,Eastbound,2026-01-28 10:37:22.776631,292.0,253.0,95.0,89.0
18821,5,CAM001,134,1.9960246388663958,3175,True,58c867fb-332c-46d9-8b45-c0d3caad69df,Eastbound,2026-01-28 10:37:22.772601,605.0,246.0,72.0,120.0
18820,1,CAM002,132,1.44121660227967,2415,True,8b9846a8-d4ff-4584-8387-7714d0f8f8d8,Westbound,2026-01-28 10:37:21.264462,567.0,357.0,76.0,145.0
18819,7,CAM002,126,2.0341276653472007,2415,True,8b9846a8-d4ff-4584-8387-7714d0f8f8d8,Westbound,2026-01-28 10:37:21.262461,246.0,362.0,144.0,164.0
18818,8,CAM002,120,1.9896505145483987,2415,True,8b9846a8-d4ff-4584-8387-7714d0f8f8d8,Westbound,2026-01-28 10:37:21.259749,403.0,342.0,216.0,198.0
18817,3,CAM001,151,2.0235140055846537,3170,True,58c867fb-332c-46d9-8b45-c0d3caad69df,Eastbound,2026-01-28 10:37:17.798237,388.0,243.0,91.0,99.0
18816,4,CAM001,150,1.8659451738873405,3170,True,58c867fb-332c-46d9-8b45-c0d3caad69df,Eastbound,2026-01-28 10:37:17.796246,259.0,256.0,54.0,65.0
18815,2,CAM001,146,2.0197350774327916,3170,True,58c867fb-332c-46d9-8b45-c0d3caad69df,Eastbound,2026-01-28 10:37:17.795239,686.0,244.0,103.0,149.0
18814,10,CAM001,141,1.9198821841833265,3170,True,58c867fb-332c-46d9-8b45-c0d3caad69df,Eastbound,2026-01-28 10:37:17.793238,167.0,237.0,103.0,98.0
18813,1,CAM001,138,2.0034545336858733,3170,True,58c867fb-332c-46d9-8b45-c0d3caad69df,Eastbound,2026-01-28 10:37:17.792239,519.0,251.0,90.0,129.0
18812,6,CAM001,135,1.82238387098536,3170,True,58c867fb-332c-46d9-8b45-c0d3caad69df,Eastbound,2026-01-28 10:37:17.789728,291.0,240.0,101.0,103.0
18811,5,CAM001,134,2.0224168576073036,3170,True,58c867fb-332c-46d9-8b45-c0d3caad69df,Eastbound,2026-01-28 10:37:17.785749,606.0,246.0,70.0,117.0
18810,7,CAM002,126,2.004490279763809,2410,True,8b9846a8-d4ff-4584-8387-7714d0f8f8d8,Westbound,2026-01-28 10:37:16.504818,247.0,361.0,143.0,163.0
18809,8,CAM002,120,1.9881839945393727,2410,True,8b9846a8-d4ff-4584-8387-7714d0f8f8d8,Westbound,2026-01-28 10:37:16.501296,407.0,339.0,209.0,201.0
18808,3,CAM001,151,2.0253582264117664,3165,True,58c867fb-332c-46d9-8b45-c0d3caad69df,Eastbound,2026-01-28 10:37:13.627247,389.0,243.0,91.0,99.0
18807,2,CAM001,146,1.9963083512478499,3165,True,58c867fb-332c-46d9-8b45-c0d3caad69df,Eastbound,2026-01-28 10:37:13.624248,689.0,244.0,97.0,138.0
18806,10,CAM001,141,2.02303190719758,3165,True,58c867fb-332c-46d9-8b45-c0d3caad69df,Eastbound,2026-01-28 10:37:13.620110,160.0,226.0,115.0,108.0
18805,1,CAM001,138,1.649713805146848,3165,True,58c867fb-332c-46d9-8b45-c0d3caad69df,Eastbound,2026-01-28 10:37:13.617109,520.0,250.0,87.0,129.0
18804,6,CAM001,135,2.02603792933215,3165,True,58c867fb-332c-46d9-8b45-c0d3caad69df,Eastbound,2026-01-28 10:37:13.613107,286.0,220.0,117.0,125.0
18803,5,CAM001,134,1.5022478920601534,3165,True,58c867fb-332c-46d9-8b45-c0d3caad69df,Eastbound,2026-01-28 10:37:13.609593,606.0,246.0,70.0,117.0
18802,5,CAM002,133,1.5544849349210992,2405,True,8b9846a8-d4ff-4584-8387-7714d0f8f8d8,Westbound,2026-01-28 10:37:12.182181,601.0,319.0,143.0,219.0
18801,1,CAM002,132,1.7220912359057245,2405,True,8b9846a8-d4ff-4584-8387-7714d0f8f8d8,Westbound,2026-01-28 10:37:12.179667,566.0,365.0,51.0,102.0
18800,7,CAM002,126,1.986673906264932,2405,True,8b9846a8-d4ff-4584-8387-7714d0f8f8d8,Westbound,2026-01-28 10:37:12.177666,248.0,360.0,141.0,161.0
18799,8,CAM002,120,2.002881667606219,2405,True,8b9846a8-d4ff-4584-8387-7714d0f8f8d8,Westbound,2026-01-28 10:37:12.174667,406.0,341.0,196.0,199.0
18798,3,CAM001,151,1.448440130079392,3160,True,58c867fb-332c-46d9-8b45-c0d3caad69df,Eastbound,2026-01-28 10:37:08.697377,390.0,244.0,90.0,99.0
18797,4,CAM001,150,2.031155499026165,3160,True,58c867fb-332c-46d9-8b45-c0d3caad69df,Eastbound,2026-01-28 10:37:08.696377,257.0,255.0,56.0,69.0
18796,2,CAM001,146,1.9386428080835307,3160,True,58c867fb-332c-46d9-8b45-c0d3caad69df,Eastbound,2026-01-28 10:37:08.693378,692.0,243.0,90.0,133.0
18795,10,CAM001,141,1.9756707541572338,3160,True,58c867fb-332c-46d9-8b45-c0d3caad69df,Eastbound,2026-01-28 10:37:08.689867,162.0,233.0,112.0,101.0
18794,1,CAM001,138,1.5989443893590591,3160,True,58c867fb-332c-46d9-8b45-c0d3caad69df,Eastbound,2026-01-28 10:37:08.687868,524.0,248.0,85.0,130.0
18793,6,CAM001,135,1.9823609548031569,3160,True,58c867fb-332c-46d9-8b45-c0d3caad69df,Eastbound,2026-01-28 10:37:08.685868,285.0,218.0,116.0,126.0
18792,5,CAM001,134,1.4718258622877116,3160,True,58c867fb-332c-46d9-8b45-c0d3caad69df,Eastbound,2026-01-28 10:37:08.681863,607.0,246.0,68.0,118.0
18791,1,CAM002,132,1.6889520297608476,2400,True,8b9846a8-d4ff-4584-8387-7714d0f8f8d8,Westbound,2026-01-28 10:37:07.295452,563.0,364.0,47.0,104.0
18790,7,CAM002,126,2.0344824840143843,2400,True,8b9846a8-d4ff-4584-8387-7714d0f8f8d8,Westbound,2026-01-28 10:37:07.291447,247.0,358.0,143.0,163.0
18789,8,CAM002,120,1.995903937194313,2400,True,8b9846a8-d4ff-4584-8387-7714d0f8f8d8,Westbound,2026-01-28 10:37:07.287879,415.0,342.0,176.0,198.0
18788,4,CAM001,150,1.9955762785903108,3155,True,58c867fb-332c-46d9-8b45-c0d3caad69df,Eastbound,2026-01-28 10:37:04.223113,257.0,256.0,56.0,67.0
18787,2,CAM001,146,2.011660789959001,3155,True,58c867fb-332c-46d9-8b45-c0d3caad69df,Eastbound,2026-01-28 10:37:04.221019,688.0,242.0,98.0,148.0
18786,10,CAM001,141,2.000854780423432,3155,True,58c867fb-332c-46d9-8b45-c0d3caad69df,Eastbound,2026-01-28 10:37:04.220018,169.0,244.0,99.0,90.0
18785,1,CAM001,138,1.7191208945902257,3155,True,58c867fb-332c-46d9-8b45-c0d3caad69df,Eastbound,2026-01-28 10:37:04.218019,526.0,248.0,85.0,130.0
18784,6,CAM001,135,1.9961963413688626,3155,True,58c867fb-332c-46d9-8b45-c0d3caad69df,Eastbound,2026-01-28 10:37:04.216020,285.0,214.0,115.0,128.0
18783,5,CAM001,134,2.032531334294402,3155,True,58c867fb-332c-46d9-8b45-c0d3caad69df,Eastbound,2026-01-28 10:37:04.214036,607.0,247.0,68.0,119.0
18782,3,CAM002,129,1.9761386309492917,2395,True,8b9846a8-d4ff-4584-8387-7714d0f8f8d8,Westbound,2026-01-28 10:37:02.621168,711.0,362.0,136.0,155.0
18781,7,CAM002,126,2.033770253227099,2395,True,8b9846a8-d4ff-4584-8387-7714d0f8f8d8,Westbound,2026-01-28 10:37:02.619664,248.0,358.0,142.0,163.0
18780,8,CAM002,120,1.983284532870604,2395,True,8b9846a8-d4ff-4584-8387-7714d0f8f8d8,Westbound,2026-01-28 10:37:02.615665,416.0,341.0,163.0,199.0
18779,4,CAM001,150,1.9815797775494395,3150,True,58c867fb-332c-46d9-8b45-c0d3caad69df,Eastbound,2026-01-28 10:36:59.033465,258.0,257.0,54.0,66.0
18778,2,CAM001,146,2.0038699819860932,3150,True,58c867fb-332c-46d9-8b45-c0d3caad69df,Eastbound,2026-01-28 10:36:59.030407,685.0,241.0,102.0,152.0
18777,10,CAM001,141,1.9879065496138761,3150,True,58c867fb-332c-46d9-8b45-c0d3caad69df,Eastbound,2026-01-28 10:36:59.029408,171.0,244.0,97.0,90.0
18776,1,CAM001,138,2.0392094611389844,3150,True,58c867fb-332c-46d9-8b45-c0d3caad69df,Eastbound,2026-01-28 10:36:59.026411,526.0,249.0,85.0,129.0
18775,6,CAM001,135,1.99198337610907,3150,True,58c867fb-332c-46d9-8b45-c0d3caad69df,Eastbound,2026-01-28 10:36:59.023407,283.0,212.0,117.0,130.0
18774,5,CAM001,134,1.9958383702852998,3150,True,58c867fb-332c-46d9-8b45-c0d3caad69df,Eastbound,2026-01-28 10:36:59.018858,607.0,248.0,68.0,120.0
18773,3,CAM002,129,2.0223757014796377,2390,True,8b9846a8-d4ff-4584-8387-7714d0f8f8d8,Westbound,2026-01-28 10:36:57.581454,706.0,363.0,142.0,153.0
18772,7,CAM002,126,2.0225107771916226,2390,True,8b9846a8-d4ff-4584-8387-7714d0f8f8d8,Westbound,2026-01-28 10:36:57.578450,249.0,358.0,141.0,163.0
18771,8,CAM002,120,2.0031773952076604,2390,True,8b9846a8-d4ff-4584-8387-7714d0f8f8d8,Westbound,2026-01-28 10:36:57.574459,411.0,340.0,150.0,200.0
18770,4,CAM001,151,1.8955342703652986,3145,True,58c867fb-332c-46d9-8b45-c0d3caad69df,Eastbound,2026-01-28 10:36:53.691284,389.0,243.0,91.0,100.0
18769,7,CAM001,150,1.5060042461818228,3145,True,58c867fb-332c-46d9-8b45-c0d3caad69df,Eastbound,2026-01-28 10:36:53.689736,257.0,256.0,56.0,67.0
18768,2,CAM001,146,1.9547557309392511,3145,True,58c867fb-332c-46d9-8b45-c0d3caad69df,Eastbound,2026-01-28 10:36:53.687227,686.0,241.0,101.0,150.0
18767,10,CAM001,141,1.9579401238038403,3145,True,58c867fb-332c-46d9-8b45-c0d3caad69df,Eastbound,2026-01-28 10:36:53.685226,169.0,237.0,99.0,96.0
18766,1,CAM001,138,1.9918393627309474,3145,True,58c867fb-332c-46d9-8b45-c0d3caad69df,Eastbound,2026-01-28 10:36:53.682226,525.0,249.0,86.0,129.0
18765,6,CAM001,135,1.8601394833363547,3145,True,58c867fb-332c-46d9-8b45-c0d3caad69df,Eastbound,2026-01-28 10:36:53.679695,282.0,213.0,119.0,130.0
18764,5,CAM001,134,2.0365907934366123,3145,True,58c867fb-332c-46d9-8b45-c0d3caad69df,Eastbound,2026-01-28 10:36:53.675691,605.0,249.0,72.0,128.0
18763,3,CAM002,129,1.963163694599948,2385,True,8b9846a8-d4ff-4584-8387-7714d0f8f8d8,Westbound,2026-01-28 10:36:51.374399,699.0,364.0,143.0,148.0
18762,9,CAM002,128,2.0219415811672303,2385,True,8b9846a8-d4ff-4584-8387-7714d0f8f8d8,Westbound,2026-01-28 10:36:51.371393,381.0,387.0,83.0,73.0
18761,7,CAM002,126,2.0272868981029792,2385,True,8b9846a8-d4ff-4584-8387-7714d0f8f8d8,Westbound,2026-01-28 10:36:51.368884,251.0,358.0,138.0,163.0
18760,8,CAM002,120,1.9667882657640732,2385,True,8b9846a8-d4ff-4584-8387-7714d0f8f8d8,Westbound,2026-01-28 10:36:51.364995,419.0,339.0,136.0,201.0
18759,4,CAM001,151,2.0337075540462908,3140,True,58c867fb-332c-46d9-8b45-c0d3caad69df,Eastbound,2026-01-28 10:36:47.736333,389.0,243.0,91.0,100.0
18758,2,CAM001,146,1.9310943141667627,3140,True,58c867fb-332c-46d9-8b45-c0d3caad69df,Eastbound,2026-01-28 10:36:47.732377,686.0,241.0,101.0,147.0
18757,10,CAM001,141,1.9929382421195019,3140,True,58c867fb-332c-46d9-8b45-c0d3caad69df,Eastbound,2026-01-28 10:36:47.728199,162.0,226.0,110.0,107.0
18756,8,CAM001,138,1.620239104309111,3140,True,58c867fb-332c-46d9-8b45-c0d3caad69df,Eastbound,2026-01-28 10:36:47.722205,524.0,249.0,87.0,129.0
18755,6,CAM001,135,2.0225979164661014,3140,True,58c867fb-332c-46d9-8b45-c0d3caad69df,Eastbound,2026-01-28 10:36:47.718718,282.0,217.0,121.0,130.0
18754,5,CAM001,134,2.0261367689359826,3140,True,58c867fb-332c-46d9-8b45-c0d3caad69df,Eastbound,2026-01-28 10:36:47.716681,605.0,249.0,72.0,128.0
18753,3,CAM002,129,2.013912371632306,2380,True,8b9846a8-d4ff-4584-8387-7714d0f8f8d8,Westbound,2026-01-28 10:36:46.095213,697.0,370.0,137.0,135.0
18752,9,CAM002,128,2.011038208313131,2380,True,8b9846a8-d4ff-4584-8387-7714d0f8f8d8,Westbound,2026-01-28 10:36:46.091184,385.0,387.0,76.0,75.0
18751,7,CAM002,126,2.0049213065135962,2380,True,8b9846a8-d4ff-4584-8387-7714d0f8f8d8,Westbound,2026-01-28 10:36:46.089183,251.0,359.0,136.0,163.0
18750,8,CAM002,120,1.6306113123944594,2380,True,8b9846a8-d4ff-4584-8387-7714d0f8f8d8,Westbound,2026-01-28 10:36:46.084184,443.0,337.0,125.0,203.0
18749,4,CAM001,151,2.022492199866206,3135,True,58c867fb-332c-46d9-8b45-c0d3caad69df,Eastbound,2026-01-28 10:36:42.397443,389.0,243.0,91.0,100.0
18748,1,CAM001,150,2.03286671005031,3135,True,58c867fb-332c-46d9-8b45-c0d3caad69df,Eastbound,2026-01-28 10:36:42.394443,260.0,256.0,53.0,65.0
18747,2,CAM001,146,2.020646062608627,3135,True,58c867fb-332c-46d9-8b45-c0d3caad69df,Eastbound,2026-01-28 10:36:42.392443,688.0,242.0,99.0,142.0
18746,6,CAM001,144,2.032979837809751,3135,True,58c867fb-332c-46d9-8b45-c0d3caad69df,Eastbound,2026-01-28 10:36:42.390265,359.0,241.0,48.0,76.0
18745,10,CAM001,141,1.9757522512796943,3135,True,58c867fb-332c-46d9-8b45-c0d3caad69df,Eastbound,2026-01-28 10:36:42.388266,163.0,233.0,108.0,101.0
18744,8,CAM001,138,1.5657050122032332,3135,True,58c867fb-332c-46d9-8b45-c0d3caad69df,Eastbound,2026-01-28 10:36:42.387265,523.0,249.0,87.0,129.0
18743,9,CAM001,135,1.5254317521849257,3135,True,58c867fb-332c-46d9-8b45-c0d3caad69df,Eastbound,2026-01-28 10:36:42.385265,281.0,216.0,124.0,132.0
18742,5,CAM001,134,2.03722994744264,3135,True,58c867fb-332c-46d9-8b45-c0d3caad69df,Eastbound,2026-01-28 10:36:42.384271,604.0,249.0,74.0,128.0
18741,7,CAM001,131,1.605519403067252,3135,True,58c867fb-332c-46d9-8b45-c0d3caad69df,Eastbound,2026-01-28 10:36:42.379750,285.0,249.0,111.0,94.0
18740,3,CAM002,129,1.2899115336241622,2375,True,8b9846a8-d4ff-4584-8387-7714d0f8f8d8,Westbound,2026-01-28 10:36:40.814627,700.0,376.0,133.0,128.0
18739,9,CAM002,128,1.8472751033645636,2375,True,8b9846a8-d4ff-4584-8387-7714d0f8f8d8,Westbound,2026-01-28 10:36:40.812602,385.0,386.0,79.0,103.0
18738,7,CAM002,126,1.6065294577850582,2375,True,8b9846a8-d4ff-4584-8387-7714d0f8f8d8,Westbound,2026-01-28 10:36:40.811502,250.0,360.0,135.0,166.0
18737,8,CAM002,120,1.9732975161449526,2375,True,8b9846a8-d4ff-4584-8387-7714d0f8f8d8,Westbound,2026-01-28 10:36:40.809919,452.0,338.0,125.0,202.0
18736,4,CAM001,151,1.3746287090765392,3130,True,58c867fb-332c-46d9-8b45-c0d3caad69df,Eastbound,2026-01-28 10:36:37.307962,388.0,244.0,92.0,100.0
18735,1,CAM001,150,1.8149113267304635,3130,True,58c867fb-332c-46d9-8b45-c0d3caad69df,Eastbound,2026-01-28 10:36:37.306948,261.0,256.0,51.0,65.0
18734,2,CAM001,146,1.9606989934775998,3130,True,58c867fb-332c-46d9-8b45-c0d3caad69df,Eastbound,2026-01-28 10:36:37.304954,689.0,243.0,98.0,142.0
18733,6,CAM001,144,1.7963325207548229,3130,True,58c867fb-332c-46d9-8b45-c0d3caad69df,Eastbound,2026-01-28 10:36:37.303951,361.0,241.0,44.0,76.0
18732,10,CAM001,141,1.927364517099345,3130,True,58c867fb-332c-46d9-8b45-c0d3caad69df,Eastbound,2026-01-28 10:36:37.300284,168.0,237.0,102.0,97.0
18731,3,CAM001,138,2.0164781914152115,3130,True,58c867fb-332c-46d9-8b45-c0d3caad69df,Eastbound,2026-01-28 10:36:37.299272,521.0,248.0,90.0,131.0
18730,5,CAM001,134,1.9964750378852827,3130,True,58c867fb-332c-46d9-8b45-c0d3caad69df,Eastbound,2026-01-28 10:36:37.296283,604.0,248.0,73.0,125.0
18729,7,CAM001,131,1.366952967894752,3130,True,58c867fb-332c-46d9-8b45-c0d3caad69df,Eastbound,2026-01-28 10:36:37.291271,286.0,249.0,109.0,94.0
18728,4,CAM002,128,1.9641773000869909,2370,True,8b9846a8-d4ff-4584-8387-7714d0f8f8d8,Westbound,2026-01-28 10:36:35.906728,376.0,384.0,99.0,154.0
18727,7,CAM002,126,2.010641961274903,2370,True,8b9846a8-d4ff-4584-8387-7714d0f8f8d8,Westbound,2026-01-28 10:36:35.902729,250.0,362.0,134.0,167.0
18726,8,CAM002,120,1.9413070788341058,2370,True,8b9846a8-d4ff-4584-8387-7714d0f8f8d8,Westbound,2026-01-28 10:36:35.901220,444.0,340.0,124.0,200.0
18725,9,CAM002,89,1.9853427893502302,2370,True,8b9846a8-d4ff-4584-8387-7714d0f8f8d8,Westbound,2026-01-28 10:36:35.895326,350.0,345.0,208.0,195.0
18724,2,CAM001,146,2.004028167114517,3125,True,58c867fb-332c-46d9-8b45-c0d3caad69df,Eastbound,2026-01-28 10:36:32.732468,691.0,243.0,94.0,138.0
18723,10,CAM001,141,2.034386390130683,3125,True,58c867fb-332c-46d9-8b45-c0d3caad69df,Eastbound,2026-01-28 10:36:32.729953,160.0,225.0,116.0,108.0
18722,3,CAM001,138,2.016041362994744,3125,True,58c867fb-332c-46d9-8b45-c0d3caad69df,Eastbound,2026-01-28 10:36:32.726949,520.0,248.0,93.0,132.0
18721,5,CAM001,134,1.997343872106696,3125,True,58c867fb-332c-46d9-8b45-c0d3caad69df,Eastbound,2026-01-28 10:36:32.723970,606.0,248.0,69.0,119.0
18720,4,CAM002,128,2.023271773353985,2365,True,8b9846a8-d4ff-4584-8387-7714d0f8f8d8,Westbound,2026-01-28 10:36:31.356378,380.0,382.0,99.0,158.0
18719,7,CAM002,126,2.0023637850152243,2365,True,8b9846a8-d4ff-4584-8387-7714d0f8f8d8,Westbound,2026-01-28 10:36:31.354378,251.0,364.0,135.0,170.0
18718,8,CAM002,120,2.0039153609381155,2365,True,8b9846a8-d4ff-4584-8387-7714d0f8f8d8,Westbound,2026-01-28 10:36:31.352380,439.0,338.0,125.0,202.0
18717,9,CAM002,89,1.5730207687877527,2365,True,8b9846a8-d4ff-4584-8387-7714d0f8f8d8,Westbound,2026-01-28 10:36:31.348661,365.0,346.0,212.0,194.0
18716,9,CAM001,151,2.0139883197284147,3120,True,58c867fb-332c-46d9-8b45-c0d3caad69df,Eastbound,2026-01-28 10:36:28.261434,388.0,245.0,93.0,102.0
18715,1,CAM001,150,2.02912257588309,3120,True,58c867fb-332c-46d9-8b45-c0d3caad69df,Eastbound,2026-01-28 10:36:28.258436,261.0,256.0,51.0,65.0
18714,2,CAM001,146,2.016081360677933,3120,True,58c867fb-332c-46d9-8b45-c0d3caad69df,Eastbound,2026-01-28 10:36:28.256437,690.0,242.0,96.0,143.0
18713,6,CAM001,144,2.017031286918278,3120,True,58c867fb-332c-46d9-8b45-c0d3caad69df,Eastbound,2026-01-28 10:36:28.254436,361.0,242.0,42.0,75.0
18712,10,CAM001,141,1.9689517007126158,3120,True,58c867fb-332c-46d9-8b45-c0d3caad69df,Eastbound,2026-01-28 10:36:28.251428,162.0,232.0,113.0,101.0
18711,3,CAM001,138,2.0086246975523596,3120,True,58c867fb-332c-46d9-8b45-c0d3caad69df,Eastbound,2026-01-28 10:36:28.248902,519.0,248.0,96.0,131.0
18710,5,CAM001,134,1.4589912933164753,3120,True,58c867fb-332c-46d9-8b45-c0d3caad69df,Eastbound,2026-01-28 10:36:28.245903,607.0,249.0,66.0,118.0
18709,7,CAM001,131,1.5639384784743473,3120,True,58c867fb-332c-46d9-8b45-c0d3caad69df,Eastbound,2026-01-28 10:36:28.243000,292.0,249.0,108.0,94.0
18708,4,CAM002,128,1.954735130063152,2360,True,8b9846a8-d4ff-4584-8387-7714d0f8f8d8,Westbound,2026-01-28 10:36:26.884174,379.0,385.0,84.0,149.0
18707,7,CAM002,126,1.5423442427519998,2360,True,8b9846a8-d4ff-4584-8387-7714d0f8f8d8,Westbound,2026-01-28 10:36:26.883175,255.0,365.0,130.0,165.0
18706,8,CAM002,120,1.9719056305704923,2360,True,8b9846a8-d4ff-4584-8387-7714d0f8f8d8,Westbound,2026-01-28 10:36:26.879563,435.0,338.0,124.0,202.0
18705,4,CAM001,151,1.4981968201599094,3115,True,58c867fb-332c-46d9-8b45-c0d3caad69df,Eastbound,2026-01-28 10:36:23.608392,389.0,244.0,91.0,102.0
18704,1,CAM001,150,1.937057788784863,3115,True,58c867fb-332c-46d9-8b45-c0d3caad69df,Eastbound,2026-01-28 10:36:23.606393,260.0,257.0,48.0,65.0
18703,2,CAM001,146,2.0395311578796593,3115,True,58c867fb-332c-46d9-8b45-c0d3caad69df,Eastbound,2026-01-28 10:36:23.605404,688.0,241.0,98.0,148.0
18702,6,CAM001,144,1.1574055188403334,3115,True,58c867fb-332c-46d9-8b45-c0d3caad69df,Eastbound,2026-01-28 10:36:23.603391,361.0,238.0,41.0,82.0
18701,10,CAM001,141,2.022030720026839,3115,True,58c867fb-332c-46d9-8b45-c0d3caad69df,Eastbound,2026-01-28 10:36:23.601286,170.0,244.0,99.0,89.0
18700,8,CAM001,138,1.5471331058623612,3115,True,58c867fb-332c-46d9-8b45-c0d3caad69df,Eastbound,2026-01-28 10:36:23.599678,513.0,247.0,102.0,131.0
18699,9,CAM001,135,1.9665868708066883,3115,True,58c867fb-332c-46d9-8b45-c0d3caad69df,Eastbound,2026-01-28 10:36:23.597684,282.0,219.0,125.0,133.0
18698,3,CAM001,134,2.0377704209874654,3115,True,58c867fb-332c-46d9-8b45-c0d3caad69df,Eastbound,2026-01-28 10:36:23.594698,604.0,249.0,72.0,128.0
18697,7,CAM001,131,1.4863944017343602,3115,True,58c867fb-332c-46d9-8b45-c0d3caad69df,Eastbound,2026-01-28 10:36:23.591739,287.0,249.0,104.0,93.0
18696,5,CAM002,129,2.0122371970444024,2355,True,8b9846a8-d4ff-4584-8387-7714d0f8f8d8,Westbound,2026-01-28 10:36:22.102580,753.0,432.0,91.0,86.0
18695,4,CAM002,128,1.9979450722306824,2355,True,8b9846a8-d4ff-4584-8387-7714d0f8f8d8,Westbound,2026-01-28 10:36:22.100224,375.0,389.0,70.0,135.0
18694,7,CAM002,126,1.9972960103717798,2355,True,8b9846a8-d4ff-4584-8387-7714d0f8f8d8,Westbound,2026-01-28 10:36:22.097221,258.0,366.0,124.0,160.0
18693,8,CAM002,120,1.6390941706504547,2355,True,8b9846a8-d4ff-4584-8387-7714d0f8f8d8,Westbound,2026-01-28 10:36:22.092223,426.0,335.0,126.0,205.0
18692,2,CAM001,146,2.0273075159740825,3110,True,58c867fb-332c-46d9-8b45-c0d3caad69df,Eastbound,2026-01-28 10:36:18.903264,688.0,242.0,98.0,146.0
18691,1,CAM001,144,2.0167785056943544,3110,True,58c867fb-332c-46d9-8b45-c0d3caad69df,Eastbound,2026-01-28 10:36:18.901259,350.0,214.0,57.0,121.0
18690,10,CAM001,141,2.003585207902064,3110,True,58c867fb-332c-46d9-8b45-c0d3caad69df,Eastbound,2026-01-28 10:36:18.899755,172.0,245.0,94.0,88.0
18689,8,CAM001,138,1.4765970413213438,3110,True,58c867fb-332c-46d9-8b45-c0d3caad69df,Eastbound,2026-01-28 10:36:18.898754,504.0,244.0,104.0,135.0
18688,9,CAM001,135,1.9952265115469165,3110,True,58c867fb-332c-46d9-8b45-c0d3caad69df,Eastbound,2026-01-28 10:36:18.896754,281.0,219.0,127.0,132.0
18687,3,CAM001,134,1.9956931733014618,3110,True,58c867fb-332c-46d9-8b45-c0d3caad69df,Eastbound,2026-01-28 10:36:18.893771,604.0,248.0,72.0,128.0
18686,4,CAM002,128,1.820864343730967,2350,True,8b9846a8-d4ff-4584-8387-7714d0f8f8d8,Westbound,2026-01-28 10:36:17.682573,379.0,388.0,60.0,134.0
18685,7,CAM002,126,2.009184077519555,2350,True,8b9846a8-d4ff-4584-8387-7714d0f8f8d8,Westbound,2026-01-28 10:36:17.680295,259.0,365.0,125.0,161.0
18684,8,CAM002,120,1.561670092745436,2350,True,8b9846a8-d4ff-4584-8387-7714d0f8f8d8,Westbound,2026-01-28 10:36:17.676295,405.0,353.0,126.0,187.0
18683,4,CAM001,151,1.5411820929968372,3105,True,58c867fb-332c-46d9-8b45-c0d3caad69df,Eastbound,2026-01-28 10:36:14.705833,389.0,244.0,90.0,100.0
18682,2,CAM001,146,2.0072780920590914,3105,True,58c867fb-332c-46d9-8b45-c0d3caad69df,Eastbound,2026-01-28 10:36:14.703833,688.0,242.0,96.0,143.0
18681,1,CAM001,144,1.730464995144971,3105,True,58c867fb-332c-46d9-8b45-c0d3caad69df,Eastbound,2026-01-28 10:36:14.700313,349.0,214.0,60.0,122.0
18680,10,CAM001,141,1.9204280206602151,3105,True,58c867fb-332c-46d9-8b45-c0d3caad69df,Eastbound,2026-01-28 10:36:14.698313,170.0,238.0,96.0,95.0
18679,8,CAM001,138,2.033913712038209,3105,True,58c867fb-332c-46d9-8b45-c0d3caad69df,Eastbound,2026-01-28 10:36:14.696313,501.0,244.0,104.0,136.0
18678,9,CAM001,135,2.0184421983615524,3105,True,58c867fb-332c-46d9-8b45-c0d3caad69df,Eastbound,2026-01-28 10:36:14.693314,279.0,219.0,131.0,131.0
18677,3,CAM001,134,1.4475652500948084,3105,True,58c867fb-332c-46d9-8b45-c0d3caad69df,Eastbound,2026-01-28 10:36:14.688903,604.0,248.0,72.0,128.0
18676,7,CAM002,126,1.9819833566767966,2345,True,8b9846a8-d4ff-4584-8387-7714d0f8f8d8,Westbound,2026-01-28 10:36:13.044201,261.0,366.0,131.0,163.0
18675,4,CAM002,120,1.444473841266094,2345,True,8b9846a8-d4ff-4584-8387-7714d0f8f8d8,Westbound,2026-01-28 10:36:13.041472,387.0,386.0,101.0,153.0
18674,3,CAM002,106,1.474620697617844,2345,True,8b9846a8-d4ff-4584-8387-7714d0f8f8d8,Westbound,2026-01-28 10:36:13.039471,775.0,352.0,85.0,143.0
18673,5,CAM002,89,1.933941788256435,2345,True,8b9846a8-d4ff-4584-8387-7714d0f8f8d8,Westbound,2026-01-28 10:36:13.036466,655.0,363.0,190.0,173.0
18672,4,CAM001,151,1.6311834876002118,3100,True,58c867fb-332c-46d9-8b45-c0d3caad69df,Eastbound,2026-01-28 10:36:09.106624,390.0,244.0,88.0,99.0
18671,2,CAM001,146,1.6462062586047272,3100,True,58c867fb-332c-46d9-8b45-c0d3caad69df,Eastbound,2026-01-28 10:36:09.104636,690.0,242.0,94.0,142.0
18670,9,CAM001,144,2.014082154079502,3100,True,58c867fb-332c-46d9-8b45-c0d3caad69df,Eastbound,2026-01-28 10:36:09.102641,349.0,212.0,63.0,127.0
18669,10,CAM001,141,2.0274049307714357,3100,True,58c867fb-332c-46d9-8b45-c0d3caad69df,Eastbound,2026-01-28 10:36:09.099081,164.0,225.0,106.0,108.0
18668,8,CAM001,138,2.0304974819578443,3100,True,58c867fb-332c-46d9-8b45-c0d3caad69df,Eastbound,2026-01-28 10:36:09.097081,504.0,244.0,100.0,136.0
18667,1,CAM001,135,2.0068515305834795,3100,True,58c867fb-332c-46d9-8b45-c0d3caad69df,Eastbound,2026-01-28 10:36:09.095092,276.0,220.0,137.0,130.0
18666,3,CAM001,134,1.5319445467773418,3100,True,58c867fb-332c-46d9-8b45-c0d3caad69df,Eastbound,2026-01-28 10:36:09.094101,604.0,249.0,72.0,128.0
18665,4,CAM002,128,1.509283562130267,2340,True,8b9846a8-d4ff-4584-8387-7714d0f8f8d8,Westbound,2026-01-28 10:36:07.281281,363.0,385.0,66.0,154.0
18664,7,CAM002,126,1.9206730322917827,2340,True,8b9846a8-d4ff-4584-8387-7714d0f8f8d8,Westbound,2026-01-28 10:36:07.279284,246.0,365.0,146.0,168.0
18663,2,CAM002,106,1.30058395616996,2340,True,8b9846a8-d4ff-4584-8387-7714d0f8f8d8,Westbound,2026-01-28 10:36:07.276282,758.0,353.0,91.0,143.0
18662,5,CAM002,89,1.5951336742894107,2340,True,8b9846a8-d4ff-4584-8387-7714d0f8f8d8,Westbound,2026-01-28 10:36:07.272275,665.0,364.0,179.0,160.0
18661,4,CAM001,151,1.5485016094922157,3095,True,58c867fb-332c-46d9-8b45-c0d3caad69df,Eastbound,2026-01-28 10:36:03.853350,390.0,244.0,88.0,99.0
18660,1,CAM001,150,1.9462035870251424,3095,True,58c867fb-332c-46d9-8b45-c0d3caad69df,Eastbound,2026-01-28 10:36:03.851345,256.0,258.0,53.0,65.0
18659,5,CAM001,146,1.6046871471416337,3095,True,58c867fb-332c-46d9-8b45-c0d3caad69df,Eastbound,2026-01-28 10:36:03.849842,688.0,243.0,98.0,149.0
18658,9,CAM001,144,1.8930651836999552,3095,True,58c867fb-332c-46d9-8b45-c0d3caad69df,Eastbound,2026-01-28 10:36:03.848842,352.0,224.0,58.0,107.0
18657,8,CAM001,138,1.980526956043725,3095,True,58c867fb-332c-46d9-8b45-c0d3caad69df,Eastbound,2026-01-28 10:36:03.847842,512.0,245.0,93.0,135.0
18656,7,CAM001,135,1.5076470071399475,3095,True,58c867fb-332c-46d9-8b45-c0d3caad69df,Eastbound,2026-01-28 10:36:03.845837,276.0,230.0,133.0,117.0
18655,3,CAM001,134,2.003283927262334,3095,True,58c867fb-332c-46d9-8b45-c0d3caad69df,Eastbound,2026-01-28 10:36:03.844333,604.0,248.0,73.0,126.0
18654,10,CAM001,131,1.9995704318922003,3095,True,58c867fb-332c-46d9-8b45-c0d3caad69df,Eastbound,2026-01-28 10:36:03.842330,172.0,245.0,96.0,88.0
18653,7,CAM002,126,1.4961709852763214,2335,True,8b9846a8-d4ff-4584-8387-7714d0f8f8d8,Westbound,2026-01-28 10:36:02.463953,228.0,361.0,150.0,179.0
18652,5,CAM002,89,1.5251706980377102,2335,True,8b9846a8-d4ff-4584-8387-7714d0f8f8d8,Westbound,2026-01-28 10:36:02.459376,684.0,364.0,158.0,143.0
18651,4,CAM001,151,2.000540728624111,3090,True,58c867fb-332c-46d9-8b45-c0d3caad69df,Eastbound,2026-01-28 10:35:59.471255,389.0,243.0,88.0,100.0
18650,1,CAM001,150,1.9409344164011701,3090,True,58c867fb-332c-46d9-8b45-c0d3caad69df,Eastbound,2026-01-28 10:35:59.469255,259.0,258.0,54.0,65.0
18649,5,CAM001,146,1.5628094320856605,3090,True,58c867fb-332c-46d9-8b45-c0d3caad69df,Eastbound,2026-01-28 10:35:59.468254,688.0,243.0,98.0,149.0
18648,9,CAM001,144,1.8455041114573236,3090,True,58c867fb-332c-46d9-8b45-c0d3caad69df,Eastbound,2026-01-28 10:35:59.466254,359.0,232.0,46.0,94.0
18647,8,CAM001,138,2.018035594182092,3090,True,58c867fb-332c-46d9-8b45-c0d3caad69df,Eastbound,2026-01-28 10:35:59.464254,521.0,248.0,90.0,132.0
18646,7,CAM001,135,1.2808768435336817,3090,True,58c867fb-332c-46d9-8b45-c0d3caad69df,Eastbound,2026-01-28 10:35:59.463255,287.0,250.0,106.0,92.0
18645,3,CAM001,134,2.015016427295765,3090,True,58c867fb-332c-46d9-8b45-c0d3caad69df,Eastbound,2026-01-28 10:35:59.461249,606.0,247.0,69.0,120.0
18644,10,CAM001,131,1.9179579599246364,3090,True,58c867fb-332c-46d9-8b45-c0d3caad69df,Eastbound,2026-01-28 10:35:59.457753,168.0,236.0,102.0,97.0
18643,7,CAM002,126,1.9475862132543778,2330,True,8b9846a8-d4ff-4584-8387-7714d0f8f8d8,Westbound,2026-01-28 10:35:58.199294,245.0,360.0,132.0,179.0
18642,5,CAM002,89,1.5440382437851956,2330,True,8b9846a8-d4ff-4584-8387-7714d0f8f8d8,Westbound,2026-01-28 10:35:58.195292,680.0,363.0,165.0,146.0
18641,4,CAM001,151,2.034321176746962,3085,True,58c867fb-332c-46d9-8b45-c0d3caad69df,Eastbound,2026-01-28 10:35:55.144336,390.0,243.0,87.0,99.0
18640,1,CAM001,150,1.9995273959680886,3085,True,58c867fb-332c-46d9-8b45-c0d3caad69df,Eastbound,2026-01-28 10:35:55.143335,256.0,261.0,55.0,66.0
18639,5,CAM001,146,1.5576016606488774,3085,True,58c867fb-332c-46d9-8b45-c0d3caad69df,Eastbound,2026-01-28 10:35:55.141277,688.0,242.0,98.0,149.0
18638,9,CAM001,144,1.5409139471838218,3085,True,58c867fb-332c-46d9-8b45-c0d3caad69df,Eastbound,2026-01-28 10:35:55.140277,351.0,214.0,63.0,126.0
18637,8,CAM001,138,1.638496591435885,3085,True,58c867fb-332c-46d9-8b45-c0d3caad69df,Eastbound,2026-01-28 10:35:55.139276,522.0,249.0,88.0,131.0
18636,3,CAM001,134,2.0308360927511018,3085,True,58c867fb-332c-46d9-8b45-c0d3caad69df,Eastbound,2026-01-28 10:35:55.137277,607.0,247.0,67.0,121.0
18635,10,CAM001,131,2.022003144331402,3085,True,58c867fb-332c-46d9-8b45-c0d3caad69df,Eastbound,2026-01-28 10:35:55.133785,159.0,223.0,118.0,110.0
18634,9,CAM002,126,1.4257665972659583,2325,True,8b9846a8-d4ff-4584-8387-7714d0f8f8d8,Westbound,2026-01-28 10:35:53.788789,253.0,358.0,143.0,178.0
18633,7,CAM002,120,1.9953957550267958,2325,True,8b9846a8-d4ff-4584-8387-7714d0f8f8d8,Westbound,2026-01-28 10:35:53.786744,266.0,418.0,69.0,111.0
18632,8,CAM002,106,1.6049638103965445,2325,True,8b9846a8-d4ff-4584-8387-7714d0f8f8d8,Westbound,2026-01-28 10:35:53.784744,573.0,360.0,94.0,143.0
18631,5,CAM002,89,1.5712809547623587,2325,True,8b9846a8-d4ff-4584-8387-7714d0f8f8d8,Westbound,2026-01-28 10:35:53.766585,672.0,363.0,167.0,146.0
18630,4,CAM001,151,2.024692449296398,3080,True,58c867fb-332c-46d9-8b45-c0d3caad69df,Eastbound,2026-01-28 10:35:50.478684,389.0,242.0,88.0,100.0
18629,7,CAM001,150,1.4240387975248299,3080,True,58c867fb-332c-46d9-8b45-c0d3caad69df,Eastbound,2026-01-28 10:35:50.476685,256.0,259.0,57.0,66.0
18628,5,CAM001,146,1.606294033048963,3080,True,58c867fb-332c-46d9-8b45-c0d3caad69df,Eastbound,2026-01-28 10:35:50.474686,688.0,241.0,98.0,148.0
18627,9,CAM001,144,1.8691260396821645,3080,True,58c867fb-332c-46d9-8b45-c0d3caad69df,Eastbound,2026-01-28 10:35:50.473686,350.0,224.0,63.0,107.0
18626,8,CAM001,138,1.6589248353969233,3080,True,58c867fb-332c-46d9-8b45-c0d3caad69df,Eastbound,2026-01-28 10:35:50.471672,522.0,249.0,88.0,131.0
18625,1,CAM001,135,2.0304431213923126,3080,True,58c867fb-332c-46d9-8b45-c0d3caad69df,Eastbound,2026-01-28 10:35:50.469166,287.0,249.0,106.0,94.0
18624,3,CAM001,134,2.0175542405758375,3080,True,58c867fb-332c-46d9-8b45-c0d3caad69df,Eastbound,2026-01-28 10:35:50.467167,606.0,247.0,69.0,124.0
18623,10,CAM001,131,1.9487732353135592,3080,True,58c867fb-332c-46d9-8b45-c0d3caad69df,Eastbound,2026-01-28 10:35:50.466166,161.0,231.0,117.0,103.0
18622,7,CAM002,120,1.4199449989681088,2320,True,8b9846a8-d4ff-4584-8387-7714d0f8f8d8,Westbound,2026-01-28 10:35:49.043478,263.0,415.0,80.0,115.0
18621,8,CAM002,106,1.679562940868645,2320,True,8b9846a8-d4ff-4584-8387-7714d0f8f8d8,Westbound,2026-01-28 10:35:49.041535,566.0,360.0,100.0,142.0
18620,5,CAM002,89,1.694472578280524,2320,True,8b9846a8-d4ff-4584-8387-7714d0f8f8d8,Westbound,2026-01-28 10:35:49.037979,678.0,365.0,157.0,137.0
18619,5,CAM001,146,1.3950715595805663,3075,True,58c867fb-332c-46d9-8b45-c0d3caad69df,Eastbound,2026-01-28 10:35:45.371476,689.0,242.0,95.0,148.0
18618,2,CAM001,144,1.2890640853334376,3075,True,58c867fb-332c-46d9-8b45-c0d3caad69df,Eastbound,2026-01-28 10:35:45.368971,361.0,242.0,39.0,75.0
18617,9,CAM001,141,1.9820934369693712,3075,True,58c867fb-332c-46d9-8b45-c0d3caad69df,Eastbound,2026-01-28 10:35:45.365970,277.0,214.0,121.0,127.0
18616,4,CAM001,138,1.5439713478323813,3075,True,58c867fb-332c-46d9-8b45-c0d3caad69df,Eastbound,2026-01-28 10:35:45.363971,522.0,248.0,89.0,132.0
18615,1,CAM001,135,1.610827077723327,3075,True,58c867fb-332c-46d9-8b45-c0d3caad69df,Eastbound,2026-01-28 10:35:45.361964,288.0,248.0,104.0,96.0
18614,3,CAM001,134,2.025143436949984,3075,True,58c867fb-332c-46d9-8b45-c0d3caad69df,Eastbound,2026-01-28 10:35:45.359455,605.0,248.0,71.0,128.0
18613,10,CAM001,131,2.0013420654864746,3075,True,58c867fb-332c-46d9-8b45-c0d3caad69df,Eastbound,2026-01-28 10:35:45.354500,168.0,244.0,104.0,90.0
18612,4,CAM002,127,1.6283829449040395,2315,True,8b9846a8-d4ff-4584-8387-7714d0f8f8d8,Westbound,2026-01-28 10:35:44.053130,506.0,379.0,44.0,68.0
18611,2,CAM002,125,1.821957082909259,2315,True,8b9846a8-d4ff-4584-8387-7714d0f8f8d8,Westbound,2026-01-28 10:35:44.051126,278.0,3.0,284.0,537.0
18610,8,CAM002,106,1.9781632824770043,2315,True,8b9846a8-d4ff-4584-8387-7714d0f8f8d8,Westbound,2026-01-28 10:35:44.049616,555.0,357.0,105.0,144.0
18609,5,CAM002,89,2.006950054774501,2315,True,8b9846a8-d4ff-4584-8387-7714d0f8f8d8,Westbound,2026-01-28 10:35:44.046596,677.0,364.0,157.0,137.0
18608,7,CAM002,78,1.9561771269880677,2315,True,8b9846a8-d4ff-4584-8387-7714d0f8f8d8,Westbound,2026-01-28 10:35:44.042596,407.0,342.0,224.0,198.0
18607,9,CAM001,141,1.9969578360252938,3070,True,58c867fb-332c-46d9-8b45-c0d3caad69df,Eastbound,2026-01-28 10:35:40.432476,278.0,213.0,120.0,128.0
18606,4,CAM001,138,1.616808344221118,3070,True,58c867fb-332c-46d9-8b45-c0d3caad69df,Eastbound,2026-01-28 10:35:40.430413,521.0,247.0,90.0,133.0
18605,3,CAM001,134,2.0187111527033297,3070,True,58c867fb-332c-46d9-8b45-c0d3caad69df,Eastbound,2026-01-28 10:35:40.429414,605.0,249.0,70.0,124.0
18604,10,CAM001,131,2.017996477123705,3070,True,58c867fb-332c-46d9-8b45-c0d3caad69df,Eastbound,2026-01-28 10:35:40.427436,168.0,244.0,103.0,90.0
18603,2,CAM002,125,1.8697282822982726,2310,True,8b9846a8-d4ff-4584-8387-7714d0f8f8d8,Westbound,2026-01-28 10:35:39.137339,206.0,4.0,252.0,533.0
18602,8,CAM002,106,2.0402107466794206,2310,True,8b9846a8-d4ff-4584-8387-7714d0f8f8d8,Westbound,2026-01-28 10:35:39.135321,550.0,353.0,109.0,148.0
18601,5,CAM002,89,2.0000417082904067,2310,True,8b9846a8-d4ff-4584-8387-7714d0f8f8d8,Westbound,2026-01-28 10:35:39.134283,677.0,364.0,158.0,137.0
18600,7,CAM002,78,1.9922702796650522,2310,True,8b9846a8-d4ff-4584-8387-7714d0f8f8d8,Westbound,2026-01-28 10:35:39.131204,400.0,341.0,229.0,198.0
18599,1,CAM001,142,2.014624604273881,3065,True,58c867fb-332c-46d9-8b45-c0d3caad69df,Eastbound,2026-01-28 10:35:35.804814,126.0,243.0,90.0,90.0
18598,9,CAM001,141,1.3760041983713913,3065,True,58c867fb-332c-46d9-8b45-c0d3caad69df,Eastbound,2026-01-28 10:35:35.802814,284.0,212.0,117.0,128.0
18597,4,CAM001,138,1.9996321883137922,3065,True,58c867fb-332c-46d9-8b45-c0d3caad69df,Eastbound,2026-01-28 10:35:35.800303,520.0,248.0,90.0,132.0
18596,3,CAM001,134,2.0000695907300794,3065,True,58c867fb-332c-46d9-8b45-c0d3caad69df,Eastbound,2026-01-28 10:35:35.798303,606.0,248.0,69.0,124.0
18595,10,CAM001,131,1.2860931635095338,3065,True,58c867fb-332c-46d9-8b45-c0d3caad69df,Eastbound,2026-01-28 10:35:35.795302,169.0,244.0,102.0,90.0
18594,2,CAM002,125,1.4791677739131182,2305,True,8b9846a8-d4ff-4584-8387-7714d0f8f8d8,Westbound,2026-01-28 10:35:34.597661,130.0,1.0,218.0,528.0
18593,10,CAM002,120,1.8605202785884276,2305,True,8b9846a8-d4ff-4584-8387-7714d0f8f8d8,Westbound,2026-01-28 10:35:34.595665,272.0,362.0,128.0,175.0
18592,8,CAM002,106,2.0298359678742703,2305,True,8b9846a8-d4ff-4584-8387-7714d0f8f8d8,Westbound,2026-01-28 10:35:34.593670,550.0,353.0,109.0,148.0
18591,5,CAM002,89,2.0330486607650444,2305,True,8b9846a8-d4ff-4584-8387-7714d0f8f8d8,Westbound,2026-01-28 10:35:34.591657,673.0,364.0,161.0,137.0
18590,7,CAM002,78,2.01512249991226,2305,True,8b9846a8-d4ff-4584-8387-7714d0f8f8d8,Westbound,2026-01-28 10:35:34.587057,391.0,340.0,231.0,198.0
18589,9,CAM001,146,2.0341347020430316,3060,True,58c867fb-332c-46d9-8b45-c0d3caad69df,Eastbound,2026-01-28 10:35:32.027002,688.0,241.0,98.0,153.0
18588,1,CAM001,142,1.98296259833011,3060,True,58c867fb-332c-46d9-8b45-c0d3caad69df,Eastbound,2026-01-28 10:35:32.026001,129.0,244.0,87.0,89.0
18587,8,CAM001,138,1.541863596225043,3060,True,58c867fb-332c-46d9-8b45-c0d3caad69df,Eastbound,2026-01-28 10:35:32.024014,519.0,249.0,90.0,131.0
18586,3,CAM001,134,2.027691944455144,3060,True,58c867fb-332c-46d9-8b45-c0d3caad69df,Eastbound,2026-01-28 10:35:32.019507,605.0,247.0,71.0,126.0
18585,4,CAM002,126,2.00390506391893,2300,True,8b9846a8-d4ff-4584-8387-7714d0f8f8d8,Westbound,2026-01-28 10:35:30.738153,365.0,386.0,84.0,97.0
18584,10,CAM002,120,1.9321511675797722,2300,True,8b9846a8-d4ff-4584-8387-7714d0f8f8d8,Westbound,2026-01-28 10:35:30.735155,266.0,360.0,132.0,171.0
18583,8,CAM002,106,1.690943161897453,2300,True,8b9846a8-d4ff-4584-8387-7714d0f8f8d8,Westbound,2026-01-28 10:35:30.731221,550.0,352.0,109.0,149.0
18582,5,CAM002,89,2.0252891838937197,2300,True,8b9846a8-d4ff-4584-8387-7714d0f8f8d8,Westbound,2026-01-28 10:35:30.729633,671.0,365.0,161.0,135.0
18581,7,CAM002,78,1.9789489029916119,2300,True,8b9846a8-d4ff-4584-8387-7714d0f8f8d8,Westbound,2026-01-28 10:35:30.725734,394.0,338.0,231.0,202.0
18580,9,CAM001,146,2.0178885302292398,3055,True,58c867fb-332c-46d9-8b45-c0d3caad69df,Eastbound,2026-01-28 10:35:27.661370,689.0,241.0,97.0,153.0
18579,1,CAM001,142,1.1243815521078164,3055,True,58c867fb-332c-46d9-8b45-c0d3caad69df,Eastbound,2026-01-28 10:35:27.659866,136.0,246.0,78.0,87.0
18578,4,CAM001,141,2.038361378244316,3055,True,58c867fb-332c-46d9-8b45-c0d3caad69df,Eastbound,2026-01-28 10:35:27.656866,385.0,237.0,92.0,103.0
18577,8,CAM001,138,1.6165663284783647,3055,True,58c867fb-332c-46d9-8b45-c0d3caad69df,Eastbound,2026-01-28 10:35:27.654865,520.0,249.0,89.0,131.0
18576,3,CAM001,134,2.031037797477463,3055,True,58c867fb-332c-46d9-8b45-c0d3caad69df,Eastbound,2026-01-28 10:35:27.652867,604.0,247.0,72.0,128.0
18575,2,CAM001,131,2.02878467328211,3055,True,58c867fb-332c-46d9-8b45-c0d3caad69df,Eastbound,2026-01-28 10:35:27.648507,170.0,244.0,102.0,90.0
18574,1,CAM002,126,2.0161861415949205,2295,True,8b9846a8-d4ff-4584-8387-7714d0f8f8d8,Westbound,2026-01-28 10:35:26.406568,365.0,386.0,85.0,98.0
18573,10,CAM002,120,2.0015195990548653,2295,True,8b9846a8-d4ff-4584-8387-7714d0f8f8d8,Westbound,2026-01-28 10:35:26.403836,261.0,359.0,130.0,162.0
18572,8,CAM002,106,1.729028220074519,2295,True,8b9846a8-d4ff-4584-8387-7714d0f8f8d8,Westbound,2026-01-28 10:35:26.401292,551.0,351.0,108.0,150.0
18571,5,CAM002,89,2.0328093437625347,2295,True,8b9846a8-d4ff-4584-8387-7714d0f8f8d8,Westbound,2026-01-28 10:35:26.399186,671.0,366.0,159.0,133.0
18570,7,CAM002,78,2.0245765617594587,2295,True,8b9846a8-d4ff-4584-8387-7714d0f8f8d8,Westbound,2026-01-28 10:35:26.394295,401.0,336.0,233.0,204.0
18569,9,CAM001,146,1.9748859688813987,3050,True,58c867fb-332c-46d9-8b45-c0d3caad69df,Eastbound,2026-01-28 10:35:23.013481,689.0,241.0,97.0,153.0
18568,1,CAM001,144,1.5843262877300894,3050,True,58c867fb-332c-46d9-8b45-c0d3caad69df,Eastbound,2026-01-28 10:35:23.011471,357.0,241.0,40.0,87.0
18567,4,CAM001,141,1.9856098593333704,3050,True,58c867fb-332c-46d9-8b45-c0d3caad69df,Eastbound,2026-01-28 10:35:23.009965,387.0,242.0,90.0,98.0
18566,8,CAM001,138,1.6721626150224282,3050,True,58c867fb-332c-46d9-8b45-c0d3caad69df,Eastbound,2026-01-28 10:35:23.009007,521.0,249.0,90.0,131.0
18565,2,CAM001,135,1.9779722658485765,3050,True,58c867fb-332c-46d9-8b45-c0d3caad69df,Eastbound,2026-01-28 10:35:23.006966,280.0,240.0,119.0,113.0
18564,3,CAM001,134,2.0133638153800324,3050,True,58c867fb-332c-46d9-8b45-c0d3caad69df,Eastbound,2026-01-28 10:35:23.003964,604.0,247.0,73.0,128.0
18563,10,CAM001,131,1.2673499903104897,3050,True,58c867fb-332c-46d9-8b45-c0d3caad69df,Eastbound,2026-01-28 10:35:23.001450,171.0,244.0,100.0,90.0
18562,10,CAM002,120,1.6103045279453694,2290,True,8b9846a8-d4ff-4584-8387-7714d0f8f8d8,Westbound,2026-01-28 10:35:21.613997,258.0,363.0,131.0,162.0
18561,8,CAM002,106,1.7050015862441155,2290,True,8b9846a8-d4ff-4584-8387-7714d0f8f8d8,Westbound,2026-01-28 10:35:21.609472,550.0,350.0,110.0,151.0
18560,5,CAM002,89,2.0322547828298485,2290,True,8b9846a8-d4ff-4584-8387-7714d0f8f8d8,Westbound,2026-01-28 10:35:21.604473,669.0,366.0,160.0,134.0
18559,7,CAM002,78,2.0289534913374645,2290,True,8b9846a8-d4ff-4584-8387-7714d0f8f8d8,Westbound,2026-01-28 10:35:21.599920,400.0,336.0,235.0,204.0
18558,7,CAM001,149,1.2651752855401412,3045,True,58c867fb-332c-46d9-8b45-c0d3caad69df,Eastbound,2026-01-28 10:35:18.189254,279.0,196.0,117.0,149.0
18557,9,CAM001,146,2.0304155858743282,3045,True,58c867fb-332c-46d9-8b45-c0d3caad69df,Eastbound,2026-01-28 10:35:18.187255,689.0,242.0,96.0,152.0
18556,1,CAM001,144,1.9624443706106995,3045,True,58c867fb-332c-46d9-8b45-c0d3caad69df,Eastbound,2026-01-28 10:35:18.184255,357.0,240.0,40.0,87.0
18555,4,CAM001,141,1.9823618943948995,3045,True,58c867fb-332c-46d9-8b45-c0d3caad69df,Eastbound,2026-01-28 10:35:18.181246,392.0,249.0,82.0,90.0
18554,8,CAM001,138,1.7037875914122786,3045,True,58c867fb-332c-46d9-8b45-c0d3caad69df,Eastbound,2026-01-28 10:35:18.178736,521.0,249.0,91.0,131.0
18553,10,CAM001,135,1.553573147531824,3045,True,58c867fb-332c-46d9-8b45-c0d3caad69df,Eastbound,2026-01-28 10:35:18.176736,279.0,241.0,121.0,111.0
18552,3,CAM001,134,1.9838407016214874,3045,True,58c867fb-332c-46d9-8b45-c0d3caad69df,Eastbound,2026-01-28 10:35:18.174739,604.0,246.0,72.0,125.0
18551,2,CAM001,131,1.9838031270813374,3045,True,58c867fb-332c-46d9-8b45-c0d3caad69df,Eastbound,2026-01-28 10:35:18.169242,175.0,245.0,98.0,89.0
18550,10,CAM002,120,1.6558765245563336,2285,True,8b9846a8-d4ff-4584-8387-7714d0f8f8d8,Westbound,2026-01-28 10:35:16.580308,253.0,361.0,139.0,168.0
18549,8,CAM002,106,1.7613314106264344,2285,True,8b9846a8-d4ff-4584-8387-7714d0f8f8d8,Westbound,2026-01-28 10:35:16.577308,550.0,351.0,110.0,151.0
18548,5,CAM002,89,2.0294485840345824,2285,True,8b9846a8-d4ff-4584-8387-7714d0f8f8d8,Westbound,2026-01-28 10:35:16.573308,668.0,365.0,159.0,135.0
18547,7,CAM002,78,2.0277589810071612,2285,True,8b9846a8-d4ff-4584-8387-7714d0f8f8d8,Westbound,2026-01-28 10:35:16.571234,402.0,336.0,235.0,204.0
18546,9,CAM001,146,1.9332680457175393,3040,True,58c867fb-332c-46d9-8b45-c0d3caad69df,Eastbound,2026-01-28 10:35:12.794805,689.0,244.0,93.0,150.0
18545,1,CAM001,144,1.7252577973227596,3040,True,58c867fb-332c-46d9-8b45-c0d3caad69df,Eastbound,2026-01-28 10:35:12.793796,355.0,237.0,45.0,89.0
18544,4,CAM001,141,1.6996133810727203,3040,True,58c867fb-332c-46d9-8b45-c0d3caad69df,Eastbound,2026-01-28 10:35:12.792797,395.0,251.0,77.0,87.0
18543,8,CAM001,138,1.4632561540557427,3040,True,58c867fb-332c-46d9-8b45-c0d3caad69df,Eastbound,2026-01-28 10:35:12.791284,517.0,248.0,97.0,131.0
18542,3,CAM001,134,1.9631515626767897,3040,True,58c867fb-332c-46d9-8b45-c0d3caad69df,Eastbound,2026-01-28 10:35:12.789284,605.0,245.0,71.0,126.0
18541,2,CAM001,131,1.8688120894872822,3040,True,58c867fb-332c-46d9-8b45-c0d3caad69df,Eastbound,2026-01-28 10:35:12.786321,157.0,244.0,95.0,90.0
18540,10,CAM002,120,2.026613445668658,2280,True,8b9846a8-d4ff-4584-8387-7714d0f8f8d8,Westbound,2026-01-28 10:35:11.646229,258.0,360.0,132.0,161.0
18539,8,CAM002,106,2.033581492199437,2280,True,8b9846a8-d4ff-4584-8387-7714d0f8f8d8,Westbound,2026-01-28 10:35:11.645230,551.0,352.0,109.0,150.0
18538,5,CAM002,89,2.027942924279773,2280,True,8b9846a8-d4ff-4584-8387-7714d0f8f8d8,Westbound,2026-01-28 10:35:11.643230,668.0,365.0,156.0,136.0
18537,7,CAM002,78,2.007024261732212,2280,True,8b9846a8-d4ff-4584-8387-7714d0f8f8d8,Westbound,2026-01-28 10:35:11.639140,404.0,336.0,235.0,204.0
18536,9,CAM001,146,1.4222730201248424,3035,True,58c867fb-332c-46d9-8b45-c0d3caad69df,Eastbound,2026-01-28 10:35:08.896490,696.0,245.0,92.0,155.0
18535,3,CAM001,134,1.9423930288996718,3035,True,58c867fb-332c-46d9-8b45-c0d3caad69df,Eastbound,2026-01-28 10:35:08.895490,600.0,241.0,82.0,138.0
18534,2,CAM001,131,2.028107287585741,3035,True,58c867fb-332c-46d9-8b45-c0d3caad69df,Eastbound,2026-01-28 10:35:08.892488,128.0,243.0,94.0,91.0
18533,10,CAM002,120,2.029124557169941,2275,True,8b9846a8-d4ff-4584-8387-7714d0f8f8d8,Westbound,2026-01-28 10:35:08.145605,258.0,361.0,129.0,160.0
18532,8,CAM002,106,2.0262721546491407,2275,True,8b9846a8-d4ff-4584-8387-7714d0f8f8d8,Westbound,2026-01-28 10:35:08.142600,551.0,353.0,108.0,148.0
18531,5,CAM002,89,2.0339083094655055,2275,True,8b9846a8-d4ff-4584-8387-7714d0f8f8d8,Westbound,2026-01-28 10:35:08.140460,670.0,366.0,150.0,136.0
18530,7,CAM002,78,2.039011526322432,2275,True,8b9846a8-d4ff-4584-8387-7714d0f8f8d8,Westbound,2026-01-28 10:35:08.135462,402.0,336.0,236.0,204.0
18529,4,CAM001,142,2.008137854348107,3030,True,58c867fb-332c-46d9-8b45-c0d3caad69df,Eastbound,2026-01-28 10:35:05.547330,258.0,258.0,55.0,66.0
18528,9,CAM001,141,2.0327331434490596,3030,True,58c867fb-332c-46d9-8b45-c0d3caad69df,Eastbound,2026-01-28 10:35:05.546331,396.0,247.0,79.0,91.0
18527,8,CAM001,138,1.7079177201607079,3030,True,58c867fb-332c-46d9-8b45-c0d3caad69df,Eastbound,2026-01-28 10:35:05.544335,504.0,244.0,101.0,134.0
18526,1,CAM001,135,2.0342650993151894,3030,True,58c867fb-332c-46d9-8b45-c0d3caad69df,Eastbound,2026-01-28 10:35:05.541234,284.0,248.0,110.0,100.0
18525,3,CAM001,134,2.0379814987457374,3030,True,58c867fb-332c-46d9-8b45-c0d3caad69df,Eastbound,2026-01-28 10:35:05.540235,606.0,243.0,71.0,116.0
18524,2,CAM001,131,1.8410016279117214,3030,True,58c867fb-332c-46d9-8b45-c0d3caad69df,Eastbound,2026-01-28 10:35:05.536236,141.0,236.0,100.0,98.0
18523,10,CAM002,120,2.0100249911979144,2270,True,8b9846a8-d4ff-4584-8387-7714d0f8f8d8,Westbound,2026-01-28 10:35:04.142752,257.0,360.0,129.0,160.0
18522,8,CAM002,106,1.6823763649459227,2270,True,8b9846a8-d4ff-4584-8387-7714d0f8f8d8,Westbound,2026-01-28 10:35:04.140420,551.0,352.0,108.0,149.0
18521,5,CAM002,89,1.9297644998276788,2270,True,8b9846a8-d4ff-4584-8387-7714d0f8f8d8,Westbound,2026-01-28 10:35:04.137419,675.0,366.0,145.0,137.0
18520,7,CAM002,78,2.034300304853066,2270,True,8b9846a8-d4ff-4584-8387-7714d0f8f8d8,Westbound,2026-01-28 10:35:04.134522,401.0,337.0,237.0,203.0
18519,10,CAM001,144,1.6033585045955374,3025,True,58c867fb-332c-46d9-8b45-c0d3caad69df,Eastbound,2026-01-28 10:35:00.621880,362.0,212.0,65.0,124.0
18518,4,CAM001,142,2.018850651268835,3025,True,58c867fb-332c-46d9-8b45-c0d3caad69df,Eastbound,2026-01-28 10:35:00.620270,258.0,258.0,56.0,65.0
18517,9,CAM001,141,1.9635990766502813,3025,True,58c867fb-332c-46d9-8b45-c0d3caad69df,Eastbound,2026-01-28 10:35:00.619267,395.0,244.0,82.0,95.0
18516,8,CAM001,138,1.635301586021638,3025,True,58c867fb-332c-46d9-8b45-c0d3caad69df,Eastbound,2026-01-28 10:35:00.616261,508.0,245.0,96.0,134.0
18515,1,CAM001,135,2.0329828060658715,3025,True,58c867fb-332c-46d9-8b45-c0d3caad69df,Eastbound,2026-01-28 10:35:00.614271,284.0,247.0,110.0,101.0
18514,3,CAM001,134,2.0099979890145914,3025,True,58c867fb-332c-46d9-8b45-c0d3caad69df,Eastbound,2026-01-28 10:35:00.613276,606.0,245.0,70.0,114.0
18513,2,CAM001,131,2.0324473186105823,3025,True,58c867fb-332c-46d9-8b45-c0d3caad69df,Eastbound,2026-01-28 10:35:00.608132,161.0,223.0,116.0,111.0
18512,10,CAM002,120,1.6064485586156687,2265,True,8b9846a8-d4ff-4584-8387-7714d0f8f8d8,Westbound,2026-01-28 10:34:59.239234,258.0,360.0,128.0,160.0
18511,8,CAM002,106,2.0232392244038566,2265,True,8b9846a8-d4ff-4584-8387-7714d0f8f8d8,Westbound,2026-01-28 10:34:59.238235,550.0,350.0,109.0,151.0
18510,5,CAM002,89,2.033555609880935,2265,True,8b9846a8-d4ff-4584-8387-7714d0f8f8d8,Westbound,2026-01-28 10:34:59.236241,680.0,366.0,143.0,140.0
18509,7,CAM002,78,2.0282999541701945,2265,True,8b9846a8-d4ff-4584-8387-7714d0f8f8d8,Westbound,2026-01-28 10:34:59.231521,401.0,337.0,237.0,203.0
18508,10,CAM001,144,1.424441490325415,3020,True,58c867fb-332c-46d9-8b45-c0d3caad69df,Eastbound,2026-01-28 10:34:55.915555,364.0,217.0,57.0,117.0
18507,4,CAM001,142,1.9907279692058961,3020,True,58c867fb-332c-46d9-8b45-c0d3caad69df,Eastbound,2026-01-28 10:34:55.914536,259.0,257.0,56.0,65.0
18506,9,CAM001,141,2.0011683327547685,3020,True,58c867fb-332c-46d9-8b45-c0d3caad69df,Eastbound,2026-01-28 10:34:55.912578,390.0,238.0,91.0,102.0
18505,8,CAM001,138,1.689057112396242,3020,True,58c867fb-332c-46d9-8b45-c0d3caad69df,Eastbound,2026-01-28 10:34:55.909986,520.0,249.0,92.0,131.0
18504,1,CAM001,135,1.9681503854948401,3020,True,58c867fb-332c-46d9-8b45-c0d3caad69df,Eastbound,2026-01-28 10:34:55.908984,284.0,247.0,110.0,100.0
18503,3,CAM001,134,1.9902766080538834,3020,True,58c867fb-332c-46d9-8b45-c0d3caad69df,Eastbound,2026-01-28 10:34:55.904986,607.0,248.0,67.0,112.0
18502,2,CAM001,131,1.9750823897308298,3020,True,58c867fb-332c-46d9-8b45-c0d3caad69df,Eastbound,2026-01-28 10:34:55.900316,163.0,231.0,112.0,103.0
18501,10,CAM002,120,2.0033471817624826,2260,True,8b9846a8-d4ff-4584-8387-7714d0f8f8d8,Westbound,2026-01-28 10:34:54.415133,258.0,360.0,127.0,159.0
18500,8,CAM002,106,1.7032914357491702,2260,True,8b9846a8-d4ff-4584-8387-7714d0f8f8d8,Westbound,2026-01-28 10:34:54.413141,550.0,352.0,109.0,149.0
18499,5,CAM002,89,2.031211757578731,2260,True,8b9846a8-d4ff-4584-8387-7714d0f8f8d8,Westbound,2026-01-28 10:34:54.411979,681.0,365.0,141.0,141.0
18498,7,CAM002,78,2.00938183751668,2260,True,8b9846a8-d4ff-4584-8387-7714d0f8f8d8,Westbound,2026-01-28 10:34:54.407303,400.0,336.0,237.0,204.0
18497,10,CAM001,144,1.5049117736367172,3015,True,58c867fb-332c-46d9-8b45-c0d3caad69df,Eastbound,2026-01-28 10:34:51.215921,359.0,242.0,39.0,82.0
18496,4,CAM001,142,2.001910682890307,3015,True,58c867fb-332c-46d9-8b45-c0d3caad69df,Eastbound,2026-01-28 10:34:51.213921,259.0,256.0,56.0,66.0
18495,9,CAM001,141,1.965770350700142,3015,True,58c867fb-332c-46d9-8b45-c0d3caad69df,Eastbound,2026-01-28 10:34:51.212921,385.0,241.0,94.0,99.0
18494,8,CAM001,138,1.7004629957797133,3015,True,58c867fb-332c-46d9-8b45-c0d3caad69df,Eastbound,2026-01-28 10:34:51.210479,519.0,249.0,95.0,131.0
18493,1,CAM001,135,2.0236115511637673,3015,True,58c867fb-332c-46d9-8b45-c0d3caad69df,Eastbound,2026-01-28 10:34:51.209478,286.0,249.0,104.0,95.0
18492,3,CAM001,134,2.0394730535642753,3015,True,58c867fb-332c-46d9-8b45-c0d3caad69df,Eastbound,2026-01-28 10:34:51.207479,607.0,247.0,67.0,114.0
18491,2,CAM001,131,2.030444330965546,3015,True,58c867fb-332c-46d9-8b45-c0d3caad69df,Eastbound,2026-01-28 10:34:51.204479,171.0,244.0,97.0,90.0
18490,10,CAM002,120,1.4824086230575484,2255,True,8b9846a8-d4ff-4584-8387-7714d0f8f8d8,Westbound,2026-01-28 10:34:49.372666,257.0,360.0,124.0,158.0
18489,8,CAM002,106,1.6577128650474828,2255,True,8b9846a8-d4ff-4584-8387-7714d0f8f8d8,Westbound,2026-01-28 10:34:49.370551,551.0,353.0,107.0,148.0
18488,5,CAM002,89,1.9864873421762128,2255,True,8b9846a8-d4ff-4584-8387-7714d0f8f8d8,Westbound,2026-01-28 10:34:49.368544,679.0,363.0,143.0,146.0
18487,7,CAM002,78,1.997865383142892,2255,True,8b9846a8-d4ff-4584-8387-7714d0f8f8d8,Westbound,2026-01-28 10:34:49.365738,398.0,336.0,237.0,204.0
18486,10,CAM001,144,1.1942744381905959,3010,True,58c867fb-332c-46d9-8b45-c0d3caad69df,Eastbound,2026-01-28 10:34:46.289725,361.0,240.0,36.0,82.0
18485,4,CAM001,142,1.9904800885849685,3010,True,58c867fb-332c-46d9-8b45-c0d3caad69df,Eastbound,2026-01-28 10:34:46.288724,259.0,257.0,55.0,65.0
18484,9,CAM001,141,2.0282332677258457,3010,True,58c867fb-332c-46d9-8b45-c0d3caad69df,Eastbound,2026-01-28 10:34:46.287793,388.0,248.0,87.0,90.0
18483,8,CAM001,138,1.6357113285839917,3010,True,58c867fb-332c-46d9-8b45-c0d3caad69df,Eastbound,2026-01-28 10:34:46.286725,512.0,247.0,102.0,132.0
18482,1,CAM001,135,1.8594151871449165,3010,True,58c867fb-332c-46d9-8b45-c0d3caad69df,Eastbound,2026-01-28 10:34:46.284728,285.0,234.0,113.0,110.0
18481,3,CAM001,134,2.0065505474109844,3010,True,58c867fb-332c-46d9-8b45-c0d3caad69df,Eastbound,2026-01-28 10:34:46.281717,607.0,246.0,67.0,116.0
18480,2,CAM001,131,1.9301183842860694,3010,True,58c867fb-332c-46d9-8b45-c0d3caad69df,Eastbound,2026-01-28 10:34:46.278305,170.0,237.0,99.0,97.0
18479,10,CAM002,120,1.9798363678694884,2250,True,8b9846a8-d4ff-4584-8387-7714d0f8f8d8,Westbound,2026-01-28 10:34:45.049018,257.0,363.0,122.0,155.0
18478,8,CAM002,106,1.6741916559994428,2250,True,8b9846a8-d4ff-4584-8387-7714d0f8f8d8,Westbound,2026-01-28 10:34:45.048005,551.0,351.0,109.0,150.0
18477,5,CAM002,89,1.9622691490342783,2250,True,8b9846a8-d4ff-4584-8387-7714d0f8f8d8,Westbound,2026-01-28 10:34:45.046004,672.0,362.0,154.0,156.0
18476,7,CAM002,78,2.0306301979728483,2250,True,8b9846a8-d4ff-4584-8387-7714d0f8f8d8,Westbound,2026-01-28 10:34:45.041294,397.0,337.0,235.0,203.0
18475,5,CAM001,145,1.5746139765499407,3005,True,58c867fb-332c-46d9-8b45-c0d3caad69df,Eastbound,2026-01-28 10:34:42.041480,695.0,246.0,85.0,122.0
18474,4,CAM001,142,1.9719256766656454,3005,True,58c867fb-332c-46d9-8b45-c0d3caad69df,Eastbound,2026-01-28 10:34:42.039921,258.0,258.0,55.0,65.0
18473,9,CAM001,141,2.024580548037309,3005,True,58c867fb-332c-46d9-8b45-c0d3caad69df,Eastbound,2026-01-28 10:34:42.037887,388.0,249.0,87.0,89.0
18472,8,CAM001,138,1.7478861478572794,3005,True,58c867fb-332c-46d9-8b45-c0d3caad69df,Eastbound,2026-01-28 10:34:42.036930,504.0,243.0,103.0,135.0
18471,1,CAM001,135,1.9950337379464433,3005,True,58c867fb-332c-46d9-8b45-c0d3caad69df,Eastbound,2026-01-28 10:34:42.034922,276.0,209.0,143.0,137.0
18470,3,CAM001,134,1.9975439220553,3005,True,58c867fb-332c-46d9-8b45-c0d3caad69df,Eastbound,2026-01-28 10:34:42.033889,606.0,246.0,69.0,121.0
18469,2,CAM001,131,2.0063180962685903,3005,True,58c867fb-332c-46d9-8b45-c0d3caad69df,Eastbound,2026-01-28 10:34:42.031259,163.0,225.0,111.0,109.0
18468,10,CAM002,120,1.9945819556013231,2245,True,8b9846a8-d4ff-4584-8387-7714d0f8f8d8,Westbound,2026-01-28 10:34:40.504046,259.0,365.0,119.0,153.0
18467,8,CAM002,106,1.669896194066946,2245,True,8b9846a8-d4ff-4584-8387-7714d0f8f8d8,Westbound,2026-01-28 10:34:40.502035,551.0,353.0,108.0,149.0
18466,5,CAM002,89,1.5705552498988569,2245,True,8b9846a8-d4ff-4584-8387-7714d0f8f8d8,Westbound,2026-01-28 10:34:40.498530,669.0,365.0,157.0,154.0
18465,7,CAM002,78,2.0100194026956144,2245,True,8b9846a8-d4ff-4584-8387-7714d0f8f8d8,Westbound,2026-01-28 10:34:40.495532,399.0,337.0,234.0,203.0
18464,5,CAM001,145,1.5272324740819547,3000,True,58c867fb-332c-46d9-8b45-c0d3caad69df,Eastbound,2026-01-28 10:34:37.492206,694.0,246.0,88.0,132.0
18463,4,CAM001,142,1.996948650059778,3000,True,58c867fb-332c-46d9-8b45-c0d3caad69df,Eastbound,2026-01-28 10:34:37.488694,258.0,257.0,56.0,66.0
18462,9,CAM001,141,1.9668652860113962,3000,True,58c867fb-332c-46d9-8b45-c0d3caad69df,Eastbound,2026-01-28 10:34:37.487694,386.0,248.0,88.0,90.0
18461,8,CAM001,138,1.6625160836554937,3000,True,58c867fb-332c-46d9-8b45-c0d3caad69df,Eastbound,2026-01-28 10:34:37.485696,511.0,244.0,98.0,134.0
18460,1,CAM001,135,1.837362484283352,3000,True,58c867fb-332c-46d9-8b45-c0d3caad69df,Eastbound,2026-01-28 10:34:37.482694,279.0,224.0,132.0,121.0
18459,3,CAM001,134,1.979212596185009,3000,True,58c867fb-332c-46d9-8b45-c0d3caad69df,Eastbound,2026-01-28 10:34:37.480240,605.0,247.0,70.0,123.0
18458,2,CAM001,131,1.9797017037908733,3000,True,58c867fb-332c-46d9-8b45-c0d3caad69df,Eastbound,2026-01-28 10:34:37.476261,166.0,232.0,105.0,102.0
18457,10,CAM002,120,2.0225638155480796,2240,True,8b9846a8-d4ff-4584-8387-7714d0f8f8d8,Westbound,2026-01-28 10:34:36.115778,261.0,363.0,119.0,154.0
18456,8,CAM002,106,1.667853785127611,2240,True,8b9846a8-d4ff-4584-8387-7714d0f8f8d8,Westbound,2026-01-28 10:34:36.112773,551.0,354.0,109.0,148.0
18455,5,CAM002,89,1.6001829705476647,2240,True,8b9846a8-d4ff-4584-8387-7714d0f8f8d8,Westbound,2026-01-28 10:34:36.110259,670.0,365.0,153.0,150.0
18454,7,CAM002,78,2.0401347789193554,2240,True,8b9846a8-d4ff-4584-8387-7714d0f8f8d8,Westbound,2026-01-28 10:34:36.107379,399.0,336.0,234.0,204.0
18453,5,CAM001,145,1.523481978088684,2995,True,58c867fb-332c-46d9-8b45-c0d3caad69df,Eastbound,2026-01-28 10:34:33.265629,690.0,245.0,97.0,150.0
18452,4,CAM001,142,1.9988836725089147,2995,True,58c867fb-332c-46d9-8b45-c0d3caad69df,Eastbound,2026-01-28 10:34:33.263631,259.0,257.0,56.0,66.0
18451,9,CAM001,141,1.9949448917940316,2995,True,58c867fb-332c-46d9-8b45-c0d3caad69df,Eastbound,2026-01-28 10:34:33.261624,381.0,244.0,90.0,95.0
18450,8,CAM001,138,1.5867548020140916,2995,True,58c867fb-332c-46d9-8b45-c0d3caad69df,Eastbound,2026-01-28 10:34:33.259486,516.0,247.0,99.0,131.0
18449,1,CAM001,135,1.8533314451102503,2995,True,58c867fb-332c-46d9-8b45-c0d3caad69df,Eastbound,2026-01-28 10:34:33.257490,288.0,249.0,101.0,96.0
18448,3,CAM001,134,2.0103748882191237,2995,True,58c867fb-332c-46d9-8b45-c0d3caad69df,Eastbound,2026-01-28 10:34:33.253485,607.0,248.0,67.0,120.0
18447,2,CAM001,131,1.909981074616729,2995,True,58c867fb-332c-46d9-8b45-c0d3caad69df,Eastbound,2026-01-28 10:34:33.249976,170.0,236.0,97.0,98.0
18446,10,CAM002,120,1.995484785950197,2235,True,8b9846a8-d4ff-4584-8387-7714d0f8f8d8,Westbound,2026-01-28 10:34:32.064161,264.0,363.0,114.0,153.0
18445,8,CAM002,106,2.0229408026234426,2235,True,8b9846a8-d4ff-4584-8387-7714d0f8f8d8,Westbound,2026-01-28 10:34:32.062157,551.0,354.0,109.0,147.0
18444,5,CAM002,89,1.5986574071667148,2235,True,8b9846a8-d4ff-4584-8387-7714d0f8f8d8,Westbound,2026-01-28 10:34:32.059126,667.0,363.0,161.0,154.0
18443,7,CAM002,78,2.011808333128745,2235,True,8b9846a8-d4ff-4584-8387-7714d0f8f8d8,Westbound,2026-01-28 10:34:32.055126,398.0,336.0,234.0,204.0
18442,5,CAM001,145,1.6112278920749714,2990,True,58c867fb-332c-46d9-8b45-c0d3caad69df,Eastbound,2026-01-28 10:34:29.155992,689.0,244.0,99.0,152.0
18441,10,CAM001,144,1.4414226500850589,2990,True,58c867fb-332c-46d9-8b45-c0d3caad69df,Eastbound,2026-01-28 10:34:29.154993,368.0,215.0,32.0,77.0
18440,4,CAM001,142,1.99131172894873,2990,True,58c867fb-332c-46d9-8b45-c0d3caad69df,Eastbound,2026-01-28 10:34:29.151988,258.0,257.0,57.0,66.0
18439,9,CAM001,141,1.9964911774859007,2990,True,58c867fb-332c-46d9-8b45-c0d3caad69df,Eastbound,2026-01-28 10:34:29.149488,381.0,243.0,95.0,98.0
18438,8,CAM001,138,1.701509554706894,2990,True,58c867fb-332c-46d9-8b45-c0d3caad69df,Eastbound,2026-01-28 10:34:29.148485,504.0,243.0,105.0,135.0
18437,1,CAM001,135,1.9972050278032623,2990,True,58c867fb-332c-46d9-8b45-c0d3caad69df,Eastbound,2026-01-28 10:34:29.146493,289.0,247.0,99.0,98.0
18436,3,CAM001,134,2.0057457040794815,2990,True,58c867fb-332c-46d9-8b45-c0d3caad69df,Eastbound,2026-01-28 10:34:29.144484,605.0,244.0,71.0,130.0
18435,2,CAM001,131,1.9870822537047563,2990,True,58c867fb-332c-46d9-8b45-c0d3caad69df,Eastbound,2026-01-28 10:34:29.139974,164.0,222.0,109.0,112.0
18434,10,CAM002,120,2.002444963265081,2230,True,8b9846a8-d4ff-4584-8387-7714d0f8f8d8,Westbound,2026-01-28 10:34:27.761392,264.0,361.0,113.0,156.0
18433,8,CAM002,106,1.6980439271877246,2230,True,8b9846a8-d4ff-4584-8387-7714d0f8f8d8,Westbound,2026-01-28 10:34:27.759887,550.0,354.0,110.0,147.0
18432,5,CAM002,89,1.6648406332391879,2230,True,8b9846a8-d4ff-4584-8387-7714d0f8f8d8,Westbound,2026-01-28 10:34:27.757791,676.0,365.0,150.0,140.0
18431,7,CAM002,78,1.9793356560292634,2230,True,8b9846a8-d4ff-4584-8387-7714d0f8f8d8,Westbound,2026-01-28 10:34:27.754901,397.0,336.0,235.0,204.0
18430,4,CAM001,142,2.026684422143671,2985,True,58c867fb-332c-46d9-8b45-c0d3caad69df,Eastbound,2026-01-28 10:34:24.550578,259.0,257.0,55.0,65.0
18429,9,CAM001,141,1.9112105924045049,2985,True,58c867fb-332c-46d9-8b45-c0d3caad69df,Eastbound,2026-01-28 10:34:24.548578,383.0,248.0,94.0,94.0
18428,8,CAM001,138,1.6091345948909686,2985,True,58c867fb-332c-46d9-8b45-c0d3caad69df,Eastbound,2026-01-28 10:34:24.547578,511.0,246.0,100.0,132.0
18427,1,CAM001,135,1.8420710698932037,2985,True,58c867fb-332c-46d9-8b45-c0d3caad69df,Eastbound,2026-01-28 10:34:24.545581,284.0,229.0,111.0,117.0
18426,3,CAM001,134,1.985915086265762,2985,True,58c867fb-332c-46d9-8b45-c0d3caad69df,Eastbound,2026-01-28 10:34:24.543579,605.0,242.0,72.0,131.0
18425,2,CAM001,131,2.01346369368848,2985,True,58c867fb-332c-46d9-8b45-c0d3caad69df,Eastbound,2026-01-28 10:34:24.538394,164.0,223.0,109.0,110.0
18424,10,CAM002,120,2.0059374712776945,2225,True,8b9846a8-d4ff-4584-8387-7714d0f8f8d8,Westbound,2026-01-28 10:34:23.379911,266.0,362.0,110.0,156.0
18423,8,CAM002,106,1.6777023631552497,2225,True,8b9846a8-d4ff-4584-8387-7714d0f8f8d8,Westbound,2026-01-28 10:34:23.377916,550.0,356.0,110.0,146.0
18422,5,CAM002,89,1.9995377807263663,2225,True,8b9846a8-d4ff-4584-8387-7714d0f8f8d8,Westbound,2026-01-28 10:34:23.374937,679.0,365.0,149.0,138.0
18421,7,CAM002,78,2.0319409854249857,2225,True,8b9846a8-d4ff-4584-8387-7714d0f8f8d8,Westbound,2026-01-28 10:34:23.371796,395.0,336.0,236.0,204.0
18420,4,CAM001,142,2.035589308182148,2980,True,58c867fb-332c-46d9-8b45-c0d3caad69df,Eastbound,2026-01-28 10:34:20.411432,260.0,257.0,54.0,64.0
18419,9,CAM001,141,1.9726946790900164,2980,True,58c867fb-332c-46d9-8b45-c0d3caad69df,Eastbound,2026-01-28 10:34:20.409879,381.0,247.0,92.0,91.0
18418,8,CAM001,138,1.642583001725126,2980,True,58c867fb-332c-46d9-8b45-c0d3caad69df,Eastbound,2026-01-28 10:34:20.408877,513.0,249.0,102.0,129.0
18417,1,CAM001,135,1.9900045418064025,2980,True,58c867fb-332c-46d9-8b45-c0d3caad69df,Eastbound,2026-01-28 10:34:20.406872,271.0,202.0,141.0,145.0
18416,3,CAM001,134,2.0269692584750016,2980,True,58c867fb-332c-46d9-8b45-c0d3caad69df,Eastbound,2026-01-28 10:34:20.405876,604.0,248.0,72.0,128.0
18415,2,CAM001,131,2.0302056403566797,2980,True,58c867fb-332c-46d9-8b45-c0d3caad69df,Eastbound,2026-01-28 10:34:20.401829,164.0,223.0,109.0,110.0
18414,10,CAM002,120,1.999209120841703,2220,True,8b9846a8-d4ff-4584-8387-7714d0f8f8d8,Westbound,2026-01-28 10:34:19.213964,266.0,363.0,108.0,157.0
18413,8,CAM002,106,1.654380160051932,2220,True,8b9846a8-d4ff-4584-8387-7714d0f8f8d8,Westbound,2026-01-28 10:34:19.211196,551.0,357.0,109.0,145.0
18412,5,CAM002,89,1.9923395462182945,2220,True,8b9846a8-d4ff-4584-8387-7714d0f8f8d8,Westbound,2026-01-28 10:34:19.208188,680.0,365.0,152.0,139.0
18411,7,CAM002,78,2.0221611909255177,2220,True,8b9846a8-d4ff-4584-8387-7714d0f8f8d8,Westbound,2026-01-28 10:34:19.206159,393.0,337.0,234.0,203.0
18410,4,CAM001,142,2.016653382790322,2975,True,58c867fb-332c-46d9-8b45-c0d3caad69df,Eastbound,2026-01-28 10:34:16.403199,259.0,258.0,55.0,65.0
18409,9,CAM001,141,2.0202974553861615,2975,True,58c867fb-332c-46d9-8b45-c0d3caad69df,Eastbound,2026-01-28 10:34:16.400577,380.0,246.0,93.0,93.0
18408,8,CAM001,138,1.6336319420672054,2975,True,58c867fb-332c-46d9-8b45-c0d3caad69df,Eastbound,2026-01-28 10:34:16.398580,505.0,247.0,106.0,131.0
18407,1,CAM001,135,1.8465295823825383,2975,True,58c867fb-332c-46d9-8b45-c0d3caad69df,Eastbound,2026-01-28 10:34:16.397541,274.0,219.0,133.0,127.0
18406,3,CAM001,134,2.0034893496653874,2975,True,58c867fb-332c-46d9-8b45-c0d3caad69df,Eastbound,2026-01-28 10:34:16.395572,605.0,248.0,71.0,126.0
18405,2,CAM001,131,2.004469712668084,2975,True,58c867fb-332c-46d9-8b45-c0d3caad69df,Eastbound,2026-01-28 10:34:16.393633,163.0,224.0,110.0,110.0
18404,10,CAM002,120,1.9953334006601686,2215,True,8b9846a8-d4ff-4584-8387-7714d0f8f8d8,Westbound,2026-01-28 10:34:15.249933,269.0,364.0,104.0,156.0
18403,8,CAM002,106,1.6678557880210145,2215,True,8b9846a8-d4ff-4584-8387-7714d0f8f8d8,Westbound,2026-01-28 10:34:15.246933,551.0,355.0,110.0,147.0
18402,5,CAM002,89,2.001090899864983,2215,True,8b9846a8-d4ff-4584-8387-7714d0f8f8d8,Westbound,2026-01-28 10:34:15.244863,680.0,366.0,155.0,140.0
18401,7,CAM002,78,1.9838273616975008,2215,True,8b9846a8-d4ff-4584-8387-7714d0f8f8d8,Westbound,2026-01-28 10:34:15.241858,394.0,339.0,235.0,201.0
18400,4,CAM001,142,2.023504291853159,2970,True,58c867fb-332c-46d9-8b45-c0d3caad69df,Eastbound,2026-01-28 10:34:12.442740,258.0,258.0,57.0,66.0
18399,9,CAM001,141,2.0348578636236656,2970,True,58c867fb-332c-46d9-8b45-c0d3caad69df,Eastbound,2026-01-28 10:34:12.441735,378.0,245.0,94.0,95.0
18398,8,CAM001,138,1.6276999993500956,2970,True,58c867fb-332c-46d9-8b45-c0d3caad69df,Eastbound,2026-01-28 10:34:12.439715,504.0,247.0,106.0,131.0
18397,1,CAM001,135,1.9858567375066252,2970,True,58c867fb-332c-46d9-8b45-c0d3caad69df,Eastbound,2026-01-28 10:34:12.438714,286.0,246.0,104.0,99.0
18396,3,CAM001,134,2.0271765570155,2970,True,58c867fb-332c-46d9-8b45-c0d3caad69df,Eastbound,2026-01-28 10:34:12.436715,604.0,248.0,73.0,127.0
18395,2,CAM001,131,2.0270804503074906,2970,True,58c867fb-332c-46d9-8b45-c0d3caad69df,Eastbound,2026-01-28 10:34:12.432714,163.0,225.0,110.0,108.0
18394,10,CAM002,120,2.0172315628675244,2210,True,8b9846a8-d4ff-4584-8387-7714d0f8f8d8,Westbound,2026-01-28 10:34:11.257646,274.0,362.0,101.0,156.0
18393,8,CAM002,106,1.6516148547948903,2210,True,8b9846a8-d4ff-4584-8387-7714d0f8f8d8,Westbound,2026-01-28 10:34:11.255645,551.0,355.0,111.0,148.0
18392,5,CAM002,89,2.0301771503203794,2210,True,8b9846a8-d4ff-4584-8387-7714d0f8f8d8,Westbound,2026-01-28 10:34:11.252646,678.0,367.0,162.0,143.0
18391,7,CAM002,78,2.0063684716563164,2210,True,8b9846a8-d4ff-4584-8387-7714d0f8f8d8,Westbound,2026-01-28 10:34:11.249030,400.0,338.0,235.0,202.0
18390,4,CAM001,142,2.020733214306114,2965,True,58c867fb-332c-46d9-8b45-c0d3caad69df,Eastbound,2026-01-28 10:34:08.188153,258.0,258.0,57.0,66.0
18389,9,CAM001,141,1.985447049953575,2965,True,58c867fb-332c-46d9-8b45-c0d3caad69df,Eastbound,2026-01-28 10:34:08.185149,381.0,246.0,91.0,94.0
18388,8,CAM001,138,1.5340371903967542,2965,True,58c867fb-332c-46d9-8b45-c0d3caad69df,Eastbound,2026-01-28 10:34:08.182153,504.0,246.0,104.0,132.0
18387,1,CAM001,135,1.962069179050907,2965,True,58c867fb-332c-46d9-8b45-c0d3caad69df,Eastbound,2026-01-28 10:34:08.177629,286.0,240.0,106.0,105.0
18386,3,CAM001,134,1.9692282383882689,2965,True,58c867fb-332c-46d9-8b45-c0d3caad69df,Eastbound,2026-01-28 10:34:08.174632,604.0,247.0,71.0,124.0
18385,2,CAM001,131,2.0110077996460323,2965,True,58c867fb-332c-46d9-8b45-c0d3caad69df,Eastbound,2026-01-28 10:34:08.169221,163.0,225.0,111.0,107.0
18384,10,CAM002,120,1.9745514482040227,2205,True,8b9846a8-d4ff-4584-8387-7714d0f8f8d8,Westbound,2026-01-28 10:34:06.851476,273.0,358.0,99.0,160.0
18383,8,CAM002,106,2.0211085053931828,2205,True,8b9846a8-d4ff-4584-8387-7714d0f8f8d8,Westbound,2026-01-28 10:34:06.847477,549.0,355.0,112.0,147.0
18382,5,CAM002,89,2.008535458533912,2205,True,8b9846a8-d4ff-4584-8387-7714d0f8f8d8,Westbound,2026-01-28 10:34:06.845476,675.0,368.0,165.0,142.0
18381,7,CAM002,78,1.989528326168638,2205,True,8b9846a8-d4ff-4584-8387-7714d0f8f8d8,Westbound,2026-01-28 10:34:06.839868,400.0,337.0,233.0,203.0
18380,4,CAM001,142,1.9738072454247289,2960,True,58c867fb-332c-46d9-8b45-c0d3caad69df,Eastbound,2026-01-28 10:34:04.094695,258.0,258.0,57.0,67.0
18379,9,CAM001,141,1.9999448992177744,2960,True,58c867fb-332c-46d9-8b45-c0d3caad69df,Eastbound,2026-01-28 10:34:04.091220,383.0,247.0,90.0,93.0
18378,8,CAM001,138,1.6469061550254953,2960,True,58c867fb-332c-46d9-8b45-c0d3caad69df,Eastbound,2026-01-28 10:34:04.090221,503.0,244.0,104.0,134.0
18377,1,CAM001,135,1.9983788988022344,2960,True,58c867fb-332c-46d9-8b45-c0d3caad69df,Eastbound,2026-01-28 10:34:04.088216,286.0,233.0,108.0,113.0
18376,3,CAM001,134,1.9935623257845345,2960,True,58c867fb-332c-46d9-8b45-c0d3caad69df,Eastbound,2026-01-28 10:34:04.086217,606.0,245.0,68.0,121.0
18375,2,CAM001,131,2.0138165620185284,2960,True,58c867fb-332c-46d9-8b45-c0d3caad69df,Eastbound,2026-01-28 10:34:04.083217,162.0,224.0,113.0,108.0
18374,10,CAM002,120,1.978503347929014,2200,True,8b9846a8-d4ff-4584-8387-7714d0f8f8d8,Westbound,2026-01-28 10:34:02.774353,260.0,357.0,108.0,170.0
18373,8,CAM002,106,1.6521343591114654,2200,True,8b9846a8-d4ff-4584-8387-7714d0f8f8d8,Westbound,2026-01-28 10:34:02.772352,549.0,356.0,111.0,145.0
18372,5,CAM002,89,1.9631308405254853,2200,True,8b9846a8-d4ff-4584-8387-7714d0f8f8d8,Westbound,2026-01-28 10:34:02.769841,673.0,367.0,167.0,143.0
18371,7,CAM002,78,1.996039063539671,2200,True,8b9846a8-d4ff-4584-8387-7714d0f8f8d8,Westbound,2026-01-28 10:34:02.765861,394.0,337.0,228.0,203.0
18370,4,CAM001,142,1.9777989254871373,2955,True,58c867fb-332c-46d9-8b45-c0d3caad69df,Eastbound,2026-01-28 10:33:59.812949,258.0,258.0,58.0,67.0
18369,9,CAM001,141,2.000810652508232,2955,True,58c867fb-332c-46d9-8b45-c0d3caad69df,Eastbound,2026-01-28 10:33:59.810441,384.0,247.0,88.0,92.0
18368,8,CAM001,138,1.6596069147721948,2955,True,58c867fb-332c-46d9-8b45-c0d3caad69df,Eastbound,2026-01-28 10:33:59.808440,504.0,245.0,103.0,133.0
18367,5,CAM001,136,1.5860338108216236,2955,True,58c867fb-332c-46d9-8b45-c0d3caad69df,Eastbound,2026-01-28 10:33:59.807439,689.0,245.0,97.0,150.0
18366,1,CAM001,135,1.9968709804805336,2955,True,58c867fb-332c-46d9-8b45-c0d3caad69df,Eastbound,2026-01-28 10:33:59.805439,285.0,232.0,107.0,114.0
18365,3,CAM001,134,2.0231592279846016,2955,True,58c867fb-332c-46d9-8b45-c0d3caad69df,Eastbound,2026-01-28 10:33:59.803435,605.0,245.0,70.0,125.0
18364,2,CAM001,131,1.997325965256523,2955,True,58c867fb-332c-46d9-8b45-c0d3caad69df,Eastbound,2026-01-28 10:33:59.799024,161.0,224.0,116.0,109.0
18363,10,CAM002,120,2.013013968997934,2195,True,8b9846a8-d4ff-4584-8387-7714d0f8f8d8,Westbound,2026-01-28 10:33:58.559126,252.0,364.0,113.0,176.0
18362,8,CAM002,106,1.6595815040042499,2195,True,8b9846a8-d4ff-4584-8387-7714d0f8f8d8,Westbound,2026-01-28 10:33:58.557125,549.0,356.0,110.0,146.0
18361,5,CAM002,89,1.6338352884772671,2195,True,8b9846a8-d4ff-4584-8387-7714d0f8f8d8,Westbound,2026-01-28 10:33:58.556125,672.0,366.0,166.0,141.0
18360,7,CAM002,78,2.030488414026043,2195,True,8b9846a8-d4ff-4584-8387-7714d0f8f8d8,Westbound,2026-01-28 10:33:58.552121,389.0,338.0,221.0,202.0
18359,4,CAM001,142,1.990379290959289,2950,True,58c867fb-332c-46d9-8b45-c0d3caad69df,Eastbound,2026-01-28 10:33:55.668337,259.0,257.0,56.0,66.0
18358,9,CAM001,141,1.9808968835594012,2950,True,58c867fb-332c-46d9-8b45-c0d3caad69df,Eastbound,2026-01-28 10:33:55.666337,382.0,244.0,94.0,96.0
18357,8,CAM001,138,1.6510223992133437,2950,True,58c867fb-332c-46d9-8b45-c0d3caad69df,Eastbound,2026-01-28 10:33:55.665337,511.0,246.0,98.0,133.0
18356,5,CAM001,136,1.5933203344347269,2950,True,58c867fb-332c-46d9-8b45-c0d3caad69df,Eastbound,2026-01-28 10:33:55.663337,689.0,243.0,97.0,152.0
18355,1,CAM001,135,1.9427208677561625,2950,True,58c867fb-332c-46d9-8b45-c0d3caad69df,Eastbound,2026-01-28 10:33:55.661332,287.0,232.0,104.0,117.0
18354,3,CAM001,134,1.9877142544293076,2950,True,58c867fb-332c-46d9-8b45-c0d3caad69df,Eastbound,2026-01-28 10:33:55.659827,605.0,244.0,70.0,126.0
18353,2,CAM001,131,1.968232996939283,2950,True,58c867fb-332c-46d9-8b45-c0d3caad69df,Eastbound,2026-01-28 10:33:55.655825,162.0,231.0,114.0,103.0
18352,10,CAM002,120,1.9712136116630703,2190,True,8b9846a8-d4ff-4584-8387-7714d0f8f8d8,Westbound,2026-01-28 10:33:54.357636,251.0,364.0,113.0,176.0
18351,8,CAM002,106,1.7130909825493397,2190,True,8b9846a8-d4ff-4584-8387-7714d0f8f8d8,Westbound,2026-01-28 10:33:54.355627,550.0,356.0,109.0,146.0
18350,5,CAM002,89,1.668605002547037,2190,True,8b9846a8-d4ff-4584-8387-7714d0f8f8d8,Westbound,2026-01-28 10:33:54.353639,672.0,367.0,166.0,140.0
18349,7,CAM002,78,2.0053919943500937,2190,True,8b9846a8-d4ff-4584-8387-7714d0f8f8d8,Westbound,2026-01-28 10:33:54.347882,391.0,337.0,221.0,203.0
18348,4,CAM001,142,2.024728345710947,2945,True,58c867fb-332c-46d9-8b45-c0d3caad69df,Eastbound,2026-01-28 10:33:51.266176,259.0,257.0,56.0,66.0
18347,9,CAM001,141,2.009859189475952,2945,True,58c867fb-332c-46d9-8b45-c0d3caad69df,Eastbound,2026-01-28 10:33:51.264179,379.0,244.0,93.0,95.0
18346,8,CAM001,138,1.6647284817685126,2945,True,58c867fb-332c-46d9-8b45-c0d3caad69df,Eastbound,2026-01-28 10:33:51.261169,513.0,247.0,100.0,132.0
18345,5,CAM001,136,1.5958972030540555,2945,True,58c867fb-332c-46d9-8b45-c0d3caad69df,Eastbound,2026-01-28 10:33:51.257658,689.0,242.0,97.0,152.0
18344,1,CAM001,135,1.5104129345911799,2945,True,58c867fb-332c-46d9-8b45-c0d3caad69df,Eastbound,2026-01-28 10:33:51.255660,287.0,224.0,107.0,122.0
18343,3,CAM001,134,2.02137363441249,2945,True,58c867fb-332c-46d9-8b45-c0d3caad69df,Eastbound,2026-01-28 10:33:51.252657,606.0,244.0,70.0,127.0
18342,2,CAM001,131,1.9001380728305142,2945,True,58c867fb-332c-46d9-8b45-c0d3caad69df,Eastbound,2026-01-28 10:33:51.249315,166.0,236.0,107.0,97.0
18341,1,CAM002,120,1.5212075558125684,2185,True,8b9846a8-d4ff-4584-8387-7714d0f8f8d8,Westbound,2026-01-28 10:33:49.891180,255.0,364.0,121.0,172.0
18340,8,CAM002,106,1.6409232238920362,2185,True,8b9846a8-d4ff-4584-8387-7714d0f8f8d8,Westbound,2026-01-28 10:33:49.888180,551.0,357.0,107.0,145.0
18339,5,CAM002,89,1.6102397451677068,2185,True,8b9846a8-d4ff-4584-8387-7714d0f8f8d8,Westbound,2026-01-28 10:33:49.886180,673.0,368.0,168.0,141.0
18338,10,CAM002,80,2.0171982650477487,2185,True,8b9846a8-d4ff-4584-8387-7714d0f8f8d8,Westbound,2026-01-28 10:33:49.883180,265.0,360.0,92.0,138.0
18337,7,CAM002,78,1.9695234594230255,2185,True,8b9846a8-d4ff-4584-8387-7714d0f8f8d8,Westbound,2026-01-28 10:33:49.879670,394.0,336.0,222.0,204.0
18336,4,CAM001,142,2.022994036395518,2940,True,58c867fb-332c-46d9-8b45-c0d3caad69df,Eastbound,2026-01-28 10:33:47.033244,259.0,257.0,57.0,67.0
18335,9,CAM001,141,1.9663659717402096,2940,True,58c867fb-332c-46d9-8b45-c0d3caad69df,Eastbound,2026-01-28 10:33:47.030195,379.0,242.0,91.0,97.0
18334,8,CAM001,138,1.6648889044726776,2940,True,58c867fb-332c-46d9-8b45-c0d3caad69df,Eastbound,2026-01-28 10:33:47.028217,507.0,246.0,99.0,133.0
18333,5,CAM001,136,1.5824072795739164,2940,True,58c867fb-332c-46d9-8b45-c0d3caad69df,Eastbound,2026-01-28 10:33:47.026196,689.0,243.0,96.0,151.0
18332,1,CAM001,135,1.9697083593966236,2940,True,58c867fb-332c-46d9-8b45-c0d3caad69df,Eastbound,2026-01-28 10:33:47.024195,290.0,224.0,104.0,119.0
18331,3,CAM001,134,2.0072427383636895,2940,True,58c867fb-332c-46d9-8b45-c0d3caad69df,Eastbound,2026-01-28 10:33:47.022139,606.0,246.0,69.0,125.0
18330,2,CAM001,131,2.025582444491461,2940,True,58c867fb-332c-46d9-8b45-c0d3caad69df,Eastbound,2026-01-28 10:33:47.018645,156.0,222.0,124.0,111.0
18329,8,CAM002,106,1.6390171061093277,2180,True,8b9846a8-d4ff-4584-8387-7714d0f8f8d8,Westbound,2026-01-28 10:33:45.769683,553.0,358.0,105.0,144.0
18328,5,CAM002,89,1.610359936644252,2180,True,8b9846a8-d4ff-4584-8387-7714d0f8f8d8,Westbound,2026-01-28 10:33:45.765677,676.0,369.0,164.0,138.0
18327,10,CAM002,80,1.9057708726053932,2180,True,8b9846a8-d4ff-4584-8387-7714d0f8f8d8,Westbound,2026-01-28 10:33:45.763677,270.0,362.0,99.0,144.0
18326,7,CAM002,78,1.9796599510830812,2180,True,8b9846a8-d4ff-4584-8387-7714d0f8f8d8,Westbound,2026-01-28 10:33:45.760039,388.0,335.0,229.0,205.0
18325,4,CAM001,142,1.9771484386282085,2935,True,58c867fb-332c-46d9-8b45-c0d3caad69df,Eastbound,2026-01-28 10:33:42.945704,259.0,257.0,57.0,66.0
18324,9,CAM001,141,1.9996045152940354,2935,True,58c867fb-332c-46d9-8b45-c0d3caad69df,Eastbound,2026-01-28 10:33:42.943699,383.0,240.0,94.0,99.0
18323,8,CAM001,138,1.6538248348947358,2935,True,58c867fb-332c-46d9-8b45-c0d3caad69df,Eastbound,2026-01-28 10:33:42.941471,515.0,247.0,89.0,132.0
18322,5,CAM001,136,1.5987063268789985,2935,True,58c867fb-332c-46d9-8b45-c0d3caad69df,Eastbound,2026-01-28 10:33:42.939470,689.0,242.0,96.0,152.0
18321,1,CAM001,135,1.9900744794397012,2935,True,58c867fb-332c-46d9-8b45-c0d3caad69df,Eastbound,2026-01-28 10:33:42.937470,294.0,226.0,100.0,116.0
18320,3,CAM001,134,2.0271533544269573,2935,True,58c867fb-332c-46d9-8b45-c0d3caad69df,Eastbound,2026-01-28 10:33:42.934470,608.0,246.0,64.0,118.0
18319,2,CAM001,131,1.9469477458894322,2935,True,58c867fb-332c-46d9-8b45-c0d3caad69df,Eastbound,2026-01-28 10:33:42.932469,158.0,231.0,123.0,102.0
18318,8,CAM002,106,1.6732655135488872,2175,True,8b9846a8-d4ff-4584-8387-7714d0f8f8d8,Westbound,2026-01-28 10:33:41.652543,554.0,357.0,103.0,145.0
18317,5,CAM002,89,1.6243189482747464,2175,True,8b9846a8-d4ff-4584-8387-7714d0f8f8d8,Westbound,2026-01-28 10:33:41.649932,675.0,368.0,161.0,137.0
18316,10,CAM002,80,1.9628928483118813,2175,True,8b9846a8-d4ff-4584-8387-7714d0f8f8d8,Westbound,2026-01-28 10:33:41.646947,274.0,364.0,111.0,154.0
18315,7,CAM002,78,2.0034690955573407,2175,True,8b9846a8-d4ff-4584-8387-7714d0f8f8d8,Westbound,2026-01-28 10:33:41.644925,383.0,335.0,234.0,205.0
18314,4,CAM001,142,1.4071356578696776,2930,True,58c867fb-332c-46d9-8b45-c0d3caad69df,Eastbound,2026-01-28 10:33:38.676052,259.0,257.0,58.0,66.0
18313,9,CAM001,141,2.0225078422163763,2930,True,58c867fb-332c-46d9-8b45-c0d3caad69df,Eastbound,2026-01-28 10:33:38.673059,382.0,242.0,95.0,96.0
18312,8,CAM001,138,1.5621275960459418,2930,True,58c867fb-332c-46d9-8b45-c0d3caad69df,Eastbound,2026-01-28 10:33:38.671263,528.0,249.0,80.0,131.0
18311,5,CAM001,136,1.561571007054838,2930,True,58c867fb-332c-46d9-8b45-c0d3caad69df,Eastbound,2026-01-28 10:33:38.669258,689.0,243.0,96.0,152.0
18310,1,CAM001,135,1.9832968037835863,2930,True,58c867fb-332c-46d9-8b45-c0d3caad69df,Eastbound,2026-01-28 10:33:38.667267,301.0,226.0,94.0,115.0
18309,3,CAM001,134,1.964781492731379,2930,True,58c867fb-332c-46d9-8b45-c0d3caad69df,Eastbound,2026-01-28 10:33:38.665261,614.0,246.0,59.0,116.0
18308,2,CAM001,131,1.8811203512102594,2930,True,58c867fb-332c-46d9-8b45-c0d3caad69df,Eastbound,2026-01-28 10:33:38.660479,156.0,244.0,114.0,90.0
18307,10,CAM002,120,2.0099385938121155,2170,True,8b9846a8-d4ff-4584-8387-7714d0f8f8d8,Westbound,2026-01-28 10:33:37.253928,366.0,386.0,71.0,96.0
18306,8,CAM002,106,2.0324960351874934,2170,True,8b9846a8-d4ff-4584-8387-7714d0f8f8d8,Westbound,2026-01-28 10:33:37.251819,555.0,357.0,101.0,145.0
18305,5,CAM002,89,1.7014195037870377,2170,True,8b9846a8-d4ff-4584-8387-7714d0f8f8d8,Westbound,2026-01-28 10:33:37.248243,675.0,369.0,161.0,136.0
18304,4,CAM002,80,1.5970558213585333,2170,True,8b9846a8-d4ff-4584-8387-7714d0f8f8d8,Westbound,2026-01-28 10:33:37.246224,264.0,366.0,115.0,153.0
18303,7,CAM002,78,1.9850582416895275,2170,True,8b9846a8-d4ff-4584-8387-7714d0f8f8d8,Westbound,2026-01-28 10:33:37.243228,383.0,336.0,241.0,204.0
18302,4,CAM001,142,1.4359956350659222,2925,True,58c867fb-332c-46d9-8b45-c0d3caad69df,Eastbound,2026-01-28 10:33:33.541505,256.0,258.0,60.0,68.0
18301,9,CAM001,141,2.0153261528133855,2925,True,58c867fb-332c-46d9-8b45-c0d3caad69df,Eastbound,2026-01-28 10:33:33.538864,380.0,245.0,97.0,93.0
18300,5,CAM001,136,1.5664576169240376,2925,True,58c867fb-332c-46d9-8b45-c0d3caad69df,Eastbound,2026-01-28 10:33:33.537861,688.0,239.0,99.0,157.0
18299,1,CAM001,135,2.015053737463455,2925,True,58c867fb-332c-46d9-8b45-c0d3caad69df,Eastbound,2026-01-28 10:33:33.535863,298.0,218.0,98.0,123.0
18298,3,CAM001,134,1.9897037390591603,2925,True,58c867fb-332c-46d9-8b45-c0d3caad69df,Eastbound,2026-01-28 10:33:33.534868,619.0,247.0,60.0,117.0
18297,2,CAM001,131,1.9720699233763261,2925,True,58c867fb-332c-46d9-8b45-c0d3caad69df,Eastbound,2026-01-28 10:33:33.531203,151.0,241.0,109.0,95.0
18296,8,CAM002,106,1.9876708367419935,2165,True,8b9846a8-d4ff-4584-8387-7714d0f8f8d8,Westbound,2026-01-28 10:33:32.142304,558.0,356.0,97.0,146.0
18295,5,CAM002,89,1.6900619124140988,2165,True,8b9846a8-d4ff-4584-8387-7714d0f8f8d8,Westbound,2026-01-28 10:33:32.139706,674.0,370.0,159.0,136.0
18294,4,CAM002,80,1.6160163593976464,2165,True,8b9846a8-d4ff-4584-8387-7714d0f8f8d8,Westbound,2026-01-28 10:33:32.137791,260.0,368.0,116.0,150.0
18293,7,CAM002,78,1.9649814653563682,2165,True,8b9846a8-d4ff-4584-8387-7714d0f8f8d8,Westbound,2026-01-28 10:33:32.134786,371.0,337.0,250.0,203.0
18292,9,CAM001,141,2.0024609421147406,2920,True,58c867fb-332c-46d9-8b45-c0d3caad69df,Eastbound,2026-01-28 10:33:28.505496,377.0,246.0,98.0,92.0
18291,10,CAM001,138,1.9549435988924868,2920,True,58c867fb-332c-46d9-8b45-c0d3caad69df,Eastbound,2026-01-28 10:33:28.502935,533.0,248.0,78.0,129.0
18290,5,CAM001,136,1.4714106021287434,2920,True,58c867fb-332c-46d9-8b45-c0d3caad69df,Eastbound,2026-01-28 10:33:28.498285,686.0,233.0,103.0,161.0
18289,1,CAM001,135,1.925869632707172,2920,True,58c867fb-332c-46d9-8b45-c0d3caad69df,Eastbound,2026-01-28 10:33:28.495323,293.0,217.0,104.0,126.0
18288,3,CAM001,134,1.5737139272020477,2920,True,58c867fb-332c-46d9-8b45-c0d3caad69df,Eastbound,2026-01-28 10:33:28.492337,615.0,250.0,67.0,121.0
18287,2,CAM001,131,1.937506834683267,2920,True,58c867fb-332c-46d9-8b45-c0d3caad69df,Eastbound,2026-01-28 10:33:28.487725,164.0,241.0,101.0,93.0
18286,8,CAM002,106,1.9952961833913028,2160,True,8b9846a8-d4ff-4584-8387-7714d0f8f8d8,Westbound,2026-01-28 10:33:27.104754,562.0,352.0,94.0,151.0
18285,5,CAM002,89,1.6908809740548163,2160,True,8b9846a8-d4ff-4584-8387-7714d0f8f8d8,Westbound,2026-01-28 10:33:27.101162,670.0,369.0,155.0,136.0
18284,4,CAM002,80,1.979812123511399,2160,True,8b9846a8-d4ff-4584-8387-7714d0f8f8d8,Westbound,2026-01-28 10:33:27.099631,258.0,366.0,118.0,152.0
18283,7,CAM002,78,1.9898001014447848,2160,True,8b9846a8-d4ff-4584-8387-7714d0f8f8d8,Westbound,2026-01-28 10:33:27.097682,366.0,339.0,262.0,201.0
18282,9,CAM001,141,2.0132842863512885,2915,True,58c867fb-332c-46d9-8b45-c0d3caad69df,Eastbound,2026-01-28 10:33:23.983405,374.0,244.0,102.0,93.0
18281,8,CAM001,138,1.425093317171403,2915,True,58c867fb-332c-46d9-8b45-c0d3caad69df,Eastbound,2026-01-28 10:33:23.981399,527.0,243.0,70.0,130.0
18280,3,CAM001,137,1.9792460573907273,2915,True,58c867fb-332c-46d9-8b45-c0d3caad69df,Eastbound,2026-01-28 10:33:23.979893,467.0,250.0,85.0,134.0
18279,5,CAM001,136,1.3182361266570843,2915,True,58c867fb-332c-46d9-8b45-c0d3caad69df,Eastbound,2026-01-28 10:33:23.977893,686.0,236.0,98.0,154.0
18278,1,CAM001,135,1.9094083550697798,2915,True,58c867fb-332c-46d9-8b45-c0d3caad69df,Eastbound,2026-01-28 10:33:23.975895,283.0,217.0,109.0,128.0
18277,10,CAM001,134,1.9971978460033637,2915,True,58c867fb-332c-46d9-8b45-c0d3caad69df,Eastbound,2026-01-28 10:33:23.973894,602.0,250.0,69.0,122.0
18276,2,CAM001,131,1.7714204421103161,2915,True,58c867fb-332c-46d9-8b45-c0d3caad69df,Eastbound,2026-01-28 10:33:23.971265,169.0,236.0,97.0,90.0
18275,8,CAM002,106,1.9734973224752845,2155,True,8b9846a8-d4ff-4584-8387-7714d0f8f8d8,Westbound,2026-01-28 10:33:22.578676,564.0,350.0,95.0,154.0
18274,5,CAM002,89,2.0116986384323576,2155,True,8b9846a8-d4ff-4584-8387-7714d0f8f8d8,Westbound,2026-01-28 10:33:22.576676,669.0,369.0,153.0,136.0
18273,4,CAM002,80,1.9968964446938706,2155,True,8b9846a8-d4ff-4584-8387-7714d0f8f8d8,Westbound,2026-01-28 10:33:22.574677,255.0,364.0,124.0,157.0
18272,7,CAM002,78,2.019431320101029,2155,True,8b9846a8-d4ff-4584-8387-7714d0f8f8d8,Westbound,2026-01-28 10:33:22.570320,375.0,343.0,264.0,197.0
18271,9,CAM001,141,1.940302768660976,2910,True,58c867fb-332c-46d9-8b45-c0d3caad69df,Eastbound,2026-01-28 10:33:19.364292,379.0,244.0,103.0,91.0
18270,3,CAM001,137,1.649777124991929,2910,True,58c867fb-332c-46d9-8b45-c0d3caad69df,Eastbound,2026-01-28 10:33:19.361275,475.0,243.0,84.0,134.0
18269,1,CAM001,135,1.70744817069802,2910,True,58c867fb-332c-46d9-8b45-c0d3caad69df,Eastbound,2026-01-28 10:33:19.357757,289.0,210.0,106.0,127.0
18268,10,CAM001,134,1.9402322897343656,2910,True,58c867fb-332c-46d9-8b45-c0d3caad69df,Eastbound,2026-01-28 10:33:19.352755,610.0,243.0,69.0,120.0
18267,8,CAM002,106,2.0303817264641446,2150,True,8b9846a8-d4ff-4584-8387-7714d0f8f8d8,Westbound,2026-01-28 10:33:18.217067,563.0,349.0,94.0,155.0
18266,5,CAM002,89,2.0070875557109553,2150,True,8b9846a8-d4ff-4584-8387-7714d0f8f8d8,Westbound,2026-01-28 10:33:18.215068,669.0,368.0,159.0,141.0
18265,4,CAM002,80,2.0348130466270193,2150,True,8b9846a8-d4ff-4584-8387-7714d0f8f8d8,Westbound,2026-01-28 10:33:18.212055,256.0,367.0,120.0,151.0
18264,7,CAM002,78,2.0003590075935826,2150,True,8b9846a8-d4ff-4584-8387-7714d0f8f8d8,Westbound,2026-01-28 10:33:18.208588,378.0,346.0,264.0,194.0
18263,1,CAM001,135,1.9323128342048579,2905,True,58c867fb-332c-46d9-8b45-c0d3caad69df,Eastbound,2026-01-28 10:33:15.403496,319.0,168.0,102.0,125.0
18262,10,CAM001,134,1.8462608476298201,2905,True,58c867fb-332c-46d9-8b45-c0d3caad69df,Eastbound,2026-01-28 10:33:15.401358,626.0,214.0,71.0,123.0
18261,2,CAM001,131,1.9050539552072085,2905,True,58c867fb-332c-46d9-8b45-c0d3caad69df,Eastbound,2026-01-28 10:33:15.399316,202.0,179.0,96.0,89.0
18260,3,CAM001,125,1.8683254795243427,2905,True,58c867fb-332c-46d9-8b45-c0d3caad69df,Eastbound,2026-01-28 10:33:15.392683,418.0,188.0,83.0,87.0
18259,8,CAM002,106,1.9931124990450493,2145,True,8b9846a8-d4ff-4584-8387-7714d0f8f8d8,Westbound,2026-01-28 10:33:14.255834,565.0,350.0,90.0,153.0
18258,5,CAM002,89,2.0218243127137634,2145,True,8b9846a8-d4ff-4584-8387-7714d0f8f8d8,Westbound,2026-01-28 10:33:14.252760,672.0,367.0,162.0,146.0
18257,4,CAM002,80,1.9977786226748062,2145,True,8b9846a8-d4ff-4584-8387-7714d0f8f8d8,Westbound,2026-01-28 10:33:14.250168,254.0,368.0,121.0,151.0
18256,7,CAM002,78,2.030675731991153,2145,True,8b9846a8-d4ff-4584-8387-7714d0f8f8d8,Westbound,2026-01-28 10:33:14.248237,374.0,345.0,269.0,195.0
18255,9,CAM001,137,1.9952331964304144,2900,True,58c867fb-332c-46d9-8b45-c0d3caad69df,Eastbound,2026-01-28 10:33:11.342507,545.0,173.0,85.0,136.0
18254,1,CAM001,135,1.8915722393902794,2900,True,58c867fb-332c-46d9-8b45-c0d3caad69df,Eastbound,2026-01-28 10:33:11.339990,322.0,169.0,98.0,125.0
18253,10,CAM001,134,2.0129036715568556,2900,True,58c867fb-332c-46d9-8b45-c0d3caad69df,Eastbound,2026-01-28 10:33:11.336991,632.0,183.0,76.0,131.0
18252,2,CAM001,131,1.4568003213408125,2900,True,58c867fb-332c-46d9-8b45-c0d3caad69df,Eastbound,2026-01-28 10:33:11.333097,204.0,181.0,94.0,89.0
18251,3,CAM001,125,1.9681555203055425,2900,True,58c867fb-332c-46d9-8b45-c0d3caad69df,Eastbound,2026-01-28 10:33:11.326337,417.0,187.0,85.0,91.0
18250,8,CAM002,106,2.020922504927566,2140,True,8b9846a8-d4ff-4584-8387-7714d0f8f8d8,Westbound,2026-01-28 10:33:10.267402,569.0,352.0,86.0,151.0
18249,5,CAM002,89,2.012997475486381,2140,True,8b9846a8-d4ff-4584-8387-7714d0f8f8d8,Westbound,2026-01-28 10:33:10.263390,675.0,367.0,160.0,146.0
18248,4,CAM002,80,2.0131379626093073,2140,True,8b9846a8-d4ff-4584-8387-7714d0f8f8d8,Westbound,2026-01-28 10:33:10.259861,254.0,369.0,119.0,150.0
18247,7,CAM002,78,2.034700958548336,2140,True,8b9846a8-d4ff-4584-8387-7714d0f8f8d8,Westbound,2026-01-28 10:33:10.255860,370.0,346.0,276.0,194.0
18246,1,CAM001,138,1.9392687200082726,2895,True,58c867fb-332c-46d9-8b45-c0d3caad69df,Eastbound,2026-01-28 10:33:07.355925,375.0,172.0,63.0,126.0
18245,9,CAM001,137,1.5847377655869423,2895,True,58c867fb-332c-46d9-8b45-c0d3caad69df,Eastbound,2026-01-28 10:33:07.353930,552.0,175.0,71.0,136.0
18244,10,CAM001,134,1.8757470544556785,2895,True,58c867fb-332c-46d9-8b45-c0d3caad69df,Eastbound,2026-01-28 10:33:07.350613,631.0,186.0,75.0,129.0
18243,3,CAM001,125,1.970950857107804,2895,True,58c867fb-332c-46d9-8b45-c0d3caad69df,Eastbound,2026-01-28 10:33:07.347678,415.0,193.0,89.0,93.0
18242,2,CAM002,117,2.0136743947368902,2135,True,8b9846a8-d4ff-4584-8387-7714d0f8f8d8,Westbound,2026-01-28 10:33:06.429141,471.0,348.0,164.0,193.0
18241,8,CAM002,106,2.036525828197607,2135,True,8b9846a8-d4ff-4584-8387-7714d0f8f8d8,Westbound,2026-01-28 10:33:06.426169,570.0,355.0,86.0,148.0
18240,5,CAM002,89,2.0043282032426455,2135,True,8b9846a8-d4ff-4584-8387-7714d0f8f8d8,Westbound,2026-01-28 10:33:06.424189,676.0,369.0,156.0,142.0
18239,4,CAM002,80,1.9891908145626191,2135,True,8b9846a8-d4ff-4584-8387-7714d0f8f8d8,Westbound,2026-01-28 10:33:06.421388,255.0,369.0,118.0,148.0
18238,7,CAM002,78,1.9497081945582244,2135,True,8b9846a8-d4ff-4584-8387-7714d0f8f8d8,Westbound,2026-01-28 10:33:06.418306,369.0,352.0,277.0,188.0
18237,1,CAM001,138,1.782484624199538,2890,True,58c867fb-332c-46d9-8b45-c0d3caad69df,Eastbound,2026-01-28 10:33:03.752652,380.0,172.0,54.0,118.0
18236,9,CAM001,135,1.9874201900065473,2890,True,58c867fb-332c-46d9-8b45-c0d3caad69df,Eastbound,2026-01-28 10:33:03.750142,326.0,172.0,99.0,130.0
18235,10,CAM001,134,1.952679583585864,2890,True,58c867fb-332c-46d9-8b45-c0d3caad69df,Eastbound,2026-01-28 10:33:03.749145,638.0,202.0,67.0,116.0
18234,3,CAM001,125,1.9970476853410817,2890,True,58c867fb-332c-46d9-8b45-c0d3caad69df,Eastbound,2026-01-28 10:33:03.747158,414.0,204.0,88.0,91.0
18233,2,CAM002,117,1.9489586316070608,2130,True,8b9846a8-d4ff-4584-8387-7714d0f8f8d8,Westbound,2026-01-28 10:33:02.813461,469.0,349.0,160.0,188.0
18232,8,CAM002,106,2.0340519499262126,2130,True,8b9846a8-d4ff-4584-8387-7714d0f8f8d8,Westbound,2026-01-28 10:33:02.811454,570.0,354.0,87.0,148.0
18231,5,CAM002,89,1.983905942560344,2130,True,8b9846a8-d4ff-4584-8387-7714d0f8f8d8,Westbound,2026-01-28 10:33:02.809949,676.0,369.0,151.0,138.0
18230,4,CAM002,80,2.023885113009313,2130,True,8b9846a8-d4ff-4584-8387-7714d0f8f8d8,Westbound,2026-01-28 10:33:02.807992,255.0,370.0,119.0,149.0
18229,7,CAM002,78,1.9412509917346885,2130,True,8b9846a8-d4ff-4584-8387-7714d0f8f8d8,Westbound,2026-01-28 10:33:02.805076,373.0,371.0,249.0,169.0
18228,1,CAM001,138,1.9789057373173615,2885,True,58c867fb-332c-46d9-8b45-c0d3caad69df,Eastbound,2026-01-28 10:33:00.200043,394.0,172.0,35.0,77.0
18227,9,CAM001,135,1.5449295419146407,2885,True,58c867fb-332c-46d9-8b45-c0d3caad69df,Eastbound,2026-01-28 10:33:00.198046,330.0,172.0,97.0,136.0
18226,10,CAM001,134,1.9616876573328874,2885,True,58c867fb-332c-46d9-8b45-c0d3caad69df,Eastbound,2026-01-28 10:33:00.195044,643.0,200.0,65.0,116.0
18225,3,CAM001,125,1.9677202070956257,2885,True,58c867fb-332c-46d9-8b45-c0d3caad69df,Eastbound,2026-01-28 10:33:00.192038,414.0,203.0,91.0,93.0
18224,2,CAM002,117,1.9811786007107512,2125,True,8b9846a8-d4ff-4584-8387-7714d0f8f8d8,Westbound,2026-01-28 10:32:59.164611,466.0,351.0,156.0,178.0
18223,8,CAM002,106,2.030937895754592,2125,True,8b9846a8-d4ff-4584-8387-7714d0f8f8d8,Westbound,2026-01-28 10:32:59.161475,569.0,353.0,89.0,148.0
18222,5,CAM002,89,2.008115634988751,2125,True,8b9846a8-d4ff-4584-8387-7714d0f8f8d8,Westbound,2026-01-28 10:32:59.160472,674.0,368.0,151.0,138.0
18221,4,CAM002,80,1.974174592719168,2125,True,8b9846a8-d4ff-4584-8387-7714d0f8f8d8,Westbound,2026-01-28 10:32:59.157474,253.0,371.0,121.0,151.0
18220,7,CAM002,78,2.0080524540049116,2125,True,8b9846a8-d4ff-4584-8387-7714d0f8f8d8,Westbound,2026-01-28 10:32:59.154472,377.0,385.0,221.0,155.0
18219,9,CAM001,137,1.9621557556609635,2880,True,58c867fb-332c-46d9-8b45-c0d3caad69df,Eastbound,2026-01-28 10:32:56.184638,551.0,205.0,66.0,136.0
18218,10,CAM001,134,1.9215791708142016,2880,True,58c867fb-332c-46d9-8b45-c0d3caad69df,Eastbound,2026-01-28 10:32:56.182330,655.0,195.0,66.0,125.0
18217,4,CAM001,131,1.975234555578193,2880,True,58c867fb-332c-46d9-8b45-c0d3caad69df,Eastbound,2026-01-28 10:32:56.178822,225.0,207.0,91.0,87.0
18216,3,CAM001,125,1.915922836488551,2880,True,58c867fb-332c-46d9-8b45-c0d3caad69df,Eastbound,2026-01-28 10:32:56.175839,424.0,207.0,90.0,93.0
18215,8,CAM002,106,1.9929032434327312,2120,True,8b9846a8-d4ff-4584-8387-7714d0f8f8d8,Westbound,2026-01-28 10:32:55.117960,567.0,354.0,92.0,147.0
18214,5,CAM002,89,2.0235989004615274,2120,True,8b9846a8-d4ff-4584-8387-7714d0f8f8d8,Westbound,2026-01-28 10:32:55.115960,672.0,368.0,154.0,138.0
18213,1,CAM002,80,1.9915596897542691,2120,True,8b9846a8-d4ff-4584-8387-7714d0f8f8d8,Westbound,2026-01-28 10:32:55.113958,254.0,371.0,119.0,150.0
18212,7,CAM002,78,1.9398952449765543,2120,True,8b9846a8-d4ff-4584-8387-7714d0f8f8d8,Westbound,2026-01-28 10:32:55.109351,388.0,379.0,216.0,161.0
18211,1,CAM001,135,1.8866440245504712,2875,True,58c867fb-332c-46d9-8b45-c0d3caad69df,Eastbound,2026-01-28 10:32:52.465056,346.0,172.0,111.0,155.0
18210,10,CAM001,134,1.1385961785168806,2875,True,58c867fb-332c-46d9-8b45-c0d3caad69df,Eastbound,2026-01-28 10:32:52.463067,653.0,185.0,80.0,146.0
18209,4,CAM001,131,1.2650699916285792,2875,True,58c867fb-332c-46d9-8b45-c0d3caad69df,Eastbound,2026-01-28 10:32:52.461952,229.0,204.0,90.0,87.0
18208,2,CAM001,126,1.9132536715362647,2875,True,58c867fb-332c-46d9-8b45-c0d3caad69df,Eastbound,2026-01-28 10:32:52.460333,688.0,236.0,59.0,94.0
18207,3,CAM001,125,1.9360338770747956,2875,True,58c867fb-332c-46d9-8b45-c0d3caad69df,Eastbound,2026-01-28 10:32:52.457342,436.0,213.0,95.0,94.0
18206,9,CAM002,106,1.9594747713796814,2115,True,8b9846a8-d4ff-4584-8387-7714d0f8f8d8,Westbound,2026-01-28 10:32:51.517020,562.0,355.0,97.0,147.0
18205,8,CAM002,104,2.0418203301930298,2115,True,8b9846a8-d4ff-4584-8387-7714d0f8f8d8,Westbound,2026-01-28 10:32:51.515012,776.0,353.0,69.0,140.0
18204,5,CAM002,89,2.026823183215879,2115,True,8b9846a8-d4ff-4584-8387-7714d0f8f8d8,Westbound,2026-01-28 10:32:51.511903,673.0,370.0,152.0,135.0
18203,4,CAM002,80,1.9827778605222999,2115,True,8b9846a8-d4ff-4584-8387-7714d0f8f8d8,Westbound,2026-01-28 10:32:51.510398,254.0,370.0,120.0,152.0
18202,7,CAM002,78,1.9443049100526288,2115,True,8b9846a8-d4ff-4584-8387-7714d0f8f8d8,Westbound,2026-01-28 10:32:51.508500,383.0,358.0,240.0,182.0
18201,4,CAM001,135,1.2902396643055238,2870,True,58c867fb-332c-46d9-8b45-c0d3caad69df,Eastbound,2026-01-28 10:32:48.711659,367.0,165.0,93.0,137.0
18200,9,CAM001,134,1.4023277675905397,2870,True,58c867fb-332c-46d9-8b45-c0d3caad69df,Eastbound,2026-01-28 10:32:48.710153,603.0,175.0,79.0,141.0
18199,1,CAM001,131,1.969837794964134,2870,True,58c867fb-332c-46d9-8b45-c0d3caad69df,Eastbound,2026-01-28 10:32:48.709153,249.0,186.0,89.0,87.0
18198,3,CAM001,127,1.9774309636948908,2870,True,58c867fb-332c-46d9-8b45-c0d3caad69df,Eastbound,2026-01-28 10:32:48.707197,460.0,184.0,87.0,101.0
18197,2,CAM001,126,1.8888729783829692,2870,True,58c867fb-332c-46d9-8b45-c0d3caad69df,Eastbound,2026-01-28 10:32:48.705262,692.0,215.0,60.0,102.0
18196,7,CAM001,125,1.2032162572836627,2870,True,58c867fb-332c-46d9-8b45-c0d3caad69df,Eastbound,2026-01-28 10:32:48.702146,446.0,214.0,97.0,93.0
18195,9,CAM002,106,1.5437844321466885,2110,True,8b9846a8-d4ff-4584-8387-7714d0f8f8d8,Westbound,2026-01-28 10:32:47.401304,556.0,356.0,99.0,147.0
18194,8,CAM002,104,2.034904570498505,2110,True,8b9846a8-d4ff-4584-8387-7714d0f8f8d8,Westbound,2026-01-28 10:32:47.400302,776.0,353.0,69.0,139.0
18193,5,CAM002,89,2.0185176807811276,2110,True,8b9846a8-d4ff-4584-8387-7714d0f8f8d8,Westbound,2026-01-28 10:32:47.398303,671.0,370.0,153.0,135.0
18192,4,CAM002,80,1.9568313378839908,2110,True,8b9846a8-d4ff-4584-8387-7714d0f8f8d8,Westbound,2026-01-28 10:32:47.395303,255.0,369.0,121.0,153.0
18191,7,CAM002,78,1.962085793417422,2110,True,8b9846a8-d4ff-4584-8387-7714d0f8f8d8,Westbound,2026-01-28 10:32:47.393416,380.0,345.0,259.0,195.0
18190,4,CAM001,135,1.955324272780389,2865,True,58c867fb-332c-46d9-8b45-c0d3caad69df,Eastbound,2026-01-28 10:32:44.477740,380.0,151.0,89.0,135.0
18189,9,CAM001,134,1.2998711155843072,2865,True,58c867fb-332c-46d9-8b45-c0d3caad69df,Eastbound,2026-01-28 10:32:44.475740,612.0,177.0,74.0,139.0
18188,1,CAM001,131,1.3258616937252266,2865,True,58c867fb-332c-46d9-8b45-c0d3caad69df,Eastbound,2026-01-28 10:32:44.472734,254.0,186.0,89.0,87.0
18187,3,CAM001,127,1.9603785191064782,2865,True,58c867fb-332c-46d9-8b45-c0d3caad69df,Eastbound,2026-01-28 10:32:44.469148,466.0,187.0,82.0,96.0
18186,2,CAM001,126,1.9188586587206702,2865,True,58c867fb-332c-46d9-8b45-c0d3caad69df,Eastbound,2026-01-28 10:32:44.467148,695.0,180.0,63.0,123.0
18185,9,CAM002,106,1.9652259590173762,2105,True,8b9846a8-d4ff-4584-8387-7714d0f8f8d8,Westbound,2026-01-28 10:32:43.075624,554.0,355.0,100.0,148.0
18184,8,CAM002,104,1.502695519209304,2105,True,8b9846a8-d4ff-4584-8387-7714d0f8f8d8,Westbound,2026-01-28 10:32:43.071572,776.0,352.0,69.0,139.0
18183,5,CAM002,89,2.0207578119834877,2105,True,8b9846a8-d4ff-4584-8387-7714d0f8f8d8,Westbound,2026-01-28 10:32:43.070113,668.0,369.0,155.0,136.0
18182,1,CAM002,80,1.9821750750088762,2105,True,8b9846a8-d4ff-4584-8387-7714d0f8f8d8,Westbound,2026-01-28 10:32:43.068030,257.0,367.0,118.0,152.0
18181,7,CAM002,78,2.002091758222991,2105,True,8b9846a8-d4ff-4584-8387-7714d0f8f8d8,Westbound,2026-01-28 10:32:43.066112,375.0,339.0,272.0,201.0
18180,7,CAM001,135,1.2444940225281218,2860,True,58c867fb-332c-46d9-8b45-c0d3caad69df,Eastbound,2026-01-28 10:32:39.773445,393.0,155.0,84.0,133.0
18179,8,CAM001,134,1.9012296795182577,2860,True,58c867fb-332c-46d9-8b45-c0d3caad69df,Eastbound,2026-01-28 10:32:39.771449,654.0,189.0,66.0,127.0
18178,4,CAM001,131,1.8855227815786577,2860,True,58c867fb-332c-46d9-8b45-c0d3caad69df,Eastbound,2026-01-28 10:32:39.768807,281.0,189.0,85.0,84.0
18177,3,CAM001,127,1.8574205685901424,2860,True,58c867fb-332c-46d9-8b45-c0d3caad69df,Eastbound,2026-01-28 10:32:39.766813,479.0,188.0,78.0,95.0
18176,2,CAM001,126,1.1146173495159148,2860,True,58c867fb-332c-46d9-8b45-c0d3caad69df,Eastbound,2026-01-28 10:32:39.762804,702.0,169.0,59.0,143.0
18175,2,CAM002,106,2.013209502025622,2100,True,8b9846a8-d4ff-4584-8387-7714d0f8f8d8,Westbound,2026-01-28 10:32:38.399420,554.0,352.0,101.0,150.0
18174,9,CAM002,104,2.0398144383122125,2100,True,8b9846a8-d4ff-4584-8387-7714d0f8f8d8,Westbound,2026-01-28 10:32:38.396419,775.0,351.0,70.0,142.0
18173,5,CAM002,89,2.0257723716337024,2100,True,8b9846a8-d4ff-4584-8387-7714d0f8f8d8,Westbound,2026-01-28 10:32:38.394420,666.0,370.0,157.0,136.0
18172,1,CAM002,80,2.018838785729434,2100,True,8b9846a8-d4ff-4584-8387-7714d0f8f8d8,Westbound,2026-01-28 10:32:38.389900,257.0,366.0,120.0,154.0
18171,7,CAM002,78,1.9863118760544622,2100,True,8b9846a8-d4ff-4584-8387-7714d0f8f8d8,Westbound,2026-01-28 10:32:38.386901,371.0,339.0,274.0,201.0
18170,4,CAM001,131,1.899893461253622,2855,True,58c867fb-332c-46d9-8b45-c0d3caad69df,Eastbound,2026-01-28 10:32:35.181893,285.0,186.0,88.0,84.0
18169,8,CAM001,130,1.9323834836707132,2855,True,58c867fb-332c-46d9-8b45-c0d3caad69df,Eastbound,2026-01-28 10:32:35.179233,508.0,188.0,92.0,92.0
18168,3,CAM001,127,1.5965255764611832,2855,True,58c867fb-332c-46d9-8b45-c0d3caad69df,Eastbound,2026-01-28 10:32:35.175639,484.0,173.0,86.0,107.0
18167,2,CAM002,106,1.9653105920236826,2095,True,8b9846a8-d4ff-4584-8387-7714d0f8f8d8,Westbound,2026-01-28 10:32:34.157882,554.0,353.0,101.0,149.0
18166,9,CAM002,104,2.017608896438451,2095,True,8b9846a8-d4ff-4584-8387-7714d0f8f8d8,Westbound,2026-01-28 10:32:34.154872,775.0,351.0,70.0,140.0
18165,5,CAM002,89,2.0259977204319837,2095,True,8b9846a8-d4ff-4584-8387-7714d0f8f8d8,Westbound,2026-01-28 10:32:34.151823,664.0,372.0,157.0,134.0
18164,1,CAM002,80,1.9879703365378327,2095,True,8b9846a8-d4ff-4584-8387-7714d0f8f8d8,Westbound,2026-01-28 10:32:34.149283,258.0,366.0,120.0,155.0
18163,7,CAM002,78,2.011753549010976,2095,True,8b9846a8-d4ff-4584-8387-7714d0f8f8d8,Westbound,2026-01-28 10:32:34.147275,369.0,342.0,274.0,198.0
18162,3,CAM001,132,1.8801807503289136,2850,True,58c867fb-332c-46d9-8b45-c0d3caad69df,Eastbound,2026-01-28 10:32:31.329555,420.0,162.0,54.0,75.0
18161,4,CAM001,131,1.153229020999932,2850,True,58c867fb-332c-46d9-8b45-c0d3caad69df,Eastbound,2026-01-28 10:32:31.327620,295.0,180.0,89.0,85.0
18160,9,CAM001,130,1.1570124673620874,2850,True,58c867fb-332c-46d9-8b45-c0d3caad69df,Eastbound,2026-01-28 10:32:31.326552,503.0,184.0,87.0,90.0
18159,8,CAM001,125,1.8892618592765733,2850,True,58c867fb-332c-46d9-8b45-c0d3caad69df,Eastbound,2026-01-28 10:32:31.322611,540.0,151.0,99.0,93.0
18158,1,CAM002,116,1.955081359159551,2090,True,8b9846a8-d4ff-4584-8387-7714d0f8f8d8,Westbound,2026-01-28 10:32:30.252379,353.0,387.0,75.0,91.0
18157,2,CAM002,106,2.013520615400526,2090,True,8b9846a8-d4ff-4584-8387-7714d0f8f8d8,Westbound,2026-01-28 10:32:30.249780,554.0,352.0,101.0,148.0
18156,4,CAM002,104,1.4271558017999462,2090,True,8b9846a8-d4ff-4584-8387-7714d0f8f8d8,Westbound,2026-01-28 10:32:30.247716,776.0,352.0,69.0,138.0
18155,5,CAM002,89,2.026422122914722,2090,True,8b9846a8-d4ff-4584-8387-7714d0f8f8d8,Westbound,2026-01-28 10:32:30.245750,661.0,371.0,159.0,136.0
18154,9,CAM002,80,2.025293671452572,2090,True,8b9846a8-d4ff-4584-8387-7714d0f8f8d8,Westbound,2026-01-28 10:32:30.242750,259.0,367.0,120.0,155.0
18153,7,CAM002,78,1.9764162049572431,2090,True,8b9846a8-d4ff-4584-8387-7714d0f8f8d8,Westbound,2026-01-28 10:32:30.240573,372.0,343.0,279.0,197.0
18152,4,CAM001,133,1.925941157988613,2845,True,58c867fb-332c-46d9-8b45-c0d3caad69df,Eastbound,2026-01-28 10:32:27.151364,354.0,143.0,83.0,86.0
18151,3,CAM001,132,1.9332997596592174,2845,True,58c867fb-332c-46d9-8b45-c0d3caad69df,Eastbound,2026-01-28 10:32:27.149731,425.0,159.0,52.0,71.0
18150,8,CAM001,125,1.9158976126336036,2845,True,58c867fb-332c-46d9-8b45-c0d3caad69df,Eastbound,2026-01-28 10:32:27.146732,547.0,145.0,100.0,95.0
18149,1,CAM002,116,1.3498678445760672,2085,True,8b9846a8-d4ff-4584-8387-7714d0f8f8d8,Westbound,2026-01-28 10:32:26.074269,354.0,386.0,79.0,96.0
18148,2,CAM002,106,2.0137407849884585,2085,True,8b9846a8-d4ff-4584-8387-7714d0f8f8d8,Westbound,2026-01-28 10:32:26.072227,557.0,353.0,97.0,143.0
18147,5,CAM002,89,2.0307445883943935,2085,True,8b9846a8-d4ff-4584-8387-7714d0f8f8d8,Westbound,2026-01-28 10:32:26.069703,660.0,370.0,160.0,138.0
18146,9,CAM002,80,2.0104191834670306,2085,True,8b9846a8-d4ff-4584-8387-7714d0f8f8d8,Westbound,2026-01-28 10:32:26.067196,258.0,368.0,120.0,154.0
18145,7,CAM002,78,1.981017452681608,2085,True,8b9846a8-d4ff-4584-8387-7714d0f8f8d8,Westbound,2026-01-28 10:32:26.064261,379.0,340.0,276.0,200.0
18144,4,CAM001,133,1.9183057969811739,2840,True,58c867fb-332c-46d9-8b45-c0d3caad69df,Eastbound,2026-01-28 10:32:23.504678,354.0,135.0,85.0,87.0
18143,3,CAM001,132,1.9278288863660122,2840,True,58c867fb-332c-46d9-8b45-c0d3caad69df,Eastbound,2026-01-28 10:32:23.502665,432.0,149.0,51.0,69.0
18142,8,CAM001,125,1.9207738306074922,2840,True,58c867fb-332c-46d9-8b45-c0d3caad69df,Eastbound,2026-01-28 10:32:23.498952,559.0,135.0,100.0,96.0
18141,2,CAM002,106,2.020688479372473,2080,True,8b9846a8-d4ff-4584-8387-7714d0f8f8d8,Westbound,2026-01-28 10:32:22.424997,559.0,357.0,94.0,142.0
18140,1,CAM002,104,2.015451388091228,2080,True,8b9846a8-d4ff-4584-8387-7714d0f8f8d8,Westbound,2026-01-28 10:32:22.422985,774.0,352.0,72.0,145.0
18139,5,CAM002,89,1.997234450375824,2080,True,8b9846a8-d4ff-4584-8387-7714d0f8f8d8,Westbound,2026-01-28 10:32:22.420398,661.0,371.0,159.0,137.0
18138,9,CAM002,80,2.0071065367394336,2080,True,8b9846a8-d4ff-4584-8387-7714d0f8f8d8,Westbound,2026-01-28 10:32:22.415420,258.0,368.0,117.0,154.0
18137,7,CAM002,78,1.9428648491440206,2080,True,8b9846a8-d4ff-4584-8387-7714d0f8f8d8,Westbound,2026-01-28 10:32:22.409709,398.0,338.0,256.0,202.0
18136,3,CAM001,132,1.8461224754523085,2835,True,58c867fb-332c-46d9-8b45-c0d3caad69df,Eastbound,2026-01-28 10:32:19.667746,437.0,135.0,52.0,72.0
18135,8,CAM001,125,1.8592038232354355,2835,True,58c867fb-332c-46d9-8b45-c0d3caad69df,Eastbound,2026-01-28 10:32:19.662736,567.0,118.0,100.0,96.0
18134,9,CAM002,116,2.0337227044213497,2075,True,8b9846a8-d4ff-4584-8387-7714d0f8f8d8,Westbound,2026-01-28 10:32:18.667882,364.0,381.0,119.0,144.0
18133,2,CAM002,106,1.9934598710831994,2075,True,8b9846a8-d4ff-4584-8387-7714d0f8f8d8,Westbound,2026-01-28 10:32:18.664825,559.0,356.0,95.0,147.0
18132,1,CAM002,104,1.4831774049472561,2075,True,8b9846a8-d4ff-4584-8387-7714d0f8f8d8,Westbound,2026-01-28 10:32:18.662875,773.0,353.0,74.0,144.0
18131,5,CAM002,89,2.011143715001111,2075,True,8b9846a8-d4ff-4584-8387-7714d0f8f8d8,Westbound,2026-01-28 10:32:18.659186,663.0,372.0,156.0,135.0
18130,4,CAM002,80,1.9670034851724494,2075,True,8b9846a8-d4ff-4584-8387-7714d0f8f8d8,Westbound,2026-01-28 10:32:18.657174,256.0,366.0,121.0,158.0
18129,7,CAM002,78,1.9561588779484702,2075,True,8b9846a8-d4ff-4584-8387-7714d0f8f8d8,Westbound,2026-01-28 10:32:18.654066,413.0,340.0,233.0,200.0
18128,3,CAM001,132,1.9447701690476775,2830,True,58c867fb-332c-46d9-8b45-c0d3caad69df,Eastbound,2026-01-28 10:32:16.128150,457.0,112.0,53.0,74.0
18127,1,CAM001,130,1.939187382318267,2830,True,58c867fb-332c-46d9-8b45-c0d3caad69df,Eastbound,2026-01-28 10:32:16.125157,406.0,125.0,62.0,65.0
18126,8,CAM001,125,1.9432831253175253,2830,True,58c867fb-332c-46d9-8b45-c0d3caad69df,Eastbound,2026-01-28 10:32:16.122109,578.0,103.0,102.0,97.0
18125,9,CAM002,116,1.9844441386315763,2070,True,8b9846a8-d4ff-4584-8387-7714d0f8f8d8,Westbound,2026-01-28 10:32:15.182830,363.0,382.0,121.0,142.0
18124,2,CAM002,106,2.029050889024168,2070,True,8b9846a8-d4ff-4584-8387-7714d0f8f8d8,Westbound,2026-01-28 10:32:15.180215,558.0,353.0,98.0,150.0
18123,5,CAM002,89,1.9999457714797526,2070,True,8b9846a8-d4ff-4584-8387-7714d0f8f8d8,Westbound,2026-01-28 10:32:15.177227,664.0,371.0,157.0,136.0
18122,4,CAM002,80,2.0111485679873446,2070,True,8b9846a8-d4ff-4584-8387-7714d0f8f8d8,Westbound,2026-01-28 10:32:15.175220,254.0,363.0,128.0,166.0
18121,7,CAM002,78,2.009689157760307,2070,True,8b9846a8-d4ff-4584-8387-7714d0f8f8d8,Westbound,2026-01-28 10:32:15.172172,406.0,342.0,230.0,198.0
18120,1,CAM001,130,1.2259703420912347,2825,True,58c867fb-332c-46d9-8b45-c0d3caad69df,Eastbound,2026-01-28 10:32:12.582077,393.0,107.0,77.0,76.0
18119,9,CAM002,116,2.022817767476185,2065,True,8b9846a8-d4ff-4584-8387-7714d0f8f8d8,Westbound,2026-01-28 10:32:11.734953,365.0,385.0,115.0,134.0
18118,2,CAM002,106,2.041250818470107,2065,True,8b9846a8-d4ff-4584-8387-7714d0f8f8d8,Westbound,2026-01-28 10:32:11.731339,558.0,352.0,99.0,151.0
18117,5,CAM002,89,2.0253394372035594,2065,True,8b9846a8-d4ff-4584-8387-7714d0f8f8d8,Westbound,2026-01-28 10:32:11.728413,665.0,370.0,156.0,135.0
18116,4,CAM002,80,1.996389424913733,2065,True,8b9846a8-d4ff-4584-8387-7714d0f8f8d8,Westbound,2026-01-28 10:32:11.725346,254.0,366.0,128.0,161.0
18115,7,CAM002,78,2.0103095040624965,2065,True,8b9846a8-d4ff-4584-8387-7714d0f8f8d8,Westbound,2026-01-28 10:32:11.723406,412.0,344.0,231.0,196.0
18114,2,CAM002,106,2.030890542148134,2060,True,8b9846a8-d4ff-4584-8387-7714d0f8f8d8,Westbound,2026-01-28 10:32:08.420183,557.0,354.0,100.0,149.0
18113,5,CAM002,89,2.028328988112684,2060,True,8b9846a8-d4ff-4584-8387-7714d0f8f8d8,Westbound,2026-01-28 10:32:08.417202,665.0,371.0,156.0,134.0
18112,4,CAM002,80,1.9835845120591646,2060,True,8b9846a8-d4ff-4584-8387-7714d0f8f8d8,Westbound,2026-01-28 10:32:08.413176,256.0,368.0,122.0,155.0
18111,7,CAM002,78,2.014638943969433,2060,True,8b9846a8-d4ff-4584-8387-7714d0f8f8d8,Westbound,2026-01-28 10:32:08.409508,404.0,340.0,251.0,200.0
18110,2,CAM002,106,2.0307281729788533,2055,True,8b9846a8-d4ff-4584-8387-7714d0f8f8d8,Westbound,2026-01-28 10:32:05.459135,556.0,356.0,99.0,147.0
18109,9,CAM002,104,2.033793441934169,2055,True,8b9846a8-d4ff-4584-8387-7714d0f8f8d8,Westbound,2026-01-28 10:32:05.457162,772.0,353.0,76.0,144.0
18108,5,CAM002,89,2.0310137040914436,2055,True,8b9846a8-d4ff-4584-8387-7714d0f8f8d8,Westbound,2026-01-28 10:32:05.454155,666.0,371.0,157.0,134.0
18107,4,CAM002,80,2.0365748872129896,2055,True,8b9846a8-d4ff-4584-8387-7714d0f8f8d8,Westbound,2026-01-28 10:32:05.452021,254.0,366.0,127.0,160.0
18106,7,CAM002,78,2.0013663594258757,2055,True,8b9846a8-d4ff-4584-8387-7714d0f8f8d8,Westbound,2026-01-28 10:32:05.448391,383.0,339.0,280.0,201.0
18105,2,CAM002,106,2.027125551917869,2050,True,8b9846a8-d4ff-4584-8387-7714d0f8f8d8,Westbound,2026-01-28 10:32:02.021554,556.0,357.0,98.0,145.0
18104,9,CAM002,104,1.97742289746738,2050,True,8b9846a8-d4ff-4584-8387-7714d0f8f8d8,Westbound,2026-01-28 10:32:02.018925,771.0,353.0,76.0,138.0
18103,5,CAM002,89,1.99761087251067,2050,True,8b9846a8-d4ff-4584-8387-7714d0f8f8d8,Westbound,2026-01-28 10:32:02.016915,669.0,371.0,155.0,133.0
18102,4,CAM002,80,1.9949586178635033,2050,True,8b9846a8-d4ff-4584-8387-7714d0f8f8d8,Westbound,2026-01-28 10:32:02.014941,253.0,367.0,129.0,163.0
18101,7,CAM002,78,2.014995394800808,2050,True,8b9846a8-d4ff-4584-8387-7714d0f8f8d8,Westbound,2026-01-28 10:32:02.010187,365.0,341.0,307.0,199.0
18100,2,CAM002,106,2.01014985111773,2045,True,8b9846a8-d4ff-4584-8387-7714d0f8f8d8,Westbound,2026-01-28 10:31:58.272673,556.0,355.0,97.0,144.0
18099,9,CAM002,104,1.9934509740897277,2045,True,8b9846a8-d4ff-4584-8387-7714d0f8f8d8,Westbound,2026-01-28 10:31:58.268143,772.0,352.0,72.0,131.0
18098,5,CAM002,89,2.0015312311462465,2045,True,8b9846a8-d4ff-4584-8387-7714d0f8f8d8,Westbound,2026-01-28 10:31:58.265142,672.0,371.0,151.0,133.0
18097,4,CAM002,80,1.9477871574489538,2045,True,8b9846a8-d4ff-4584-8387-7714d0f8f8d8,Westbound,2026-01-28 10:31:58.263141,251.0,367.0,132.0,163.0
18096,7,CAM002,78,1.9054778431654635,2045,True,8b9846a8-d4ff-4584-8387-7714d0f8f8d8,Westbound,2026-01-28 10:31:58.259593,360.0,344.0,325.0,196.0
18095,2,CAM002,106,2.012577372253215,2040,True,8b9846a8-d4ff-4584-8387-7714d0f8f8d8,Westbound,2026-01-28 10:31:54.287865,559.0,353.0,91.0,139.0
18094,9,CAM002,104,2.01957767172868,2040,True,8b9846a8-d4ff-4584-8387-7714d0f8f8d8,Westbound,2026-01-28 10:31:54.285864,771.0,352.0,73.0,136.0
18093,5,CAM002,89,1.9618754300467198,2040,True,8b9846a8-d4ff-4584-8387-7714d0f8f8d8,Westbound,2026-01-28 10:31:54.281843,668.0,371.0,155.0,147.0
18092,4,CAM002,80,2.018259388649045,2040,True,8b9846a8-d4ff-4584-8387-7714d0f8f8d8,Westbound,2026-01-28 10:31:54.279105,254.0,365.0,126.0,155.0
18091,8,CAM001,122,1.7721145913598222,2790,True,58c867fb-332c-46d9-8b45-c0d3caad69df,Eastbound,2026-01-28 10:31:52.220450,539.0,144.0,70.0,116.0
18090,2,CAM002,106,1.968904337931489,2035,True,8b9846a8-d4ff-4584-8387-7714d0f8f8d8,Westbound,2026-01-28 10:31:50.996691,565.0,356.0,82.0,136.0
18089,9,CAM002,104,2.0263700833005625,2035,True,8b9846a8-d4ff-4584-8387-7714d0f8f8d8,Westbound,2026-01-28 10:31:50.993693,770.0,352.0,76.0,141.0
18088,5,CAM002,89,1.9940650853372985,2035,True,8b9846a8-d4ff-4584-8387-7714d0f8f8d8,Westbound,2026-01-28 10:31:50.989510,657.0,370.0,171.0,169.0
18087,4,CAM002,80,2.011774763560682,2035,True,8b9846a8-d4ff-4584-8387-7714d0f8f8d8,Westbound,2026-01-28 10:31:50.985618,254.0,366.0,126.0,153.0
18086,6,CAM001,121,1.8397948963086723,2785,True,58c867fb-332c-46d9-8b45-c0d3caad69df,Eastbound,2026-01-28 10:31:47.348290,256.0,256.0,48.0,137.0
18085,3,CAM001,107,1.6832182963292255,2785,True,58c867fb-332c-46d9-8b45-c0d3caad69df,Eastbound,2026-01-28 10:31:47.345290,452.0,293.0,57.0,108.0
18084,7,CAM001,83,1.8663920127696485,2785,True,58c867fb-332c-46d9-8b45-c0d3caad69df,Eastbound,2026-01-28 10:31:47.342280,286.0,276.0,152.0,201.0
18083,2,CAM002,106,1.8276066199204613,2030,True,8b9846a8-d4ff-4584-8387-7714d0f8f8d8,Westbound,2026-01-28 10:31:43.952507,571.0,354.0,80.0,142.0
18082,9,CAM002,104,1.6349989561221683,2030,True,8b9846a8-d4ff-4584-8387-7714d0f8f8d8,Westbound,2026-01-28 10:31:43.946990,770.0,352.0,76.0,141.0
18081,8,CAM002,93,1.8162997228649713,2030,True,8b9846a8-d4ff-4584-8387-7714d0f8f8d8,Westbound,2026-01-28 10:31:43.942945,379.0,386.0,106.0,154.0
18080,5,CAM002,89,2.009598710025222,2030,True,8b9846a8-d4ff-4584-8387-7714d0f8f8d8,Westbound,2026-01-28 10:31:43.937335,653.0,369.0,173.0,170.0
18079,4,CAM002,80,1.8775612736803111,2030,True,8b9846a8-d4ff-4584-8387-7714d0f8f8d8,Westbound,2026-01-28 10:31:43.934335,256.0,366.0,123.0,150.0
18078,1,CAM002,78,1.6972794377832594,2030,True,8b9846a8-d4ff-4584-8387-7714d0f8f8d8,Westbound,2026-01-28 10:31:43.929820,390.0,335.0,370.0,205.0
18077,9,CAM001,119,1.3919861414088166,2780,True,58c867fb-332c-46d9-8b45-c0d3caad69df,Eastbound,2026-01-28 10:31:38.024876,524.0,336.0,55.0,115.0
18076,8,CAM001,118,1.6753372693033692,2780,True,58c867fb-332c-46d9-8b45-c0d3caad69df,Eastbound,2026-01-28 10:31:38.021448,425.0,333.0,105.0,137.0
18075,1,CAM001,113,1.5802843533917226,2780,True,58c867fb-332c-46d9-8b45-c0d3caad69df,Eastbound,2026-01-28 10:31:38.018447,584.0,323.0,97.0,154.0
18074,3,CAM001,108,1.6969737295929954,2780,True,58c867fb-332c-46d9-8b45-c0d3caad69df,Eastbound,2026-01-28 10:31:38.015448,149.0,348.0,62.0,75.0
18073,2,CAM001,107,1.4616313198728168,2780,True,58c867fb-332c-46d9-8b45-c0d3caad69df,Eastbound,2026-01-28 10:31:38.012447,449.0,298.0,63.0,105.0
18072,7,CAM001,97,1.8452207013510893,2780,True,58c867fb-332c-46d9-8b45-c0d3caad69df,Eastbound,2026-01-28 10:31:38.009384,180.0,334.0,119.0,105.0
18071,4,CAM001,83,1.5990000151828063,2780,True,58c867fb-332c-46d9-8b45-c0d3caad69df,Eastbound,2026-01-28 10:31:38.005386,275.0,298.0,155.0,162.0
18070,2,CAM002,106,1.8534335407388394,2025,True,8b9846a8-d4ff-4584-8387-7714d0f8f8d8,Westbound,2026-01-28 10:31:33.045215,576.0,355.0,76.0,142.0
18069,9,CAM002,104,1.9979662264638651,2025,True,8b9846a8-d4ff-4584-8387-7714d0f8f8d8,Westbound,2026-01-28 10:31:33.042206,769.0,352.0,77.0,143.0
18068,8,CAM002,93,1.8828199157214878,2025,True,8b9846a8-d4ff-4584-8387-7714d0f8f8d8,Westbound,2026-01-28 10:31:33.038728,378.0,386.0,105.0,153.0
18067,5,CAM002,89,2.0118033036116816,2025,True,8b9846a8-d4ff-4584-8387-7714d0f8f8d8,Westbound,2026-01-28 10:31:33.036699,653.0,370.0,173.0,167.0
18066,4,CAM002,80,2.026730591273876,2025,True,8b9846a8-d4ff-4584-8387-7714d0f8f8d8,Westbound,2026-01-28 10:31:33.032697,256.0,366.0,122.0,151.0
18065,1,CAM002,78,1.7395063226866996,2025,True,8b9846a8-d4ff-4584-8387-7714d0f8f8d8,Westbound,2026-01-28 10:31:33.019032,391.0,335.0,369.0,205.0
18064,2,CAM001,119,1.8067541050993023,2775,True,58c867fb-332c-46d9-8b45-c0d3caad69df,Eastbound,2026-01-28 10:31:27.618089,524.0,335.0,56.0,116.0
18063,8,CAM001,118,1.852038683199523,2775,True,58c867fb-332c-46d9-8b45-c0d3caad69df,Eastbound,2026-01-28 10:31:27.615572,424.0,333.0,104.0,137.0
18062,1,CAM001,113,1.678839145972402,2775,True,58c867fb-332c-46d9-8b45-c0d3caad69df,Eastbound,2026-01-28 10:31:27.612637,584.0,324.0,98.0,152.0
18061,3,CAM001,108,1.965854030054743,2775,True,58c867fb-332c-46d9-8b45-c0d3caad69df,Eastbound,2026-01-28 10:31:27.610015,149.0,348.0,62.0,73.0
18060,7,CAM001,97,2.015099345912312,2775,True,58c867fb-332c-46d9-8b45-c0d3caad69df,Eastbound,2026-01-28 10:31:27.607018,180.0,334.0,119.0,106.0
18059,6,CAM001,83,2.0107468945887645,2775,True,58c867fb-332c-46d9-8b45-c0d3caad69df,Eastbound,2026-01-28 10:31:27.603003,283.0,331.0,108.0,104.0
18058,2,CAM002,106,1.8553628528916486,2020,True,8b9846a8-d4ff-4584-8387-7714d0f8f8d8,Westbound,2026-01-28 10:31:22.601311,578.0,351.0,74.0,145.0
18057,9,CAM002,104,1.6516725363003268,2020,True,8b9846a8-d4ff-4584-8387-7714d0f8f8d8,Westbound,2026-01-28 10:31:22.597310,769.0,352.0,77.0,142.0
18056,8,CAM002,93,1.9083229925986487,2020,True,8b9846a8-d4ff-4584-8387-7714d0f8f8d8,Westbound,2026-01-28 10:31:22.594310,376.0,385.0,103.0,152.0
18055,5,CAM002,89,1.985904573729783,2020,True,8b9846a8-d4ff-4584-8387-7714d0f8f8d8,Westbound,2026-01-28 10:31:22.591301,653.0,370.0,173.0,165.0
18054,4,CAM002,80,1.9812886664296576,2020,True,8b9846a8-d4ff-4584-8387-7714d0f8f8d8,Westbound,2026-01-28 10:31:22.587795,255.0,365.0,123.0,154.0
18053,1,CAM002,78,1.7546766772268556,2020,True,8b9846a8-d4ff-4584-8387-7714d0f8f8d8,Westbound,2026-01-28 10:31:22.583845,390.0,336.0,367.0,204.0
18052,10,CAM001,120,1.9997806456982725,2770,True,58c867fb-332c-46d9-8b45-c0d3caad69df,Eastbound,2026-01-28 10:31:16.339987,380.0,365.0,95.0,108.0
18051,2,CAM001,119,1.7726671421242484,2770,True,58c867fb-332c-46d9-8b45-c0d3caad69df,Eastbound,2026-01-28 10:31:16.336988,519.0,335.0,60.0,122.0
18050,5,CAM001,118,1.4516960639116916,2770,True,58c867fb-332c-46d9-8b45-c0d3caad69df,Eastbound,2026-01-28 10:31:16.332979,427.0,332.0,97.0,139.0
18049,1,CAM001,113,1.704751530124193,2770,True,58c867fb-332c-46d9-8b45-c0d3caad69df,Eastbound,2026-01-28 10:31:16.330460,584.0,324.0,98.0,150.0
18048,3,CAM001,108,2.0118324569838006,2770,True,58c867fb-332c-46d9-8b45-c0d3caad69df,Eastbound,2026-01-28 10:31:16.327458,151.0,348.0,60.0,72.0
18047,9,CAM001,107,1.6350635981592534,2770,True,58c867fb-332c-46d9-8b45-c0d3caad69df,Eastbound,2026-01-28 10:31:16.323447,456.0,344.0,53.0,81.0
18046,7,CAM001,97,2.010888037880182,2770,True,58c867fb-332c-46d9-8b45-c0d3caad69df,Eastbound,2026-01-28 10:31:16.318927,180.0,333.0,119.0,108.0
18045,6,CAM001,83,2.009811367092664,2770,True,58c867fb-332c-46d9-8b45-c0d3caad69df,Eastbound,2026-01-28 10:31:16.314927,281.0,331.0,110.0,104.0
18044,4,CAM001,46,1.686309687838125,2770,True,58c867fb-332c-46d9-8b45-c0d3caad69df,Eastbound,2026-01-28 10:31:16.308400,263.0,304.0,32.0,79.0
18043,2,CAM002,106,1.8381699089995716,2015,True,8b9846a8-d4ff-4584-8387-7714d0f8f8d8,Westbound,2026-01-28 10:31:10.130141,577.0,338.0,77.0,157.0
18042,9,CAM002,104,1.6517298607484272,2015,True,8b9846a8-d4ff-4584-8387-7714d0f8f8d8,Westbound,2026-01-28 10:31:10.126140,769.0,353.0,76.0,141.0
18041,8,CAM002,93,1.8207995788468203,2015,True,8b9846a8-d4ff-4584-8387-7714d0f8f8d8,Westbound,2026-01-28 10:31:10.120599,377.0,385.0,101.0,152.0
18040,5,CAM002,89,1.5832424955786395,2015,True,8b9846a8-d4ff-4584-8387-7714d0f8f8d8,Westbound,2026-01-28 10:31:10.116823,652.0,370.0,177.0,165.0
18039,4,CAM002,80,1.7928164613193882,2015,True,8b9846a8-d4ff-4584-8387-7714d0f8f8d8,Westbound,2026-01-28 10:31:10.112305,253.0,364.0,126.0,158.0
18038,1,CAM002,78,1.747762651310729,2015,True,8b9846a8-d4ff-4584-8387-7714d0f8f8d8,Westbound,2026-01-28 10:31:10.108301,390.0,335.0,365.0,205.0
18037,2,CAM001,119,1.749112862986583,2765,True,58c867fb-332c-46d9-8b45-c0d3caad69df,Eastbound,2026-01-28 10:31:03.698257,515.0,335.0,63.0,129.0
18036,10,CAM001,118,1.9652629503585999,2765,True,58c867fb-332c-46d9-8b45-c0d3caad69df,Eastbound,2026-01-28 10:31:03.695256,434.0,328.0,98.0,144.0
18035,1,CAM001,113,1.6643414433609829,2765,True,58c867fb-332c-46d9-8b45-c0d3caad69df,Eastbound,2026-01-28 10:31:03.691730,583.0,325.0,100.0,150.0
18034,3,CAM001,108,2.0140578197410086,2765,True,58c867fb-332c-46d9-8b45-c0d3caad69df,Eastbound,2026-01-28 10:31:03.688220,151.0,347.0,60.0,72.0
18033,9,CAM001,107,1.4202041753474919,2765,True,58c867fb-332c-46d9-8b45-c0d3caad69df,Eastbound,2026-01-28 10:31:03.685221,455.0,344.0,55.0,81.0
18032,8,CAM001,106,1.7367753853012784,2765,True,58c867fb-332c-46d9-8b45-c0d3caad69df,Eastbound,2026-01-28 10:31:03.680697,411.0,335.0,33.0,70.0
18031,7,CAM001,97,1.917454635331886,2765,True,58c867fb-332c-46d9-8b45-c0d3caad69df,Eastbound,2026-01-28 10:31:03.676699,179.0,333.0,122.0,109.0
18030,6,CAM001,83,1.9986325808347203,2765,True,58c867fb-332c-46d9-8b45-c0d3caad69df,Eastbound,2026-01-28 10:31:03.673694,283.0,333.0,110.0,102.0
18029,4,CAM001,46,1.6302257723429057,2765,True,58c867fb-332c-46d9-8b45-c0d3caad69df,Eastbound,2026-01-28 10:31:03.670409,261.0,304.0,40.0,107.0
18028,2,CAM002,106,1.8489738036651202,2010,True,8b9846a8-d4ff-4584-8387-7714d0f8f8d8,Westbound,2026-01-28 10:30:58.418703,575.0,330.0,82.0,165.0
18027,9,CAM002,104,1.4112311603104783,2010,True,8b9846a8-d4ff-4584-8387-7714d0f8f8d8,Westbound,2026-01-28 10:30:58.415692,769.0,353.0,76.0,140.0
18026,8,CAM002,93,2.014598890154432,2010,True,8b9846a8-d4ff-4584-8387-7714d0f8f8d8,Westbound,2026-01-28 10:30:58.412697,379.0,385.0,99.0,153.0
18025,5,CAM002,89,1.907931344913049,2010,True,8b9846a8-d4ff-4584-8387-7714d0f8f8d8,Westbound,2026-01-28 10:30:58.408536,656.0,372.0,170.0,156.0
18024,4,CAM002,80,1.7839001474783875,2010,True,8b9846a8-d4ff-4584-8387-7714d0f8f8d8,Westbound,2026-01-28 10:30:58.405534,255.0,364.0,124.0,156.0
18023,1,CAM002,78,1.7458980383103153,2010,True,8b9846a8-d4ff-4584-8387-7714d0f8f8d8,Westbound,2026-01-28 10:30:58.400022,388.0,335.0,365.0,205.0
18022,2,CAM001,119,1.7342623472831733,2760,True,58c867fb-332c-46d9-8b45-c0d3caad69df,Eastbound,2026-01-28 10:30:52.635636,522.0,333.0,59.0,119.0
18021,10,CAM001,118,2.0003898986494244,2760,True,58c867fb-332c-46d9-8b45-c0d3caad69df,Eastbound,2026-01-28 10:30:52.625024,435.0,328.0,92.0,144.0
18020,1,CAM001,113,1.5971679063196498,2760,True,58c867fb-332c-46d9-8b45-c0d3caad69df,Eastbound,2026-01-28 10:30:52.620482,583.0,325.0,101.0,148.0
18019,7,CAM001,112,2.002218608050447,2760,True,58c867fb-332c-46d9-8b45-c0d3caad69df,Eastbound,2026-01-28 10:30:52.616472,182.0,305.0,113.0,136.0
18018,3,CAM001,108,2.0292500454261067,2760,True,58c867fb-332c-46d9-8b45-c0d3caad69df,Eastbound,2026-01-28 10:30:52.612476,151.0,346.0,60.0,72.0
18017,9,CAM001,106,1.4349701943715005,2760,True,58c867fb-332c-46d9-8b45-c0d3caad69df,Eastbound,2026-01-28 10:30:52.608925,411.0,335.0,34.0,72.0
18016,6,CAM001,83,2.0310533052778514,2760,True,58c867fb-332c-46d9-8b45-c0d3caad69df,Eastbound,2026-01-28 10:30:52.604920,285.0,333.0,109.0,101.0
18015,5,CAM001,54,1.8691993315809388,2760,True,58c867fb-332c-46d9-8b45-c0d3caad69df,Eastbound,2026-01-28 10:30:52.601910,648.0,329.0,149.0,151.0
18014,4,CAM001,46,1.7416494863962546,2760,True,58c867fb-332c-46d9-8b45-c0d3caad69df,Eastbound,2026-01-28 10:30:52.596408,267.0,304.0,40.0,107.0
18013,2,CAM002,106,1.8433436518651964,2005,True,8b9846a8-d4ff-4584-8387-7714d0f8f8d8,Westbound,2026-01-28 10:30:48.244788,575.0,330.0,82.0,165.0
18012,1,CAM002,104,1.6977785590757717,2005,True,8b9846a8-d4ff-4584-8387-7714d0f8f8d8,Westbound,2026-01-28 10:30:48.241904,771.0,353.0,74.0,136.0
18011,8,CAM002,93,1.8280296675320256,2005,True,8b9846a8-d4ff-4584-8387-7714d0f8f8d8,Westbound,2026-01-28 10:30:48.239168,380.0,385.0,99.0,154.0
18010,5,CAM002,89,1.9120843393345803,2005,True,8b9846a8-d4ff-4584-8387-7714d0f8f8d8,Westbound,2026-01-28 10:30:48.236160,659.0,371.0,164.0,152.0
18009,4,CAM002,80,1.8122754413829838,2005,True,8b9846a8-d4ff-4584-8387-7714d0f8f8d8,Westbound,2026-01-28 10:30:48.233105,259.0,364.0,122.0,153.0
18008,9,CAM002,78,1.6453273187022854,2005,True,8b9846a8-d4ff-4584-8387-7714d0f8f8d8,Westbound,2026-01-28 10:30:48.229473,389.0,335.0,364.0,205.0
18007,2,CAM001,119,1.7533842589009774,2755,True,58c867fb-332c-46d9-8b45-c0d3caad69df,Eastbound,2026-01-28 10:30:41.454764,518.0,334.0,62.0,123.0
18006,10,CAM001,118,1.7456792464949678,2755,True,58c867fb-332c-46d9-8b45-c0d3caad69df,Eastbound,2026-01-28 10:30:41.452758,423.0,331.0,84.0,140.0
18005,1,CAM001,113,1.6771689180608753,2755,True,58c867fb-332c-46d9-8b45-c0d3caad69df,Eastbound,2026-01-28 10:30:41.451704,584.0,325.0,100.0,142.0
18004,10,CAM001,112,0.7072298491383571,2755,True,58c867fb-332c-46d9-8b45-c0d3caad69df,Eastbound,2026-01-28 10:30:41.450702,192.0,307.0,96.0,135.0
18003,3,CAM001,108,2.0056925416699385,2755,True,58c867fb-332c-46d9-8b45-c0d3caad69df,Eastbound,2026-01-28 10:30:41.448703,151.0,347.0,60.0,72.0
18002,9,CAM001,107,1.6548560301303326,2755,True,58c867fb-332c-46d9-8b45-c0d3caad69df,Eastbound,2026-01-28 10:30:41.444702,457.0,344.0,54.0,79.0
18001,8,CAM001,106,1.646529178939643,2755,True,58c867fb-332c-46d9-8b45-c0d3caad69df,Eastbound,2026-01-28 10:30:41.442703,415.0,336.0,34.0,77.0
18000,7,CAM001,97,2.0170074896233348,2755,True,58c867fb-332c-46d9-8b45-c0d3caad69df,Eastbound,2026-01-28 10:30:41.438577,177.0,333.0,122.0,109.0
17999,6,CAM001,83,2.005453960542432,2755,True,58c867fb-332c-46d9-8b45-c0d3caad69df,Eastbound,2026-01-28 10:30:41.436583,285.0,332.0,109.0,101.0
17998,5,CAM001,54,1.8961541288037451,2755,True,58c867fb-332c-46d9-8b45-c0d3caad69df,Eastbound,2026-01-28 10:30:41.433581,648.0,329.0,150.0,151.0
17997,4,CAM001,46,1.8006430739744568,2755,True,58c867fb-332c-46d9-8b45-c0d3caad69df,Eastbound,2026-01-28 10:30:41.430021,267.0,303.0,43.0,108.0
17996,2,CAM002,106,1.8494733661993839,2000,True,8b9846a8-d4ff-4584-8387-7714d0f8f8d8,Westbound,2026-01-28 10:30:35.083177,574.0,334.0,84.0,162.0
17995,1,CAM002,104,1.6959654327689135,2000,True,8b9846a8-d4ff-4584-8387-7714d0f8f8d8,Westbound,2026-01-28 10:30:35.080536,771.0,353.0,74.0,138.0
17994,8,CAM002,93,1.875663043819411,2000,True,8b9846a8-d4ff-4584-8387-7714d0f8f8d8,Westbound,2026-01-28 10:30:35.077536,379.0,385.0,100.0,154.0
17993,5,CAM002,89,1.8911975656743047,2000,True,8b9846a8-d4ff-4584-8387-7714d0f8f8d8,Westbound,2026-01-28 10:30:35.074538,660.0,370.0,162.0,154.0
17992,4,CAM002,80,1.8054749421691603,2000,True,8b9846a8-d4ff-4584-8387-7714d0f8f8d8,Westbound,2026-01-28 10:30:35.071525,258.0,362.0,124.0,154.0
17991,9,CAM002,78,1.667276995097702,2000,True,8b9846a8-d4ff-4584-8387-7714d0f8f8d8,Westbound,2026-01-28 10:30:35.067006,389.0,336.0,364.0,204.0
17990,2,CAM001,113,1.7394540328054473,2750,True,58c867fb-332c-46d9-8b45-c0d3caad69df,Eastbound,2026-01-28 10:30:29.172121,586.0,324.0,102.0,140.0
17989,3,CAM001,108,1.995653668331813,2750,True,58c867fb-332c-46d9-8b45-c0d3caad69df,Eastbound,2026-01-28 10:30:29.169742,151.0,347.0,60.0,73.0
17988,9,CAM001,107,1.304010722734194,2750,True,58c867fb-332c-46d9-8b45-c0d3caad69df,Eastbound,2026-01-28 10:30:29.166682,451.0,343.0,63.0,82.0
17987,8,CAM001,106,1.7838647543559403,2750,True,58c867fb-332c-46d9-8b45-c0d3caad69df,Eastbound,2026-01-28 10:30:29.163729,452.0,346.0,55.0,125.0
17986,7,CAM001,97,1.9903033537513453,2750,True,58c867fb-332c-46d9-8b45-c0d3caad69df,Eastbound,2026-01-28 10:30:29.160421,178.0,332.0,122.0,109.0
17985,6,CAM001,83,2.0006771292303562,2750,True,58c867fb-332c-46d9-8b45-c0d3caad69df,Eastbound,2026-01-28 10:30:29.156778,284.0,331.0,111.0,103.0
17984,5,CAM001,54,1.8284648658486544,2750,True,58c867fb-332c-46d9-8b45-c0d3caad69df,Eastbound,2026-01-28 10:30:29.152767,648.0,329.0,150.0,151.0
17983,4,CAM001,46,1.6363396923622724,2750,True,58c867fb-332c-46d9-8b45-c0d3caad69df,Eastbound,2026-01-28 10:30:29.135793,268.0,302.0,45.0,109.0
17982,2,CAM002,106,1.8429510652461603,1995,True,8b9846a8-d4ff-4584-8387-7714d0f8f8d8,Westbound,2026-01-28 10:30:25.690688,578.0,350.0,77.0,147.0
17981,1,CAM002,104,2.025264171180363,1995,True,8b9846a8-d4ff-4584-8387-7714d0f8f8d8,Westbound,2026-01-28 10:30:25.689685,771.0,352.0,75.0,140.0
17980,8,CAM002,93,1.8342995929391541,1995,True,8b9846a8-d4ff-4584-8387-7714d0f8f8d8,Westbound,2026-01-28 10:30:25.687687,381.0,385.0,98.0,154.0
17979,5,CAM002,89,1.8698805459960874,1995,True,8b9846a8-d4ff-4584-8387-7714d0f8f8d8,Westbound,2026-01-28 10:30:25.685686,656.0,370.0,172.0,164.0
17978,4,CAM002,80,1.7486295937221035,1995,True,8b9846a8-d4ff-4584-8387-7714d0f8f8d8,Westbound,2026-01-28 10:30:25.683687,256.0,362.0,125.0,152.0
17977,9,CAM002,78,2.0009609244212374,1995,True,8b9846a8-d4ff-4584-8387-7714d0f8f8d8,Westbound,2026-01-28 10:30:25.680172,389.0,336.0,363.0,204.0
17976,2,CAM001,113,1.7880971710593119,2745,True,58c867fb-332c-46d9-8b45-c0d3caad69df,Eastbound,2026-01-28 10:30:22.604410,583.0,326.0,98.0,135.0
17975,3,CAM001,108,2.0174371385705365,2745,True,58c867fb-332c-46d9-8b45-c0d3caad69df,Eastbound,2026-01-28 10:30:22.601400,151.0,347.0,60.0,72.0
17974,8,CAM001,106,1.58664769568311,2745,True,58c867fb-332c-46d9-8b45-c0d3caad69df,Eastbound,2026-01-28 10:30:22.597890,456.0,345.0,59.0,125.0
17973,7,CAM001,97,2.0248013637312026,2745,True,58c867fb-332c-46d9-8b45-c0d3caad69df,Eastbound,2026-01-28 10:30:22.593891,178.0,330.0,123.0,110.0
17972,6,CAM001,83,2.032792117800878,2745,True,58c867fb-332c-46d9-8b45-c0d3caad69df,Eastbound,2026-01-28 10:30:22.590352,284.0,331.0,112.0,103.0
17971,5,CAM001,54,1.8471456288349386,2745,True,58c867fb-332c-46d9-8b45-c0d3caad69df,Eastbound,2026-01-28 10:30:22.586354,647.0,329.0,152.0,150.0
17970,4,CAM001,46,1.7070298931408037,2745,True,58c867fb-332c-46d9-8b45-c0d3caad69df,Eastbound,2026-01-28 10:30:22.581343,270.0,301.0,45.0,110.0
17969,2,CAM002,106,1.8301620391790252,1990,True,8b9846a8-d4ff-4584-8387-7714d0f8f8d8,Westbound,2026-01-28 10:30:19.521391,578.0,347.0,76.0,149.0
17968,1,CAM002,104,1.9913372014577384,1990,True,8b9846a8-d4ff-4584-8387-7714d0f8f8d8,Westbound,2026-01-28 10:30:19.517388,771.0,351.0,74.0,138.0
17967,8,CAM002,93,2.0098965633488053,1990,True,8b9846a8-d4ff-4584-8387-7714d0f8f8d8,Westbound,2026-01-28 10:30:19.514389,383.0,385.0,96.0,154.0
17966,5,CAM002,89,1.861554723242436,1990,True,8b9846a8-d4ff-4584-8387-7714d0f8f8d8,Westbound,2026-01-28 10:30:19.509861,660.0,370.0,168.0,161.0
17965,4,CAM002,80,1.7741457707296027,1990,True,8b9846a8-d4ff-4584-8387-7714d0f8f8d8,Westbound,2026-01-28 10:30:19.507862,255.0,365.0,124.0,148.0
17964,9,CAM002,78,2.0380645398005512,1990,True,8b9846a8-d4ff-4584-8387-7714d0f8f8d8,Westbound,2026-01-28 10:30:19.503859,389.0,335.0,365.0,205.0
17963,1,CAM001,117,1.610781194684452,2740,True,58c867fb-332c-46d9-8b45-c0d3caad69df,Eastbound,2026-01-28 10:30:16.293365,593.0,336.0,98.0,94.0
17962,3,CAM001,108,1.9951894363660836,2740,True,58c867fb-332c-46d9-8b45-c0d3caad69df,Eastbound,2026-01-28 10:30:16.290277,152.0,347.0,58.0,72.0
17961,7,CAM001,97,1.9842463100719678,2740,True,58c867fb-332c-46d9-8b45-c0d3caad69df,Eastbound,2026-01-28 10:30:16.288283,177.0,330.0,124.0,110.0
17960,6,CAM001,83,1.6900974234858672,2740,True,58c867fb-332c-46d9-8b45-c0d3caad69df,Eastbound,2026-01-28 10:30:16.286276,285.0,332.0,110.0,102.0
17959,5,CAM001,54,1.7990298612414306,2740,True,58c867fb-332c-46d9-8b45-c0d3caad69df,Eastbound,2026-01-28 10:30:16.284276,644.0,329.0,157.0,151.0
17958,4,CAM001,46,1.6571360240091966,2740,True,58c867fb-332c-46d9-8b45-c0d3caad69df,Eastbound,2026-01-28 10:30:16.281726,271.0,301.0,45.0,107.0
17957,8,CAM002,112,1.699136994114846,1985,True,8b9846a8-d4ff-4584-8387-7714d0f8f8d8,Westbound,2026-01-28 10:30:13.384409,367.0,386.0,112.0,94.0
17956,2,CAM002,106,1.7990928888716187,1985,True,8b9846a8-d4ff-4584-8387-7714d0f8f8d8,Westbound,2026-01-28 10:30:13.381398,574.0,334.0,84.0,161.0
17955,1,CAM002,104,1.6355976254542175,1985,True,8b9846a8-d4ff-4584-8387-7714d0f8f8d8,Westbound,2026-01-28 10:30:13.378892,771.0,352.0,75.0,140.0
17954,6,CAM002,93,1.6032877573738142,1985,True,8b9846a8-d4ff-4584-8387-7714d0f8f8d8,Westbound,2026-01-28 10:30:13.376893,384.0,385.0,97.0,154.0
17953,5,CAM002,89,1.85755833251527,1985,True,8b9846a8-d4ff-4584-8387-7714d0f8f8d8,Westbound,2026-01-28 10:30:13.374892,663.0,371.0,167.0,158.0
17952,4,CAM002,80,1.630145525001835,1985,True,8b9846a8-d4ff-4584-8387-7714d0f8f8d8,Westbound,2026-01-28 10:30:13.372892,253.0,366.0,123.0,152.0
17951,9,CAM002,78,1.5375084698755812,1985,True,8b9846a8-d4ff-4584-8387-7714d0f8f8d8,Westbound,2026-01-28 10:30:13.369425,388.0,335.0,368.0,205.0
17950,1,CAM001,117,1.4122240079353965,2735,True,58c867fb-332c-46d9-8b45-c0d3caad69df,Eastbound,2026-01-28 10:30:10.015799,595.0,336.0,94.0,95.0
17949,4,CAM001,112,2.0166361232489285,2735,True,58c867fb-332c-46d9-8b45-c0d3caad69df,Eastbound,2026-01-28 10:30:10.013800,251.0,330.0,54.0,83.0
17948,3,CAM001,108,2.0360600338218213,2735,True,58c867fb-332c-46d9-8b45-c0d3caad69df,Eastbound,2026-01-28 10:30:10.011792,152.0,346.0,58.0,73.0
17947,9,CAM001,107,1.4660350015228303,2735,True,58c867fb-332c-46d9-8b45-c0d3caad69df,Eastbound,2026-01-28 10:30:10.010282,386.0,319.0,121.0,151.0
17946,2,CAM001,106,1.727761056681898,2735,True,58c867fb-332c-46d9-8b45-c0d3caad69df,Eastbound,2026-01-28 10:30:10.008284,514.0,334.0,63.0,133.0
17945,7,CAM001,97,1.9965341949931652,2735,True,58c867fb-332c-46d9-8b45-c0d3caad69df,Eastbound,2026-01-28 10:30:10.005281,175.0,332.0,125.0,109.0
17944,6,CAM001,83,1.792872177605994,2735,True,58c867fb-332c-46d9-8b45-c0d3caad69df,Eastbound,2026-01-28 10:30:10.002280,286.0,332.0,110.0,103.0
17943,5,CAM001,54,1.8300805736105363,2735,True,58c867fb-332c-46d9-8b45-c0d3caad69df,Eastbound,2026-01-28 10:30:09.999771,637.0,330.0,161.0,150.0
17942,8,CAM001,46,1.5869617122563202,2735,True,58c867fb-332c-46d9-8b45-c0d3caad69df,Eastbound,2026-01-28 10:30:09.996770,273.0,302.0,42.0,94.0
17941,2,CAM002,106,1.7622785768748683,1980,True,8b9846a8-d4ff-4584-8387-7714d0f8f8d8,Westbound,2026-01-28 10:30:06.968744,575.0,342.0,81.0,154.0
17940,1,CAM002,104,1.5907463797649632,1980,True,8b9846a8-d4ff-4584-8387-7714d0f8f8d8,Westbound,2026-01-28 10:30:06.967744,769.0,353.0,77.0,143.0
17939,5,CAM002,89,1.9000617936458264,1980,True,8b9846a8-d4ff-4584-8387-7714d0f8f8d8,Westbound,2026-01-28 10:30:06.965744,667.0,372.0,155.0,148.0
17938,6,CAM002,80,1.793573904336084,1980,True,8b9846a8-d4ff-4584-8387-7714d0f8f8d8,Westbound,2026-01-28 10:30:06.963743,248.0,369.0,128.0,157.0
17937,9,CAM002,78,1.7589287231741604,1980,True,8b9846a8-d4ff-4584-8387-7714d0f8f8d8,Westbound,2026-01-28 10:30:06.961709,389.0,335.0,368.0,205.0
17936,9,CAM001,117,1.6408609865544086,2730,True,58c867fb-332c-46d9-8b45-c0d3caad69df,Eastbound,2026-01-28 10:30:03.493242,590.0,336.0,96.0,99.0
17935,4,CAM001,112,1.9967922766425188,2730,True,58c867fb-332c-46d9-8b45-c0d3caad69df,Eastbound,2026-01-28 10:30:03.489728,250.0,330.0,55.0,83.0
17934,3,CAM001,108,2.0332395918238664,2730,True,58c867fb-332c-46d9-8b45-c0d3caad69df,Eastbound,2026-01-28 10:30:03.485727,153.0,346.0,56.0,74.0
17933,2,CAM001,107,1.6653878414715448,2730,True,58c867fb-332c-46d9-8b45-c0d3caad69df,Eastbound,2026-01-28 10:30:03.482730,391.0,321.0,112.0,148.0
17932,1,CAM001,106,1.4263607076653682,2730,True,58c867fb-332c-46d9-8b45-c0d3caad69df,Eastbound,2026-01-28 10:30:03.479541,514.0,329.0,63.0,137.0
17931,7,CAM001,97,1.9921358183007485,2730,True,58c867fb-332c-46d9-8b45-c0d3caad69df,Eastbound,2026-01-28 10:30:03.477543,177.0,335.0,121.0,107.0
17930,6,CAM001,83,1.807074486714839,2730,True,58c867fb-332c-46d9-8b45-c0d3caad69df,Eastbound,2026-01-28 10:30:03.473542,285.0,331.0,113.0,104.0
17929,5,CAM001,54,1.753559900731333,2730,True,58c867fb-332c-46d9-8b45-c0d3caad69df,Eastbound,2026-01-28 10:30:03.471673,633.0,330.0,161.0,149.0
17928,8,CAM001,46,2.0033147198891808,2730,True,58c867fb-332c-46d9-8b45-c0d3caad69df,Eastbound,2026-01-28 10:30:03.468021,274.0,303.0,39.0,87.0
17927,2,CAM002,106,1.6847002067142955,1975,True,8b9846a8-d4ff-4584-8387-7714d0f8f8d8,Westbound,2026-01-28 10:30:00.358779,576.0,349.0,80.0,148.0
17926,1,CAM002,104,1.4944264049394547,1975,True,8b9846a8-d4ff-4584-8387-7714d0f8f8d8,Westbound,2026-01-28 10:30:00.355759,770.0,353.0,76.0,142.0
17925,5,CAM002,89,1.8774843831508428,1975,True,8b9846a8-d4ff-4584-8387-7714d0f8f8d8,Westbound,2026-01-28 10:30:00.353763,668.0,372.0,152.0,150.0
17924,6,CAM002,80,1.77180323759834,1975,True,8b9846a8-d4ff-4584-8387-7714d0f8f8d8,Westbound,2026-01-28 10:30:00.349748,251.0,370.0,127.0,155.0
17923,9,CAM002,78,1.734872180937156,1975,True,8b9846a8-d4ff-4584-8387-7714d0f8f8d8,Westbound,2026-01-28 10:30:00.343703,389.0,335.0,368.0,205.0
17922,8,CAM001,113,1.7523247273312532,2725,True,58c867fb-332c-46d9-8b45-c0d3caad69df,Eastbound,2026-01-28 10:29:57.014702,376.0,350.0,90.0,127.0
17921,4,CAM001,112,1.95163581412864,2725,True,58c867fb-332c-46d9-8b45-c0d3caad69df,Eastbound,2026-01-28 10:29:57.013703,247.0,330.0,57.0,83.0
17920,3,CAM001,108,1.949576406625143,2725,True,58c867fb-332c-46d9-8b45-c0d3caad69df,Eastbound,2026-01-28 10:29:57.011654,152.0,347.0,54.0,75.0
17919,2,CAM001,107,1.5927829228826798,2725,True,58c867fb-332c-46d9-8b45-c0d3caad69df,Eastbound,2026-01-28 10:29:57.009655,410.0,327.0,93.0,142.0
17918,1,CAM001,106,1.3295788505852653,2725,True,58c867fb-332c-46d9-8b45-c0d3caad69df,Eastbound,2026-01-28 10:29:57.007654,512.0,320.0,67.0,144.0
17917,7,CAM001,97,2.026152495850099,2725,True,58c867fb-332c-46d9-8b45-c0d3caad69df,Eastbound,2026-01-28 10:29:57.006660,177.0,334.0,121.0,109.0
17916,6,CAM001,83,1.7875785374375333,2725,True,58c867fb-332c-46d9-8b45-c0d3caad69df,Eastbound,2026-01-28 10:29:57.004656,285.0,333.0,111.0,102.0
17915,5,CAM001,54,1.8270162970260497,2725,True,58c867fb-332c-46d9-8b45-c0d3caad69df,Eastbound,2026-01-28 10:29:57.002649,635.0,330.0,162.0,150.0
17914,9,CAM001,46,1.2251633145095195,2725,True,58c867fb-332c-46d9-8b45-c0d3caad69df,Eastbound,2026-01-28 10:29:56.997652,272.0,302.0,39.0,86.0
17913,2,CAM002,106,1.7496869296150432,1970,True,8b9846a8-d4ff-4584-8387-7714d0f8f8d8,Westbound,2026-01-28 10:29:53.832745,576.0,351.0,79.0,146.0
17912,1,CAM002,104,2.032250502584634,1970,True,8b9846a8-d4ff-4584-8387-7714d0f8f8d8,Westbound,2026-01-28 10:29:53.828707,770.0,353.0,77.0,140.0
17911,8,CAM002,93,1.889825791122479,1970,True,8b9846a8-d4ff-4584-8387-7714d0f8f8d8,Westbound,2026-01-28 10:29:53.826708,382.0,385.0,100.0,154.0
17910,5,CAM002,89,1.859922846159436,1970,True,8b9846a8-d4ff-4584-8387-7714d0f8f8d8,Westbound,2026-01-28 10:29:53.824707,667.0,371.0,155.0,159.0
17909,6,CAM002,80,1.801570401802713,1970,True,8b9846a8-d4ff-4584-8387-7714d0f8f8d8,Westbound,2026-01-28 10:29:53.821769,250.0,370.0,127.0,153.0
17908,9,CAM002,78,1.3343332669660752,1970,True,8b9846a8-d4ff-4584-8387-7714d0f8f8d8,Westbound,2026-01-28 10:29:53.817301,389.0,335.0,367.0,205.0
17907,8,CAM001,113,1.8293411647620523,2720,True,58c867fb-332c-46d9-8b45-c0d3caad69df,Eastbound,2026-01-28 10:29:50.609830,378.0,351.0,86.0,119.0
17906,4,CAM001,112,2.0024120358809925,2720,True,58c867fb-332c-46d9-8b45-c0d3caad69df,Eastbound,2026-01-28 10:29:50.607828,245.0,330.0,59.0,84.0
17905,3,CAM001,108,2.0050605145430622,2720,True,58c867fb-332c-46d9-8b45-c0d3caad69df,Eastbound,2026-01-28 10:29:50.605829,149.0,348.0,55.0,75.0
17904,2,CAM001,107,1.6198282979373821,2720,True,58c867fb-332c-46d9-8b45-c0d3caad69df,Eastbound,2026-01-28 10:29:50.603828,429.0,334.0,88.0,136.0
17903,7,CAM001,97,1.983468331820382,2720,True,58c867fb-332c-46d9-8b45-c0d3caad69df,Eastbound,2026-01-28 10:29:50.601773,178.0,334.0,120.0,111.0
17902,6,CAM001,83,1.8000253699106683,2720,True,58c867fb-332c-46d9-8b45-c0d3caad69df,Eastbound,2026-01-28 10:29:50.599771,282.0,335.0,113.0,100.0
17901,5,CAM001,54,1.820462502457556,2720,True,58c867fb-332c-46d9-8b45-c0d3caad69df,Eastbound,2026-01-28 10:29:50.597772,638.0,329.0,162.0,151.0
17900,9,CAM001,46,1.0645246231417445,2720,True,58c867fb-332c-46d9-8b45-c0d3caad69df,Eastbound,2026-01-28 10:29:50.595795,272.0,302.0,35.0,83.0
17899,2,CAM002,106,1.7451562976858954,1965,True,8b9846a8-d4ff-4584-8387-7714d0f8f8d8,Westbound,2026-01-28 10:29:47.626298,575.0,349.0,80.0,148.0
17898,1,CAM002,104,2.035443567367113,1965,True,8b9846a8-d4ff-4584-8387-7714d0f8f8d8,Westbound,2026-01-28 10:29:47.622293,771.0,353.0,75.0,139.0
17897,8,CAM002,93,1.8577683515721812,1965,True,8b9846a8-d4ff-4584-8387-7714d0f8f8d8,Westbound,2026-01-28 10:29:47.619789,382.0,385.0,98.0,154.0
17896,5,CAM002,89,1.8836541872876018,1965,True,8b9846a8-d4ff-4584-8387-7714d0f8f8d8,Westbound,2026-01-28 10:29:47.616790,664.0,371.0,164.0,168.0
17895,6,CAM002,80,1.8016736564490814,1965,True,8b9846a8-d4ff-4584-8387-7714d0f8f8d8,Westbound,2026-01-28 10:29:47.613789,250.0,370.0,128.0,152.0
17894,9,CAM002,78,2.00890662420128,1965,True,8b9846a8-d4ff-4584-8387-7714d0f8f8d8,Westbound,2026-01-28 10:29:47.609124,388.0,336.0,369.0,204.0
17893,8,CAM001,113,1.742361653202103,2715,True,58c867fb-332c-46d9-8b45-c0d3caad69df,Eastbound,2026-01-28 10:29:44.507692,384.0,352.0,75.0,109.0
17892,4,CAM001,112,2.0235796165427744,2715,True,58c867fb-332c-46d9-8b45-c0d3caad69df,Eastbound,2026-01-28 10:29:44.504692,246.0,332.0,58.0,83.0
17891,3,CAM001,108,1.9891561676722653,2715,True,58c867fb-332c-46d9-8b45-c0d3caad69df,Eastbound,2026-01-28 10:29:44.502691,150.0,349.0,55.0,74.0
17890,2,CAM001,107,1.6115187773380697,2715,True,58c867fb-332c-46d9-8b45-c0d3caad69df,Eastbound,2026-01-28 10:29:44.500179,426.0,334.0,85.0,128.0
17889,7,CAM001,97,2.0268200860903276,2715,True,58c867fb-332c-46d9-8b45-c0d3caad69df,Eastbound,2026-01-28 10:29:44.499178,177.0,334.0,122.0,114.0
17888,6,CAM001,83,1.6853228914917553,2715,True,58c867fb-332c-46d9-8b45-c0d3caad69df,Eastbound,2026-01-28 10:29:44.497177,287.0,333.0,131.0,114.0
17887,5,CAM001,54,1.7402125040852665,2715,True,58c867fb-332c-46d9-8b45-c0d3caad69df,Eastbound,2026-01-28 10:29:44.494290,643.0,328.0,158.0,152.0
17886,2,CAM002,106,2.0179748052745907,1960,True,8b9846a8-d4ff-4584-8387-7714d0f8f8d8,Westbound,2026-01-28 10:29:41.773741,575.0,349.0,81.0,148.0
17885,1,CAM002,104,2.0099587386944404,1960,True,8b9846a8-d4ff-4584-8387-7714d0f8f8d8,Westbound,2026-01-28 10:29:41.771736,771.0,353.0,75.0,138.0
17884,8,CAM002,93,1.7938001965605836,1960,True,8b9846a8-d4ff-4584-8387-7714d0f8f8d8,Westbound,2026-01-28 10:29:41.769227,382.0,385.0,98.0,154.0
17883,5,CAM002,89,1.8615017085521692,1960,True,8b9846a8-d4ff-4584-8387-7714d0f8f8d8,Westbound,2026-01-28 10:29:41.767227,664.0,371.0,163.0,167.0
17882,6,CAM002,80,2.0025310744299274,1960,True,8b9846a8-d4ff-4584-8387-7714d0f8f8d8,Westbound,2026-01-28 10:29:41.766247,250.0,370.0,130.0,154.0
17881,4,CAM001,112,1.9893370790403184,2710,True,58c867fb-332c-46d9-8b45-c0d3caad69df,Eastbound,2026-01-28 10:29:39.255101,246.0,334.0,57.0,81.0
17880,3,CAM001,108,2.020321275885362,2710,True,58c867fb-332c-46d9-8b45-c0d3caad69df,Eastbound,2026-01-28 10:29:39.254101,149.0,350.0,56.0,74.0
17879,2,CAM001,107,1.6503823299396303,2710,True,58c867fb-332c-46d9-8b45-c0d3caad69df,Eastbound,2026-01-28 10:29:39.251630,425.0,334.0,88.0,130.0
17878,7,CAM001,97,1.990431597512123,2710,True,58c867fb-332c-46d9-8b45-c0d3caad69df,Eastbound,2026-01-28 10:29:39.248629,176.0,334.0,124.0,115.0
17877,5,CAM001,54,1.8075371105269102,2710,True,58c867fb-332c-46d9-8b45-c0d3caad69df,Eastbound,2026-01-28 10:29:39.245632,640.0,329.0,156.0,151.0
17876,2,CAM002,106,1.6977827393006257,1955,True,8b9846a8-d4ff-4584-8387-7714d0f8f8d8,Westbound,2026-01-28 10:29:36.909534,575.0,351.0,82.0,145.0
17875,1,CAM002,104,2.025482933042079,1955,True,8b9846a8-d4ff-4584-8387-7714d0f8f8d8,Westbound,2026-01-28 10:29:36.907535,770.0,353.0,76.0,138.0
17874,8,CAM002,93,1.8420358663662675,1955,True,8b9846a8-d4ff-4584-8387-7714d0f8f8d8,Westbound,2026-01-28 10:29:36.905535,382.0,384.0,103.0,155.0
17873,5,CAM002,89,1.846892859129434,1955,True,8b9846a8-d4ff-4584-8387-7714d0f8f8d8,Westbound,2026-01-28 10:29:36.904534,664.0,371.0,163.0,167.0
17872,6,CAM002,80,1.7722731780957612,1955,True,8b9846a8-d4ff-4584-8387-7714d0f8f8d8,Westbound,2026-01-28 10:29:36.900024,250.0,370.0,129.0,152.0
17871,8,CAM001,113,1.843798425337636,2705,True,58c867fb-332c-46d9-8b45-c0d3caad69df,Eastbound,2026-01-28 10:29:33.755408,383.0,357.0,74.0,112.0
17870,4,CAM001,112,1.972927853423007,2705,True,58c867fb-332c-46d9-8b45-c0d3caad69df,Eastbound,2026-01-28 10:29:33.753402,247.0,335.0,56.0,79.0
17869,3,CAM001,108,2.0067208918701893,2705,True,58c867fb-332c-46d9-8b45-c0d3caad69df,Eastbound,2026-01-28 10:29:33.749889,149.0,350.0,56.0,71.0
17868,2,CAM001,107,1.670693837363739,2705,True,58c867fb-332c-46d9-8b45-c0d3caad69df,Eastbound,2026-01-28 10:29:33.747890,423.0,335.0,95.0,134.0
17867,7,CAM001,97,1.9804882029784543,2705,True,58c867fb-332c-46d9-8b45-c0d3caad69df,Eastbound,2026-01-28 10:29:33.745889,175.0,334.0,126.0,115.0
17866,6,CAM001,83,1.7714845776555983,2705,True,58c867fb-332c-46d9-8b45-c0d3caad69df,Eastbound,2026-01-28 10:29:33.742889,288.0,334.0,108.0,102.0
17865,5,CAM001,54,1.826496141577159,2705,True,58c867fb-332c-46d9-8b45-c0d3caad69df,Eastbound,2026-01-28 10:29:33.739380,639.0,328.0,157.0,152.0
17864,2,CAM002,106,1.8038712998135364,1950,True,8b9846a8-d4ff-4584-8387-7714d0f8f8d8,Westbound,2026-01-28 10:29:30.828654,575.0,353.0,82.0,143.0
17863,1,CAM002,104,2.004046198127357,1950,True,8b9846a8-d4ff-4584-8387-7714d0f8f8d8,Westbound,2026-01-28 10:29:30.826654,769.0,352.0,79.0,141.0
17862,8,CAM002,93,1.8304519911752506,1950,True,8b9846a8-d4ff-4584-8387-7714d0f8f8d8,Westbound,2026-01-28 10:29:30.824656,379.0,384.0,107.0,155.0
17861,5,CAM002,89,1.8370703792884377,1950,True,8b9846a8-d4ff-4584-8387-7714d0f8f8d8,Westbound,2026-01-28 10:29:30.822657,665.0,370.0,162.0,169.0
17860,6,CAM002,80,1.7709282568661553,1950,True,8b9846a8-d4ff-4584-8387-7714d0f8f8d8,Westbound,2026-01-28 10:29:30.820098,251.0,370.0,128.0,152.0
17859,9,CAM002,78,1.3902752655759296,1950,True,8b9846a8-d4ff-4584-8387-7714d0f8f8d8,Westbound,2026-01-28 10:29:30.818108,396.0,334.0,373.0,206.0
17858,8,CAM001,113,1.6560202574095042,2700,True,58c867fb-332c-46d9-8b45-c0d3caad69df,Eastbound,2026-01-28 10:29:27.398592,390.0,355.0,65.0,109.0
17857,4,CAM001,112,2.010467357518111,2700,True,58c867fb-332c-46d9-8b45-c0d3caad69df,Eastbound,2026-01-28 10:29:27.395590,248.0,336.0,55.0,78.0
17856,3,CAM001,108,2.0065971787282075,2700,True,58c867fb-332c-46d9-8b45-c0d3caad69df,Eastbound,2026-01-28 10:29:27.393590,150.0,349.0,56.0,70.0
17855,9,CAM001,107,1.847829127282635,2700,True,58c867fb-332c-46d9-8b45-c0d3caad69df,Eastbound,2026-01-28 10:29:27.391580,409.0,332.0,107.0,137.0
17854,2,CAM001,106,1.7942306703692612,2700,True,58c867fb-332c-46d9-8b45-c0d3caad69df,Eastbound,2026-01-28 10:29:27.387072,509.0,308.0,74.0,157.0
17853,7,CAM001,97,2.017129345300219,2700,True,58c867fb-332c-46d9-8b45-c0d3caad69df,Eastbound,2026-01-28 10:29:27.385067,177.0,336.0,124.0,112.0
17852,6,CAM001,83,1.6716785908104435,2700,True,58c867fb-332c-46d9-8b45-c0d3caad69df,Eastbound,2026-01-28 10:29:27.384074,288.0,332.0,107.0,103.0
17851,5,CAM001,54,1.8441834336208989,2700,True,58c867fb-332c-46d9-8b45-c0d3caad69df,Eastbound,2026-01-28 10:29:27.379499,640.0,329.0,154.0,150.0
17850,2,CAM002,106,1.8133253925342496,1945,True,8b9846a8-d4ff-4584-8387-7714d0f8f8d8,Westbound,2026-01-28 10:29:24.356120,573.0,353.0,83.0,144.0
17849,1,CAM002,104,2.0031070008183707,1945,True,8b9846a8-d4ff-4584-8387-7714d0f8f8d8,Westbound,2026-01-28 10:29:24.354122,769.0,351.0,78.0,139.0
17848,8,CAM002,93,1.656947678078905,1945,True,8b9846a8-d4ff-4584-8387-7714d0f8f8d8,Westbound,2026-01-28 10:29:24.352113,376.0,383.0,111.0,157.0
17847,5,CAM002,89,1.8575429013064677,1945,True,8b9846a8-d4ff-4584-8387-7714d0f8f8d8,Westbound,2026-01-28 10:29:24.349599,664.0,368.0,163.0,172.0
17846,6,CAM002,80,1.7232974369802672,1945,True,8b9846a8-d4ff-4584-8387-7714d0f8f8d8,Westbound,2026-01-28 10:29:24.347598,249.0,370.0,131.0,157.0
17845,9,CAM002,78,1.5185370321676097,1945,True,8b9846a8-d4ff-4584-8387-7714d0f8f8d8,Westbound,2026-01-28 10:29:24.345596,387.0,335.0,367.0,205.0
17844,6,CAM001,112,1.4452564215057375,2695,True,58c867fb-332c-46d9-8b45-c0d3caad69df,Eastbound,2026-01-28 10:29:21.267206,248.0,335.0,55.0,79.0
17843,3,CAM001,108,1.9820075940665762,2695,True,58c867fb-332c-46d9-8b45-c0d3caad69df,Eastbound,2026-01-28 10:29:21.265201,151.0,348.0,56.0,71.0
17842,9,CAM001,107,1.2734314645414668,2695,True,58c867fb-332c-46d9-8b45-c0d3caad69df,Eastbound,2026-01-28 10:29:21.262193,396.0,325.0,104.0,142.0
17841,2,CAM001,106,1.7036605935059475,2695,True,58c867fb-332c-46d9-8b45-c0d3caad69df,Eastbound,2026-01-28 10:29:21.259678,509.0,318.0,73.0,146.0
17840,7,CAM001,97,2.0016386951471667,2695,True,58c867fb-332c-46d9-8b45-c0d3caad69df,Eastbound,2026-01-28 10:29:21.257676,177.0,336.0,124.0,111.0
17839,8,CAM001,83,1.620476671683828,2695,True,58c867fb-332c-46d9-8b45-c0d3caad69df,Eastbound,2026-01-28 10:29:21.254675,286.0,328.0,109.0,107.0
17838,5,CAM001,54,1.7965992521390173,2695,True,58c867fb-332c-46d9-8b45-c0d3caad69df,Eastbound,2026-01-28 10:29:21.252680,642.0,329.0,152.0,151.0
17837,4,CAM001,46,1.984879105076555,2695,True,58c867fb-332c-46d9-8b45-c0d3caad69df,Eastbound,2026-01-28 10:29:21.250156,266.0,303.0,46.0,112.0
17836,2,CAM002,106,1.8155574717637846,1940,True,8b9846a8-d4ff-4584-8387-7714d0f8f8d8,Westbound,2026-01-28 10:29:18.680147,571.0,352.0,84.0,146.0
17835,1,CAM002,104,1.97114667829755,1940,True,8b9846a8-d4ff-4584-8387-7714d0f8f8d8,Westbound,2026-01-28 10:29:18.678147,767.0,351.0,79.0,138.0
17834,5,CAM002,89,1.8482595764582053,1940,True,8b9846a8-d4ff-4584-8387-7714d0f8f8d8,Westbound,2026-01-28 10:29:18.676149,664.0,367.0,164.0,173.0
17833,6,CAM002,80,2.0367746739623276,1940,True,8b9846a8-d4ff-4584-8387-7714d0f8f8d8,Westbound,2026-01-28 10:29:18.674152,250.0,370.0,129.0,155.0
17832,9,CAM002,78,1.9913918118907181,1940,True,8b9846a8-d4ff-4584-8387-7714d0f8f8d8,Westbound,2026-01-28 10:29:18.670625,387.0,336.0,365.0,204.0
17831,3,CAM001,108,2.0299891675206396,2690,True,58c867fb-332c-46d9-8b45-c0d3caad69df,Eastbound,2026-01-28 10:29:16.090400,149.0,348.0,57.0,71.0
17830,2,CAM001,106,1.6380361816444509,2690,True,58c867fb-332c-46d9-8b45-c0d3caad69df,Eastbound,2026-01-28 10:29:16.088384,512.0,334.0,66.0,129.0
17829,7,CAM001,97,2.015915983821881,2690,True,58c867fb-332c-46d9-8b45-c0d3caad69df,Eastbound,2026-01-28 10:29:16.087383,178.0,336.0,121.0,110.0
17828,5,CAM001,54,1.7644023647041385,2690,True,58c867fb-332c-46d9-8b45-c0d3caad69df,Eastbound,2026-01-28 10:29:16.084382,644.0,330.0,150.0,150.0
17827,4,CAM001,46,1.978998907967703,2690,True,58c867fb-332c-46d9-8b45-c0d3caad69df,Eastbound,2026-01-28 10:29:16.081367,266.0,302.0,47.0,112.0
17826,2,CAM002,106,1.7893374859378626,1935,True,8b9846a8-d4ff-4584-8387-7714d0f8f8d8,Westbound,2026-01-28 10:29:13.948526,572.0,351.0,83.0,147.0
17825,1,CAM002,104,2.028368335965022,1935,True,8b9846a8-d4ff-4584-8387-7714d0f8f8d8,Westbound,2026-01-28 10:29:13.946529,764.0,352.0,81.0,139.0
17824,5,CAM002,89,1.8311666362365104,1935,True,8b9846a8-d4ff-4584-8387-7714d0f8f8d8,Westbound,2026-01-28 10:29:13.944527,666.0,366.0,166.0,174.0
17823,6,CAM002,80,1.6917583752875591,1935,True,8b9846a8-d4ff-4584-8387-7714d0f8f8d8,Westbound,2026-01-28 10:29:13.941584,250.0,370.0,129.0,155.0
17822,9,CAM001,113,2.0326454353749837,2685,True,58c867fb-332c-46d9-8b45-c0d3caad69df,Eastbound,2026-01-28 10:29:11.510314,430.0,338.0,40.0,72.0
17821,4,CAM001,112,2.028094160107386,2685,True,58c867fb-332c-46d9-8b45-c0d3caad69df,Eastbound,2026-01-28 10:29:11.508315,246.0,318.0,64.0,96.0
17820,3,CAM001,108,2.0123827896431736,2685,True,58c867fb-332c-46d9-8b45-c0d3caad69df,Eastbound,2026-01-28 10:29:11.507314,149.0,348.0,58.0,72.0
17819,2,CAM001,106,1.7565270241767705,2685,True,58c867fb-332c-46d9-8b45-c0d3caad69df,Eastbound,2026-01-28 10:29:11.505315,509.0,335.0,69.0,138.0
17818,7,CAM001,97,2.0048547306009823,2685,True,58c867fb-332c-46d9-8b45-c0d3caad69df,Eastbound,2026-01-28 10:29:11.503313,177.0,338.0,123.0,112.0
17817,5,CAM001,54,1.8119796656068186,2685,True,58c867fb-332c-46d9-8b45-c0d3caad69df,Eastbound,2026-01-28 10:29:11.501308,646.0,331.0,149.0,149.0
17816,6,CAM001,46,1.5240548779051786,2685,True,58c867fb-332c-46d9-8b45-c0d3caad69df,Eastbound,2026-01-28 10:29:11.498267,266.0,302.0,50.0,111.0
17815,2,CAM002,106,1.7886640964154257,1930,True,8b9846a8-d4ff-4584-8387-7714d0f8f8d8,Westbound,2026-01-28 10:29:09.225805,572.0,351.0,84.0,147.0
17814,1,CAM002,104,1.3580456480672847,1930,True,8b9846a8-d4ff-4584-8387-7714d0f8f8d8,Westbound,2026-01-28 10:29:09.223800,764.0,352.0,82.0,140.0
17813,5,CAM002,89,1.8357040024352278,1930,True,8b9846a8-d4ff-4584-8387-7714d0f8f8d8,Westbound,2026-01-28 10:29:09.219290,666.0,365.0,169.0,175.0
17812,6,CAM002,80,1.6752500573835936,1930,True,8b9846a8-d4ff-4584-8387-7714d0f8f8d8,Westbound,2026-01-28 10:29:09.214288,251.0,371.0,128.0,155.0
17811,4,CAM001,112,1.8772767287432859,2680,True,58c867fb-332c-46d9-8b45-c0d3caad69df,Eastbound,2026-01-28 10:29:06.582361,247.0,324.0,61.0,89.0
17810,3,CAM001,108,1.9982088116493721,2680,True,58c867fb-332c-46d9-8b45-c0d3caad69df,Eastbound,2026-01-28 10:29:06.579849,150.0,349.0,58.0,71.0
17809,6,CAM001,107,1.5069803884833046,2680,True,58c867fb-332c-46d9-8b45-c0d3caad69df,Eastbound,2026-01-28 10:29:06.578848,429.0,332.0,95.0,138.0
17808,2,CAM001,106,1.7251983987123423,2680,True,58c867fb-332c-46d9-8b45-c0d3caad69df,Eastbound,2026-01-28 10:29:06.576851,508.0,336.0,71.0,136.0
17807,7,CAM001,97,2.01361299182789,2680,True,58c867fb-332c-46d9-8b45-c0d3caad69df,Eastbound,2026-01-28 10:29:06.574849,176.0,336.0,126.0,115.0
17806,8,CAM001,83,2.02821817081535,2680,True,58c867fb-332c-46d9-8b45-c0d3caad69df,Eastbound,2026-01-28 10:29:06.572850,287.0,327.0,110.0,108.0
17805,5,CAM001,54,1.8167432902703402,2680,True,58c867fb-332c-46d9-8b45-c0d3caad69df,Eastbound,2026-01-28 10:29:06.569643,646.0,330.0,150.0,149.0
17804,2,CAM002,106,1.7157160988188929,1925,True,8b9846a8-d4ff-4584-8387-7714d0f8f8d8,Westbound,2026-01-28 10:29:04.075522,572.0,350.0,84.0,148.0
17803,9,CAM002,104,2.0332528068733313,1925,True,8b9846a8-d4ff-4584-8387-7714d0f8f8d8,Westbound,2026-01-28 10:29:04.071512,762.0,351.0,83.0,140.0
17802,5,CAM002,89,1.8412167387777925,1925,True,8b9846a8-d4ff-4584-8387-7714d0f8f8d8,Westbound,2026-01-28 10:29:04.068102,665.0,365.0,172.0,175.0
17801,6,CAM002,80,1.6708825942388132,1925,True,8b9846a8-d4ff-4584-8387-7714d0f8f8d8,Westbound,2026-01-28 10:29:04.065109,252.0,371.0,126.0,154.0
17800,6,CAM001,112,1.607393640947491,2675,True,58c867fb-332c-46d9-8b45-c0d3caad69df,Eastbound,2026-01-28 10:29:01.521576,248.0,331.0,56.0,82.0
17799,3,CAM001,108,1.9548276462461553,2675,True,58c867fb-332c-46d9-8b45-c0d3caad69df,Eastbound,2026-01-28 10:29:01.518884,150.0,350.0,56.0,69.0
17798,2,CAM001,107,1.6729757139750152,2675,True,58c867fb-332c-46d9-8b45-c0d3caad69df,Eastbound,2026-01-28 10:29:01.516888,431.0,332.0,94.0,139.0
17797,7,CAM001,97,1.9919577071874783,2675,True,58c867fb-332c-46d9-8b45-c0d3caad69df,Eastbound,2026-01-28 10:29:01.514874,176.0,335.0,125.0,114.0
17796,8,CAM001,83,1.655171286077963,2675,True,58c867fb-332c-46d9-8b45-c0d3caad69df,Eastbound,2026-01-28 10:29:01.512883,287.0,329.0,108.0,106.0
17795,5,CAM001,54,1.8181457167383952,2675,True,58c867fb-332c-46d9-8b45-c0d3caad69df,Eastbound,2026-01-28 10:29:01.510291,645.0,330.0,151.0,150.0
17794,4,CAM001,46,2.0221716892856927,2675,True,58c867fb-332c-46d9-8b45-c0d3caad69df,Eastbound,2026-01-28 10:29:01.507369,275.0,302.0,40.0,86.0
17793,2,CAM002,106,1.7428708166230633,1920,True,8b9846a8-d4ff-4584-8387-7714d0f8f8d8,Westbound,2026-01-28 10:28:58.886328,570.0,350.0,86.0,148.0
17792,9,CAM002,104,2.024482911646384,1920,True,8b9846a8-d4ff-4584-8387-7714d0f8f8d8,Westbound,2026-01-28 10:28:58.883341,764.0,352.0,81.0,136.0
17791,8,CAM002,93,1.7296267076583642,1920,True,8b9846a8-d4ff-4584-8387-7714d0f8f8d8,Westbound,2026-01-28 10:28:58.880606,375.0,381.0,116.0,161.0
17790,5,CAM002,89,1.8421329281870553,1920,True,8b9846a8-d4ff-4584-8387-7714d0f8f8d8,Westbound,2026-01-28 10:28:58.878615,665.0,364.0,178.0,175.0
17789,6,CAM002,80,1.7003668104111913,1920,True,8b9846a8-d4ff-4584-8387-7714d0f8f8d8,Westbound,2026-01-28 10:28:58.873619,253.0,370.0,124.0,155.0
17788,6,CAM001,112,1.6044208662809516,2670,True,58c867fb-332c-46d9-8b45-c0d3caad69df,Eastbound,2026-01-28 10:28:56.049616,248.0,330.0,55.0,83.0
17787,3,CAM001,108,2.024718347009003,2670,True,58c867fb-332c-46d9-8b45-c0d3caad69df,Eastbound,2026-01-28 10:28:56.048615,150.0,350.0,58.0,70.0
17786,2,CAM001,107,1.7123317407758392,2670,True,58c867fb-332c-46d9-8b45-c0d3caad69df,Eastbound,2026-01-28 10:28:56.045615,434.0,332.0,92.0,141.0
17785,7,CAM001,97,2.0021759069742298,2670,True,58c867fb-332c-46d9-8b45-c0d3caad69df,Eastbound,2026-01-28 10:28:56.043616,176.0,335.0,125.0,112.0
17784,8,CAM001,83,1.6732100657323608,2670,True,58c867fb-332c-46d9-8b45-c0d3caad69df,Eastbound,2026-01-28 10:28:56.041582,285.0,331.0,107.0,104.0
17783,5,CAM001,54,1.834009711958172,2670,True,58c867fb-332c-46d9-8b45-c0d3caad69df,Eastbound,2026-01-28 10:28:56.039582,644.0,331.0,151.0,149.0
17782,4,CAM001,46,2.015592280628337,2670,True,58c867fb-332c-46d9-8b45-c0d3caad69df,Eastbound,2026-01-28 10:28:56.036581,274.0,302.0,41.0,85.0
17781,2,CAM002,106,1.7331378672964852,1915,True,8b9846a8-d4ff-4584-8387-7714d0f8f8d8,Westbound,2026-01-28 10:28:53.083000,570.0,349.0,85.0,149.0
17780,9,CAM002,104,2.0273300601251263,1915,True,8b9846a8-d4ff-4584-8387-7714d0f8f8d8,Westbound,2026-01-28 10:28:53.081484,767.0,353.0,79.0,133.0
17779,8,CAM002,93,1.7034645386188598,1915,True,8b9846a8-d4ff-4584-8387-7714d0f8f8d8,Westbound,2026-01-28 10:28:53.079484,369.0,381.0,125.0,160.0
17778,5,CAM002,89,1.8416160339567982,1915,True,8b9846a8-d4ff-4584-8387-7714d0f8f8d8,Westbound,2026-01-28 10:28:53.076483,668.0,363.0,179.0,174.0
17777,6,CAM002,80,1.6468961504794717,1915,True,8b9846a8-d4ff-4584-8387-7714d0f8f8d8,Westbound,2026-01-28 10:28:53.071537,250.0,371.0,128.0,162.0
17776,6,CAM001,112,1.6386989170298139,2665,True,58c867fb-332c-46d9-8b45-c0d3caad69df,Eastbound,2026-01-28 10:28:50.201426,249.0,331.0,55.0,82.0
17775,3,CAM001,108,1.9853024487454736,2665,True,58c867fb-332c-46d9-8b45-c0d3caad69df,Eastbound,2026-01-28 10:28:50.199921,150.0,349.0,59.0,71.0
17774,2,CAM001,107,1.7469175388638623,2665,True,58c867fb-332c-46d9-8b45-c0d3caad69df,Eastbound,2026-01-28 10:28:50.197922,434.0,331.0,90.0,142.0
17773,7,CAM001,97,2.002021857371077,2665,True,58c867fb-332c-46d9-8b45-c0d3caad69df,Eastbound,2026-01-28 10:28:50.194920,178.0,337.0,121.0,109.0
17772,8,CAM001,83,1.700426385748928,2665,True,58c867fb-332c-46d9-8b45-c0d3caad69df,Eastbound,2026-01-28 10:28:50.192921,287.0,332.0,106.0,103.0
17771,5,CAM001,54,1.8474031922180416,2665,True,58c867fb-332c-46d9-8b45-c0d3caad69df,Eastbound,2026-01-28 10:28:50.190637,645.0,331.0,150.0,148.0
17770,4,CAM001,46,1.9448494774562315,2665,True,58c867fb-332c-46d9-8b45-c0d3caad69df,Eastbound,2026-01-28 10:28:50.187652,274.0,302.0,40.0,82.0
17769,1,CAM002,109,2.0197974485678913,1910,True,8b9846a8-d4ff-4584-8387-7714d0f8f8d8,Westbound,2026-01-28 10:28:46.726142,733.0,302.0,226.0,238.0
17768,2,CAM002,106,1.8257483316507108,1910,True,8b9846a8-d4ff-4584-8387-7714d0f8f8d8,Westbound,2026-01-28 10:28:46.723146,569.0,349.0,87.0,149.0
17767,9,CAM002,104,1.464794661191588,1910,True,8b9846a8-d4ff-4584-8387-7714d0f8f8d8,Westbound,2026-01-28 10:28:46.719527,766.0,353.0,81.0,136.0
17766,8,CAM002,93,1.7170061679311648,1910,True,8b9846a8-d4ff-4584-8387-7714d0f8f8d8,Westbound,2026-01-28 10:28:46.716550,357.0,381.0,141.0,161.0
17765,5,CAM002,89,1.8624346959257054,1910,True,8b9846a8-d4ff-4584-8387-7714d0f8f8d8,Westbound,2026-01-28 10:28:46.714530,671.0,365.0,174.0,170.0
17764,6,CAM002,80,1.6889102757958165,1910,True,8b9846a8-d4ff-4584-8387-7714d0f8f8d8,Westbound,2026-01-28 10:28:46.709928,246.0,371.0,134.0,165.0
17763,6,CAM001,112,1.6120038033130646,2660,True,58c867fb-332c-46d9-8b45-c0d3caad69df,Eastbound,2026-01-28 10:28:43.169325,248.0,330.0,56.0,83.0
17762,3,CAM001,108,2.017576977208034,2660,True,58c867fb-332c-46d9-8b45-c0d3caad69df,Eastbound,2026-01-28 10:28:43.167327,150.0,349.0,59.0,70.0
17761,9,CAM001,107,1.289736897585634,2660,True,58c867fb-332c-46d9-8b45-c0d3caad69df,Eastbound,2026-01-28 10:28:43.165339,440.0,335.0,76.0,122.0
17760,2,CAM001,106,1.777836621242785,2660,True,58c867fb-332c-46d9-8b45-c0d3caad69df,Eastbound,2026-01-28 10:28:43.164325,507.0,336.0,70.0,136.0
17759,7,CAM001,97,2.025327908517908,2660,True,58c867fb-332c-46d9-8b45-c0d3caad69df,Eastbound,2026-01-28 10:28:43.162275,176.0,335.0,124.0,112.0
17758,8,CAM001,83,1.7071580130267632,2660,True,58c867fb-332c-46d9-8b45-c0d3caad69df,Eastbound,2026-01-28 10:28:43.159746,291.0,331.0,104.0,104.0
17757,5,CAM001,54,1.8287080349908083,2660,True,58c867fb-332c-46d9-8b45-c0d3caad69df,Eastbound,2026-01-28 10:28:43.158723,646.0,331.0,149.0,149.0
17756,4,CAM001,46,1.980833341965168,2660,True,58c867fb-332c-46d9-8b45-c0d3caad69df,Eastbound,2026-01-28 10:28:43.156684,274.0,302.0,38.0,76.0
17755,2,CAM002,106,1.826774430808501,1905,True,8b9846a8-d4ff-4584-8387-7714d0f8f8d8,Westbound,2026-01-28 10:28:39.678018,569.0,348.0,86.0,150.0
17754,9,CAM002,104,1.4762397790884745,1905,True,8b9846a8-d4ff-4584-8387-7714d0f8f8d8,Westbound,2026-01-28 10:28:39.673522,763.0,352.0,84.0,141.0
17753,8,CAM002,93,1.7145933059262397,1905,True,8b9846a8-d4ff-4584-8387-7714d0f8f8d8,Westbound,2026-01-28 10:28:39.671582,348.0,382.0,145.0,140.0
17752,5,CAM002,89,1.8683638227768045,1905,True,8b9846a8-d4ff-4584-8387-7714d0f8f8d8,Westbound,2026-01-28 10:28:39.667002,670.0,366.0,173.0,171.0
17751,6,CAM002,80,1.7290225788204088,1905,True,8b9846a8-d4ff-4584-8387-7714d0f8f8d8,Westbound,2026-01-28 10:28:39.662995,248.0,371.0,129.0,158.0
17750,6,CAM001,112,1.691702892354873,2655,True,58c867fb-332c-46d9-8b45-c0d3caad69df,Eastbound,2026-01-28 10:28:36.340611,248.0,329.0,56.0,84.0
17749,3,CAM001,108,1.9496338613552875,2655,True,58c867fb-332c-46d9-8b45-c0d3caad69df,Eastbound,2026-01-28 10:28:36.338562,151.0,348.0,59.0,71.0
17748,9,CAM001,107,2.0235450577180885,2655,True,58c867fb-332c-46d9-8b45-c0d3caad69df,Eastbound,2026-01-28 10:28:36.337575,451.0,344.0,53.0,86.0
17747,2,CAM001,106,1.8277503115040887,2655,True,58c867fb-332c-46d9-8b45-c0d3caad69df,Eastbound,2026-01-28 10:28:36.335559,507.0,335.0,71.0,137.0
17746,7,CAM001,97,1.981135575355058,2655,True,58c867fb-332c-46d9-8b45-c0d3caad69df,Eastbound,2026-01-28 10:28:36.334554,176.0,334.0,124.0,113.0
17745,8,CAM001,83,1.8015329210687723,2655,True,58c867fb-332c-46d9-8b45-c0d3caad69df,Eastbound,2026-01-28 10:28:36.331593,290.0,329.0,100.0,105.0
17744,5,CAM001,54,1.8684852965449361,2655,True,58c867fb-332c-46d9-8b45-c0d3caad69df,Eastbound,2026-01-28 10:28:36.329966,647.0,331.0,148.0,149.0
17743,4,CAM001,46,1.2732465477077246,2655,True,58c867fb-332c-46d9-8b45-c0d3caad69df,Eastbound,2026-01-28 10:28:36.327977,273.0,303.0,37.0,72.0
17742,2,CAM002,106,1.8514279947623515,1900,True,8b9846a8-d4ff-4584-8387-7714d0f8f8d8,Westbound,2026-01-28 10:28:31.655499,568.0,346.0,87.0,152.0
17741,4,CAM002,104,1.2875541735075833,1900,True,8b9846a8-d4ff-4584-8387-7714d0f8f8d8,Westbound,2026-01-28 10:28:31.652529,761.0,352.0,87.0,140.0
17740,8,CAM002,93,1.8294713122063304,1900,True,8b9846a8-d4ff-4584-8387-7714d0f8f8d8,Westbound,2026-01-28 10:28:31.647902,358.0,382.0,116.0,105.0
17739,5,CAM002,89,1.8852290264118103,1900,True,8b9846a8-d4ff-4584-8387-7714d0f8f8d8,Westbound,2026-01-28 10:28:31.643898,668.0,367.0,174.0,170.0
17738,6,CAM002,80,1.7454510085603816,1900,True,8b9846a8-d4ff-4584-8387-7714d0f8f8d8,Westbound,2026-01-28 10:28:31.635317,248.0,371.0,130.0,156.0
17737,6,CAM001,112,1.7001464120187522,2650,True,58c867fb-332c-46d9-8b45-c0d3caad69df,Eastbound,2026-01-28 10:28:26.405110,248.0,329.0,55.0,84.0
17736,3,CAM001,108,2.014201084362294,2650,True,58c867fb-332c-46d9-8b45-c0d3caad69df,Eastbound,2026-01-28 10:28:26.401636,150.0,348.0,60.0,71.0
17735,9,CAM001,107,2.0246100287718933,2650,True,58c867fb-332c-46d9-8b45-c0d3caad69df,Eastbound,2026-01-28 10:28:26.398635,451.0,345.0,54.0,84.0
17734,2,CAM001,106,1.824547797939052,2650,True,58c867fb-332c-46d9-8b45-c0d3caad69df,Eastbound,2026-01-28 10:28:26.394636,507.0,335.0,71.0,137.0
17733,7,CAM001,97,2.020999432793516,2650,True,58c867fb-332c-46d9-8b45-c0d3caad69df,Eastbound,2026-01-28 10:28:26.390106,175.0,332.0,127.0,116.0
17732,8,CAM001,83,1.8061571004034453,2650,True,58c867fb-332c-46d9-8b45-c0d3caad69df,Eastbound,2026-01-28 10:28:26.388105,287.0,327.0,100.0,107.0
17731,5,CAM001,54,1.8792580261173413,2650,True,58c867fb-332c-46d9-8b45-c0d3caad69df,Eastbound,2026-01-28 10:28:26.385105,647.0,331.0,149.0,149.0
17730,4,CAM001,46,1.2718072988088558,2650,True,58c867fb-332c-46d9-8b45-c0d3caad69df,Eastbound,2026-01-28 10:28:26.380678,273.0,303.0,35.0,70.0
17729,2,CAM002,106,1.8406199604748443,1895,True,8b9846a8-d4ff-4584-8387-7714d0f8f8d8,Westbound,2026-01-28 10:28:21.217760,569.0,347.0,87.0,151.0
17728,4,CAM002,104,1.2206272210778573,1895,True,8b9846a8-d4ff-4584-8387-7714d0f8f8d8,Westbound,2026-01-28 10:28:21.214760,759.0,348.0,97.0,146.0
17727,8,CAM002,93,1.7345773669607523,1895,True,8b9846a8-d4ff-4584-8387-7714d0f8f8d8,Westbound,2026-01-28 10:28:21.210232,358.0,384.0,114.0,103.0
17726,5,CAM002,89,1.8614873443123012,1895,True,8b9846a8-d4ff-4584-8387-7714d0f8f8d8,Westbound,2026-01-28 10:28:21.206212,667.0,367.0,172.0,162.0
17725,6,CAM002,80,1.7517371703323192,1895,True,8b9846a8-d4ff-4584-8387-7714d0f8f8d8,Westbound,2026-01-28 10:28:21.202197,248.0,370.0,131.0,154.0
17724,3,CAM001,108,2.0037394321800908,2645,True,58c867fb-332c-46d9-8b45-c0d3caad69df,Eastbound,2026-01-28 10:28:16.364041,150.0,348.0,60.0,70.0
17723,6,CAM001,107,1.695846862066319,2645,True,58c867fb-332c-46d9-8b45-c0d3caad69df,Eastbound,2026-01-28 10:28:16.361968,442.0,342.0,69.0,102.0
17722,2,CAM001,106,1.8086555615235103,2645,True,58c867fb-332c-46d9-8b45-c0d3caad69df,Eastbound,2026-01-28 10:28:16.358461,504.0,331.0,74.0,140.0
17721,7,CAM001,97,1.9629644478550707,2645,True,58c867fb-332c-46d9-8b45-c0d3caad69df,Eastbound,2026-01-28 10:28:16.355461,175.0,334.0,127.0,113.0
17720,8,CAM001,83,2.0214767199046975,2645,True,58c867fb-332c-46d9-8b45-c0d3caad69df,Eastbound,2026-01-28 10:28:16.351886,286.0,328.0,99.0,106.0
17719,5,CAM001,54,1.887914420341043,2645,True,58c867fb-332c-46d9-8b45-c0d3caad69df,Eastbound,2026-01-28 10:28:16.349223,646.0,331.0,150.0,148.0
17718,4,CAM001,46,2.0136219368532737,2645,True,58c867fb-332c-46d9-8b45-c0d3caad69df,Eastbound,2026-01-28 10:28:16.343222,272.0,303.0,34.0,68.0
17717,2,CAM002,106,1.8371536297519553,1890,True,8b9846a8-d4ff-4584-8387-7714d0f8f8d8,Westbound,2026-01-28 10:28:11.454251,569.0,349.0,88.0,149.0
17716,5,CAM002,89,1.8879788477779837,1890,True,8b9846a8-d4ff-4584-8387-7714d0f8f8d8,Westbound,2026-01-28 10:28:11.450618,671.0,366.0,159.0,152.0
17715,6,CAM002,80,1.801785178775153,1890,True,8b9846a8-d4ff-4584-8387-7714d0f8f8d8,Westbound,2026-01-28 10:28:11.447666,251.0,369.0,129.0,152.0
17714,9,CAM002,78,2.0182455968686606,1890,True,8b9846a8-d4ff-4584-8387-7714d0f8f8d8,Westbound,2026-01-28 10:28:11.439045,399.0,334.0,375.0,206.0
17713,3,CAM001,108,2.0300123059378765,2640,True,58c867fb-332c-46d9-8b45-c0d3caad69df,Eastbound,2026-01-28 10:28:06.745854,152.0,347.0,59.0,71.0
17712,6,CAM001,107,1.7739043117824438,2640,True,58c867fb-332c-46d9-8b45-c0d3caad69df,Eastbound,2026-01-28 10:28:06.741836,428.0,336.0,91.0,135.0
17711,2,CAM001,106,1.810279591411847,2640,True,58c867fb-332c-46d9-8b45-c0d3caad69df,Eastbound,2026-01-28 10:28:06.739329,499.0,320.0,78.0,150.0
17710,7,CAM001,97,2.0199524790151115,2640,True,58c867fb-332c-46d9-8b45-c0d3caad69df,Eastbound,2026-01-28 10:28:06.736335,177.0,337.0,122.0,109.0
17709,8,CAM001,83,2.030820119176832,2640,True,58c867fb-332c-46d9-8b45-c0d3caad69df,Eastbound,2026-01-28 10:28:06.728696,287.0,329.0,97.0,105.0
17708,5,CAM001,54,1.88895173767901,2640,True,58c867fb-332c-46d9-8b45-c0d3caad69df,Eastbound,2026-01-28 10:28:06.725738,646.0,331.0,150.0,149.0
17707,4,CAM001,46,1.9194031522013353,2640,True,58c867fb-332c-46d9-8b45-c0d3caad69df,Eastbound,2026-01-28 10:28:06.715103,268.0,303.0,40.0,83.0
17706,2,CAM002,106,1.8111943174402476,1885,True,8b9846a8-d4ff-4584-8387-7714d0f8f8d8,Westbound,2026-01-28 10:28:02.020439,567.0,347.0,90.0,150.0
17705,5,CAM002,89,1.8748752260817236,1885,True,8b9846a8-d4ff-4584-8387-7714d0f8f8d8,Westbound,2026-01-28 10:28:02.017440,667.0,365.0,163.0,157.0
17704,4,CAM002,80,1.737230204829883,1885,True,8b9846a8-d4ff-4584-8387-7714d0f8f8d8,Westbound,2026-01-28 10:28:02.011518,251.0,369.0,129.0,156.0
17703,3,CAM001,108,2.015239180531806,2635,True,58c867fb-332c-46d9-8b45-c0d3caad69df,Eastbound,2026-01-28 10:27:57.968813,153.0,348.0,57.0,70.0
17702,6,CAM001,107,1.6596165115327204,2635,True,58c867fb-332c-46d9-8b45-c0d3caad69df,Eastbound,2026-01-28 10:27:57.965850,423.0,334.0,95.0,137.0
17701,2,CAM001,106,1.7129949597247633,2635,True,58c867fb-332c-46d9-8b45-c0d3caad69df,Eastbound,2026-01-28 10:27:57.962804,501.0,320.0,76.0,150.0
17700,7,CAM001,97,1.981036727948213,2635,True,58c867fb-332c-46d9-8b45-c0d3caad69df,Eastbound,2026-01-28 10:27:57.960235,178.0,337.0,120.0,109.0
17699,8,CAM001,83,2.017268700852998,2635,True,58c867fb-332c-46d9-8b45-c0d3caad69df,Eastbound,2026-01-28 10:27:57.956718,287.0,328.0,97.0,106.0
17698,5,CAM001,54,1.8789231528571606,2635,True,58c867fb-332c-46d9-8b45-c0d3caad69df,Eastbound,2026-01-28 10:27:57.954720,644.0,331.0,152.0,149.0
17697,4,CAM001,46,1.7201154461860162,2635,True,58c867fb-332c-46d9-8b45-c0d3caad69df,Eastbound,2026-01-28 10:27:57.946108,258.0,302.0,58.0,109.0
17696,2,CAM002,106,1.8407873503934034,1880,True,8b9846a8-d4ff-4584-8387-7714d0f8f8d8,Westbound,2026-01-28 10:27:53.724996,565.0,346.0,90.0,149.0
17695,6,CAM002,104,1.4165584653778953,1880,True,8b9846a8-d4ff-4584-8387-7714d0f8f8d8,Westbound,2026-01-28 10:27:53.720434,787.0,299.0,165.0,243.0
17694,5,CAM002,89,1.869117391121908,1880,True,8b9846a8-d4ff-4584-8387-7714d0f8f8d8,Westbound,2026-01-28 10:27:53.718436,659.0,367.0,167.0,164.0
17693,4,CAM002,80,1.770186629265019,1880,True,8b9846a8-d4ff-4584-8387-7714d0f8f8d8,Westbound,2026-01-28 10:27:53.709891,249.0,369.0,133.0,161.0
17692,3,CAM001,108,1.9253487413781056,2630,True,58c867fb-332c-46d9-8b45-c0d3caad69df,Eastbound,2026-01-28 10:27:48.779078,153.0,349.0,54.0,71.0
17691,6,CAM001,107,1.303236928536067,2630,True,58c867fb-332c-46d9-8b45-c0d3caad69df,Eastbound,2026-01-28 10:27:48.775835,433.0,335.0,78.0,121.0
17690,2,CAM001,106,1.7750051423317261,2630,True,58c867fb-332c-46d9-8b45-c0d3caad69df,Eastbound,2026-01-28 10:27:48.771727,510.0,336.0,69.0,137.0
17689,7,CAM001,97,1.9842189524476723,2630,True,58c867fb-332c-46d9-8b45-c0d3caad69df,Eastbound,2026-01-28 10:27:48.769316,178.0,337.0,120.0,111.0
17688,8,CAM001,83,2.013959156042694,2630,True,58c867fb-332c-46d9-8b45-c0d3caad69df,Eastbound,2026-01-28 10:27:48.765932,286.0,326.0,99.0,109.0
17687,5,CAM001,54,1.8883098033757915,2630,True,58c867fb-332c-46d9-8b45-c0d3caad69df,Eastbound,2026-01-28 10:27:48.762898,644.0,331.0,151.0,148.0
17686,4,CAM001,46,1.6311232513053153,2630,True,58c867fb-332c-46d9-8b45-c0d3caad69df,Eastbound,2026-01-28 10:27:48.757573,251.0,312.0,64.0,100.0
17685,2,CAM002,106,1.8557400706245042,1875,True,8b9846a8-d4ff-4584-8387-7714d0f8f8d8,Westbound,2026-01-28 10:27:43.931759,567.0,348.0,90.0,147.0
17684,6,CAM002,104,1.320666502861486,1875,True,8b9846a8-d4ff-4584-8387-7714d0f8f8d8,Westbound,2026-01-28 10:27:43.928193,782.0,321.0,121.0,202.0
17683,5,CAM002,89,1.8730623945274762,1875,True,8b9846a8-d4ff-4584-8387-7714d0f8f8d8,Westbound,2026-01-28 10:27:43.924190,651.0,367.0,173.0,168.0
17682,4,CAM002,80,1.7292913830113252,1875,True,8b9846a8-d4ff-4584-8387-7714d0f8f8d8,Westbound,2026-01-28 10:27:43.920656,249.0,370.0,133.0,160.0
17681,3,CAM001,108,2.01701034674503,2625,True,58c867fb-332c-46d9-8b45-c0d3caad69df,Eastbound,2026-01-28 10:27:39.378077,150.0,349.0,56.0,73.0
17680,6,CAM001,107,1.5321253593811528,2625,True,58c867fb-332c-46d9-8b45-c0d3caad69df,Eastbound,2026-01-28 10:27:39.375111,452.0,345.0,55.0,84.0
17679,2,CAM001,106,1.7771459166927224,2625,True,58c867fb-332c-46d9-8b45-c0d3caad69df,Eastbound,2026-01-28 10:27:39.372067,510.0,336.0,69.0,137.0
17678,7,CAM001,97,1.9930659734433889,2625,True,58c867fb-332c-46d9-8b45-c0d3caad69df,Eastbound,2026-01-28 10:27:39.369502,177.0,332.0,123.0,114.0
17677,8,CAM001,83,1.7581357934166728,2625,True,58c867fb-332c-46d9-8b45-c0d3caad69df,Eastbound,2026-01-28 10:27:39.367503,285.0,327.0,100.0,108.0
17676,5,CAM001,54,1.880404032265885,2625,True,58c867fb-332c-46d9-8b45-c0d3caad69df,Eastbound,2026-01-28 10:27:39.364509,644.0,331.0,152.0,149.0
17675,4,CAM001,46,1.669699473818602,2625,True,58c867fb-332c-46d9-8b45-c0d3caad69df,Eastbound,2026-01-28 10:27:39.359917,249.0,329.0,56.0,84.0
17674,2,CAM002,106,1.8597054326670692,1870,True,8b9846a8-d4ff-4584-8387-7714d0f8f8d8,Westbound,2026-01-28 10:27:34.753462,567.0,349.0,88.0,146.0
17673,6,CAM002,104,1.5817506381760644,1870,True,8b9846a8-d4ff-4584-8387-7714d0f8f8d8,Westbound,2026-01-28 10:27:34.749939,762.0,351.0,84.0,143.0
17672,8,CAM002,93,1.8310285324252278,1870,True,8b9846a8-d4ff-4584-8387-7714d0f8f8d8,Westbound,2026-01-28 10:27:34.746990,360.0,386.0,104.0,95.0
17671,5,CAM002,89,1.8677729984047626,1870,True,8b9846a8-d4ff-4584-8387-7714d0f8f8d8,Westbound,2026-01-28 10:27:34.743939,660.0,368.0,167.0,169.0
17670,4,CAM002,80,1.732762065659948,1870,True,8b9846a8-d4ff-4584-8387-7714d0f8f8d8,Westbound,2026-01-28 10:27:34.740393,248.0,371.0,132.0,157.0
17669,3,CAM001,108,2.007511218438655,2620,True,58c867fb-332c-46d9-8b45-c0d3caad69df,Eastbound,2026-01-28 10:27:29.743595,150.0,349.0,56.0,72.0
17668,6,CAM001,107,1.52381164884452,2620,True,58c867fb-332c-46d9-8b45-c0d3caad69df,Eastbound,2026-01-28 10:27:29.738962,452.0,345.0,54.0,83.0
17667,2,CAM001,106,1.815326856457873,2620,True,58c867fb-332c-46d9-8b45-c0d3caad69df,Eastbound,2026-01-28 10:27:29.735857,510.0,336.0,69.0,137.0
17666,7,CAM001,97,1.9872167692532732,2620,True,58c867fb-332c-46d9-8b45-c0d3caad69df,Eastbound,2026-01-28 10:27:29.728508,177.0,331.0,124.0,115.0
17665,8,CAM001,83,1.8127887998071348,2620,True,58c867fb-332c-46d9-8b45-c0d3caad69df,Eastbound,2026-01-28 10:27:29.725508,286.0,328.0,98.0,107.0
17664,5,CAM001,54,1.864487892183719,2620,True,58c867fb-332c-46d9-8b45-c0d3caad69df,Eastbound,2026-01-28 10:27:29.722508,643.0,331.0,152.0,149.0
17663,4,CAM001,46,1.6675799782913803,2620,True,58c867fb-332c-46d9-8b45-c0d3caad69df,Eastbound,2026-01-28 10:27:29.710375,251.0,329.0,56.0,83.0
17662,2,CAM002,106,1.8409112947432482,1865,True,8b9846a8-d4ff-4584-8387-7714d0f8f8d8,Westbound,2026-01-28 10:27:25.030633,568.0,350.0,86.0,146.0
17661,6,CAM002,104,1.4697887132126246,1865,True,8b9846a8-d4ff-4584-8387-7714d0f8f8d8,Westbound,2026-01-28 10:27:25.026571,764.0,351.0,81.0,138.0
17660,8,CAM002,93,1.8296751726316556,1865,True,8b9846a8-d4ff-4584-8387-7714d0f8f8d8,Westbound,2026-01-28 10:27:25.023555,360.0,385.0,105.0,97.0
17659,5,CAM002,89,1.8591302966640204,1865,True,8b9846a8-d4ff-4584-8387-7714d0f8f8d8,Westbound,2026-01-28 10:27:25.020007,668.0,367.0,172.0,172.0
17658,4,CAM002,80,1.7574205644654435,1865,True,8b9846a8-d4ff-4584-8387-7714d0f8f8d8,Westbound,2026-01-28 10:27:25.012993,249.0,371.0,127.0,150.0
17657,3,CAM001,108,2.020036923079034,2615,True,58c867fb-332c-46d9-8b45-c0d3caad69df,Eastbound,2026-01-28 10:27:20.362956,151.0,348.0,55.0,71.0
17656,6,CAM001,107,2.001815213162929,2615,True,58c867fb-332c-46d9-8b45-c0d3caad69df,Eastbound,2026-01-28 10:27:20.359316,452.0,345.0,54.0,83.0
17655,2,CAM001,106,1.8266979810836719,2615,True,58c867fb-332c-46d9-8b45-c0d3caad69df,Eastbound,2026-01-28 10:27:20.356317,509.0,336.0,69.0,137.0
17654,7,CAM001,97,2.0037797443340954,2615,True,58c867fb-332c-46d9-8b45-c0d3caad69df,Eastbound,2026-01-28 10:27:20.352299,177.0,331.0,125.0,116.0
17653,8,CAM001,83,1.818259207353093,2615,True,58c867fb-332c-46d9-8b45-c0d3caad69df,Eastbound,2026-01-28 10:27:20.349578,286.0,328.0,98.0,107.0
17652,5,CAM001,54,1.8579318590450644,2615,True,58c867fb-332c-46d9-8b45-c0d3caad69df,Eastbound,2026-01-28 10:27:20.346680,644.0,331.0,151.0,149.0
17651,4,CAM001,46,1.705471752456135,2615,True,58c867fb-332c-46d9-8b45-c0d3caad69df,Eastbound,2026-01-28 10:27:20.343628,254.0,330.0,55.0,82.0
17650,2,CAM002,106,1.8364734935358966,1860,True,8b9846a8-d4ff-4584-8387-7714d0f8f8d8,Westbound,2026-01-28 10:27:15.532534,570.0,350.0,86.0,148.0
17649,8,CAM002,93,1.8206100123553308,1860,True,8b9846a8-d4ff-4584-8387-7714d0f8f8d8,Westbound,2026-01-28 10:27:15.529982,360.0,385.0,107.0,99.0
17648,5,CAM002,89,1.8527614146476878,1860,True,8b9846a8-d4ff-4584-8387-7714d0f8f8d8,Westbound,2026-01-28 10:27:15.527015,675.0,367.0,176.0,172.0
17647,4,CAM002,80,1.7582694772603404,1860,True,8b9846a8-d4ff-4584-8387-7714d0f8f8d8,Westbound,2026-01-28 10:27:15.522979,250.0,371.0,126.0,150.0
17646,3,CAM001,108,1.9724332745977857,2610,True,58c867fb-332c-46d9-8b45-c0d3caad69df,Eastbound,2026-01-28 10:27:11.752719,150.0,348.0,56.0,73.0
17645,6,CAM001,107,2.0056708528737026,2610,True,58c867fb-332c-46d9-8b45-c0d3caad69df,Eastbound,2026-01-28 10:27:11.750209,452.0,345.0,54.0,83.0
17644,2,CAM001,106,1.8213526905815212,2610,True,58c867fb-332c-46d9-8b45-c0d3caad69df,Eastbound,2026-01-28 10:27:11.747209,509.0,336.0,69.0,137.0
17643,7,CAM001,97,1.9910120916075111,2610,True,58c867fb-332c-46d9-8b45-c0d3caad69df,Eastbound,2026-01-28 10:27:11.744209,178.0,331.0,123.0,115.0
17642,8,CAM001,83,1.817174825253479,2610,True,58c867fb-332c-46d9-8b45-c0d3caad69df,Eastbound,2026-01-28 10:27:11.740587,286.0,328.0,98.0,107.0
17641,5,CAM001,54,1.8487198042369106,2610,True,58c867fb-332c-46d9-8b45-c0d3caad69df,Eastbound,2026-01-28 10:27:11.738073,645.0,330.0,150.0,150.0
17640,4,CAM001,46,1.6739607502482776,2610,True,58c867fb-332c-46d9-8b45-c0d3caad69df,Eastbound,2026-01-28 10:27:11.720619,255.0,331.0,55.0,81.0
17639,2,CAM002,106,1.8361081491656317,1855,True,8b9846a8-d4ff-4584-8387-7714d0f8f8d8,Westbound,2026-01-28 10:27:07.392886,571.0,349.0,87.0,149.0
17638,8,CAM002,93,1.8272533547482992,1855,True,8b9846a8-d4ff-4584-8387-7714d0f8f8d8,Westbound,2026-01-28 10:27:07.390359,360.0,386.0,103.0,97.0
17637,5,CAM002,89,1.8342388058020362,1855,True,8b9846a8-d4ff-4584-8387-7714d0f8f8d8,Westbound,2026-01-28 10:27:07.386348,679.0,368.0,159.0,151.0
17636,4,CAM002,80,1.7450981714578002,1855,True,8b9846a8-d4ff-4584-8387-7714d0f8f8d8,Westbound,2026-01-28 10:27:07.382342,250.0,371.0,127.0,150.0
17635,3,CAM001,108,1.9473297864343078,2605,True,58c867fb-332c-46d9-8b45-c0d3caad69df,Eastbound,2026-01-28 10:27:03.132979,149.0,348.0,57.0,74.0
17634,6,CAM001,107,1.537387605883862,2605,True,58c867fb-332c-46d9-8b45-c0d3caad69df,Eastbound,2026-01-28 10:27:03.130427,452.0,345.0,54.0,84.0
17633,2,CAM001,106,1.7801157700325576,2605,True,58c867fb-332c-46d9-8b45-c0d3caad69df,Eastbound,2026-01-28 10:27:03.128385,509.0,336.0,69.0,136.0
17632,7,CAM001,97,2.0094291243437015,2605,True,58c867fb-332c-46d9-8b45-c0d3caad69df,Eastbound,2026-01-28 10:27:03.125387,178.0,331.0,123.0,114.0
17631,8,CAM001,83,1.8167891512955778,2605,True,58c867fb-332c-46d9-8b45-c0d3caad69df,Eastbound,2026-01-28 10:27:03.123426,286.0,327.0,98.0,108.0
17630,5,CAM001,54,1.9030630942765543,2605,True,58c867fb-332c-46d9-8b45-c0d3caad69df,Eastbound,2026-01-28 10:27:03.119790,645.0,330.0,151.0,150.0
17629,4,CAM001,46,1.7086521863532695,2605,True,58c867fb-332c-46d9-8b45-c0d3caad69df,Eastbound,2026-01-28 10:27:03.116826,255.0,330.0,57.0,82.0
17628,2,CAM002,106,1.8127304870723946,1850,True,8b9846a8-d4ff-4584-8387-7714d0f8f8d8,Westbound,2026-01-28 10:26:58.590418,571.0,345.0,88.0,150.0
17627,6,CAM002,104,1.459691453672263,1850,True,8b9846a8-d4ff-4584-8387-7714d0f8f8d8,Westbound,2026-01-28 10:26:58.584416,774.0,353.0,67.0,114.0
17626,8,CAM002,93,1.7933626410391958,1850,True,8b9846a8-d4ff-4584-8387-7714d0f8f8d8,Westbound,2026-01-28 10:26:58.580939,364.0,385.0,98.0,97.0
17625,5,CAM002,89,1.820449069507455,1850,True,8b9846a8-d4ff-4584-8387-7714d0f8f8d8,Westbound,2026-01-28 10:26:58.574921,685.0,370.0,136.0,130.0
17624,4,CAM002,80,1.7206820084651069,1850,True,8b9846a8-d4ff-4584-8387-7714d0f8f8d8,Westbound,2026-01-28 10:26:58.558879,253.0,371.0,121.0,145.0
17623,9,CAM002,78,1.9903335409603216,1850,True,8b9846a8-d4ff-4584-8387-7714d0f8f8d8,Westbound,2026-01-28 10:26:58.537920,391.0,341.0,373.0,199.0
17622,3,CAM001,108,2.0320054649329156,2600,True,58c867fb-332c-46d9-8b45-c0d3caad69df,Eastbound,2026-01-28 10:26:55.194872,150.0,347.0,58.0,73.0
17621,6,CAM001,107,1.4644676157622254,2600,True,58c867fb-332c-46d9-8b45-c0d3caad69df,Eastbound,2026-01-28 10:26:55.192868,452.0,345.0,54.0,85.0
17620,2,CAM001,106,1.7560207906027305,2600,True,58c867fb-332c-46d9-8b45-c0d3caad69df,Eastbound,2026-01-28 10:26:55.190784,509.0,336.0,69.0,136.0
17619,7,CAM001,97,2.0189585318953323,2600,True,58c867fb-332c-46d9-8b45-c0d3caad69df,Eastbound,2026-01-28 10:26:55.188786,177.0,332.0,125.0,116.0
17618,8,CAM001,83,1.7870042470078011,2600,True,58c867fb-332c-46d9-8b45-c0d3caad69df,Eastbound,2026-01-28 10:26:55.186784,285.0,327.0,99.0,108.0
17617,5,CAM001,54,1.8465850263967445,2600,True,58c867fb-332c-46d9-8b45-c0d3caad69df,Eastbound,2026-01-28 10:26:55.184784,645.0,330.0,151.0,150.0
17616,4,CAM001,46,1.6828016819560565,2600,True,58c867fb-332c-46d9-8b45-c0d3caad69df,Eastbound,2026-01-28 10:26:55.182779,256.0,331.0,57.0,81.0
17615,2,CAM002,106,1.7895483812502113,1845,True,8b9846a8-d4ff-4584-8387-7714d0f8f8d8,Westbound,2026-01-28 10:26:52.051456,572.0,346.0,89.0,149.0
17614,6,CAM002,104,1.3466526627852524,1845,True,8b9846a8-d4ff-4584-8387-7714d0f8f8d8,Westbound,2026-01-28 10:26:52.049457,774.0,352.0,67.0,116.0
17613,8,CAM002,93,1.7210720339534922,1845,True,8b9846a8-d4ff-4584-8387-7714d0f8f8d8,Westbound,2026-01-28 10:26:52.047455,362.0,385.0,104.0,110.0
17612,5,CAM002,89,1.801520838529841,1845,True,8b9846a8-d4ff-4584-8387-7714d0f8f8d8,Westbound,2026-01-28 10:26:52.045455,685.0,368.0,160.0,157.0
17611,4,CAM002,80,1.6515342533332125,1845,True,8b9846a8-d4ff-4584-8387-7714d0f8f8d8,Westbound,2026-01-28 10:26:52.043464,253.0,371.0,122.0,153.0
17610,9,CAM002,78,1.9712194337773328,1845,True,8b9846a8-d4ff-4584-8387-7714d0f8f8d8,Westbound,2026-01-28 10:26:52.039946,392.0,341.0,370.0,199.0
17609,3,CAM001,108,1.975922081612386,2595,True,58c867fb-332c-46d9-8b45-c0d3caad69df,Eastbound,2026-01-28 10:26:49.292940,150.0,348.0,58.0,73.0
17608,6,CAM001,107,2.0356713156984805,2595,True,58c867fb-332c-46d9-8b45-c0d3caad69df,Eastbound,2026-01-28 10:26:49.290891,452.0,344.0,55.0,86.0
17607,2,CAM001,106,1.7278966009700751,2595,True,58c867fb-332c-46d9-8b45-c0d3caad69df,Eastbound,2026-01-28 10:26:49.288892,509.0,335.0,69.0,138.0
17606,7,CAM001,97,1.9613291178880974,2595,True,58c867fb-332c-46d9-8b45-c0d3caad69df,Eastbound,2026-01-28 10:26:49.286891,178.0,335.0,123.0,115.0
17605,8,CAM001,83,1.712559167229055,2595,True,58c867fb-332c-46d9-8b45-c0d3caad69df,Eastbound,2026-01-28 10:26:49.283893,286.0,327.0,97.0,109.0
17604,5,CAM001,54,1.8100882480530802,2595,True,58c867fb-332c-46d9-8b45-c0d3caad69df,Eastbound,2026-01-28 10:26:49.282890,645.0,330.0,151.0,150.0
17603,4,CAM001,46,1.593797917946406,2595,True,58c867fb-332c-46d9-8b45-c0d3caad69df,Eastbound,2026-01-28 10:26:49.279756,255.0,329.0,58.0,81.0
17602,2,CAM002,106,1.8200490608065807,1840,True,8b9846a8-d4ff-4584-8387-7714d0f8f8d8,Westbound,2026-01-28 10:26:46.627399,569.0,347.0,93.0,147.0
17601,8,CAM002,93,1.7543291989869667,1840,True,8b9846a8-d4ff-4584-8387-7714d0f8f8d8,Westbound,2026-01-28 10:26:46.626400,358.0,385.0,111.0,118.0
17600,5,CAM002,89,1.8399193059477068,1840,True,8b9846a8-d4ff-4584-8387-7714d0f8f8d8,Westbound,2026-01-28 10:26:46.624399,682.0,367.0,167.0,164.0
17599,4,CAM002,80,1.6786943900372577,1840,True,8b9846a8-d4ff-4584-8387-7714d0f8f8d8,Westbound,2026-01-28 10:26:46.622399,246.0,371.0,135.0,167.0
17598,9,CAM002,78,1.9395447479197383,1840,True,8b9846a8-d4ff-4584-8387-7714d0f8f8d8,Westbound,2026-01-28 10:26:46.617898,389.0,341.0,368.0,199.0
17597,3,CAM001,108,2.0102501885278166,2590,True,58c867fb-332c-46d9-8b45-c0d3caad69df,Eastbound,2026-01-28 10:26:43.741649,151.0,349.0,57.0,73.0
17596,6,CAM001,107,1.4236166576289393,2590,True,58c867fb-332c-46d9-8b45-c0d3caad69df,Eastbound,2026-01-28 10:26:43.738650,452.0,344.0,55.0,86.0
17595,2,CAM001,106,1.7210318620343064,2590,True,58c867fb-332c-46d9-8b45-c0d3caad69df,Eastbound,2026-01-28 10:26:43.737649,508.0,335.0,70.0,138.0
17594,7,CAM001,97,1.986809218160581,2590,True,58c867fb-332c-46d9-8b45-c0d3caad69df,Eastbound,2026-01-28 10:26:43.735649,178.0,337.0,123.0,115.0
17593,8,CAM001,83,1.7549147236512677,2590,True,58c867fb-332c-46d9-8b45-c0d3caad69df,Eastbound,2026-01-28 10:26:43.733650,286.0,327.0,99.0,110.0
17592,5,CAM001,54,1.7946878501413415,2590,True,58c867fb-332c-46d9-8b45-c0d3caad69df,Eastbound,2026-01-28 10:26:43.731644,644.0,330.0,152.0,150.0
17591,4,CAM001,46,1.561002542699347,2590,True,58c867fb-332c-46d9-8b45-c0d3caad69df,Eastbound,2026-01-28 10:26:43.727176,254.0,330.0,58.0,80.0
17590,2,CAM002,106,1.705060404697921,1835,True,8b9846a8-d4ff-4584-8387-7714d0f8f8d8,Westbound,2026-01-28 10:26:40.813138,566.0,347.0,100.0,144.0
17589,6,CAM002,104,1.4571532091957715,1835,True,8b9846a8-d4ff-4584-8387-7714d0f8f8d8,Westbound,2026-01-28 10:26:40.809852,772.0,350.0,73.0,129.0
17588,8,CAM002,93,1.7300448652139702,1835,True,8b9846a8-d4ff-4584-8387-7714d0f8f8d8,Westbound,2026-01-28 10:26:40.806852,365.0,386.0,98.0,116.0
17587,5,CAM002,89,1.8204306085922317,1835,True,8b9846a8-d4ff-4584-8387-7714d0f8f8d8,Westbound,2026-01-28 10:26:40.803853,679.0,368.0,166.0,162.0
17586,4,CAM002,80,1.6528912288852984,1835,True,8b9846a8-d4ff-4584-8387-7714d0f8f8d8,Westbound,2026-01-28 10:26:40.802848,245.0,371.0,137.0,164.0
17585,9,CAM002,78,2.0280974579940154,1835,True,8b9846a8-d4ff-4584-8387-7714d0f8f8d8,Westbound,2026-01-28 10:26:40.798774,395.0,341.0,369.0,199.0
17584,3,CAM001,108,2.0215761988517764,2585,True,58c867fb-332c-46d9-8b45-c0d3caad69df,Eastbound,2026-01-28 10:26:37.916349,151.0,349.0,56.0,72.0
17583,6,CAM001,107,1.2595311932447006,2585,True,58c867fb-332c-46d9-8b45-c0d3caad69df,Eastbound,2026-01-28 10:26:37.915348,453.0,344.0,55.0,87.0
17582,2,CAM001,106,1.5364025288223406,2585,True,58c867fb-332c-46d9-8b45-c0d3caad69df,Eastbound,2026-01-28 10:26:37.912343,508.0,336.0,70.0,136.0
17581,7,CAM001,97,2.0117402006767398,2585,True,58c867fb-332c-46d9-8b45-c0d3caad69df,Eastbound,2026-01-28 10:26:37.909839,177.0,336.0,124.0,116.0
17580,8,CAM001,83,1.6018522795526624,2585,True,58c867fb-332c-46d9-8b45-c0d3caad69df,Eastbound,2026-01-28 10:26:37.908838,285.0,327.0,100.0,109.0
17579,5,CAM001,54,1.782316559095286,2585,True,58c867fb-332c-46d9-8b45-c0d3caad69df,Eastbound,2026-01-28 10:26:37.906839,643.0,330.0,154.0,150.0
17578,4,CAM001,46,1.5153899402617195,2585,True,58c867fb-332c-46d9-8b45-c0d3caad69df,Eastbound,2026-01-28 10:26:37.902858,255.0,330.0,58.0,80.0
17577,2,CAM002,106,1.993512151628012,1830,True,8b9846a8-d4ff-4584-8387-7714d0f8f8d8,Westbound,2026-01-28 10:26:35.399521,576.0,345.0,103.0,143.0
17576,6,CAM002,104,1.9753029472987562,1830,True,8b9846a8-d4ff-4584-8387-7714d0f8f8d8,Westbound,2026-01-28 10:26:35.397321,774.0,351.0,70.0,124.0
17575,8,CAM002,93,1.5597580859618272,1830,True,8b9846a8-d4ff-4584-8387-7714d0f8f8d8,Westbound,2026-01-28 10:26:35.395323,362.0,383.0,118.0,152.0
17574,5,CAM002,89,1.8192122296234965,1830,True,8b9846a8-d4ff-4584-8387-7714d0f8f8d8,Westbound,2026-01-28 10:26:35.390801,677.0,369.0,164.0,156.0
17573,4,CAM002,80,1.6834266212211106,1830,True,8b9846a8-d4ff-4584-8387-7714d0f8f8d8,Westbound,2026-01-28 10:26:35.387799,248.0,370.0,131.0,155.0
17572,9,CAM002,78,1.935915055995921,1830,True,8b9846a8-d4ff-4584-8387-7714d0f8f8d8,Westbound,2026-01-28 10:26:35.384799,392.0,339.0,371.0,201.0
17571,3,CAM001,108,2.0221260162432237,2580,True,58c867fb-332c-46d9-8b45-c0d3caad69df,Eastbound,2026-01-28 10:26:33.109865,151.0,349.0,56.0,71.0
17570,7,CAM001,97,2.000766255310766,2580,True,58c867fb-332c-46d9-8b45-c0d3caad69df,Eastbound,2026-01-28 10:26:33.107866,179.0,335.0,119.0,113.0
17569,8,CAM001,83,2.0085686113322603,2580,True,58c867fb-332c-46d9-8b45-c0d3caad69df,Eastbound,2026-01-28 10:26:33.105865,285.0,327.0,98.0,107.0
17568,5,CAM001,54,1.7782699513609765,2580,True,58c867fb-332c-46d9-8b45-c0d3caad69df,Eastbound,2026-01-28 10:26:33.102865,643.0,330.0,154.0,150.0
17567,4,CAM001,46,1.5167672536546952,2580,True,58c867fb-332c-46d9-8b45-c0d3caad69df,Eastbound,2026-01-28 10:26:33.098357,255.0,331.0,58.0,80.0
17566,2,CAM002,106,1.512468380208803,1825,True,8b9846a8-d4ff-4584-8387-7714d0f8f8d8,Westbound,2026-01-28 10:26:31.260788,558.0,348.0,113.0,143.0
17565,6,CAM002,104,1.284703591692067,1825,True,8b9846a8-d4ff-4584-8387-7714d0f8f8d8,Westbound,2026-01-28 10:26:31.259794,778.0,352.0,62.0,117.0
17564,5,CAM002,89,1.7783125310097851,1825,True,8b9846a8-d4ff-4584-8387-7714d0f8f8d8,Westbound,2026-01-28 10:26:31.256789,681.0,369.0,165.0,157.0
17563,4,CAM002,80,1.6495207130336003,1825,True,8b9846a8-d4ff-4584-8387-7714d0f8f8d8,Westbound,2026-01-28 10:26:31.251961,249.0,369.0,131.0,153.0
17562,3,CAM001,108,2.035911285172421,2575,True,58c867fb-332c-46d9-8b45-c0d3caad69df,Eastbound,2026-01-28 10:26:29.047628,150.0,349.0,56.0,72.0
17561,6,CAM001,107,2.0303471886987277,2575,True,58c867fb-332c-46d9-8b45-c0d3caad69df,Eastbound,2026-01-28 10:26:29.046627,454.0,344.0,56.0,88.0
17560,2,CAM001,106,2.0404705881227074,2575,True,58c867fb-332c-46d9-8b45-c0d3caad69df,Eastbound,2026-01-28 10:26:29.044627,509.0,336.0,68.0,135.0
17559,7,CAM001,97,2.0241627637014723,2575,True,58c867fb-332c-46d9-8b45-c0d3caad69df,Eastbound,2026-01-28 10:26:29.043628,183.0,335.0,112.0,112.0
17558,8,CAM001,83,2.0234585363007396,2575,True,58c867fb-332c-46d9-8b45-c0d3caad69df,Eastbound,2026-01-28 10:26:29.040118,286.0,326.0,97.0,109.0
17557,5,CAM001,54,1.790232604270182,2575,True,58c867fb-332c-46d9-8b45-c0d3caad69df,Eastbound,2026-01-28 10:26:29.039117,643.0,330.0,154.0,150.0
17556,4,CAM001,46,1.6035379665848535,2575,True,58c867fb-332c-46d9-8b45-c0d3caad69df,Eastbound,2026-01-28 10:26:29.035116,254.0,332.0,58.0,81.0
17555,5,CAM002,89,1.7953350957584921,1820,True,8b9846a8-d4ff-4584-8387-7714d0f8f8d8,Westbound,2026-01-28 10:26:26.683638,675.0,369.0,177.0,168.0
17554,4,CAM002,80,1.6888985128155043,1820,True,8b9846a8-d4ff-4584-8387-7714d0f8f8d8,Westbound,2026-01-28 10:26:26.681633,251.0,369.0,127.0,151.0
17553,9,CAM002,78,2.013921567541685,1820,True,8b9846a8-d4ff-4584-8387-7714d0f8f8d8,Westbound,2026-01-28 10:26:26.679129,396.0,340.0,373.0,200.0
17552,3,CAM001,108,2.0092504829796654,2570,True,58c867fb-332c-46d9-8b45-c0d3caad69df,Eastbound,2026-01-28 10:26:24.414598,151.0,349.0,56.0,71.0
17551,6,CAM001,107,1.6326899561784258,2570,True,58c867fb-332c-46d9-8b45-c0d3caad69df,Eastbound,2026-01-28 10:26:24.413597,455.0,344.0,55.0,88.0
17550,2,CAM001,106,1.9552210473124778,2570,True,58c867fb-332c-46d9-8b45-c0d3caad69df,Eastbound,2026-01-28 10:26:24.411592,509.0,336.0,68.0,136.0
17549,7,CAM001,97,1.9287905064143598,2570,True,58c867fb-332c-46d9-8b45-c0d3caad69df,Eastbound,2026-01-28 10:26:24.410088,182.0,324.0,117.0,124.0
17548,8,CAM001,83,2.0231772342740797,2570,True,58c867fb-332c-46d9-8b45-c0d3caad69df,Eastbound,2026-01-28 10:26:24.408089,286.0,324.0,98.0,111.0
17547,5,CAM001,54,1.730958278642703,2570,True,58c867fb-332c-46d9-8b45-c0d3caad69df,Eastbound,2026-01-28 10:26:24.407088,643.0,330.0,154.0,150.0
17546,4,CAM001,46,1.5186841233569495,2570,True,58c867fb-332c-46d9-8b45-c0d3caad69df,Eastbound,2026-01-28 10:26:24.404105,253.0,333.0,59.0,82.0
17545,5,CAM002,89,1.7917161254479148,1815,True,8b9846a8-d4ff-4584-8387-7714d0f8f8d8,Westbound,2026-01-28 10:26:22.339555,675.0,370.0,178.0,169.0
17544,4,CAM002,80,2.0305809821879675,1815,True,8b9846a8-d4ff-4584-8387-7714d0f8f8d8,Westbound,2026-01-28 10:26:22.338512,252.0,369.0,126.0,151.0
17543,9,CAM002,78,2.010021343383508,1815,True,8b9846a8-d4ff-4584-8387-7714d0f8f8d8,Westbound,2026-01-28 10:26:22.336553,397.0,340.0,366.0,200.0
17542,3,CAM001,108,1.4993866989636742,2565,True,58c867fb-332c-46d9-8b45-c0d3caad69df,Eastbound,2026-01-28 10:26:20.282121,155.0,349.0,50.0,69.0
17541,7,CAM001,97,2.0124138906521867,2565,True,58c867fb-332c-46d9-8b45-c0d3caad69df,Eastbound,2026-01-28 10:26:20.279580,176.0,305.0,132.0,143.0
17540,8,CAM001,83,2.024747939906234,2565,True,58c867fb-332c-46d9-8b45-c0d3caad69df,Eastbound,2026-01-28 10:26:20.276573,287.0,325.0,97.0,109.0
17539,5,CAM001,54,1.695064117678929,2565,True,58c867fb-332c-46d9-8b45-c0d3caad69df,Eastbound,2026-01-28 10:26:20.272535,643.0,330.0,154.0,150.0
17538,6,CAM002,106,2.0344244945232877,1810,True,8b9846a8-d4ff-4584-8387-7714d0f8f8d8,Westbound,2026-01-28 10:26:18.295963,361.0,382.0,117.0,144.0
17537,5,CAM002,89,1.8253128395241085,1810,True,8b9846a8-d4ff-4584-8387-7714d0f8f8d8,Westbound,2026-01-28 10:26:18.293968,673.0,371.0,178.0,169.0
17536,4,CAM002,80,1.8077319436939778,1810,True,8b9846a8-d4ff-4584-8387-7714d0f8f8d8,Westbound,2026-01-28 10:26:18.290552,254.0,369.0,122.0,150.0
17535,9,CAM002,78,1.972040274897277,1810,True,8b9846a8-d4ff-4584-8387-7714d0f8f8d8,Westbound,2026-01-28 10:26:18.286605,396.0,339.0,364.0,201.0
17534,1,CAM001,109,2.0101396300992573,2560,True,58c867fb-332c-46d9-8b45-c0d3caad69df,Eastbound,2026-01-28 10:26:15.625632,253.0,302.0,45.0,66.0
17533,3,CAM001,107,1.7389230653270065,2560,True,58c867fb-332c-46d9-8b45-c0d3caad69df,Eastbound,2026-01-28 10:26:15.623630,458.0,344.0,53.0,88.0
17532,2,CAM001,106,1.59057197898876,2560,True,58c867fb-332c-46d9-8b45-c0d3caad69df,Eastbound,2026-01-28 10:26:15.621560,509.0,336.0,68.0,137.0
17531,7,CAM001,97,1.897109988174681,2560,True,58c867fb-332c-46d9-8b45-c0d3caad69df,Eastbound,2026-01-28 10:26:15.619560,177.0,315.0,128.0,134.0
17530,4,CAM001,83,1.7938697686343943,2560,True,58c867fb-332c-46d9-8b45-c0d3caad69df,Eastbound,2026-01-28 10:26:15.615562,286.0,326.0,98.0,109.0
17529,5,CAM001,54,1.8370090414458584,2560,True,58c867fb-332c-46d9-8b45-c0d3caad69df,Eastbound,2026-01-28 10:26:15.612599,644.0,330.0,152.0,150.0
17528,8,CAM001,46,2.0256536645269527,2560,True,58c867fb-332c-46d9-8b45-c0d3caad69df,Eastbound,2026-01-28 10:26:15.608956,256.0,336.0,57.0,77.0
17527,9,CAM002,104,2.0317512753549876,1805,True,8b9846a8-d4ff-4584-8387-7714d0f8f8d8,Westbound,2026-01-28 10:26:12.103625,771.0,352.0,74.0,141.0
17526,3,CAM002,93,1.612826561915512,1805,True,8b9846a8-d4ff-4584-8387-7714d0f8f8d8,Westbound,2026-01-28 10:26:12.100107,563.0,336.0,118.0,152.0
17525,5,CAM002,89,1.8055111742442471,1805,True,8b9846a8-d4ff-4584-8387-7714d0f8f8d8,Westbound,2026-01-28 10:26:12.099107,671.0,371.0,179.0,169.0
17524,6,CAM002,80,1.7475528363193156,1805,True,8b9846a8-d4ff-4584-8387-7714d0f8f8d8,Westbound,2026-01-28 10:26:12.096106,252.0,369.0,123.0,155.0
17523,2,CAM002,78,1.374130362195522,1805,True,8b9846a8-d4ff-4584-8387-7714d0f8f8d8,Westbound,2026-01-28 10:26:12.075022,391.0,336.0,369.0,204.0
17522,4,CAM001,108,2.0119084322462735,2555,True,58c867fb-332c-46d9-8b45-c0d3caad69df,Eastbound,2026-01-28 10:26:09.256674,154.0,349.0,49.0,70.0
17521,3,CAM001,107,1.498527592318251,2555,True,58c867fb-332c-46d9-8b45-c0d3caad69df,Eastbound,2026-01-28 10:26:09.254650,456.0,343.0,50.0,87.0
17520,2,CAM001,106,1.9683986124880417,2555,True,58c867fb-332c-46d9-8b45-c0d3caad69df,Eastbound,2026-01-28 10:26:09.252653,509.0,336.0,68.0,137.0
17519,7,CAM001,97,1.9025018796018056,2555,True,58c867fb-332c-46d9-8b45-c0d3caad69df,Eastbound,2026-01-28 10:26:09.248938,183.0,323.0,113.0,125.0
17518,6,CAM001,83,1.7559371354603817,2555,True,58c867fb-332c-46d9-8b45-c0d3caad69df,Eastbound,2026-01-28 10:26:09.245012,285.0,326.0,99.0,110.0
17517,5,CAM001,54,1.7704623591886726,2555,True,58c867fb-332c-46d9-8b45-c0d3caad69df,Eastbound,2026-01-28 10:26:09.242998,645.0,329.0,152.0,151.0
17516,8,CAM001,46,2.0176937219584743,2555,True,58c867fb-332c-46d9-8b45-c0d3caad69df,Eastbound,2026-01-28 10:26:09.240286,257.0,336.0,56.0,76.0
17515,9,CAM002,104,2.0284594159257416,1800,True,8b9846a8-d4ff-4584-8387-7714d0f8f8d8,Westbound,2026-01-28 10:26:06.723603,771.0,352.0,74.0,143.0
17514,3,CAM002,93,1.6968990694901693,1800,True,8b9846a8-d4ff-4584-8387-7714d0f8f8d8,Westbound,2026-01-28 10:26:06.718943,546.0,339.0,136.0,152.0
17513,5,CAM002,89,1.7700024986676857,1800,True,8b9846a8-d4ff-4584-8387-7714d0f8f8d8,Westbound,2026-01-28 10:26:06.716940,671.0,370.0,178.0,170.0
17512,6,CAM002,80,1.7274539341505943,1800,True,8b9846a8-d4ff-4584-8387-7714d0f8f8d8,Westbound,2026-01-28 10:26:06.713949,249.0,369.0,128.0,161.0
17511,4,CAM001,108,1.9611004898521531,2550,True,58c867fb-332c-46d9-8b45-c0d3caad69df,Eastbound,2026-01-28 10:26:04.508011,152.0,348.0,50.0,72.0
17510,7,CAM001,97,1.911774103962899,2550,True,58c867fb-332c-46d9-8b45-c0d3caad69df,Eastbound,2026-01-28 10:26:04.501456,173.0,297.0,135.0,150.0
17509,6,CAM001,83,1.800875412955005,2550,True,58c867fb-332c-46d9-8b45-c0d3caad69df,Eastbound,2026-01-28 10:26:04.497456,285.0,326.0,98.0,108.0
17508,5,CAM001,54,1.8065763868874671,2550,True,58c867fb-332c-46d9-8b45-c0d3caad69df,Eastbound,2026-01-28 10:26:04.493455,646.0,329.0,150.0,150.0
17507,8,CAM001,46,1.991859328029617,2550,True,58c867fb-332c-46d9-8b45-c0d3caad69df,Eastbound,2026-01-28 10:26:04.488925,257.0,336.0,56.0,74.0
17506,9,CAM002,104,2.0275741433018784,1795,True,8b9846a8-d4ff-4584-8387-7714d0f8f8d8,Westbound,2026-01-28 10:26:02.120008,770.0,353.0,76.0,146.0
17505,5,CAM002,89,1.8104362810614294,1795,True,8b9846a8-d4ff-4584-8387-7714d0f8f8d8,Westbound,2026-01-28 10:26:02.118010,667.0,371.0,175.0,169.0
17504,6,CAM002,80,1.7298192963027574,1795,True,8b9846a8-d4ff-4584-8387-7714d0f8f8d8,Westbound,2026-01-28 10:26:02.114072,250.0,370.0,128.0,161.0
17503,3,CAM001,107,2.033689095825196,2545,True,58c867fb-332c-46d9-8b45-c0d3caad69df,Eastbound,2026-01-28 10:25:59.737748,432.0,337.0,40.0,73.0
17502,2,CAM001,106,2.036346913764656,2545,True,58c867fb-332c-46d9-8b45-c0d3caad69df,Eastbound,2026-01-28 10:25:59.736748,509.0,336.0,68.0,137.0
17501,7,CAM001,97,1.8962280324122003,2545,True,58c867fb-332c-46d9-8b45-c0d3caad69df,Eastbound,2026-01-28 10:25:59.733744,172.0,302.0,137.0,145.0
17500,6,CAM001,83,1.7755725623126468,2545,True,58c867fb-332c-46d9-8b45-c0d3caad69df,Eastbound,2026-01-28 10:25:59.731799,286.0,326.0,97.0,109.0
17499,5,CAM001,54,1.8175747482390616,2545,True,58c867fb-332c-46d9-8b45-c0d3caad69df,Eastbound,2026-01-28 10:25:59.730151,647.0,330.0,149.0,150.0
17498,8,CAM001,46,1.9821194688193715,2545,True,58c867fb-332c-46d9-8b45-c0d3caad69df,Eastbound,2026-01-28 10:25:59.729169,256.0,334.0,56.0,76.0
17497,9,CAM002,104,2.0065401401443124,1790,True,8b9846a8-d4ff-4584-8387-7714d0f8f8d8,Westbound,2026-01-28 10:25:57.250792,770.0,354.0,77.0,146.0
17496,5,CAM002,89,1.8316946577355813,1790,True,8b9846a8-d4ff-4584-8387-7714d0f8f8d8,Westbound,2026-01-28 10:25:57.247811,665.0,371.0,166.0,168.0
17495,6,CAM002,80,1.7512944424790224,1790,True,8b9846a8-d4ff-4584-8387-7714d0f8f8d8,Westbound,2026-01-28 10:25:57.244787,250.0,371.0,129.0,163.0
17494,3,CAM001,107,2.0281298164940527,2540,True,58c867fb-332c-46d9-8b45-c0d3caad69df,Eastbound,2026-01-28 10:25:54.892966,432.0,337.0,40.0,73.0
17493,2,CAM001,106,1.9942287348713983,2540,True,58c867fb-332c-46d9-8b45-c0d3caad69df,Eastbound,2026-01-28 10:25:54.890361,509.0,336.0,68.0,137.0
17492,7,CAM001,97,1.9323309853723682,2540,True,58c867fb-332c-46d9-8b45-c0d3caad69df,Eastbound,2026-01-28 10:25:54.889184,179.0,333.0,118.0,128.0
17491,6,CAM001,83,1.8260405288111612,2540,True,58c867fb-332c-46d9-8b45-c0d3caad69df,Eastbound,2026-01-28 10:25:54.886181,286.0,326.0,98.0,111.0
17490,5,CAM001,54,1.862076273235954,2540,True,58c867fb-332c-46d9-8b45-c0d3caad69df,Eastbound,2026-01-28 10:25:54.884143,646.0,330.0,149.0,150.0
17489,8,CAM001,46,2.01652927533201,2540,True,58c867fb-332c-46d9-8b45-c0d3caad69df,Eastbound,2026-01-28 10:25:54.880603,253.0,332.0,60.0,79.0
17488,9,CAM002,104,1.9946351535994673,1785,True,8b9846a8-d4ff-4584-8387-7714d0f8f8d8,Westbound,2026-01-28 10:25:51.760618,769.0,353.0,77.0,147.0
17487,5,CAM002,89,1.8441195745310317,1785,True,8b9846a8-d4ff-4584-8387-7714d0f8f8d8,Westbound,2026-01-28 10:25:51.758639,660.0,371.0,160.0,167.0
17486,6,CAM002,80,1.7648257219690777,1785,True,8b9846a8-d4ff-4584-8387-7714d0f8f8d8,Westbound,2026-01-28 10:25:51.755711,250.0,370.0,130.0,166.0
17485,4,CAM002,78,1.5558476665044902,1785,True,8b9846a8-d4ff-4584-8387-7714d0f8f8d8,Westbound,2026-01-28 10:25:51.751623,400.0,341.0,373.0,199.0
17484,3,CAM001,107,1.6000384862660135,2535,True,58c867fb-332c-46d9-8b45-c0d3caad69df,Eastbound,2026-01-28 10:25:48.831657,432.0,337.0,40.0,74.0
17483,4,CAM001,106,1.3100764164192338,2535,True,58c867fb-332c-46d9-8b45-c0d3caad69df,Eastbound,2026-01-28 10:25:48.830637,509.0,335.0,68.0,138.0
17482,2,CAM001,103,1.9958826213924195,2535,True,58c867fb-332c-46d9-8b45-c0d3caad69df,Eastbound,2026-01-28 10:25:48.828638,447.0,344.0,75.0,131.0
17481,7,CAM001,97,2.01268710040588,2535,True,58c867fb-332c-46d9-8b45-c0d3caad69df,Eastbound,2026-01-28 10:25:48.824635,172.0,335.0,131.0,139.0
17480,6,CAM001,83,1.7472305652153128,2535,True,58c867fb-332c-46d9-8b45-c0d3caad69df,Eastbound,2026-01-28 10:25:48.823636,286.0,326.0,98.0,111.0
17479,5,CAM001,54,1.8249923564699613,2535,True,58c867fb-332c-46d9-8b45-c0d3caad69df,Eastbound,2026-01-28 10:25:48.821674,647.0,330.0,148.0,150.0
17478,8,CAM001,46,2.035763941614235,2535,True,58c867fb-332c-46d9-8b45-c0d3caad69df,Eastbound,2026-01-28 10:25:48.818104,251.0,331.0,61.0,80.0
17477,9,CAM002,104,2.0001104564857024,1780,True,8b9846a8-d4ff-4584-8387-7714d0f8f8d8,Westbound,2026-01-28 10:25:46.046561,768.0,351.0,80.0,155.0
17476,3,CAM002,93,1.7773831147464527,1780,True,8b9846a8-d4ff-4584-8387-7714d0f8f8d8,Westbound,2026-01-28 10:25:46.042547,398.0,385.0,150.0,155.0
17475,5,CAM002,89,1.8569476089201975,1780,True,8b9846a8-d4ff-4584-8387-7714d0f8f8d8,Westbound,2026-01-28 10:25:46.039955,662.0,371.0,152.0,163.0
17474,6,CAM002,80,1.7637675730230151,1780,True,8b9846a8-d4ff-4584-8387-7714d0f8f8d8,Westbound,2026-01-28 10:25:46.037958,250.0,370.0,130.0,166.0
17473,4,CAM002,78,2.001738375200118,1780,True,8b9846a8-d4ff-4584-8387-7714d0f8f8d8,Westbound,2026-01-28 10:25:46.034967,412.0,345.0,348.0,195.0
17472,3,CAM001,106,1.7266872162669813,2530,True,58c867fb-332c-46d9-8b45-c0d3caad69df,Eastbound,2026-01-28 10:25:42.812584,508.0,335.0,69.0,138.0
17471,2,CAM001,103,1.7008430478315444,2530,True,58c867fb-332c-46d9-8b45-c0d3caad69df,Eastbound,2026-01-28 10:25:42.810016,448.0,344.0,71.0,113.0
17470,7,CAM001,97,1.9898778245032078,2530,True,58c867fb-332c-46d9-8b45-c0d3caad69df,Eastbound,2026-01-28 10:25:42.806013,173.0,335.0,129.0,137.0
17469,6,CAM001,83,1.8022103276545505,2530,True,58c867fb-332c-46d9-8b45-c0d3caad69df,Eastbound,2026-01-28 10:25:42.803117,286.0,325.0,98.0,112.0
17468,5,CAM001,54,1.872188479855586,2530,True,58c867fb-332c-46d9-8b45-c0d3caad69df,Eastbound,2026-01-28 10:25:42.780688,647.0,330.0,149.0,150.0
17467,8,CAM001,46,2.0216557496667034,2530,True,58c867fb-332c-46d9-8b45-c0d3caad69df,Eastbound,2026-01-28 10:25:42.774993,251.0,331.0,61.0,81.0
17466,2,CAM002,105,1.851553542664954,1775,True,8b9846a8-d4ff-4584-8387-7714d0f8f8d8,Westbound,2026-01-28 10:25:39.630736,361.0,384.0,70.0,103.0
17465,9,CAM002,104,1.9919947855816154,1775,True,8b9846a8-d4ff-4584-8387-7714d0f8f8d8,Westbound,2026-01-28 10:25:39.627704,767.0,352.0,83.0,151.0
17464,3,CAM002,93,1.6517530061966341,1775,True,8b9846a8-d4ff-4584-8387-7714d0f8f8d8,Westbound,2026-01-28 10:25:39.624738,403.0,384.0,141.0,156.0
17463,5,CAM002,89,1.862222856348758,1775,True,8b9846a8-d4ff-4584-8387-7714d0f8f8d8,Westbound,2026-01-28 10:25:39.622736,669.0,371.0,143.0,157.0
17462,6,CAM002,80,1.766430994996742,1775,True,8b9846a8-d4ff-4584-8387-7714d0f8f8d8,Westbound,2026-01-28 10:25:39.621693,249.0,370.0,129.0,165.0
17461,4,CAM002,78,1.5248810653588707,1775,True,8b9846a8-d4ff-4584-8387-7714d0f8f8d8,Westbound,2026-01-28 10:25:39.618156,417.0,346.0,327.0,194.0
17460,2,CAM001,107,1.8143271291836747,2525,True,58c867fb-332c-46d9-8b45-c0d3caad69df,Eastbound,2026-01-28 10:25:36.706838,431.0,337.0,42.0,75.0
17459,3,CAM001,106,2.0314115748597352,2525,True,58c867fb-332c-46d9-8b45-c0d3caad69df,Eastbound,2026-01-28 10:25:36.704839,508.0,334.0,69.0,139.0
17458,4,CAM001,103,1.2528338073996803,2525,True,58c867fb-332c-46d9-8b45-c0d3caad69df,Eastbound,2026-01-28 10:25:36.701593,454.0,343.0,56.0,90.0
17457,7,CAM001,97,1.9962207450347718,2525,True,58c867fb-332c-46d9-8b45-c0d3caad69df,Eastbound,2026-01-28 10:25:36.700593,172.0,335.0,131.0,134.0
17456,6,CAM001,83,1.7599131102693566,2525,True,58c867fb-332c-46d9-8b45-c0d3caad69df,Eastbound,2026-01-28 10:25:36.698595,286.0,324.0,99.0,113.0
17455,5,CAM001,54,1.8390537785628345,2525,True,58c867fb-332c-46d9-8b45-c0d3caad69df,Eastbound,2026-01-28 10:25:36.695591,647.0,330.0,149.0,150.0
17454,8,CAM001,46,2.032977483393634,2525,True,58c867fb-332c-46d9-8b45-c0d3caad69df,Eastbound,2026-01-28 10:25:36.692609,251.0,331.0,61.0,81.0
17453,9,CAM002,104,1.9993078886854898,1770,True,8b9846a8-d4ff-4584-8387-7714d0f8f8d8,Westbound,2026-01-28 10:25:34.165961,770.0,353.0,77.0,135.0
17452,5,CAM002,89,1.8674642964485275,1770,True,8b9846a8-d4ff-4584-8387-7714d0f8f8d8,Westbound,2026-01-28 10:25:34.163961,675.0,370.0,140.0,158.0
17451,6,CAM002,80,1.7620564207977683,1770,True,8b9846a8-d4ff-4584-8387-7714d0f8f8d8,Westbound,2026-01-28 10:25:34.160515,249.0,369.0,129.0,166.0
17450,4,CAM002,78,2.0128646764074247,1770,True,8b9846a8-d4ff-4584-8387-7714d0f8f8d8,Westbound,2026-01-28 10:25:34.158534,407.0,344.0,337.0,196.0
17449,2,CAM001,107,2.0320630924029723,2520,True,58c867fb-332c-46d9-8b45-c0d3caad69df,Eastbound,2026-01-28 10:25:31.505682,431.0,337.0,42.0,75.0
17448,3,CAM001,106,1.679853107198351,2520,True,58c867fb-332c-46d9-8b45-c0d3caad69df,Eastbound,2026-01-28 10:25:31.504682,508.0,334.0,70.0,139.0
17447,7,CAM001,97,2.0143856280419645,2520,True,58c867fb-332c-46d9-8b45-c0d3caad69df,Eastbound,2026-01-28 10:25:31.502682,177.0,335.0,122.0,123.0
17446,6,CAM001,83,1.7318087341197614,2520,True,58c867fb-332c-46d9-8b45-c0d3caad69df,Eastbound,2026-01-28 10:25:31.500173,286.0,324.0,99.0,113.0
17445,5,CAM001,54,1.8316762825054391,2520,True,58c867fb-332c-46d9-8b45-c0d3caad69df,Eastbound,2026-01-28 10:25:31.499173,647.0,330.0,149.0,150.0
17444,8,CAM001,46,1.9932826899788427,2520,True,58c867fb-332c-46d9-8b45-c0d3caad69df,Eastbound,2026-01-28 10:25:31.497173,252.0,331.0,60.0,81.0
17443,3,CAM002,93,1.7490011884754004,1765,True,8b9846a8-d4ff-4584-8387-7714d0f8f8d8,Westbound,2026-01-28 10:25:28.950039,405.0,383.0,139.0,158.0
17442,5,CAM002,89,1.8583380087124555,1765,True,8b9846a8-d4ff-4584-8387-7714d0f8f8d8,Westbound,2026-01-28 10:25:28.945662,676.0,369.0,140.0,159.0
17441,6,CAM002,80,1.742083538624272,1765,True,8b9846a8-d4ff-4584-8387-7714d0f8f8d8,Westbound,2026-01-28 10:25:28.943616,249.0,369.0,132.0,168.0
17440,4,CAM002,78,1.967266800860511,1765,True,8b9846a8-d4ff-4584-8387-7714d0f8f8d8,Westbound,2026-01-28 10:25:28.940070,423.0,345.0,328.0,195.0
17439,2,CAM001,107,2.001118213325446,2515,True,58c867fb-332c-46d9-8b45-c0d3caad69df,Eastbound,2026-01-28 10:25:26.235740,432.0,337.0,41.0,75.0
17438,3,CAM001,106,1.674417234209106,2515,True,58c867fb-332c-46d9-8b45-c0d3caad69df,Eastbound,2026-01-28 10:25:26.234744,509.0,335.0,68.0,137.0
17437,7,CAM001,97,2.0043166578136185,2515,True,58c867fb-332c-46d9-8b45-c0d3caad69df,Eastbound,2026-01-28 10:25:26.233746,180.0,335.0,116.0,119.0
17436,6,CAM001,83,1.776694439192525,2515,True,58c867fb-332c-46d9-8b45-c0d3caad69df,Eastbound,2026-01-28 10:25:26.231610,285.0,325.0,100.0,112.0
17435,5,CAM001,54,1.8526276862034636,2515,True,58c867fb-332c-46d9-8b45-c0d3caad69df,Eastbound,2026-01-28 10:25:26.229571,647.0,330.0,149.0,150.0
17434,8,CAM001,46,2.0343236618054013,2515,True,58c867fb-332c-46d9-8b45-c0d3caad69df,Eastbound,2026-01-28 10:25:26.226670,252.0,331.0,61.0,81.0
17433,3,CAM002,93,1.7617208606578427,1760,True,8b9846a8-d4ff-4584-8387-7714d0f8f8d8,Westbound,2026-01-28 10:25:23.676824,393.0,383.0,125.0,157.0
17432,5,CAM002,89,1.862557719722807,1760,True,8b9846a8-d4ff-4584-8387-7714d0f8f8d8,Westbound,2026-01-28 10:25:23.674847,677.0,367.0,136.0,157.0
17431,6,CAM002,80,1.7516857000832067,1760,True,8b9846a8-d4ff-4584-8387-7714d0f8f8d8,Westbound,2026-01-28 10:25:23.672817,250.0,369.0,126.0,161.0
17430,4,CAM002,78,1.5482247527920443,1760,True,8b9846a8-d4ff-4584-8387-7714d0f8f8d8,Westbound,2026-01-28 10:25:23.669040,431.0,344.0,317.0,196.0
17429,2,CAM001,107,1.397438229876116,2510,True,58c867fb-332c-46d9-8b45-c0d3caad69df,Eastbound,2026-01-28 10:25:20.960928,431.0,337.0,42.0,75.0
17428,4,CAM001,106,1.5601408006609492,2510,True,58c867fb-332c-46d9-8b45-c0d3caad69df,Eastbound,2026-01-28 10:25:20.958935,510.0,336.0,67.0,135.0
17427,3,CAM001,103,1.770479494672749,2510,True,58c867fb-332c-46d9-8b45-c0d3caad69df,Eastbound,2026-01-28 10:25:20.957928,432.0,334.0,86.0,138.0
17426,7,CAM001,97,1.8926940627054667,2510,True,58c867fb-332c-46d9-8b45-c0d3caad69df,Eastbound,2026-01-28 10:25:20.956927,179.0,323.0,117.0,127.0
17425,6,CAM001,83,1.6777606493455632,2510,True,58c867fb-332c-46d9-8b45-c0d3caad69df,Eastbound,2026-01-28 10:25:20.954928,285.0,326.0,100.0,110.0
17424,5,CAM001,54,1.8577294057649296,2510,True,58c867fb-332c-46d9-8b45-c0d3caad69df,Eastbound,2026-01-28 10:25:20.952928,647.0,330.0,149.0,150.0
17423,8,CAM001,46,1.820043135235128,2510,True,58c867fb-332c-46d9-8b45-c0d3caad69df,Eastbound,2026-01-28 10:25:20.948799,252.0,331.0,61.0,81.0
17422,4,CAM002,102,1.9727889379997072,1755,True,8b9846a8-d4ff-4584-8387-7714d0f8f8d8,Westbound,2026-01-28 10:25:18.532642,560.0,306.0,113.0,174.0
17421,3,CAM002,93,1.8287301921172072,1755,True,8b9846a8-d4ff-4584-8387-7714d0f8f8d8,Westbound,2026-01-28 10:25:18.530073,364.0,383.0,125.0,157.0
17420,5,CAM002,89,1.8548038799084443,1755,True,8b9846a8-d4ff-4584-8387-7714d0f8f8d8,Westbound,2026-01-28 10:25:18.527065,672.0,365.0,138.0,159.0
17419,6,CAM002,80,2.02242070194045,1755,True,8b9846a8-d4ff-4584-8387-7714d0f8f8d8,Westbound,2026-01-28 10:25:18.522669,250.0,368.0,124.0,158.0
17418,2,CAM002,78,1.9597601217922123,1755,True,8b9846a8-d4ff-4584-8387-7714d0f8f8d8,Westbound,2026-01-28 10:25:18.516973,414.0,339.0,306.0,201.0
17417,3,CAM001,103,1.7546756661046505,2505,True,58c867fb-332c-46d9-8b45-c0d3caad69df,Eastbound,2026-01-28 10:25:15.762635,432.0,334.0,85.0,137.0
17416,7,CAM001,97,2.0013472096798663,2505,True,58c867fb-332c-46d9-8b45-c0d3caad69df,Eastbound,2026-01-28 10:25:15.760125,173.0,305.0,130.0,141.0
17415,8,CAM001,83,2.0029220418393403,2505,True,58c867fb-332c-46d9-8b45-c0d3caad69df,Eastbound,2026-01-28 10:25:15.758124,284.0,326.0,101.0,108.0
17414,5,CAM001,54,1.8302348413128342,2505,True,58c867fb-332c-46d9-8b45-c0d3caad69df,Eastbound,2026-01-28 10:25:15.752115,646.0,330.0,150.0,150.0
17413,4,CAM002,102,1.721294516702543,1750,True,8b9846a8-d4ff-4584-8387-7714d0f8f8d8,Westbound,2026-01-28 10:25:13.558793,558.0,311.0,117.0,174.0
17412,3,CAM002,93,1.7228229405508844,1750,True,8b9846a8-d4ff-4584-8387-7714d0f8f8d8,Westbound,2026-01-28 10:25:13.555821,360.0,383.0,123.0,143.0
17411,5,CAM002,89,1.865656713103587,1750,True,8b9846a8-d4ff-4584-8387-7714d0f8f8d8,Westbound,2026-01-28 10:25:13.553733,666.0,364.0,138.0,162.0
17410,6,CAM002,80,1.7746641657541797,1750,True,8b9846a8-d4ff-4584-8387-7714d0f8f8d8,Westbound,2026-01-28 10:25:13.551684,251.0,368.0,122.0,158.0
17409,2,CAM002,78,1.6033098362394662,1750,True,8b9846a8-d4ff-4584-8387-7714d0f8f8d8,Westbound,2026-01-28 10:25:13.546037,410.0,334.0,290.0,206.0
17408,3,CAM001,107,1.8203556489151431,2500,True,58c867fb-332c-46d9-8b45-c0d3caad69df,Eastbound,2026-01-28 10:25:10.718672,431.0,337.0,42.0,75.0
17407,4,CAM001,106,1.68514117617395,2500,True,58c867fb-332c-46d9-8b45-c0d3caad69df,Eastbound,2026-01-28 10:25:10.717671,509.0,336.0,69.0,137.0
17406,2,CAM001,103,1.3575779677562148,2500,True,58c867fb-332c-46d9-8b45-c0d3caad69df,Eastbound,2026-01-28 10:25:10.715712,433.0,335.0,84.0,134.0
17405,7,CAM001,97,1.9105646163866177,2500,True,58c867fb-332c-46d9-8b45-c0d3caad69df,Eastbound,2026-01-28 10:25:10.714713,173.0,316.0,130.0,139.0
17404,6,CAM001,83,1.7690483509001174,2500,True,58c867fb-332c-46d9-8b45-c0d3caad69df,Eastbound,2026-01-28 10:25:10.712673,283.0,326.0,102.0,109.0
17403,5,CAM001,54,1.8817541789355599,2500,True,58c867fb-332c-46d9-8b45-c0d3caad69df,Eastbound,2026-01-28 10:25:10.710582,645.0,330.0,151.0,150.0
17402,8,CAM001,46,2.0335265838251497,2500,True,58c867fb-332c-46d9-8b45-c0d3caad69df,Eastbound,2026-01-28 10:25:10.707607,253.0,331.0,59.0,80.0
17401,4,CAM002,102,1.7606490702111561,1745,True,8b9846a8-d4ff-4584-8387-7714d0f8f8d8,Westbound,2026-01-28 10:25:08.101897,556.0,324.0,120.0,171.0
17400,3,CAM002,93,1.8093184268550204,1745,True,8b9846a8-d4ff-4584-8387-7714d0f8f8d8,Westbound,2026-01-28 10:25:08.098894,366.0,383.0,95.0,114.0
17399,5,CAM002,89,1.8687879444041573,1745,True,8b9846a8-d4ff-4584-8387-7714d0f8f8d8,Westbound,2026-01-28 10:25:08.097895,670.0,362.0,131.0,163.0
17398,6,CAM002,80,1.7746856978693804,1745,True,8b9846a8-d4ff-4584-8387-7714d0f8f8d8,Westbound,2026-01-28 10:25:08.095894,249.0,369.0,125.0,160.0
17397,2,CAM002,78,1.9823588125980849,1745,True,8b9846a8-d4ff-4584-8387-7714d0f8f8d8,Westbound,2026-01-28 10:25:08.092896,404.0,333.0,283.0,207.0
17396,3,CAM001,107,1.8438897646675418,2495,True,58c867fb-332c-46d9-8b45-c0d3caad69df,Eastbound,2026-01-28 10:25:05.038068,431.0,337.0,42.0,75.0
17395,4,CAM001,106,1.661612255339032,2495,True,58c867fb-332c-46d9-8b45-c0d3caad69df,Eastbound,2026-01-28 10:25:05.037059,509.0,336.0,69.0,137.0
17394,7,CAM001,97,1.9487164628303424,2495,True,58c867fb-332c-46d9-8b45-c0d3caad69df,Eastbound,2026-01-28 10:25:05.035070,175.0,336.0,125.0,130.0
17393,6,CAM001,83,1.7629425032859063,2495,True,58c867fb-332c-46d9-8b45-c0d3caad69df,Eastbound,2026-01-28 10:25:05.033060,283.0,327.0,101.0,108.0
17392,5,CAM001,54,1.8542528404181589,2495,True,58c867fb-332c-46d9-8b45-c0d3caad69df,Eastbound,2026-01-28 10:25:05.030287,645.0,330.0,151.0,150.0
17391,8,CAM001,46,2.0070905691862033,2495,True,58c867fb-332c-46d9-8b45-c0d3caad69df,Eastbound,2026-01-28 10:25:05.029286,253.0,331.0,59.0,80.0
17390,4,CAM002,102,1.7465729333367759,1740,True,8b9846a8-d4ff-4584-8387-7714d0f8f8d8,Westbound,2026-01-28 10:25:02.621674,560.0,336.0,117.0,163.0
17389,3,CAM002,93,1.8449377093160364,1740,True,8b9846a8-d4ff-4584-8387-7714d0f8f8d8,Westbound,2026-01-28 10:25:02.618674,363.0,383.0,80.0,101.0
17388,5,CAM002,89,1.865362826206989,1740,True,8b9846a8-d4ff-4584-8387-7714d0f8f8d8,Westbound,2026-01-28 10:25:02.615674,674.0,363.0,131.0,166.0
17387,6,CAM002,80,1.7729617228434138,1740,True,8b9846a8-d4ff-4584-8387-7714d0f8f8d8,Westbound,2026-01-28 10:25:02.613163,250.0,370.0,123.0,158.0
17386,2,CAM002,78,1.9914072515375176,1740,True,8b9846a8-d4ff-4584-8387-7714d0f8f8d8,Westbound,2026-01-28 10:25:02.610567,400.0,333.0,279.0,207.0
17385,3,CAM001,107,1.827334696359244,2490,True,58c867fb-332c-46d9-8b45-c0d3caad69df,Eastbound,2026-01-28 10:24:59.868208,431.0,337.0,42.0,75.0
17384,4,CAM001,106,1.6802028020397917,2490,True,58c867fb-332c-46d9-8b45-c0d3caad69df,Eastbound,2026-01-28 10:24:59.867208,509.0,336.0,69.0,137.0
17383,7,CAM001,97,2.0187068730018836,2490,True,58c867fb-332c-46d9-8b45-c0d3caad69df,Eastbound,2026-01-28 10:24:59.865207,181.0,335.0,114.0,121.0
17382,6,CAM001,83,1.7696420288934982,2490,True,58c867fb-332c-46d9-8b45-c0d3caad69df,Eastbound,2026-01-28 10:24:59.864207,283.0,327.0,102.0,108.0
17381,5,CAM001,54,1.8544850191182913,2490,True,58c867fb-332c-46d9-8b45-c0d3caad69df,Eastbound,2026-01-28 10:24:59.861865,646.0,330.0,151.0,149.0
17380,8,CAM001,46,2.028603771602778,2490,True,58c867fb-332c-46d9-8b45-c0d3caad69df,Eastbound,2026-01-28 10:24:59.859864,253.0,331.0,59.0,80.0
17379,4,CAM002,102,1.771024188764809,1735,True,8b9846a8-d4ff-4584-8387-7714d0f8f8d8,Westbound,2026-01-28 10:24:57.419822,563.0,335.0,118.0,166.0
17378,3,CAM002,93,1.7806538906714326,1735,True,8b9846a8-d4ff-4584-8387-7714d0f8f8d8,Westbound,2026-01-28 10:24:57.417856,356.0,383.0,83.0,102.0
17377,5,CAM002,89,1.872818987213223,1735,True,8b9846a8-d4ff-4584-8387-7714d0f8f8d8,Westbound,2026-01-28 10:24:57.416822,676.0,363.0,128.0,165.0
17376,6,CAM002,80,1.784415761712486,1735,True,8b9846a8-d4ff-4584-8387-7714d0f8f8d8,Westbound,2026-01-28 10:24:57.414864,250.0,369.0,121.0,157.0
17375,2,CAM002,78,1.5487911789297533,1735,True,8b9846a8-d4ff-4584-8387-7714d0f8f8d8,Westbound,2026-01-28 10:24:57.412814,406.0,332.0,272.0,208.0
17374,4,CAM001,106,1.7113414196676775,2485,True,58c867fb-332c-46d9-8b45-c0d3caad69df,Eastbound,2026-01-28 10:24:54.577930,509.0,336.0,69.0,137.0
17373,3,CAM001,103,1.67622893846647,2485,True,58c867fb-332c-46d9-8b45-c0d3caad69df,Eastbound,2026-01-28 10:24:54.575949,459.0,344.0,51.0,82.0
17372,7,CAM001,97,1.988320564702126,2485,True,58c867fb-332c-46d9-8b45-c0d3caad69df,Eastbound,2026-01-28 10:24:54.573989,184.0,336.0,108.0,122.0
17371,6,CAM001,83,1.8089073708106542,2485,True,58c867fb-332c-46d9-8b45-c0d3caad69df,Eastbound,2026-01-28 10:24:54.572895,283.0,327.0,101.0,108.0
17370,5,CAM001,54,1.861715453931648,2485,True,58c867fb-332c-46d9-8b45-c0d3caad69df,Eastbound,2026-01-28 10:24:54.570335,640.0,325.0,160.0,155.0
17369,8,CAM001,46,2.0343761478874827,2485,True,58c867fb-332c-46d9-8b45-c0d3caad69df,Eastbound,2026-01-28 10:24:54.568395,253.0,331.0,60.0,80.0
17368,4,CAM002,102,1.7712782364670447,1730,True,8b9846a8-d4ff-4584-8387-7714d0f8f8d8,Westbound,2026-01-28 10:24:51.910433,564.0,337.0,118.0,163.0
17367,3,CAM002,93,1.7956590282411011,1730,True,8b9846a8-d4ff-4584-8387-7714d0f8f8d8,Westbound,2026-01-28 10:24:51.908423,353.0,384.0,90.0,101.0
17366,5,CAM002,89,1.855417030131758,1730,True,8b9846a8-d4ff-4584-8387-7714d0f8f8d8,Westbound,2026-01-28 10:24:51.906430,678.0,361.0,123.0,162.0
17365,6,CAM002,80,1.7887385407304734,1730,True,8b9846a8-d4ff-4584-8387-7714d0f8f8d8,Westbound,2026-01-28 10:24:51.904425,250.0,368.0,119.0,157.0
17364,2,CAM002,78,2.022369722625006,1730,True,8b9846a8-d4ff-4584-8387-7714d0f8f8d8,Westbound,2026-01-28 10:24:51.886006,410.0,332.0,261.0,208.0
17363,3,CAM001,103,1.6378873242152276,2480,True,58c867fb-332c-46d9-8b45-c0d3caad69df,Eastbound,2026-01-28 10:24:48.982375,448.0,340.0,65.0,104.0
17362,7,CAM001,97,1.879928230352996,2480,True,58c867fb-332c-46d9-8b45-c0d3caad69df,Eastbound,2026-01-28 10:24:48.980870,180.0,319.0,117.0,144.0
17361,6,CAM001,83,1.735969764397743,2480,True,58c867fb-332c-46d9-8b45-c0d3caad69df,Eastbound,2026-01-28 10:24:48.977916,286.0,327.0,98.0,108.0
17360,5,CAM001,54,1.7997995302508356,2480,True,58c867fb-332c-46d9-8b45-c0d3caad69df,Eastbound,2026-01-28 10:24:48.975910,634.0,314.0,175.0,165.0
17359,8,CAM001,46,1.2504454055948955,2480,True,58c867fb-332c-46d9-8b45-c0d3caad69df,Eastbound,2026-01-28 10:24:48.972870,253.0,332.0,60.0,78.0
17358,4,CAM002,102,2.018804322295172,1725,True,8b9846a8-d4ff-4584-8387-7714d0f8f8d8,Westbound,2026-01-28 10:24:46.392943,570.0,347.0,107.0,151.0
17357,3,CAM002,93,1.8525476694412562,1725,True,8b9846a8-d4ff-4584-8387-7714d0f8f8d8,Westbound,2026-01-28 10:24:46.391820,355.0,384.0,96.0,100.0
17356,5,CAM002,89,1.846050109865668,1725,True,8b9846a8-d4ff-4584-8387-7714d0f8f8d8,Westbound,2026-01-28 10:24:46.390278,677.0,364.0,121.0,166.0
17355,6,CAM002,80,1.801455920711552,1725,True,8b9846a8-d4ff-4584-8387-7714d0f8f8d8,Westbound,2026-01-28 10:24:46.388349,248.0,368.0,120.0,156.0
17354,2,CAM002,78,1.9803567731898621,1725,True,8b9846a8-d4ff-4584-8387-7714d0f8f8d8,Westbound,2026-01-28 10:24:46.384338,416.0,332.0,243.0,208.0
17353,3,CAM001,103,1.7685847596993032,2475,True,58c867fb-332c-46d9-8b45-c0d3caad69df,Eastbound,2026-01-28 10:24:43.833638,433.0,335.0,85.0,135.0
17352,7,CAM001,97,1.9950049700500432,2475,True,58c867fb-332c-46d9-8b45-c0d3caad69df,Eastbound,2026-01-28 10:24:43.830941,169.0,290.0,142.0,172.0
17351,6,CAM001,83,1.749729386890864,2475,True,58c867fb-332c-46d9-8b45-c0d3caad69df,Eastbound,2026-01-28 10:24:43.829946,288.0,327.0,99.0,108.0
17350,5,CAM001,54,1.7362549918173096,2475,True,58c867fb-332c-46d9-8b45-c0d3caad69df,Eastbound,2026-01-28 10:24:43.825940,635.0,314.0,186.0,166.0
17349,4,CAM002,102,2.034035625205442,1720,True,8b9846a8-d4ff-4584-8387-7714d0f8f8d8,Westbound,2026-01-28 10:24:41.513446,571.0,346.0,103.0,154.0
17348,3,CAM002,93,1.8461385237770336,1720,True,8b9846a8-d4ff-4584-8387-7714d0f8f8d8,Westbound,2026-01-28 10:24:41.511704,358.0,384.0,103.0,102.0
17347,5,CAM002,89,1.7619833263272058,1720,True,8b9846a8-d4ff-4584-8387-7714d0f8f8d8,Westbound,2026-01-28 10:24:41.508698,675.0,366.0,121.0,169.0
17346,6,CAM002,80,1.7729966033904008,1720,True,8b9846a8-d4ff-4584-8387-7714d0f8f8d8,Westbound,2026-01-28 10:24:41.506693,248.0,368.0,120.0,155.0
17345,2,CAM002,78,1.9565492859775715,1720,True,8b9846a8-d4ff-4584-8387-7714d0f8f8d8,Westbound,2026-01-28 10:24:41.504692,415.0,333.0,224.0,207.0
17344,3,CAM001,103,1.8248669968912858,2470,True,58c867fb-332c-46d9-8b45-c0d3caad69df,Eastbound,2026-01-28 10:24:39.235712,433.0,335.0,84.0,135.0
17343,7,CAM001,97,1.9655031727807935,2470,True,58c867fb-332c-46d9-8b45-c0d3caad69df,Eastbound,2026-01-28 10:24:39.233712,168.0,285.0,144.0,169.0
17342,6,CAM001,83,1.8155900135317202,2470,True,58c867fb-332c-46d9-8b45-c0d3caad69df,Eastbound,2026-01-28 10:24:39.230191,287.0,327.0,101.0,108.0
17341,5,CAM001,54,1.8159999654455001,2470,True,58c867fb-332c-46d9-8b45-c0d3caad69df,Eastbound,2026-01-28 10:24:39.227272,621.0,318.0,197.0,161.0
17340,4,CAM002,102,1.9830700656260825,1715,True,8b9846a8-d4ff-4584-8387-7714d0f8f8d8,Westbound,2026-01-28 10:24:36.724908,576.0,346.0,95.0,154.0
17339,3,CAM002,93,1.8745310161903328,1715,True,8b9846a8-d4ff-4584-8387-7714d0f8f8d8,Westbound,2026-01-28 10:24:36.721782,360.0,384.0,108.0,104.0
17338,5,CAM002,89,1.8368253705553121,1715,True,8b9846a8-d4ff-4584-8387-7714d0f8f8d8,Westbound,2026-01-28 10:24:36.720784,675.0,366.0,119.0,168.0
17337,6,CAM002,80,1.7684588849160163,1715,True,8b9846a8-d4ff-4584-8387-7714d0f8f8d8,Westbound,2026-01-28 10:24:36.718782,249.0,369.0,121.0,154.0
17336,2,CAM002,78,2.014599439538353,1715,True,8b9846a8-d4ff-4584-8387-7714d0f8f8d8,Westbound,2026-01-28 10:24:36.716783,408.0,334.0,220.0,206.0
17335,3,CAM001,103,1.7864829566363989,2465,True,58c867fb-332c-46d9-8b45-c0d3caad69df,Eastbound,2026-01-28 10:24:34.312032,433.0,335.0,84.0,135.0
17334,7,CAM001,97,2.0067640878101445,2465,True,58c867fb-332c-46d9-8b45-c0d3caad69df,Eastbound,2026-01-28 10:24:34.309526,169.0,283.0,145.0,163.0
17333,6,CAM001,83,1.7584014636894532,2465,True,58c867fb-332c-46d9-8b45-c0d3caad69df,Eastbound,2026-01-28 10:24:34.307525,286.0,328.0,102.0,107.0
17332,5,CAM001,54,1.8096814021689842,2465,True,58c867fb-332c-46d9-8b45-c0d3caad69df,Eastbound,2026-01-28 10:24:34.304524,606.0,319.0,200.0,161.0
17331,4,CAM002,102,1.9956170827140745,1710,True,8b9846a8-d4ff-4584-8387-7714d0f8f8d8,Westbound,2026-01-28 10:24:31.704594,580.0,351.0,89.0,149.0
17330,3,CAM002,93,1.8853341961613321,1710,True,8b9846a8-d4ff-4584-8387-7714d0f8f8d8,Westbound,2026-01-28 10:24:31.703594,361.0,384.0,108.0,103.0
17329,5,CAM002,89,1.831542563271063,1710,True,8b9846a8-d4ff-4584-8387-7714d0f8f8d8,Westbound,2026-01-28 10:24:31.701565,677.0,364.0,119.0,170.0
17328,6,CAM002,80,1.8048888691537506,1710,True,8b9846a8-d4ff-4584-8387-7714d0f8f8d8,Westbound,2026-01-28 10:24:31.697565,250.0,370.0,123.0,156.0
17327,2,CAM002,78,2.03486289687801,1710,True,8b9846a8-d4ff-4584-8387-7714d0f8f8d8,Westbound,2026-01-28 10:24:31.691635,409.0,334.0,220.0,206.0
17326,3,CAM001,103,1.782855970776846,2460,True,58c867fb-332c-46d9-8b45-c0d3caad69df,Eastbound,2026-01-28 10:24:28.973760,434.0,334.0,84.0,135.0
17325,7,CAM001,97,1.9587483035259157,2460,True,58c867fb-332c-46d9-8b45-c0d3caad69df,Eastbound,2026-01-28 10:24:28.971766,170.0,293.0,144.0,156.0
17324,6,CAM001,83,1.7500007659225634,2460,True,58c867fb-332c-46d9-8b45-c0d3caad69df,Eastbound,2026-01-28 10:24:28.970028,286.0,328.0,102.0,107.0
17323,5,CAM001,54,1.8220496084444338,2460,True,58c867fb-332c-46d9-8b45-c0d3caad69df,Eastbound,2026-01-28 10:24:28.965043,606.0,322.0,202.0,158.0
17322,4,CAM002,102,1.9465856131130264,1705,True,8b9846a8-d4ff-4584-8387-7714d0f8f8d8,Westbound,2026-01-28 10:24:26.546502,580.0,338.0,89.0,164.0
17321,3,CAM002,93,1.8828419782122858,1705,True,8b9846a8-d4ff-4584-8387-7714d0f8f8d8,Westbound,2026-01-28 10:24:26.545489,363.0,383.0,108.0,104.0
17320,5,CAM002,89,1.8004178537055189,1705,True,8b9846a8-d4ff-4584-8387-7714d0f8f8d8,Westbound,2026-01-28 10:24:26.543479,674.0,363.0,113.0,166.0
17319,6,CAM002,80,1.7854397229574146,1705,True,8b9846a8-d4ff-4584-8387-7714d0f8f8d8,Westbound,2026-01-28 10:24:26.539876,249.0,370.0,125.0,158.0
17318,2,CAM002,78,2.0328173504851033,1705,True,8b9846a8-d4ff-4584-8387-7714d0f8f8d8,Westbound,2026-01-28 10:24:26.535920,409.0,334.0,219.0,206.0
17317,3,CAM001,103,1.8023447505144001,2455,True,58c867fb-332c-46d9-8b45-c0d3caad69df,Eastbound,2026-01-28 10:24:23.750380,435.0,332.0,84.0,137.0
17316,7,CAM001,97,1.912394877356602,2455,True,58c867fb-332c-46d9-8b45-c0d3caad69df,Eastbound,2026-01-28 10:24:23.748381,172.0,315.0,140.0,141.0
17315,6,CAM001,83,1.7471847549444344,2455,True,58c867fb-332c-46d9-8b45-c0d3caad69df,Eastbound,2026-01-28 10:24:23.746370,285.0,328.0,104.0,107.0
17314,5,CAM001,54,1.8163041181604678,2455,True,58c867fb-332c-46d9-8b45-c0d3caad69df,Eastbound,2026-01-28 10:24:23.742256,602.0,325.0,200.0,155.0
17313,4,CAM002,102,1.4540979215765724,1700,True,8b9846a8-d4ff-4584-8387-7714d0f8f8d8,Westbound,2026-01-28 10:24:21.217724,575.0,317.0,96.0,186.0
17312,3,CAM002,93,1.871823821044366,1700,True,8b9846a8-d4ff-4584-8387-7714d0f8f8d8,Westbound,2026-01-28 10:24:21.214723,363.0,383.0,108.0,105.0
17311,5,CAM002,89,1.8481710850877315,1700,True,8b9846a8-d4ff-4584-8387-7714d0f8f8d8,Westbound,2026-01-28 10:24:21.212722,665.0,364.0,111.0,149.0
17310,6,CAM002,80,1.765063828190124,1700,True,8b9846a8-d4ff-4584-8387-7714d0f8f8d8,Westbound,2026-01-28 10:24:21.210211,249.0,369.0,124.0,159.0
17309,2,CAM002,78,2.0321663730983457,1700,True,8b9846a8-d4ff-4584-8387-7714d0f8f8d8,Westbound,2026-01-28 10:24:21.206195,408.0,334.0,221.0,206.0
17308,3,CAM001,103,1.7984735698558447,2450,True,58c867fb-332c-46d9-8b45-c0d3caad69df,Eastbound,2026-01-28 10:24:18.332531,434.0,331.0,85.0,139.0
17307,8,CAM001,102,2.01976148819001,2450,True,58c867fb-332c-46d9-8b45-c0d3caad69df,Eastbound,2026-01-28 10:24:18.331527,145.0,343.0,61.0,71.0
17306,6,CAM001,97,1.6704371630927617,2450,True,58c867fb-332c-46d9-8b45-c0d3caad69df,Eastbound,2026-01-28 10:24:18.330019,178.0,335.0,127.0,124.0
17305,4,CAM001,83,1.4213112735027198,2450,True,58c867fb-332c-46d9-8b45-c0d3caad69df,Eastbound,2026-01-28 10:24:18.328019,285.0,328.0,106.0,108.0
17304,5,CAM001,54,1.858620904991074,2450,True,58c867fb-332c-46d9-8b45-c0d3caad69df,Eastbound,2026-01-28 10:24:18.326021,607.0,325.0,188.0,155.0
17303,7,CAM001,46,1.8643722273830188,2450,True,58c867fb-332c-46d9-8b45-c0d3caad69df,Eastbound,2026-01-28 10:24:18.323020,256.0,321.0,52.0,80.0
17302,3,CAM002,93,1.874488894725952,1695,True,8b9846a8-d4ff-4584-8387-7714d0f8f8d8,Westbound,2026-01-28 10:24:15.763637,363.0,383.0,109.0,106.0
17301,5,CAM002,89,1.8277777288772115,1695,True,8b9846a8-d4ff-4584-8387-7714d0f8f8d8,Westbound,2026-01-28 10:24:15.762523,677.0,362.0,115.0,152.0
17300,6,CAM002,80,1.7210654276413335,1695,True,8b9846a8-d4ff-4584-8387-7714d0f8f8d8,Westbound,2026-01-28 10:24:15.759896,249.0,369.0,124.0,159.0
17299,2,CAM002,78,2.031254670809216,1695,True,8b9846a8-d4ff-4584-8387-7714d0f8f8d8,Westbound,2026-01-28 10:24:15.756901,409.0,334.0,222.0,206.0
17298,3,CAM001,103,1.8170720256354795,2445,True,58c867fb-332c-46d9-8b45-c0d3caad69df,Eastbound,2026-01-28 10:24:13.239318,434.0,333.0,84.0,135.0
17297,8,CAM001,102,1.9477702664573595,2445,True,58c867fb-332c-46d9-8b45-c0d3caad69df,Eastbound,2026-01-28 10:24:13.236314,146.0,344.0,63.0,72.0
17296,6,CAM001,97,1.6791754119861508,2445,True,58c867fb-332c-46d9-8b45-c0d3caad69df,Eastbound,2026-01-28 10:24:13.235374,178.0,325.0,126.0,123.0
17295,4,CAM001,83,2.0261894465330093,2445,True,58c867fb-332c-46d9-8b45-c0d3caad69df,Eastbound,2026-01-28 10:24:13.233314,286.0,330.0,107.0,106.0
17294,5,CAM001,54,1.8474058794718933,2445,True,58c867fb-332c-46d9-8b45-c0d3caad69df,Eastbound,2026-01-28 10:24:13.232268,619.0,325.0,175.0,155.0
17293,7,CAM001,46,1.9124365698745636,2445,True,58c867fb-332c-46d9-8b45-c0d3caad69df,Eastbound,2026-01-28 10:24:13.228742,248.0,300.0,68.0,107.0
17292,1,CAM002,96,1.9627550029637955,1690,True,8b9846a8-d4ff-4584-8387-7714d0f8f8d8,Westbound,2026-01-28 10:24:10.874648,768.0,362.0,58.0,101.0
17291,3,CAM002,93,1.8776931924305424,1690,True,8b9846a8-d4ff-4584-8387-7714d0f8f8d8,Westbound,2026-01-28 10:24:10.872541,363.0,383.0,111.0,106.0
17290,5,CAM002,89,1.8513460402863295,1690,True,8b9846a8-d4ff-4584-8387-7714d0f8f8d8,Westbound,2026-01-28 10:24:10.870928,676.0,363.0,124.0,164.0
17289,6,CAM002,80,1.7146812382831977,1690,True,8b9846a8-d4ff-4584-8387-7714d0f8f8d8,Westbound,2026-01-28 10:24:10.868926,248.0,370.0,127.0,162.0
17288,2,CAM002,78,2.033508026825879,1690,True,8b9846a8-d4ff-4584-8387-7714d0f8f8d8,Westbound,2026-01-28 10:24:10.865920,409.0,334.0,223.0,206.0
17287,3,CAM001,103,1.8142226371442827,2440,True,58c867fb-332c-46d9-8b45-c0d3caad69df,Eastbound,2026-01-28 10:24:08.451864,435.0,333.0,83.0,136.0
17286,8,CAM001,102,1.974494999955665,2440,True,58c867fb-332c-46d9-8b45-c0d3caad69df,Eastbound,2026-01-28 10:24:08.450234,148.0,346.0,66.0,72.0
17285,6,CAM001,97,1.6617274660169878,2440,True,58c867fb-332c-46d9-8b45-c0d3caad69df,Eastbound,2026-01-28 10:24:08.448212,173.0,314.0,138.0,133.0
17284,4,CAM001,83,1.9959932812886472,2440,True,58c867fb-332c-46d9-8b45-c0d3caad69df,Eastbound,2026-01-28 10:24:08.446206,285.0,331.0,108.0,104.0
17283,5,CAM001,54,1.79052735123579,2440,True,58c867fb-332c-46d9-8b45-c0d3caad69df,Eastbound,2026-01-28 10:24:08.444219,620.0,314.0,174.0,166.0
17282,7,CAM001,46,2.024161126176852,2440,True,58c867fb-332c-46d9-8b45-c0d3caad69df,Eastbound,2026-01-28 10:24:08.440530,257.0,304.0,61.0,94.0
17281,1,CAM002,96,1.646432247824753,1685,True,8b9846a8-d4ff-4584-8387-7714d0f8f8d8,Westbound,2026-01-28 10:24:06.040027,770.0,359.0,54.0,106.0
17280,3,CAM002,93,1.8722478072048225,1685,True,8b9846a8-d4ff-4584-8387-7714d0f8f8d8,Westbound,2026-01-28 10:24:06.038042,365.0,384.0,108.0,103.0
17279,5,CAM002,89,1.812850130948882,1685,True,8b9846a8-d4ff-4584-8387-7714d0f8f8d8,Westbound,2026-01-28 10:24:06.036032,679.0,365.0,119.0,160.0
17278,6,CAM002,80,1.7298566870469967,1685,True,8b9846a8-d4ff-4584-8387-7714d0f8f8d8,Westbound,2026-01-28 10:24:06.034025,248.0,370.0,127.0,161.0
17277,2,CAM002,78,2.0371335865862674,1685,True,8b9846a8-d4ff-4584-8387-7714d0f8f8d8,Westbound,2026-01-28 10:24:06.030306,408.0,334.0,224.0,206.0
17276,3,CAM001,103,1.7958055158101933,2435,True,58c867fb-332c-46d9-8b45-c0d3caad69df,Eastbound,2026-01-28 10:24:03.415844,435.0,333.0,85.0,137.0
17275,8,CAM001,102,2.0042355990183123,2435,True,58c867fb-332c-46d9-8b45-c0d3caad69df,Eastbound,2026-01-28 10:24:03.412844,151.0,346.0,65.0,71.0
17274,6,CAM001,97,1.644535211709329,2435,True,58c867fb-332c-46d9-8b45-c0d3caad69df,Eastbound,2026-01-28 10:24:03.409710,186.0,337.0,114.0,109.0
17273,4,CAM001,83,2.0127934308867377,2435,True,58c867fb-332c-46d9-8b45-c0d3caad69df,Eastbound,2026-01-28 10:24:03.407710,289.0,332.0,103.0,102.0
17272,5,CAM001,54,1.8146412723084366,2435,True,58c867fb-332c-46d9-8b45-c0d3caad69df,Eastbound,2026-01-28 10:24:03.405710,604.0,294.0,197.0,185.0
17271,7,CAM001,46,1.9670054587700905,2435,True,58c867fb-332c-46d9-8b45-c0d3caad69df,Eastbound,2026-01-28 10:24:03.400149,255.0,304.0,64.0,91.0
17270,1,CAM002,99,1.237820586146792,1680,True,8b9846a8-d4ff-4584-8387-7714d0f8f8d8,Westbound,2026-01-28 10:24:00.896417,794.0,255.0,125.0,247.0
17269,3,CAM002,93,1.8486528126877904,1680,True,8b9846a8-d4ff-4584-8387-7714d0f8f8d8,Westbound,2026-01-28 10:24:00.894416,365.0,384.0,106.0,101.0
17268,5,CAM002,89,1.673739515171413,1680,True,8b9846a8-d4ff-4584-8387-7714d0f8f8d8,Westbound,2026-01-28 10:24:00.892291,684.0,366.0,100.0,148.0
17267,6,CAM002,80,1.6960501299721067,1680,True,8b9846a8-d4ff-4584-8387-7714d0f8f8d8,Westbound,2026-01-28 10:24:00.889884,248.0,369.0,127.0,161.0
17266,2,CAM002,78,2.033705859717463,1680,True,8b9846a8-d4ff-4584-8387-7714d0f8f8d8,Westbound,2026-01-28 10:24:00.884898,408.0,334.0,224.0,206.0
17265,3,CAM001,103,2.017651036405238,2430,True,58c867fb-332c-46d9-8b45-c0d3caad69df,Eastbound,2026-01-28 10:23:58.508743,435.0,333.0,85.0,139.0
17264,8,CAM001,102,1.996589489980421,2430,True,58c867fb-332c-46d9-8b45-c0d3caad69df,Eastbound,2026-01-28 10:23:58.506754,154.0,346.0,59.0,69.0
17263,6,CAM001,97,1.6309434930529065,2430,True,58c867fb-332c-46d9-8b45-c0d3caad69df,Eastbound,2026-01-28 10:23:58.504803,186.0,325.0,115.0,116.0
17262,4,CAM001,83,2.0138527096512018,2430,True,58c867fb-332c-46d9-8b45-c0d3caad69df,Eastbound,2026-01-28 10:23:58.501776,291.0,333.0,100.0,101.0
17261,5,CAM001,54,1.5191935028377062,2430,True,58c867fb-332c-46d9-8b45-c0d3caad69df,Eastbound,2026-01-28 10:23:58.500083,610.0,304.0,187.0,176.0
17260,7,CAM001,46,1.4075941874023588,2430,True,58c867fb-332c-46d9-8b45-c0d3caad69df,Eastbound,2026-01-28 10:23:58.498076,254.0,305.0,64.0,86.0
17259,7,CAM002,93,2.012974143905378,1675,True,8b9846a8-d4ff-4584-8387-7714d0f8f8d8,Westbound,2026-01-28 10:23:56.303549,366.0,383.0,105.0,102.0
17258,6,CAM002,80,2.0303657856613113,1675,True,8b9846a8-d4ff-4584-8387-7714d0f8f8d8,Westbound,2026-01-28 10:23:56.300843,248.0,369.0,129.0,161.0
17257,2,CAM002,78,2.027748513914214,1675,True,8b9846a8-d4ff-4584-8387-7714d0f8f8d8,Westbound,2026-01-28 10:23:56.297826,408.0,334.0,226.0,206.0
17256,1,CAM001,104,2.0086904813407043,2425,True,58c867fb-332c-46d9-8b45-c0d3caad69df,Eastbound,2026-01-28 10:23:54.419978,116.0,355.0,46.0,76.0
17255,3,CAM001,103,2.023979678166573,2425,True,58c867fb-332c-46d9-8b45-c0d3caad69df,Eastbound,2026-01-28 10:23:54.417860,435.0,333.0,84.0,137.0
17254,8,CAM001,102,1.9504125025420422,2425,True,58c867fb-332c-46d9-8b45-c0d3caad69df,Eastbound,2026-01-28 10:23:54.415962,154.0,346.0,56.0,68.0
17253,5,CAM001,99,1.9238852068637438,2425,True,58c867fb-332c-46d9-8b45-c0d3caad69df,Eastbound,2026-01-28 10:23:54.413904,619.0,247.0,198.0,234.0
17252,4,CAM001,83,2.0200718199205876,2425,True,58c867fb-332c-46d9-8b45-c0d3caad69df,Eastbound,2026-01-28 10:23:54.410244,289.0,334.0,100.0,100.0
17251,7,CAM002,93,2.02935756093966,1670,True,8b9846a8-d4ff-4584-8387-7714d0f8f8d8,Westbound,2026-01-28 10:23:52.307515,367.0,383.0,104.0,102.0
17250,6,CAM002,80,2.0120129874285215,1670,True,8b9846a8-d4ff-4584-8387-7714d0f8f8d8,Westbound,2026-01-28 10:23:52.304637,249.0,369.0,129.0,162.0
17249,2,CAM002,78,1.5259974432002412,1670,True,8b9846a8-d4ff-4584-8387-7714d0f8f8d8,Westbound,2026-01-28 10:23:52.300833,410.0,333.0,227.0,207.0
17248,3,CAM001,103,2.009186279127715,2420,True,58c867fb-332c-46d9-8b45-c0d3caad69df,Eastbound,2026-01-28 10:23:50.078775,435.0,333.0,83.0,136.0
17247,8,CAM001,102,1.9465091346422811,2420,True,58c867fb-332c-46d9-8b45-c0d3caad69df,Eastbound,2026-01-28 10:23:50.077770,156.0,346.0,53.0,71.0
17246,5,CAM001,99,1.8849924942636893,2420,True,58c867fb-332c-46d9-8b45-c0d3caad69df,Eastbound,2026-01-28 10:23:50.075769,644.0,239.0,187.0,224.0
17245,4,CAM001,83,2.012932445290504,2420,True,58c867fb-332c-46d9-8b45-c0d3caad69df,Eastbound,2026-01-28 10:23:50.073829,287.0,334.0,102.0,101.0
17244,2,CAM001,54,1.642212686305702,2420,True,58c867fb-332c-46d9-8b45-c0d3caad69df,Eastbound,2026-01-28 10:23:50.071034,628.0,334.0,156.0,146.0
17243,7,CAM002,93,1.8254885416998818,1665,True,8b9846a8-d4ff-4584-8387-7714d0f8f8d8,Westbound,2026-01-28 10:23:47.795705,368.0,383.0,101.0,103.0
17242,6,CAM002,80,2.0153937696959727,1665,True,8b9846a8-d4ff-4584-8387-7714d0f8f8d8,Westbound,2026-01-28 10:23:47.793706,249.0,369.0,130.0,163.0
17241,2,CAM002,78,1.5885145035839503,1665,True,8b9846a8-d4ff-4584-8387-7714d0f8f8d8,Westbound,2026-01-28 10:23:47.790190,408.0,331.0,233.0,209.0
17240,7,CAM001,103,1.7804471322355115,2415,True,58c867fb-332c-46d9-8b45-c0d3caad69df,Eastbound,2026-01-28 10:23:45.589891,435.0,333.0,83.0,136.0
17239,8,CAM001,102,1.988741041689126,2415,True,58c867fb-332c-46d9-8b45-c0d3caad69df,Eastbound,2026-01-28 10:23:45.587867,154.0,346.0,50.0,73.0
17238,5,CAM001,99,1.6124450833949944,2415,True,58c867fb-332c-46d9-8b45-c0d3caad69df,Eastbound,2026-01-28 10:23:45.585890,642.0,232.0,161.0,217.0
17237,3,CAM001,91,1.755616371427278,2415,True,58c867fb-332c-46d9-8b45-c0d3caad69df,Eastbound,2026-01-28 10:23:45.583752,508.0,320.0,71.0,148.0
17236,4,CAM001,83,2.0022206932768896,2415,True,58c867fb-332c-46d9-8b45-c0d3caad69df,Eastbound,2026-01-28 10:23:45.582527,289.0,333.0,102.0,103.0
17235,2,CAM001,54,1.444772337217305,2415,True,58c867fb-332c-46d9-8b45-c0d3caad69df,Eastbound,2026-01-28 10:23:45.577876,630.0,334.0,151.0,146.0
17234,7,CAM002,93,1.8239523922699965,1660,True,8b9846a8-d4ff-4584-8387-7714d0f8f8d8,Westbound,2026-01-28 10:23:43.344510,369.0,382.0,97.0,105.0
17233,3,CAM002,89,1.8100416972964442,1660,True,8b9846a8-d4ff-4584-8387-7714d0f8f8d8,Westbound,2026-01-28 10:23:43.341791,560.0,353.0,95.0,148.0
17232,6,CAM002,80,1.970821776481249,1660,True,8b9846a8-d4ff-4584-8387-7714d0f8f8d8,Westbound,2026-01-28 10:23:43.338689,249.0,369.0,130.0,163.0
17231,2,CAM002,78,1.9584256986739639,1660,True,8b9846a8-d4ff-4584-8387-7714d0f8f8d8,Westbound,2026-01-28 10:23:43.335802,404.0,331.0,234.0,209.0
17230,8,CAM001,102,1.9821358066182817,2410,True,58c867fb-332c-46d9-8b45-c0d3caad69df,Eastbound,2026-01-28 10:23:41.133862,152.0,346.0,50.0,74.0
17229,3,CAM001,91,1.727728097951854,2410,True,58c867fb-332c-46d9-8b45-c0d3caad69df,Eastbound,2026-01-28 10:23:41.130346,508.0,325.0,71.0,143.0
17228,4,CAM001,83,1.7040272721129333,2410,True,58c867fb-332c-46d9-8b45-c0d3caad69df,Eastbound,2026-01-28 10:23:41.126835,289.0,330.0,101.0,106.0
17227,5,CAM002,98,1.5005891071619188,1655,True,8b9846a8-d4ff-4584-8387-7714d0f8f8d8,Westbound,2026-01-28 10:23:39.108685,858.0,331.0,35.0,106.0
17226,7,CAM002,93,2.024297400218893,1655,True,8b9846a8-d4ff-4584-8387-7714d0f8f8d8,Westbound,2026-01-28 10:23:39.105675,367.0,381.0,92.0,103.0
17225,3,CAM002,89,1.8110029172911806,1655,True,8b9846a8-d4ff-4584-8387-7714d0f8f8d8,Westbound,2026-01-28 10:23:39.095153,560.0,354.0,94.0,147.0
17224,4,CAM002,80,1.7305940643881046,1655,True,8b9846a8-d4ff-4584-8387-7714d0f8f8d8,Westbound,2026-01-28 10:23:39.092011,248.0,369.0,131.0,164.0
17223,2,CAM002,78,1.995700794364368,1655,True,8b9846a8-d4ff-4584-8387-7714d0f8f8d8,Westbound,2026-01-28 10:23:39.088027,401.0,331.0,236.0,209.0
17222,8,CAM001,102,1.3822142011190817,2405,True,58c867fb-332c-46d9-8b45-c0d3caad69df,Eastbound,2026-01-28 10:23:36.882838,148.0,348.0,55.0,76.0
17221,3,CAM001,91,1.6614178744682793,2405,True,58c867fb-332c-46d9-8b45-c0d3caad69df,Eastbound,2026-01-28 10:23:36.880745,509.0,331.0,70.0,137.0
17220,4,CAM001,83,1.7072920441605908,2405,True,58c867fb-332c-46d9-8b45-c0d3caad69df,Eastbound,2026-01-28 10:23:36.878768,287.0,329.0,101.0,107.0
17219,6,CAM001,46,1.9854398518128515,2405,True,58c867fb-332c-46d9-8b45-c0d3caad69df,Eastbound,2026-01-28 10:23:36.873845,257.0,330.0,57.0,74.0
17218,1,CAM002,96,1.9113582264935451,1650,True,8b9846a8-d4ff-4584-8387-7714d0f8f8d8,Westbound,2026-01-28 10:23:34.819778,736.0,264.0,158.0,254.0
17217,7,CAM002,93,1.992485804919437,1650,True,8b9846a8-d4ff-4584-8387-7714d0f8f8d8,Westbound,2026-01-28 10:23:34.815775,364.0,382.0,88.0,102.0
17216,3,CAM002,89,2.038836286269782,1650,True,8b9846a8-d4ff-4584-8387-7714d0f8f8d8,Westbound,2026-01-28 10:23:34.812777,559.0,355.0,95.0,146.0
17215,4,CAM002,80,1.7785798125528645,1650,True,8b9846a8-d4ff-4584-8387-7714d0f8f8d8,Westbound,2026-01-28 10:23:34.809259,248.0,368.0,129.0,161.0
17214,2,CAM002,78,2.0024226922968253,1650,True,8b9846a8-d4ff-4584-8387-7714d0f8f8d8,Westbound,2026-01-28 10:23:34.805255,402.0,332.0,236.0,208.0
17213,4,CAM001,83,1.7310776853861993,2400,True,58c867fb-332c-46d9-8b45-c0d3caad69df,Eastbound,2026-01-28 10:23:31.950451,287.0,330.0,100.0,106.0
17212,5,CAM001,54,2.0007523529051463,2400,True,58c867fb-332c-46d9-8b45-c0d3caad69df,Eastbound,2026-01-28 10:23:31.949451,618.0,333.0,148.0,147.0
17211,6,CAM001,46,1.9700958079224242,2400,True,58c867fb-332c-46d9-8b45-c0d3caad69df,Eastbound,2026-01-28 10:23:31.946451,257.0,331.0,56.0,72.0
17210,1,CAM002,96,1.9645942013541393,1645,True,8b9846a8-d4ff-4584-8387-7714d0f8f8d8,Westbound,2026-01-28 10:23:29.322953,755.0,284.0,153.0,237.0
17209,7,CAM002,93,1.588284108873615,1645,True,8b9846a8-d4ff-4584-8387-7714d0f8f8d8,Westbound,2026-01-28 10:23:29.320441,358.0,383.0,88.0,100.0
17208,3,CAM002,89,1.8184845827606901,1645,True,8b9846a8-d4ff-4584-8387-7714d0f8f8d8,Westbound,2026-01-28 10:23:29.318436,560.0,355.0,94.0,146.0
17207,4,CAM002,80,1.758553447308889,1645,True,8b9846a8-d4ff-4584-8387-7714d0f8f8d8,Westbound,2026-01-28 10:23:29.314932,247.0,367.0,130.0,160.0
17206,2,CAM002,78,2.019923160247931,1645,True,8b9846a8-d4ff-4584-8387-7714d0f8f8d8,Westbound,2026-01-28 10:23:29.311622,403.0,332.0,233.0,208.0
17205,7,CAM001,97,1.5178739517186006,2395,True,58c867fb-332c-46d9-8b45-c0d3caad69df,Eastbound,2026-01-28 10:23:26.995830,164.0,330.0,126.0,107.0
17204,3,CAM001,91,1.7612267358813343,2395,True,58c867fb-332c-46d9-8b45-c0d3caad69df,Eastbound,2026-01-28 10:23:26.993831,509.0,332.0,69.0,134.0
17203,4,CAM001,83,1.7586764605405283,2395,True,58c867fb-332c-46d9-8b45-c0d3caad69df,Eastbound,2026-01-28 10:23:26.991750,286.0,329.0,98.0,106.0
17202,5,CAM001,54,1.9612465959923295,2395,True,58c867fb-332c-46d9-8b45-c0d3caad69df,Eastbound,2026-01-28 10:23:26.990751,613.0,331.0,153.0,149.0
17201,6,CAM001,46,2.018707285316531,2395,True,58c867fb-332c-46d9-8b45-c0d3caad69df,Eastbound,2026-01-28 10:23:26.987749,257.0,332.0,55.0,70.0
17200,1,CAM002,96,1.961663824197195,1640,True,8b9846a8-d4ff-4584-8387-7714d0f8f8d8,Westbound,2026-01-28 10:23:24.830907,760.0,285.0,149.0,238.0
17199,7,CAM002,93,1.6254014637068355,1640,True,8b9846a8-d4ff-4584-8387-7714d0f8f8d8,Westbound,2026-01-28 10:23:24.828907,362.0,386.0,86.0,96.0
17198,3,CAM002,89,1.8345241944220427,1640,True,8b9846a8-d4ff-4584-8387-7714d0f8f8d8,Westbound,2026-01-28 10:23:24.825388,560.0,355.0,94.0,147.0
17197,4,CAM002,80,1.7764240962391162,1640,True,8b9846a8-d4ff-4584-8387-7714d0f8f8d8,Westbound,2026-01-28 10:23:24.820315,248.0,367.0,129.0,158.0
17196,2,CAM002,78,2.027576625310916,1640,True,8b9846a8-d4ff-4584-8387-7714d0f8f8d8,Westbound,2026-01-28 10:23:24.817374,404.0,332.0,233.0,208.0
17195,7,CAM001,97,1.3591755863511517,2390,True,58c867fb-332c-46d9-8b45-c0d3caad69df,Eastbound,2026-01-28 10:23:22.318796,165.0,318.0,128.0,122.0
17194,3,CAM001,91,1.6824080652897355,2390,True,58c867fb-332c-46d9-8b45-c0d3caad69df,Eastbound,2026-01-28 10:23:22.316795,510.0,333.0,67.0,132.0
17193,4,CAM001,83,1.726826559841149,2390,True,58c867fb-332c-46d9-8b45-c0d3caad69df,Eastbound,2026-01-28 10:23:22.315796,289.0,329.0,95.0,106.0
17192,5,CAM001,54,2.0119998607080807,2390,True,58c867fb-332c-46d9-8b45-c0d3caad69df,Eastbound,2026-01-28 10:23:22.312795,608.0,326.0,157.0,154.0
17191,6,CAM001,46,1.8060228027893215,2390,True,58c867fb-332c-46d9-8b45-c0d3caad69df,Eastbound,2026-01-28 10:23:22.309720,258.0,332.0,54.0,71.0
17190,1,CAM002,96,1.9609080406257522,1635,True,8b9846a8-d4ff-4584-8387-7714d0f8f8d8,Westbound,2026-01-28 10:23:20.242995,761.0,278.0,152.0,249.0
17189,7,CAM002,93,1.9676792263604823,1635,True,8b9846a8-d4ff-4584-8387-7714d0f8f8d8,Westbound,2026-01-28 10:23:20.240711,368.0,386.0,87.0,97.0
17188,3,CAM002,89,2.022028253805923,1635,True,8b9846a8-d4ff-4584-8387-7714d0f8f8d8,Westbound,2026-01-28 10:23:20.236711,559.0,352.0,96.0,150.0
17187,4,CAM002,80,1.777400450419488,1635,True,8b9846a8-d4ff-4584-8387-7714d0f8f8d8,Westbound,2026-01-28 10:23:20.234710,250.0,368.0,127.0,153.0
17186,2,CAM002,78,2.026867773115732,1635,True,8b9846a8-d4ff-4584-8387-7714d0f8f8d8,Westbound,2026-01-28 10:23:20.231701,401.0,333.0,238.0,207.0
17185,8,CAM001,102,2.01159978081201,2385,True,58c867fb-332c-46d9-8b45-c0d3caad69df,Eastbound,2026-01-28 10:23:17.997715,107.0,356.0,56.0,74.0
17184,4,CAM001,83,1.7246071236207938,2385,True,58c867fb-332c-46d9-8b45-c0d3caad69df,Eastbound,2026-01-28 10:23:17.995714,293.0,328.0,95.0,107.0
17183,5,CAM001,54,1.9138747598374672,2385,True,58c867fb-332c-46d9-8b45-c0d3caad69df,Eastbound,2026-01-28 10:23:17.989021,609.0,325.0,157.0,155.0
17182,5,CAM002,100,1.9238909436078973,1630,True,8b9846a8-d4ff-4584-8387-7714d0f8f8d8,Westbound,2026-01-28 10:23:15.853439,681.0,368.0,91.0,125.0
17181,7,CAM002,93,1.5675651911905895,1630,True,8b9846a8-d4ff-4584-8387-7714d0f8f8d8,Westbound,2026-01-28 10:23:15.849925,371.0,384.0,97.0,100.0
17180,3,CAM002,89,1.8048632826337752,1630,True,8b9846a8-d4ff-4584-8387-7714d0f8f8d8,Westbound,2026-01-28 10:23:15.846924,560.0,351.0,99.0,150.0
17179,4,CAM002,80,1.791390181752457,1630,True,8b9846a8-d4ff-4584-8387-7714d0f8f8d8,Westbound,2026-01-28 10:23:15.843924,253.0,366.0,124.0,152.0
17178,2,CAM002,78,1.9659235015841432,1630,True,8b9846a8-d4ff-4584-8387-7714d0f8f8d8,Westbound,2026-01-28 10:23:15.841911,396.0,334.0,244.0,206.0
17177,8,CAM001,102,1.9138000709351428,2380,True,58c867fb-332c-46d9-8b45-c0d3caad69df,Eastbound,2026-01-28 10:23:13.374313,106.0,355.0,58.0,76.0
17176,3,CAM001,91,1.7368041167888548,2380,True,58c867fb-332c-46d9-8b45-c0d3caad69df,Eastbound,2026-01-28 10:23:13.373307,511.0,334.0,65.0,127.0
17175,4,CAM001,83,1.7773695484378558,2380,True,58c867fb-332c-46d9-8b45-c0d3caad69df,Eastbound,2026-01-28 10:23:13.370902,291.0,327.0,98.0,108.0
17174,5,CAM001,54,1.9082961921139057,2380,True,58c867fb-332c-46d9-8b45-c0d3caad69df,Eastbound,2026-01-28 10:23:13.368902,610.0,325.0,158.0,155.0
17173,6,CAM001,46,2.0101850298200605,2380,True,58c867fb-332c-46d9-8b45-c0d3caad69df,Eastbound,2026-01-28 10:23:13.367918,258.0,332.0,55.0,71.0
17172,3,CAM002,89,1.7508685503549257,1625,True,8b9846a8-d4ff-4584-8387-7714d0f8f8d8,Westbound,2026-01-28 10:23:11.163785,560.0,350.0,100.0,151.0
17171,4,CAM002,80,1.7672345762603825,1625,True,8b9846a8-d4ff-4584-8387-7714d0f8f8d8,Westbound,2026-01-28 10:23:11.161853,255.0,364.0,122.0,154.0
17170,2,CAM002,78,2.0250121698377144,1625,True,8b9846a8-d4ff-4584-8387-7714d0f8f8d8,Westbound,2026-01-28 10:23:11.156276,391.0,333.0,242.0,207.0
17169,3,CAM001,91,1.7456822285181557,2375,True,58c867fb-332c-46d9-8b45-c0d3caad69df,Eastbound,2026-01-28 10:23:09.082730,510.0,333.0,66.0,130.0
17168,4,CAM001,83,1.7681211926227898,2375,True,58c867fb-332c-46d9-8b45-c0d3caad69df,Eastbound,2026-01-28 10:23:09.080219,289.0,327.0,98.0,108.0
17167,5,CAM001,54,2.024214591016534,2375,True,58c867fb-332c-46d9-8b45-c0d3caad69df,Eastbound,2026-01-28 10:23:09.079218,612.0,326.0,157.0,153.0
17166,6,CAM001,46,1.9390504221109905,2375,True,58c867fb-332c-46d9-8b45-c0d3caad69df,Eastbound,2026-01-28 10:23:09.076320,259.0,335.0,53.0,70.0
17165,3,CAM002,89,1.786062278005133,1620,True,8b9846a8-d4ff-4584-8387-7714d0f8f8d8,Westbound,2026-01-28 10:23:07.021997,560.0,354.0,97.0,149.0
17164,4,CAM002,80,1.7424375933724678,1620,True,8b9846a8-d4ff-4584-8387-7714d0f8f8d8,Westbound,2026-01-28 10:23:07.020999,254.0,364.0,123.0,161.0
17163,2,CAM002,78,1.9967237397847453,1620,True,8b9846a8-d4ff-4584-8387-7714d0f8f8d8,Westbound,2026-01-28 10:23:07.018000,399.0,333.0,232.0,207.0
17162,8,CAM001,102,1.9797528914946911,2370,True,58c867fb-332c-46d9-8b45-c0d3caad69df,Eastbound,2026-01-28 10:23:04.883274,101.0,355.0,60.0,77.0
17161,1,CAM001,97,1.91105161173536,2370,True,58c867fb-332c-46d9-8b45-c0d3caad69df,Eastbound,2026-01-28 10:23:04.881765,162.0,289.0,142.0,152.0
17160,3,CAM001,91,1.7544589751262842,2370,True,58c867fb-332c-46d9-8b45-c0d3caad69df,Eastbound,2026-01-28 10:23:04.878764,509.0,332.0,68.0,136.0
17159,4,CAM001,83,1.7693441845821616,2370,True,58c867fb-332c-46d9-8b45-c0d3caad69df,Eastbound,2026-01-28 10:23:04.876765,289.0,326.0,99.0,109.0
17158,5,CAM001,54,1.9846630394501064,2370,True,58c867fb-332c-46d9-8b45-c0d3caad69df,Eastbound,2026-01-28 10:23:04.875766,613.0,327.0,153.0,153.0
17157,6,CAM001,46,1.941428441398107,2370,True,58c867fb-332c-46d9-8b45-c0d3caad69df,Eastbound,2026-01-28 10:23:04.870670,259.0,336.0,53.0,70.0
17156,7,CAM002,93,2.0193319042743165,1615,True,8b9846a8-d4ff-4584-8387-7714d0f8f8d8,Westbound,2026-01-28 10:23:02.550210,362.0,386.0,97.0,98.0
17155,3,CAM002,89,1.8342026397894289,1615,True,8b9846a8-d4ff-4584-8387-7714d0f8f8d8,Westbound,2026-01-28 10:23:02.547869,560.0,355.0,95.0,148.0
17154,4,CAM002,80,1.7644627149906271,1615,True,8b9846a8-d4ff-4584-8387-7714d0f8f8d8,Westbound,2026-01-28 10:23:02.544106,254.0,365.0,122.0,164.0
17153,2,CAM002,78,2.0345738240311952,1615,True,8b9846a8-d4ff-4584-8387-7714d0f8f8d8,Westbound,2026-01-28 10:23:02.539969,408.0,333.0,228.0,207.0
17152,3,CAM001,91,1.7512422220439623,2365,True,58c867fb-332c-46d9-8b45-c0d3caad69df,Eastbound,2026-01-28 10:23:00.153922,508.0,330.0,72.0,140.0
17151,4,CAM001,83,1.771954107624464,2365,True,58c867fb-332c-46d9-8b45-c0d3caad69df,Eastbound,2026-01-28 10:23:00.148680,289.0,326.0,99.0,109.0
17150,5,CAM001,54,2.0105619748689643,2365,True,58c867fb-332c-46d9-8b45-c0d3caad69df,Eastbound,2026-01-28 10:23:00.146633,614.0,330.0,148.0,150.0
17149,6,CAM001,46,2.0201968999967628,2365,True,58c867fb-332c-46d9-8b45-c0d3caad69df,Eastbound,2026-01-28 10:23:00.141625,260.0,331.0,53.0,70.0
17148,7,CAM002,93,1.5570130971929532,1610,True,8b9846a8-d4ff-4584-8387-7714d0f8f8d8,Westbound,2026-01-28 10:22:57.299713,362.0,385.0,93.0,99.0
17147,3,CAM002,89,1.8195244841428593,1610,True,8b9846a8-d4ff-4584-8387-7714d0f8f8d8,Westbound,2026-01-28 10:22:57.296726,560.0,354.0,96.0,149.0
17146,4,CAM002,80,1.7331731399166803,1610,True,8b9846a8-d4ff-4584-8387-7714d0f8f8d8,Westbound,2026-01-28 10:22:57.294771,253.0,367.0,116.0,165.0
17145,2,CAM002,78,2.0097656938976103,1610,True,8b9846a8-d4ff-4584-8387-7714d0f8f8d8,Westbound,2026-01-28 10:22:57.290954,407.0,332.0,228.0,208.0
17144,1,CAM001,97,1.8910378150642961,2360,True,58c867fb-332c-46d9-8b45-c0d3caad69df,Eastbound,2026-01-28 10:22:54.853887,165.0,286.0,133.0,153.0
17143,3,CAM001,91,1.754612750547153,2360,True,58c867fb-332c-46d9-8b45-c0d3caad69df,Eastbound,2026-01-28 10:22:54.851957,510.0,330.0,71.0,139.0
17142,4,CAM001,83,1.7292918850996184,2360,True,58c867fb-332c-46d9-8b45-c0d3caad69df,Eastbound,2026-01-28 10:22:54.849364,289.0,326.0,99.0,109.0
17141,5,CAM001,54,1.9864967091925771,2360,True,58c867fb-332c-46d9-8b45-c0d3caad69df,Eastbound,2026-01-28 10:22:54.847393,610.0,327.0,149.0,153.0
17140,6,CAM001,46,1.969190491406617,2360,True,58c867fb-332c-46d9-8b45-c0d3caad69df,Eastbound,2026-01-28 10:22:54.845362,261.0,332.0,52.0,67.0
17139,7,CAM002,93,1.995839064576884,1605,True,8b9846a8-d4ff-4584-8387-7714d0f8f8d8,Westbound,2026-01-28 10:22:52.231890,357.0,384.0,93.0,103.0
17138,3,CAM002,89,1.8343002328155968,1605,True,8b9846a8-d4ff-4584-8387-7714d0f8f8d8,Westbound,2026-01-28 10:22:52.227383,560.0,356.0,95.0,146.0
17137,4,CAM002,80,1.7625068946615,1605,True,8b9846a8-d4ff-4584-8387-7714d0f8f8d8,Westbound,2026-01-28 10:22:52.222375,248.0,368.0,115.0,164.0
17136,2,CAM002,78,2.031403322876636,1605,True,8b9846a8-d4ff-4584-8387-7714d0f8f8d8,Westbound,2026-01-28 10:22:52.218874,405.0,332.0,228.0,208.0
17135,1,CAM001,98,2.0034175373907064,2355,True,58c867fb-332c-46d9-8b45-c0d3caad69df,Eastbound,2026-01-28 10:22:49.632843,174.0,323.0,118.0,118.0
17134,3,CAM001,91,1.773648305844214,2355,True,58c867fb-332c-46d9-8b45-c0d3caad69df,Eastbound,2026-01-28 10:22:49.630803,509.0,331.0,71.0,136.0
17133,4,CAM001,83,1.762902264415765,2355,True,58c867fb-332c-46d9-8b45-c0d3caad69df,Eastbound,2026-01-28 10:22:49.627802,289.0,327.0,99.0,108.0
17132,5,CAM001,54,1.9776634020873227,2355,True,58c867fb-332c-46d9-8b45-c0d3caad69df,Eastbound,2026-01-28 10:22:49.626802,606.0,323.0,153.0,157.0
17131,6,CAM001,46,2.0031284145420485,2355,True,58c867fb-332c-46d9-8b45-c0d3caad69df,Eastbound,2026-01-28 10:22:49.622795,262.0,332.0,51.0,65.0
17130,7,CAM002,93,2.002042051721631,1600,True,8b9846a8-d4ff-4584-8387-7714d0f8f8d8,Westbound,2026-01-28 10:22:47.096133,350.0,384.0,92.0,106.0
17129,3,CAM002,89,1.8203380839849137,1600,True,8b9846a8-d4ff-4584-8387-7714d0f8f8d8,Westbound,2026-01-28 10:22:47.094133,559.0,356.0,96.0,146.0
17128,4,CAM002,80,1.7705235022983143,1600,True,8b9846a8-d4ff-4584-8387-7714d0f8f8d8,Westbound,2026-01-28 10:22:47.092126,247.0,367.0,115.0,162.0
17127,2,CAM002,78,1.9960400487019079,1600,True,8b9846a8-d4ff-4584-8387-7714d0f8f8d8,Westbound,2026-01-28 10:22:47.090621,406.0,332.0,228.0,208.0
17126,1,CAM001,98,1.8968810776760023,2350,True,58c867fb-332c-46d9-8b45-c0d3caad69df,Eastbound,2026-01-28 10:22:44.667166,193.0,325.0,100.0,115.0
17125,3,CAM001,91,1.755498239707002,2350,True,58c867fb-332c-46d9-8b45-c0d3caad69df,Eastbound,2026-01-28 10:22:44.664166,510.0,332.0,71.0,134.0
17124,4,CAM001,83,1.6422534722989908,2350,True,58c867fb-332c-46d9-8b45-c0d3caad69df,Eastbound,2026-01-28 10:22:44.661655,292.0,332.0,97.0,103.0
17123,5,CAM001,54,1.9628391047853224,2350,True,58c867fb-332c-46d9-8b45-c0d3caad69df,Eastbound,2026-01-28 10:22:44.658653,600.0,316.0,164.0,164.0
17122,6,CAM001,46,1.6978915824664753,2350,True,58c867fb-332c-46d9-8b45-c0d3caad69df,Eastbound,2026-01-28 10:22:44.655653,260.0,332.0,51.0,66.0
17121,7,CAM002,93,2.0013831587513313,1595,True,8b9846a8-d4ff-4584-8387-7714d0f8f8d8,Westbound,2026-01-28 10:22:42.165897,346.0,385.0,87.0,101.0
17120,3,CAM002,89,1.8271284607946514,1595,True,8b9846a8-d4ff-4584-8387-7714d0f8f8d8,Westbound,2026-01-28 10:22:42.161890,558.0,355.0,97.0,147.0
17119,4,CAM002,80,1.9879831537876043,1595,True,8b9846a8-d4ff-4584-8387-7714d0f8f8d8,Westbound,2026-01-28 10:22:42.159380,244.0,366.0,119.0,161.0
17118,2,CAM002,78,2.004196235640035,1595,True,8b9846a8-d4ff-4584-8387-7714d0f8f8d8,Westbound,2026-01-28 10:22:42.156397,408.0,332.0,230.0,208.0
17117,1,CAM001,98,1.9885588159773748,2345,True,58c867fb-332c-46d9-8b45-c0d3caad69df,Eastbound,2026-01-28 10:22:40.213818,217.0,331.0,82.0,105.0
17116,3,CAM001,91,1.6335069543165712,2345,True,58c867fb-332c-46d9-8b45-c0d3caad69df,Eastbound,2026-01-28 10:22:40.211878,500.0,331.0,77.0,137.0
17115,6,CAM001,83,1.960543147550916,2345,True,58c867fb-332c-46d9-8b45-c0d3caad69df,Eastbound,2026-01-28 10:22:40.210307,299.0,341.0,86.0,92.0
17114,5,CAM001,54,2.0043929224954167,2345,True,58c867fb-332c-46d9-8b45-c0d3caad69df,Eastbound,2026-01-28 10:22:40.207413,594.0,313.0,178.0,167.0
17113,7,CAM002,93,1.986022434255195,1590,True,8b9846a8-d4ff-4584-8387-7714d0f8f8d8,Westbound,2026-01-28 10:22:38.500432,345.0,386.0,83.0,96.0
17112,3,CAM002,89,1.6675270420011414,1590,True,8b9846a8-d4ff-4584-8387-7714d0f8f8d8,Westbound,2026-01-28 10:22:38.498432,557.0,353.0,98.0,149.0
17111,4,CAM002,80,1.7395202134362873,1590,True,8b9846a8-d4ff-4584-8387-7714d0f8f8d8,Westbound,2026-01-28 10:22:38.495431,245.0,368.0,122.0,157.0
17110,2,CAM002,78,2.0175869846884398,1590,True,8b9846a8-d4ff-4584-8387-7714d0f8f8d8,Westbound,2026-01-28 10:22:38.490022,407.0,332.0,232.0,208.0
17109,1,CAM001,98,1.284278918951437,2340,True,58c867fb-332c-46d9-8b45-c0d3caad69df,Eastbound,2026-01-28 10:22:36.113449,226.0,333.0,71.0,105.0
17108,8,CAM001,97,2.018636836076421,2340,True,58c867fb-332c-46d9-8b45-c0d3caad69df,Eastbound,2026-01-28 10:22:36.111955,148.0,346.0,62.0,74.0
17107,7,CAM001,91,1.763078970725034,2340,True,58c867fb-332c-46d9-8b45-c0d3caad69df,Eastbound,2026-01-28 10:22:36.109954,435.0,330.0,80.0,138.0
17106,4,CAM001,83,1.7991717540791237,2340,True,58c867fb-332c-46d9-8b45-c0d3caad69df,Eastbound,2026-01-28 10:22:36.107959,299.0,341.0,85.0,92.0
17105,5,CAM001,54,1.8948739630769857,2340,True,58c867fb-332c-46d9-8b45-c0d3caad69df,Eastbound,2026-01-28 10:22:36.103958,591.0,316.0,190.0,164.0
17104,6,CAM001,46,2.011059294582192,2340,True,58c867fb-332c-46d9-8b45-c0d3caad69df,Eastbound,2026-01-28 10:22:36.100444,190.0,304.0,106.0,136.0
17103,7,CAM002,93,1.7752591898796075,1585,True,8b9846a8-d4ff-4584-8387-7714d0f8f8d8,Westbound,2026-01-28 10:22:33.155665,350.0,387.0,82.0,97.0
17102,1,CAM002,89,1.8191396759248364,1585,True,8b9846a8-d4ff-4584-8387-7714d0f8f8d8,Westbound,2026-01-28 10:22:33.152665,557.0,353.0,98.0,149.0
17101,5,CAM002,85,1.8658489377417407,1585,True,8b9846a8-d4ff-4584-8387-7714d0f8f8d8,Westbound,2026-01-28 10:22:33.150638,678.0,367.0,91.0,119.0
17100,4,CAM002,80,1.7461009356573758,1585,True,8b9846a8-d4ff-4584-8387-7714d0f8f8d8,Westbound,2026-01-28 10:22:33.148637,248.0,369.0,122.0,151.0
17099,2,CAM002,78,2.0234923237090445,1585,True,8b9846a8-d4ff-4584-8387-7714d0f8f8d8,Westbound,2026-01-28 10:22:33.144661,405.0,332.0,233.0,208.0
17098,1,CAM001,101,1.7917867722323801,2335,True,58c867fb-332c-46d9-8b45-c0d3caad69df,Eastbound,2026-01-28 10:22:30.630883,510.0,325.0,68.0,138.0
17097,8,CAM001,97,2.0109040751345577,2335,True,58c867fb-332c-46d9-8b45-c0d3caad69df,Eastbound,2026-01-28 10:22:30.628884,148.0,346.0,63.0,72.0
17096,7,CAM001,91,1.757479552852145,2335,True,58c867fb-332c-46d9-8b45-c0d3caad69df,Eastbound,2026-01-28 10:22:30.627883,436.0,331.0,78.0,137.0
17095,4,CAM001,83,1.758192500580758,2335,True,58c867fb-332c-46d9-8b45-c0d3caad69df,Eastbound,2026-01-28 10:22:30.625882,298.0,336.0,87.0,98.0
17094,5,CAM001,54,1.8717760653546356,2335,True,58c867fb-332c-46d9-8b45-c0d3caad69df,Eastbound,2026-01-28 10:22:30.623883,590.0,321.0,202.0,159.0
17093,6,CAM001,46,1.9579206525238266,2335,True,58c867fb-332c-46d9-8b45-c0d3caad69df,Eastbound,2026-01-28 10:22:30.620325,191.0,301.0,109.0,146.0
17092,7,CAM002,93,1.781679288730061,1580,True,8b9846a8-d4ff-4584-8387-7714d0f8f8d8,Westbound,2026-01-28 10:22:28.079972,357.0,387.0,90.0,104.0
17091,1,CAM002,89,1.8239938933404702,1580,True,8b9846a8-d4ff-4584-8387-7714d0f8f8d8,Westbound,2026-01-28 10:22:28.076971,558.0,354.0,97.0,148.0
17090,5,CAM002,85,1.6970056802702804,1580,True,8b9846a8-d4ff-4584-8387-7714d0f8f8d8,Westbound,2026-01-28 10:22:28.073012,677.0,368.0,94.0,119.0
17089,4,CAM002,80,1.767468350968251,1580,True,8b9846a8-d4ff-4584-8387-7714d0f8f8d8,Westbound,2026-01-28 10:22:28.068895,253.0,369.0,120.0,153.0
17088,2,CAM002,78,2.0275295930509607,1580,True,8b9846a8-d4ff-4584-8387-7714d0f8f8d8,Westbound,2026-01-28 10:22:28.062972,405.0,332.0,232.0,208.0
17087,8,CAM001,97,2.029550619249823,2330,True,58c867fb-332c-46d9-8b45-c0d3caad69df,Eastbound,2026-01-28 10:22:25.460332,150.0,345.0,62.0,71.0
17086,7,CAM001,91,1.784523618735972,2330,True,58c867fb-332c-46d9-8b45-c0d3caad69df,Eastbound,2026-01-28 10:22:25.460332,438.0,332.0,73.0,137.0
17085,4,CAM001,83,1.7370083800188676,2330,True,58c867fb-332c-46d9-8b45-c0d3caad69df,Eastbound,2026-01-28 10:22:25.457339,293.0,327.0,97.0,108.0
17084,5,CAM001,54,2.0167205004252566,2330,True,58c867fb-332c-46d9-8b45-c0d3caad69df,Eastbound,2026-01-28 10:22:25.455264,590.0,327.0,209.0,153.0
17083,6,CAM001,46,1.9228934333100045,2330,True,58c867fb-332c-46d9-8b45-c0d3caad69df,Eastbound,2026-01-28 10:22:25.452205,192.0,294.0,117.0,157.0
17082,7,CAM002,93,1.7276959204802766,1575,True,8b9846a8-d4ff-4584-8387-7714d0f8f8d8,Westbound,2026-01-28 10:22:23.118958,356.0,385.0,109.0,112.0
17081,1,CAM002,89,2.0229064901382117,1575,True,8b9846a8-d4ff-4584-8387-7714d0f8f8d8,Westbound,2026-01-28 10:22:23.116967,558.0,354.0,97.0,149.0
17080,4,CAM002,80,1.7481993739075679,1575,True,8b9846a8-d4ff-4584-8387-7714d0f8f8d8,Westbound,2026-01-28 10:22:23.114981,252.0,368.0,124.0,160.0
17079,2,CAM002,78,2.0239209974823495,1575,True,8b9846a8-d4ff-4584-8387-7714d0f8f8d8,Westbound,2026-01-28 10:22:23.110433,405.0,333.0,234.0,207.0
17078,3,CAM001,98,1.9749242013578774,2325,True,58c867fb-332c-46d9-8b45-c0d3caad69df,Eastbound,2026-01-28 10:22:20.253710,294.0,290.0,92.0,145.0
17077,8,CAM001,97,2.02632411938815,2325,True,58c867fb-332c-46d9-8b45-c0d3caad69df,Eastbound,2026-01-28 10:22:20.251700,151.0,345.0,61.0,70.0
17076,7,CAM001,91,1.758371692242076,2325,True,58c867fb-332c-46d9-8b45-c0d3caad69df,Eastbound,2026-01-28 10:22:20.249189,448.0,336.0,61.0,134.0
17075,4,CAM001,83,1.6875397840464594,2325,True,58c867fb-332c-46d9-8b45-c0d3caad69df,Eastbound,2026-01-28 10:22:20.247187,293.0,329.0,98.0,105.0
17074,5,CAM001,54,2.0287704298269404,2325,True,58c867fb-332c-46d9-8b45-c0d3caad69df,Eastbound,2026-01-28 10:22:20.245190,591.0,331.0,208.0,149.0
17073,6,CAM001,46,2.0074179896932804,2325,True,58c867fb-332c-46d9-8b45-c0d3caad69df,Eastbound,2026-01-28 10:22:20.242172,201.0,289.0,109.0,149.0
17072,7,CAM002,93,1.8235542740380264,1570,True,8b9846a8-d4ff-4584-8387-7714d0f8f8d8,Westbound,2026-01-28 10:22:17.555501,360.0,391.0,112.0,112.0
17071,1,CAM002,89,2.0348547526401726,1570,True,8b9846a8-d4ff-4584-8387-7714d0f8f8d8,Westbound,2026-01-28 10:22:17.553393,557.0,353.0,99.0,150.0
17070,4,CAM002,80,2.0000788888060748,1570,True,8b9846a8-d4ff-4584-8387-7714d0f8f8d8,Westbound,2026-01-28 10:22:17.551011,255.0,368.0,120.0,158.0
17069,2,CAM002,78,2.0097099881387552,1570,True,8b9846a8-d4ff-4584-8387-7714d0f8f8d8,Westbound,2026-01-28 10:22:17.548132,404.0,334.0,237.0,206.0
17068,3,CAM001,98,2.0272554458071856,2320,True,58c867fb-332c-46d9-8b45-c0d3caad69df,Eastbound,2026-01-28 10:22:14.854010,295.0,291.0,90.0,144.0
17067,8,CAM001,97,1.721731860556397,2320,True,58c867fb-332c-46d9-8b45-c0d3caad69df,Eastbound,2026-01-28 10:22:14.851936,153.0,343.0,61.0,74.0
17066,7,CAM001,91,1.577978617056956,2320,True,58c867fb-332c-46d9-8b45-c0d3caad69df,Eastbound,2026-01-28 10:22:14.850936,455.0,342.0,63.0,129.0
17065,5,CAM001,54,2.000835221645965,2320,True,58c867fb-332c-46d9-8b45-c0d3caad69df,Eastbound,2026-01-28 10:22:14.848935,591.0,331.0,207.0,148.0
17064,6,CAM001,46,1.9655059551976668,2320,True,58c867fb-332c-46d9-8b45-c0d3caad69df,Eastbound,2026-01-28 10:22:14.846934,203.0,290.0,106.0,146.0
17063,7,CAM002,93,1.9841159032657028,1565,True,8b9846a8-d4ff-4584-8387-7714d0f8f8d8,Westbound,2026-01-28 10:22:12.824629,358.0,390.0,107.0,107.0
17062,1,CAM002,89,2.0322136235084556,1565,True,8b9846a8-d4ff-4584-8387-7714d0f8f8d8,Westbound,2026-01-28 10:22:12.822631,557.0,353.0,98.0,150.0
17061,4,CAM002,80,1.9865518510488775,1565,True,8b9846a8-d4ff-4584-8387-7714d0f8f8d8,Westbound,2026-01-28 10:22:12.819120,257.0,366.0,114.0,159.0
17060,2,CAM002,78,2.013550473459709,1565,True,8b9846a8-d4ff-4584-8387-7714d0f8f8d8,Westbound,2026-01-28 10:22:12.815120,400.0,333.0,240.0,207.0
17059,3,CAM001,98,1.9938011577763302,2315,True,58c867fb-332c-46d9-8b45-c0d3caad69df,Eastbound,2026-01-28 10:22:10.734805,294.0,291.0,88.0,144.0
17058,8,CAM001,97,2.0132017622925367,2315,True,58c867fb-332c-46d9-8b45-c0d3caad69df,Eastbound,2026-01-28 10:22:10.721667,153.0,333.0,79.0,96.0
17057,5,CAM001,54,1.8586647581094686,2315,True,58c867fb-332c-46d9-8b45-c0d3caad69df,Eastbound,2026-01-28 10:22:10.716173,591.0,332.0,204.0,148.0
17056,6,CAM001,46,1.712652499761061,2315,True,58c867fb-332c-46d9-8b45-c0d3caad69df,Eastbound,2026-01-28 10:22:10.692610,201.0,288.0,111.0,146.0
17055,7,CAM002,93,1.6351233940670302,1560,True,8b9846a8-d4ff-4584-8387-7714d0f8f8d8,Westbound,2026-01-28 10:22:08.395042,354.0,388.0,101.0,99.0
17054,1,CAM002,89,1.9986793349794796,1560,True,8b9846a8-d4ff-4584-8387-7714d0f8f8d8,Westbound,2026-01-28 10:22:08.393043,558.0,354.0,97.0,148.0
17053,5,CAM002,85,1.8713593623152693,1560,True,8b9846a8-d4ff-4584-8387-7714d0f8f8d8,Westbound,2026-01-28 10:22:08.390529,679.0,368.0,109.0,134.0
17052,4,CAM002,80,1.7489679499275346,1560,True,8b9846a8-d4ff-4584-8387-7714d0f8f8d8,Westbound,2026-01-28 10:22:08.388529,256.0,365.0,110.0,167.0
17051,2,CAM002,78,1.9785404886377862,1560,True,8b9846a8-d4ff-4584-8387-7714d0f8f8d8,Westbound,2026-01-28 10:22:08.385637,389.0,332.0,246.0,208.0
17050,3,CAM001,98,1.2826180221986285,2310,True,58c867fb-332c-46d9-8b45-c0d3caad69df,Eastbound,2026-01-28 10:22:05.565715,303.0,294.0,79.0,141.0
17049,8,CAM001,97,1.422872600698914,2310,True,58c867fb-332c-46d9-8b45-c0d3caad69df,Eastbound,2026-01-28 10:22:05.562717,149.0,335.0,76.0,95.0
17048,6,CAM001,86,2.0313008842533993,2310,True,58c867fb-332c-46d9-8b45-c0d3caad69df,Eastbound,2026-01-28 10:22:05.559198,151.0,346.0,60.0,75.0
17047,4,CAM001,83,1.7305588463797517,2310,True,58c867fb-332c-46d9-8b45-c0d3caad69df,Eastbound,2026-01-28 10:22:05.557199,295.0,331.0,95.0,102.0
17046,5,CAM001,54,1.8442581181625786,2310,True,58c867fb-332c-46d9-8b45-c0d3caad69df,Eastbound,2026-01-28 10:22:05.556199,595.0,333.0,200.0,147.0
17045,7,CAM001,46,1.5708050045662139,2310,True,58c867fb-332c-46d9-8b45-c0d3caad69df,Eastbound,2026-01-28 10:22:05.550625,192.0,287.0,126.0,149.0
17044,9,CAM002,96,1.9935910427849264,1555,True,8b9846a8-d4ff-4584-8387-7714d0f8f8d8,Westbound,2026-01-28 10:22:02.941926,772.0,266.0,92.0,248.0
17043,7,CAM002,93,1.6460127197597738,1555,True,8b9846a8-d4ff-4584-8387-7714d0f8f8d8,Westbound,2026-01-28 10:22:02.938420,351.0,388.0,102.0,98.0
17042,3,CAM002,89,2.026437769957504,1555,True,8b9846a8-d4ff-4584-8387-7714d0f8f8d8,Westbound,2026-01-28 10:22:02.935421,559.0,355.0,96.0,146.0
17041,5,CAM002,85,1.892041773815305,1555,True,8b9846a8-d4ff-4584-8387-7714d0f8f8d8,Westbound,2026-01-28 10:22:02.933416,680.0,367.0,110.0,134.0
17040,4,CAM002,80,1.7580062087079285,1555,True,8b9846a8-d4ff-4584-8387-7714d0f8f8d8,Westbound,2026-01-28 10:22:02.930900,249.0,366.0,108.0,170.0
17039,2,CAM002,78,2.025947664237815,1555,True,8b9846a8-d4ff-4584-8387-7714d0f8f8d8,Westbound,2026-01-28 10:22:02.925900,381.0,332.0,251.0,208.0
17038,6,CAM001,86,1.4602239221281919,2305,True,58c867fb-332c-46d9-8b45-c0d3caad69df,Eastbound,2026-01-28 10:22:00.440831,153.0,346.0,56.0,74.0
17037,4,CAM001,83,1.8573841855608688,2305,True,58c867fb-332c-46d9-8b45-c0d3caad69df,Eastbound,2026-01-28 10:22:00.438830,291.0,329.0,100.0,105.0
17036,5,CAM001,54,1.8801213761930777,2305,True,58c867fb-332c-46d9-8b45-c0d3caad69df,Eastbound,2026-01-28 10:22:00.437830,599.0,333.0,197.0,147.0
17035,7,CAM001,46,1.4839539013847713,2305,True,58c867fb-332c-46d9-8b45-c0d3caad69df,Eastbound,2026-01-28 10:22:00.433856,182.0,293.0,136.0,145.0
17034,9,CAM002,96,1.8642101038306857,1550,True,8b9846a8-d4ff-4584-8387-7714d0f8f8d8,Westbound,2026-01-28 10:21:57.940135,780.0,290.0,82.0,224.0
17033,7,CAM002,93,1.6934300384952248,1550,True,8b9846a8-d4ff-4584-8387-7714d0f8f8d8,Westbound,2026-01-28 10:21:57.938189,348.0,388.0,105.0,98.0
17032,4,CAM002,92,1.9367560774258439,1550,True,8b9846a8-d4ff-4584-8387-7714d0f8f8d8,Westbound,2026-01-28 10:21:57.935136,252.0,367.0,108.0,99.0
17031,3,CAM002,89,2.023309491287413,1550,True,8b9846a8-d4ff-4584-8387-7714d0f8f8d8,Westbound,2026-01-28 10:21:57.933131,559.0,356.0,95.0,145.0
17030,5,CAM002,85,1.8480739403124138,1550,True,8b9846a8-d4ff-4584-8387-7714d0f8f8d8,Westbound,2026-01-28 10:21:57.931039,682.0,367.0,113.0,137.0
17029,6,CAM002,80,1.4600329287496017,1550,True,8b9846a8-d4ff-4584-8387-7714d0f8f8d8,Westbound,2026-01-28 10:21:57.928049,248.0,367.0,108.0,170.0
17028,2,CAM002,78,2.002314265906115,1550,True,8b9846a8-d4ff-4584-8387-7714d0f8f8d8,Westbound,2026-01-28 10:21:57.923034,378.0,331.0,253.0,209.0
17027,1,CAM001,97,2.0028997389504104,2300,True,58c867fb-332c-46d9-8b45-c0d3caad69df,Eastbound,2026-01-28 10:21:55.095981,103.0,355.0,61.0,77.0
17026,6,CAM001,86,2.0295637997582885,2300,True,58c867fb-332c-46d9-8b45-c0d3caad69df,Eastbound,2026-01-28 10:21:55.092983,154.0,346.0,54.0,73.0
17025,4,CAM001,83,1.889710322134778,2300,True,58c867fb-332c-46d9-8b45-c0d3caad69df,Eastbound,2026-01-28 10:21:55.090467,287.0,326.0,106.0,109.0
17024,5,CAM001,54,1.8524954913680118,2300,True,58c867fb-332c-46d9-8b45-c0d3caad69df,Eastbound,2026-01-28 10:21:55.088467,600.0,332.0,193.0,148.0
17023,7,CAM001,46,1.6132309127825706,2300,True,58c867fb-332c-46d9-8b45-c0d3caad69df,Eastbound,2026-01-28 10:21:55.084466,175.0,299.0,139.0,139.0
17022,7,CAM002,93,1.8554392310389514,1545,True,8b9846a8-d4ff-4584-8387-7714d0f8f8d8,Westbound,2026-01-28 10:21:52.219132,347.0,387.0,107.0,99.0
17021,4,CAM002,92,1.9265961960277094,1545,True,8b9846a8-d4ff-4584-8387-7714d0f8f8d8,Westbound,2026-01-28 10:21:52.216130,251.0,366.0,109.0,100.0
17020,3,CAM002,89,1.8590945000763643,1545,True,8b9846a8-d4ff-4584-8387-7714d0f8f8d8,Westbound,2026-01-28 10:21:52.213130,560.0,355.0,95.0,146.0
17019,5,CAM002,85,1.865206893311166,1545,True,8b9846a8-d4ff-4584-8387-7714d0f8f8d8,Westbound,2026-01-28 10:21:52.211023,680.0,366.0,122.0,148.0
17018,8,CAM002,79,0.9593003557575368,1545,True,8b9846a8-d4ff-4584-8387-7714d0f8f8d8,Westbound,2026-01-28 10:21:52.209023,775.0,271.0,178.0,245.0
17017,2,CAM002,78,2.0222294314513722,1545,True,8b9846a8-d4ff-4584-8387-7714d0f8f8d8,Westbound,2026-01-28 10:21:52.206126,372.0,330.0,256.0,210.0
17016,7,CAM001,98,1.8603081719796215,2295,True,58c867fb-332c-46d9-8b45-c0d3caad69df,Eastbound,2026-01-28 10:21:49.330541,431.0,337.0,43.0,78.0
17015,1,CAM001,97,2.031187149210625,2295,True,58c867fb-332c-46d9-8b45-c0d3caad69df,Eastbound,2026-01-28 10:21:49.328539,103.0,355.0,61.0,77.0
17014,9,CAM001,96,1.989729548413887,2295,True,58c867fb-332c-46d9-8b45-c0d3caad69df,Eastbound,2026-01-28 10:21:49.326539,263.0,301.0,43.0,71.0
17013,3,CAM001,91,1.7921169761444826,2295,True,58c867fb-332c-46d9-8b45-c0d3caad69df,Eastbound,2026-01-28 10:21:49.325540,510.0,340.0,70.0,132.0
17012,6,CAM001,86,1.974269987475315,2295,True,58c867fb-332c-46d9-8b45-c0d3caad69df,Eastbound,2026-01-28 10:21:49.323541,153.0,346.0,55.0,74.0
17011,4,CAM001,83,1.8710708096868491,2295,True,58c867fb-332c-46d9-8b45-c0d3caad69df,Eastbound,2026-01-28 10:21:49.322028,283.0,328.0,109.0,107.0
17010,5,CAM001,54,1.8352132797340306,2295,True,58c867fb-332c-46d9-8b45-c0d3caad69df,Eastbound,2026-01-28 10:21:49.320029,605.0,331.0,187.0,149.0
17009,8,CAM001,46,1.891672537265223,2295,True,58c867fb-332c-46d9-8b45-c0d3caad69df,Eastbound,2026-01-28 10:21:49.317027,174.0,310.0,141.0,128.0
17008,7,CAM002,93,1.6261396545268718,1540,True,8b9846a8-d4ff-4584-8387-7714d0f8f8d8,Westbound,2026-01-28 10:21:46.764794,350.0,388.0,95.0,96.0
17007,4,CAM002,92,1.903394736240931,1540,True,8b9846a8-d4ff-4584-8387-7714d0f8f8d8,Westbound,2026-01-28 10:21:46.763794,251.0,365.0,110.0,101.0
17006,3,CAM002,89,1.8316515277212002,1540,True,8b9846a8-d4ff-4584-8387-7714d0f8f8d8,Westbound,2026-01-28 10:21:46.761790,560.0,355.0,95.0,146.0
17005,5,CAM002,85,1.8448287770002845,1540,True,8b9846a8-d4ff-4584-8387-7714d0f8f8d8,Westbound,2026-01-28 10:21:46.759285,675.0,365.0,126.0,149.0
17004,2,CAM002,78,1.9777442035825878,1540,True,8b9846a8-d4ff-4584-8387-7714d0f8f8d8,Westbound,2026-01-28 10:21:46.756285,372.0,328.0,254.0,212.0
17003,1,CAM001,97,2.0142798764928838,2290,True,58c867fb-332c-46d9-8b45-c0d3caad69df,Eastbound,2026-01-28 10:21:44.130134,102.0,355.0,62.0,77.0
17002,9,CAM001,96,2.0230497402418175,2290,True,58c867fb-332c-46d9-8b45-c0d3caad69df,Eastbound,2026-01-28 10:21:44.129123,263.0,302.0,42.0,70.0
17001,3,CAM001,91,1.7037070904267118,2290,True,58c867fb-332c-46d9-8b45-c0d3caad69df,Eastbound,2026-01-28 10:21:44.128122,508.0,339.0,74.0,132.0
17000,6,CAM001,86,2.013496305710225,2290,True,58c867fb-332c-46d9-8b45-c0d3caad69df,Eastbound,2026-01-28 10:21:44.126123,152.0,346.0,56.0,75.0
16999,4,CAM001,83,1.882361515093745,2290,True,58c867fb-332c-46d9-8b45-c0d3caad69df,Eastbound,2026-01-28 10:21:44.125123,280.0,329.0,107.0,105.0
16998,5,CAM001,54,1.8394480382481828,2290,True,58c867fb-332c-46d9-8b45-c0d3caad69df,Eastbound,2026-01-28 10:21:44.123122,615.0,331.0,182.0,149.0
16997,8,CAM001,46,1.6351654961046833,2290,True,58c867fb-332c-46d9-8b45-c0d3caad69df,Eastbound,2026-01-28 10:21:44.120520,181.0,328.0,126.0,112.0
16996,4,CAM002,92,1.8742839310997066,1535,True,8b9846a8-d4ff-4584-8387-7714d0f8f8d8,Westbound,2026-01-28 10:21:41.704977,252.0,366.0,110.0,100.0
16995,3,CAM002,89,2.0295543338815913,1535,True,8b9846a8-d4ff-4584-8387-7714d0f8f8d8,Westbound,2026-01-28 10:21:41.702978,561.0,354.0,94.0,147.0
16994,5,CAM002,85,1.836481777103772,1535,True,8b9846a8-d4ff-4584-8387-7714d0f8f8d8,Westbound,2026-01-28 10:21:41.700933,673.0,365.0,127.0,139.0
16993,8,CAM002,80,1.634454783338685,1535,True,8b9846a8-d4ff-4584-8387-7714d0f8f8d8,Westbound,2026-01-28 10:21:41.699934,249.0,369.0,109.0,170.0
16992,2,CAM002,79,1.9967263980801229,1535,True,8b9846a8-d4ff-4584-8387-7714d0f8f8d8,Westbound,2026-01-28 10:21:41.695933,769.0,352.0,124.0,167.0
16991,7,CAM002,78,2.0256443617896513,1535,True,8b9846a8-d4ff-4584-8387-7714d0f8f8d8,Westbound,2026-01-28 10:21:41.692933,375.0,326.0,251.0,214.0
16990,9,CAM001,96,1.547502394950461,2285,True,58c867fb-332c-46d9-8b45-c0d3caad69df,Eastbound,2026-01-28 10:21:39.185801,264.0,303.0,40.0,68.0
16989,6,CAM001,86,2.0129235358875315,2285,True,58c867fb-332c-46d9-8b45-c0d3caad69df,Eastbound,2026-01-28 10:21:39.183802,151.0,345.0,57.0,77.0
16988,4,CAM001,83,1.6967632755882296,2285,True,58c867fb-332c-46d9-8b45-c0d3caad69df,Eastbound,2026-01-28 10:21:39.181604,279.0,327.0,108.0,106.0
16987,5,CAM001,54,1.8701835683030983,2285,True,58c867fb-332c-46d9-8b45-c0d3caad69df,Eastbound,2026-01-28 10:21:39.180603,619.0,331.0,180.0,148.0
16986,8,CAM001,46,2.0253752444646564,2285,True,58c867fb-332c-46d9-8b45-c0d3caad69df,Eastbound,2026-01-28 10:21:39.178627,169.0,329.0,130.0,113.0
16985,9,CAM002,93,1.6180483518212232,1530,True,8b9846a8-d4ff-4584-8387-7714d0f8f8d8,Westbound,2026-01-28 10:21:36.953875,351.0,388.0,90.0,95.0
16984,3,CAM002,89,1.847145727479727,1530,True,8b9846a8-d4ff-4584-8387-7714d0f8f8d8,Westbound,2026-01-28 10:21:36.951868,561.0,354.0,95.0,147.0
16983,5,CAM002,85,1.871186311945643,1530,True,8b9846a8-d4ff-4584-8387-7714d0f8f8d8,Westbound,2026-01-28 10:21:36.950360,685.0,365.0,109.0,122.0
16982,4,CAM002,80,1.7444474261905636,1530,True,8b9846a8-d4ff-4584-8387-7714d0f8f8d8,Westbound,2026-01-28 10:21:36.948360,249.0,368.0,109.0,170.0
16981,2,CAM002,79,1.864395463270702,1530,True,8b9846a8-d4ff-4584-8387-7714d0f8f8d8,Westbound,2026-01-28 10:21:36.945359,768.0,352.0,114.0,167.0
16980,7,CAM002,78,1.993240755399873,1530,True,8b9846a8-d4ff-4584-8387-7714d0f8f8d8,Westbound,2026-01-28 10:21:36.943358,380.0,322.0,247.0,218.0
16979,9,CAM001,96,1.3271461894345382,2280,True,58c867fb-332c-46d9-8b45-c0d3caad69df,Eastbound,2026-01-28 10:21:34.294076,266.0,304.0,38.0,73.0
16978,3,CAM001,91,1.7457871016764375,2280,True,58c867fb-332c-46d9-8b45-c0d3caad69df,Eastbound,2026-01-28 10:21:34.291942,509.0,327.0,80.0,141.0
16977,6,CAM001,86,2.019317644639222,2280,True,58c867fb-332c-46d9-8b45-c0d3caad69df,Eastbound,2026-01-28 10:21:34.290943,150.0,344.0,58.0,79.0
16976,4,CAM001,83,1.8776978997484142,2280,True,58c867fb-332c-46d9-8b45-c0d3caad69df,Eastbound,2026-01-28 10:21:34.288942,280.0,328.0,107.0,106.0
16975,5,CAM001,54,1.8778085023694175,2280,True,58c867fb-332c-46d9-8b45-c0d3caad69df,Eastbound,2026-01-28 10:21:34.287941,620.0,331.0,179.0,149.0
16974,8,CAM001,46,1.6388493471430468,2280,True,58c867fb-332c-46d9-8b45-c0d3caad69df,Eastbound,2026-01-28 10:21:34.284942,169.0,330.0,130.0,112.0
16973,9,CAM002,93,1.4864350200308303,1525,True,8b9846a8-d4ff-4584-8387-7714d0f8f8d8,Westbound,2026-01-28 10:21:31.688564,356.0,387.0,80.0,98.0
16972,4,CAM002,92,1.9058366545565526,1525,True,8b9846a8-d4ff-4584-8387-7714d0f8f8d8,Westbound,2026-01-28 10:21:31.687566,250.0,367.0,109.0,101.0
16971,3,CAM002,89,1.8328319912375328,1525,True,8b9846a8-d4ff-4584-8387-7714d0f8f8d8,Westbound,2026-01-28 10:21:31.685565,561.0,355.0,94.0,147.0
16970,5,CAM002,85,1.7418876243835446,1525,True,8b9846a8-d4ff-4584-8387-7714d0f8f8d8,Westbound,2026-01-28 10:21:31.684564,688.0,365.0,101.0,121.0
16969,8,CAM002,80,1.6631066756953845,1525,True,8b9846a8-d4ff-4584-8387-7714d0f8f8d8,Westbound,2026-01-28 10:21:31.681901,248.0,367.0,110.0,170.0
16968,2,CAM002,79,1.9876972257066037,1525,True,8b9846a8-d4ff-4584-8387-7714d0f8f8d8,Westbound,2026-01-28 10:21:31.677902,735.0,356.0,109.0,165.0
16967,7,CAM002,78,2.025319760501265,1525,True,8b9846a8-d4ff-4584-8387-7714d0f8f8d8,Westbound,2026-01-28 10:21:31.674919,382.0,320.0,245.0,220.0
16966,8,CAM001,96,1.8751658590093998,2275,True,58c867fb-332c-46d9-8b45-c0d3caad69df,Eastbound,2026-01-28 10:21:29.247981,265.0,311.0,63.0,125.0
16965,3,CAM001,91,1.6030523231727192,2275,True,58c867fb-332c-46d9-8b45-c0d3caad69df,Eastbound,2026-01-28 10:21:29.244979,498.0,328.0,89.0,141.0
16964,6,CAM001,86,1.9804828452834813,2275,True,58c867fb-332c-46d9-8b45-c0d3caad69df,Eastbound,2026-01-28 10:21:29.243977,150.0,343.0,57.0,79.0
16963,4,CAM001,83,1.8627068666548965,2275,True,58c867fb-332c-46d9-8b45-c0d3caad69df,Eastbound,2026-01-28 10:21:29.241931,280.0,328.0,107.0,107.0
16962,5,CAM001,54,2.033295810826586,2275,True,58c867fb-332c-46d9-8b45-c0d3caad69df,Eastbound,2026-01-28 10:21:29.239930,620.0,330.0,179.0,150.0
16961,9,CAM001,46,1.9955550987036894,2275,True,58c867fb-332c-46d9-8b45-c0d3caad69df,Eastbound,2026-01-28 10:21:29.237929,170.0,331.0,127.0,109.0
16960,4,CAM002,92,1.8763989157756533,1520,True,8b9846a8-d4ff-4584-8387-7714d0f8f8d8,Westbound,2026-01-28 10:21:27.338898,251.0,368.0,110.0,100.0
16959,3,CAM002,89,2.0383005382056516,1520,True,8b9846a8-d4ff-4584-8387-7714d0f8f8d8,Westbound,2026-01-28 10:21:27.335898,560.0,354.0,94.0,149.0
16958,2,CAM002,79,1.9746318110084387,1520,True,8b9846a8-d4ff-4584-8387-7714d0f8f8d8,Westbound,2026-01-28 10:21:27.333897,733.0,351.0,113.0,173.0
16957,7,CAM002,78,1.976419346619369,1520,True,8b9846a8-d4ff-4584-8387-7714d0f8f8d8,Westbound,2026-01-28 10:21:27.330388,387.0,321.0,240.0,219.0
16956,4,CAM001,96,1.737485054229486,2270,True,58c867fb-332c-46d9-8b45-c0d3caad69df,Eastbound,2026-01-28 10:21:25.376445,266.0,310.0,61.0,125.0
16955,6,CAM001,86,1.974719915943104,2270,True,58c867fb-332c-46d9-8b45-c0d3caad69df,Eastbound,2026-01-28 10:21:25.375445,149.0,343.0,58.0,79.0
16954,5,CAM001,54,2.034842294066423,2270,True,58c867fb-332c-46d9-8b45-c0d3caad69df,Eastbound,2026-01-28 10:21:25.374444,619.0,329.0,180.0,150.0
16953,9,CAM001,46,1.9872663999205684,2270,True,58c867fb-332c-46d9-8b45-c0d3caad69df,Eastbound,2026-01-28 10:21:25.370921,170.0,331.0,127.0,108.0
16952,4,CAM002,92,1.912300151490663,1515,True,8b9846a8-d4ff-4584-8387-7714d0f8f8d8,Westbound,2026-01-28 10:21:23.388643,254.0,369.0,107.0,98.0
16951,3,CAM002,89,1.7322101401525256,1515,True,8b9846a8-d4ff-4584-8387-7714d0f8f8d8,Westbound,2026-01-28 10:21:23.386637,561.0,354.0,92.0,149.0
16950,2,CAM002,79,1.9887466420605282,1515,True,8b9846a8-d4ff-4584-8387-7714d0f8f8d8,Westbound,2026-01-28 10:21:23.384638,727.0,343.0,121.0,187.0
16949,7,CAM002,78,2.0191146428530007,1515,True,8b9846a8-d4ff-4584-8387-7714d0f8f8d8,Westbound,2026-01-28 10:21:23.382637,401.0,320.0,231.0,220.0
16948,8,CAM001,96,2.023195344344297,2265,True,58c867fb-332c-46d9-8b45-c0d3caad69df,Eastbound,2026-01-28 10:21:20.658642,264.0,301.0,63.0,132.0
16947,3,CAM001,91,1.755952592120147,2265,True,58c867fb-332c-46d9-8b45-c0d3caad69df,Eastbound,2026-01-28 10:21:20.655642,431.0,337.0,88.0,133.0
16946,6,CAM001,86,2.0124900619459054,2265,True,58c867fb-332c-46d9-8b45-c0d3caad69df,Eastbound,2026-01-28 10:21:20.652636,149.0,344.0,59.0,80.0
16945,4,CAM001,83,1.9355173856532695,2265,True,58c867fb-332c-46d9-8b45-c0d3caad69df,Eastbound,2026-01-28 10:21:20.649586,281.0,331.0,105.0,105.0
16944,5,CAM001,54,2.031805507014981,2265,True,58c867fb-332c-46d9-8b45-c0d3caad69df,Eastbound,2026-01-28 10:21:20.646588,618.0,329.0,181.0,151.0
16943,9,CAM001,46,2.0268310583919917,2265,True,58c867fb-332c-46d9-8b45-c0d3caad69df,Eastbound,2026-01-28 10:21:20.643607,172.0,330.0,127.0,109.0
16942,4,CAM002,92,1.8179581055549328,1510,True,8b9846a8-d4ff-4584-8387-7714d0f8f8d8,Westbound,2026-01-28 10:21:17.628071,255.0,370.0,133.0,127.0
16941,3,CAM002,89,1.7333860514211201,1510,True,8b9846a8-d4ff-4584-8387-7714d0f8f8d8,Westbound,2026-01-28 10:21:17.624070,562.0,354.0,90.0,149.0
16940,2,CAM002,79,2.015664246579401,1510,True,8b9846a8-d4ff-4584-8387-7714d0f8f8d8,Westbound,2026-01-28 10:21:17.620903,721.0,340.0,133.0,198.0
16939,7,CAM002,78,1.7647998196436723,1510,True,8b9846a8-d4ff-4584-8387-7714d0f8f8d8,Westbound,2026-01-28 10:21:17.617831,403.0,316.0,234.0,224.0
16938,8,CAM001,96,2.001074704773216,2260,True,58c867fb-332c-46d9-8b45-c0d3caad69df,Eastbound,2026-01-28 10:21:14.470979,264.0,302.0,62.0,132.0
16937,7,CAM001,95,1.7845595723031527,2260,True,58c867fb-332c-46d9-8b45-c0d3caad69df,Eastbound,2026-01-28 10:21:14.467977,506.0,313.0,72.0,159.0
16936,3,CAM001,91,1.7755659204875751,2260,True,58c867fb-332c-46d9-8b45-c0d3caad69df,Eastbound,2026-01-28 10:21:14.464978,429.0,337.0,90.0,133.0
16935,6,CAM001,86,2.013490062006753,2260,True,58c867fb-332c-46d9-8b45-c0d3caad69df,Eastbound,2026-01-28 10:21:14.461970,148.0,344.0,60.0,80.0
16934,4,CAM001,83,1.7618283537283774,2260,True,58c867fb-332c-46d9-8b45-c0d3caad69df,Eastbound,2026-01-28 10:21:14.458355,281.0,329.0,105.0,106.0
16933,5,CAM001,54,1.8524483659444124,2260,True,58c867fb-332c-46d9-8b45-c0d3caad69df,Eastbound,2026-01-28 10:21:14.454836,617.0,329.0,180.0,151.0
16932,9,CAM001,46,1.9726596886122896,2260,True,58c867fb-332c-46d9-8b45-c0d3caad69df,Eastbound,2026-01-28 10:21:14.450276,172.0,329.0,126.0,111.0
16931,4,CAM002,92,1.7178155926182213,1505,True,8b9846a8-d4ff-4584-8387-7714d0f8f8d8,Westbound,2026-01-28 10:21:10.755471,253.0,368.0,151.0,147.0
16930,3,CAM002,89,1.7420772404959868,1505,True,8b9846a8-d4ff-4584-8387-7714d0f8f8d8,Westbound,2026-01-28 10:21:10.751833,568.0,354.0,85.0,148.0
16929,5,CAM002,85,1.8587671501494434,1505,True,8b9846a8-d4ff-4584-8387-7714d0f8f8d8,Westbound,2026-01-28 10:21:10.748287,680.0,366.0,93.0,117.0
16928,2,CAM002,79,1.8903824839036574,1505,True,8b9846a8-d4ff-4584-8387-7714d0f8f8d8,Westbound,2026-01-28 10:21:10.746330,719.0,342.0,145.0,195.0
16927,7,CAM002,78,1.766397584069014,1505,True,8b9846a8-d4ff-4584-8387-7714d0f8f8d8,Westbound,2026-01-28 10:21:10.742085,405.0,316.0,236.0,224.0
16926,7,CAM001,95,1.6693531818964178,2255,True,58c867fb-332c-46d9-8b45-c0d3caad69df,Eastbound,2026-01-28 10:21:07.160121,507.0,312.0,70.0,159.0
16925,3,CAM001,91,1.6984369963869295,2255,True,58c867fb-332c-46d9-8b45-c0d3caad69df,Eastbound,2026-01-28 10:21:07.157119,427.0,336.0,93.0,133.0
16924,6,CAM001,86,2.0094420546226055,2255,True,58c867fb-332c-46d9-8b45-c0d3caad69df,Eastbound,2026-01-28 10:21:07.154125,148.0,343.0,60.0,79.0
16923,4,CAM001,83,1.716019774084733,2255,True,58c867fb-332c-46d9-8b45-c0d3caad69df,Eastbound,2026-01-28 10:21:07.151087,280.0,326.0,107.0,109.0
16922,5,CAM001,54,1.8440285591729815,2255,True,58c867fb-332c-46d9-8b45-c0d3caad69df,Eastbound,2026-01-28 10:21:07.148577,619.0,329.0,178.0,151.0
16921,9,CAM001,46,1.7998948209188428,2255,True,58c867fb-332c-46d9-8b45-c0d3caad69df,Eastbound,2026-01-28 10:21:07.145578,171.0,329.0,128.0,112.0
16920,4,CAM002,93,1.7740721152099845,1500,True,8b9846a8-d4ff-4584-8387-7714d0f8f8d8,Westbound,2026-01-28 10:21:03.484236,342.0,382.0,115.0,157.0
16919,9,CAM002,92,1.642254395810537,1500,True,8b9846a8-d4ff-4584-8387-7714d0f8f8d8,Westbound,2026-01-28 10:21:03.481019,252.0,364.0,107.0,104.0
16918,3,CAM002,89,1.7662429092537582,1500,True,8b9846a8-d4ff-4584-8387-7714d0f8f8d8,Westbound,2026-01-28 10:21:03.478017,573.0,352.0,84.0,150.0
16917,5,CAM002,85,1.8480609798447953,1500,True,8b9846a8-d4ff-4584-8387-7714d0f8f8d8,Westbound,2026-01-28 10:21:03.475018,680.0,365.0,95.0,119.0
16916,8,CAM002,80,1.9902842042543119,1500,True,8b9846a8-d4ff-4584-8387-7714d0f8f8d8,Westbound,2026-01-28 10:21:03.471915,246.0,366.0,110.0,168.0
16915,2,CAM002,79,1.9731296259134374,1500,True,8b9846a8-d4ff-4584-8387-7714d0f8f8d8,Westbound,2026-01-28 10:21:03.469966,745.0,352.0,138.0,178.0
16914,7,CAM002,78,1.981410640745066,1500,True,8b9846a8-d4ff-4584-8387-7714d0f8f8d8,Westbound,2026-01-28 10:21:03.466916,412.0,324.0,237.0,216.0
16913,3,CAM001,91,1.7055208479405783,2250,True,58c867fb-332c-46d9-8b45-c0d3caad69df,Eastbound,2026-01-28 10:20:59.746453,425.0,336.0,96.0,133.0
16912,6,CAM001,86,1.9922634022836296,2250,True,58c867fb-332c-46d9-8b45-c0d3caad69df,Eastbound,2026-01-28 10:20:59.743414,148.0,343.0,59.0,76.0
16911,4,CAM001,83,1.7396748840337284,2250,True,58c867fb-332c-46d9-8b45-c0d3caad69df,Eastbound,2026-01-28 10:20:59.740081,280.0,326.0,105.0,109.0
16910,5,CAM001,54,1.8497238083520293,2250,True,58c867fb-332c-46d9-8b45-c0d3caad69df,Eastbound,2026-01-28 10:20:59.737080,621.0,329.0,178.0,151.0
16909,9,CAM001,46,2.013390578876163,2250,True,58c867fb-332c-46d9-8b45-c0d3caad69df,Eastbound,2026-01-28 10:20:59.731965,171.0,329.0,127.0,112.0
16908,4,CAM002,93,1.756790479474697,1495,True,8b9846a8-d4ff-4584-8387-7714d0f8f8d8,Westbound,2026-01-28 10:20:56.399988,343.0,383.0,118.0,156.0
16907,3,CAM002,89,1.7261953707834865,1495,True,8b9846a8-d4ff-4584-8387-7714d0f8f8d8,Westbound,2026-01-28 10:20:56.396987,573.0,354.0,85.0,145.0
16906,5,CAM002,85,1.8570709356850286,1495,True,8b9846a8-d4ff-4584-8387-7714d0f8f8d8,Westbound,2026-01-28 10:20:56.395025,682.0,365.0,98.0,119.0
16905,8,CAM002,80,2.0075359032030016,1495,True,8b9846a8-d4ff-4584-8387-7714d0f8f8d8,Westbound,2026-01-28 10:20:56.390472,248.0,367.0,111.0,167.0
16904,2,CAM002,79,1.9759597388088301,1495,True,8b9846a8-d4ff-4584-8387-7714d0f8f8d8,Westbound,2026-01-28 10:20:56.388477,749.0,349.0,137.0,179.0
16903,7,CAM002,78,1.9298909167336216,1495,True,8b9846a8-d4ff-4584-8387-7714d0f8f8d8,Westbound,2026-01-28 10:20:56.382430,433.0,340.0,228.0,200.0
16902,3,CAM001,91,1.6747555379502963,2245,True,58c867fb-332c-46d9-8b45-c0d3caad69df,Eastbound,2026-01-28 10:20:52.853575,421.0,336.0,103.0,134.0
16901,6,CAM001,86,1.9408789419911088,2245,True,58c867fb-332c-46d9-8b45-c0d3caad69df,Eastbound,2026-01-28 10:20:52.849941,148.0,344.0,59.0,75.0
16900,4,CAM001,83,1.6835182558840978,2245,True,58c867fb-332c-46d9-8b45-c0d3caad69df,Eastbound,2026-01-28 10:20:52.845940,283.0,326.0,102.0,108.0
16899,5,CAM001,54,1.8515725587918541,2245,True,58c867fb-332c-46d9-8b45-c0d3caad69df,Eastbound,2026-01-28 10:20:52.842986,621.0,329.0,179.0,151.0
16898,9,CAM001,46,1.990260904157801,2245,True,58c867fb-332c-46d9-8b45-c0d3caad69df,Eastbound,2026-01-28 10:20:52.840385,171.0,328.0,128.0,113.0
16897,4,CAM002,93,1.630354728791042,1490,True,8b9846a8-d4ff-4584-8387-7714d0f8f8d8,Westbound,2026-01-28 10:20:50.031876,346.0,383.0,122.0,156.0
16896,3,CAM002,89,1.4846791786714624,1490,True,8b9846a8-d4ff-4584-8387-7714d0f8f8d8,Westbound,2026-01-28 10:20:50.027245,576.0,359.0,79.0,136.0
16895,5,CAM002,85,1.871769668890791,1490,True,8b9846a8-d4ff-4584-8387-7714d0f8f8d8,Westbound,2026-01-28 10:20:50.024205,685.0,365.0,97.0,119.0
16894,8,CAM002,80,2.017525269717169,1490,True,8b9846a8-d4ff-4584-8387-7714d0f8f8d8,Westbound,2026-01-28 10:20:50.022025,248.0,368.0,110.0,168.0
16893,2,CAM002,79,2.0255187473116667,1490,True,8b9846a8-d4ff-4584-8387-7714d0f8f8d8,Westbound,2026-01-28 10:20:50.020041,754.0,344.0,137.0,181.0
16892,7,CAM002,78,1.701992108213521,1490,True,8b9846a8-d4ff-4584-8387-7714d0f8f8d8,Westbound,2026-01-28 10:20:50.016100,470.0,360.0,198.0,180.0
16891,7,CAM001,95,1.6768325758954883,2240,True,58c867fb-332c-46d9-8b45-c0d3caad69df,Eastbound,2026-01-28 10:20:47.058179,508.0,310.0,70.0,158.0
16890,3,CAM001,91,1.7295846014197773,2240,True,58c867fb-332c-46d9-8b45-c0d3caad69df,Eastbound,2026-01-28 10:20:47.056178,408.0,335.0,112.0,135.0
16889,6,CAM001,86,2.004826319783266,2240,True,58c867fb-332c-46d9-8b45-c0d3caad69df,Eastbound,2026-01-28 10:20:47.054183,149.0,345.0,58.0,74.0
16888,4,CAM001,83,1.76523065726829,2240,True,58c867fb-332c-46d9-8b45-c0d3caad69df,Eastbound,2026-01-28 10:20:47.051810,286.0,325.0,101.0,109.0
16887,5,CAM001,54,1.848176986416064,2240,True,58c867fb-332c-46d9-8b45-c0d3caad69df,Eastbound,2026-01-28 10:20:47.049811,619.0,330.0,181.0,150.0
16886,9,CAM001,46,2.012400792744591,2240,True,58c867fb-332c-46d9-8b45-c0d3caad69df,Eastbound,2026-01-28 10:20:47.044828,171.0,329.0,129.0,112.0
16885,3,CAM002,93,1.8295795787506663,1485,True,8b9846a8-d4ff-4584-8387-7714d0f8f8d8,Westbound,2026-01-28 10:20:44.083082,353.0,384.0,118.0,154.0
16884,8,CAM002,92,1.9870364923497814,1485,True,8b9846a8-d4ff-4584-8387-7714d0f8f8d8,Westbound,2026-01-28 10:20:44.080571,254.0,363.0,107.0,104.0
16883,5,CAM002,85,1.858397094620119,1485,True,8b9846a8-d4ff-4584-8387-7714d0f8f8d8,Westbound,2026-01-28 10:20:44.078572,684.0,364.0,98.0,122.0
16882,4,CAM002,80,1.691488968090749,1485,True,8b9846a8-d4ff-4584-8387-7714d0f8f8d8,Westbound,2026-01-28 10:20:44.075571,257.0,367.0,105.0,169.0
16881,2,CAM002,79,1.9967561684344564,1485,True,8b9846a8-d4ff-4584-8387-7714d0f8f8d8,Westbound,2026-01-28 10:20:44.070792,755.0,344.0,137.0,180.0
16880,7,CAM002,78,1.7368493757416956,1485,True,8b9846a8-d4ff-4584-8387-7714d0f8f8d8,Westbound,2026-01-28 10:20:44.067852,484.0,363.0,177.0,177.0
16879,7,CAM001,95,1.692077378973777,2235,True,58c867fb-332c-46d9-8b45-c0d3caad69df,Eastbound,2026-01-28 10:20:41.275737,508.0,310.0,70.0,159.0
16878,3,CAM001,91,1.7928359386368402,2235,True,58c867fb-332c-46d9-8b45-c0d3caad69df,Eastbound,2026-01-28 10:20:41.272733,395.0,334.0,109.0,135.0
16877,6,CAM001,86,2.0128391609962466,2235,True,58c867fb-332c-46d9-8b45-c0d3caad69df,Eastbound,2026-01-28 10:20:41.270213,149.0,344.0,59.0,74.0
16876,4,CAM001,83,1.9626172137136522,2235,True,58c867fb-332c-46d9-8b45-c0d3caad69df,Eastbound,2026-01-28 10:20:41.267260,285.0,323.0,103.0,112.0
16875,5,CAM001,54,1.8498780626463531,2235,True,58c867fb-332c-46d9-8b45-c0d3caad69df,Eastbound,2026-01-28 10:20:41.264212,618.0,330.0,181.0,150.0
16874,9,CAM001,46,2.01826693052627,2235,True,58c867fb-332c-46d9-8b45-c0d3caad69df,Eastbound,2026-01-28 10:20:41.260675,173.0,330.0,127.0,109.0
16873,3,CAM002,93,1.8177403785033637,1480,True,8b9846a8-d4ff-4584-8387-7714d0f8f8d8,Westbound,2026-01-28 10:20:38.440593,354.0,385.0,113.0,152.0
16872,8,CAM002,92,1.9801274450605804,1480,True,8b9846a8-d4ff-4584-8387-7714d0f8f8d8,Westbound,2026-01-28 10:20:38.439589,256.0,363.0,105.0,105.0
16871,5,CAM002,85,1.8576809162759076,1480,True,8b9846a8-d4ff-4584-8387-7714d0f8f8d8,Westbound,2026-01-28 10:20:38.438630,684.0,364.0,97.0,123.0
16870,2,CAM002,79,2.0187636066110373,1480,True,8b9846a8-d4ff-4584-8387-7714d0f8f8d8,Westbound,2026-01-28 10:20:38.436589,755.0,344.0,138.0,179.0
16869,7,CAM002,78,1.6879716018855573,1480,True,8b9846a8-d4ff-4584-8387-7714d0f8f8d8,Westbound,2026-01-28 10:20:38.432582,476.0,334.0,173.0,206.0
16868,7,CAM001,95,1.5931404811728986,2230,True,58c867fb-332c-46d9-8b45-c0d3caad69df,Eastbound,2026-01-28 10:20:35.650804,509.0,311.0,68.0,160.0
16867,3,CAM001,91,1.7009338647502064,2230,True,58c867fb-332c-46d9-8b45-c0d3caad69df,Eastbound,2026-01-28 10:20:35.648838,405.0,333.0,96.0,135.0
16866,6,CAM001,86,2.001942579581237,2230,True,58c867fb-332c-46d9-8b45-c0d3caad69df,Eastbound,2026-01-28 10:20:35.645846,149.0,344.0,60.0,75.0
16865,4,CAM001,83,2.0204606447790923,2230,True,58c867fb-332c-46d9-8b45-c0d3caad69df,Eastbound,2026-01-28 10:20:35.641797,286.0,325.0,103.0,110.0
16864,5,CAM001,54,1.8431499690912392,2230,True,58c867fb-332c-46d9-8b45-c0d3caad69df,Eastbound,2026-01-28 10:20:35.639325,617.0,330.0,182.0,150.0
16863,9,CAM001,46,1.9894829660651654,2230,True,58c867fb-332c-46d9-8b45-c0d3caad69df,Eastbound,2026-01-28 10:20:35.635296,175.0,329.0,126.0,109.0
16862,3,CAM002,93,1.7851852330782796,1475,True,8b9846a8-d4ff-4584-8387-7714d0f8f8d8,Westbound,2026-01-28 10:20:32.868827,347.0,385.0,117.0,155.0
16861,8,CAM002,92,1.9914827648641378,1475,True,8b9846a8-d4ff-4584-8387-7714d0f8f8d8,Westbound,2026-01-28 10:20:32.865768,261.0,363.0,98.0,104.0
16860,5,CAM002,85,1.852237745232497,1475,True,8b9846a8-d4ff-4584-8387-7714d0f8f8d8,Westbound,2026-01-28 10:20:32.862802,686.0,364.0,94.0,123.0
16859,2,CAM002,79,2.0122430532039552,1475,True,8b9846a8-d4ff-4584-8387-7714d0f8f8d8,Westbound,2026-01-28 10:20:32.859286,755.0,345.0,139.0,181.0
16858,7,CAM002,78,1.5038849253265878,1475,True,8b9846a8-d4ff-4584-8387-7714d0f8f8d8,Westbound,2026-01-28 10:20:32.856237,469.0,293.0,173.0,247.0
16857,7,CAM001,95,2.033206526792465,2225,True,58c867fb-332c-46d9-8b45-c0d3caad69df,Eastbound,2026-01-28 10:20:30.240086,508.0,305.0,70.0,166.0
16856,3,CAM001,91,1.731064071645409,2225,True,58c867fb-332c-46d9-8b45-c0d3caad69df,Eastbound,2026-01-28 10:20:30.239085,423.0,333.0,86.0,135.0
16855,6,CAM001,86,2.0188486245080766,2225,True,58c867fb-332c-46d9-8b45-c0d3caad69df,Eastbound,2026-01-28 10:20:30.237085,150.0,344.0,58.0,73.0
16854,4,CAM001,83,1.9700363266558043,2225,True,58c867fb-332c-46d9-8b45-c0d3caad69df,Eastbound,2026-01-28 10:20:30.236086,286.0,330.0,102.0,104.0
16853,5,CAM001,54,1.8408819001727739,2225,True,58c867fb-332c-46d9-8b45-c0d3caad69df,Eastbound,2026-01-28 10:20:30.233091,615.0,330.0,181.0,150.0
16852,9,CAM001,46,1.9930580291345374,2225,True,58c867fb-332c-46d9-8b45-c0d3caad69df,Eastbound,2026-01-28 10:20:30.228541,178.0,328.0,123.0,110.0
16851,8,CAM002,92,1.7890088713069154,1470,True,8b9846a8-d4ff-4584-8387-7714d0f8f8d8,Westbound,2026-01-28 10:20:27.550544,268.0,363.0,108.0,131.0
16850,5,CAM002,85,1.8811030271077729,1470,True,8b9846a8-d4ff-4584-8387-7714d0f8f8d8,Westbound,2026-01-28 10:20:27.548607,690.0,365.0,90.0,122.0
16849,2,CAM002,79,2.0174945957692363,1470,True,8b9846a8-d4ff-4584-8387-7714d0f8f8d8,Westbound,2026-01-28 10:20:27.544609,753.0,346.0,136.0,181.0
16848,3,CAM001,91,1.9938295452148722,2220,True,58c867fb-332c-46d9-8b45-c0d3caad69df,Eastbound,2026-01-28 10:20:25.251811,434.0,332.0,85.0,138.0
16847,6,CAM001,86,1.9771218858940989,2220,True,58c867fb-332c-46d9-8b45-c0d3caad69df,Eastbound,2026-01-28 10:20:25.250302,149.0,343.0,59.0,75.0
16846,4,CAM001,83,1.983343618671304,2220,True,58c867fb-332c-46d9-8b45-c0d3caad69df,Eastbound,2026-01-28 10:20:25.248300,288.0,337.0,98.0,97.0
16845,5,CAM001,54,1.852580851896121,2220,True,58c867fb-332c-46d9-8b45-c0d3caad69df,Eastbound,2026-01-28 10:20:25.246299,617.0,330.0,176.0,150.0
16844,9,CAM001,46,1.996524157177853,2220,True,58c867fb-332c-46d9-8b45-c0d3caad69df,Eastbound,2026-01-28 10:20:25.241118,178.0,327.0,122.0,111.0
16843,8,CAM002,92,1.883700023733788,1465,True,8b9846a8-d4ff-4584-8387-7714d0f8f8d8,Westbound,2026-01-28 10:20:23.257950,272.0,364.0,113.0,167.0
16842,5,CAM002,85,1.7038803175905517,1465,True,8b9846a8-d4ff-4584-8387-7714d0f8f8d8,Westbound,2026-01-28 10:20:23.255950,696.0,365.0,79.0,120.0
16841,2,CAM002,79,2.022928095780286,1465,True,8b9846a8-d4ff-4584-8387-7714d0f8f8d8,Westbound,2026-01-28 10:20:23.253950,752.0,344.0,138.0,183.0
16840,7,CAM002,78,1.6352024600501551,1465,True,8b9846a8-d4ff-4584-8387-7714d0f8f8d8,Westbound,2026-01-28 10:20:23.250427,461.0,278.0,114.0,262.0
16839,3,CAM001,91,2.019198598396358,2215,True,58c867fb-332c-46d9-8b45-c0d3caad69df,Eastbound,2026-01-28 10:20:21.567515,438.0,332.0,84.0,138.0
16838,6,CAM001,86,2.0400658058660897,2215,True,58c867fb-332c-46d9-8b45-c0d3caad69df,Eastbound,2026-01-28 10:20:21.563486,150.0,343.0,58.0,76.0
16837,4,CAM001,83,2.009502358089533,2215,True,58c867fb-332c-46d9-8b45-c0d3caad69df,Eastbound,2026-01-28 10:20:21.560971,287.0,338.0,99.0,96.0
16836,5,CAM001,54,1.9807931095034663,2215,True,58c867fb-332c-46d9-8b45-c0d3caad69df,Eastbound,2026-01-28 10:20:21.559057,623.0,331.0,173.0,149.0
16835,9,CAM001,46,1.9652983899496033,2215,True,58c867fb-332c-46d9-8b45-c0d3caad69df,Eastbound,2026-01-28 10:20:21.556061,179.0,326.0,121.0,112.0
16834,8,CAM002,92,1.9810234150781376,1460,True,8b9846a8-d4ff-4584-8387-7714d0f8f8d8,Westbound,2026-01-28 10:20:19.684793,263.0,366.0,91.0,157.0
16833,1,CAM002,80,1.9471781745342138,1460,True,8b9846a8-d4ff-4584-8387-7714d0f8f8d8,Westbound,2026-01-28 10:20:19.681054,570.0,359.0,85.0,142.0
16832,2,CAM002,79,2.031924836744071,1460,True,8b9846a8-d4ff-4584-8387-7714d0f8f8d8,Westbound,2026-01-28 10:20:19.678043,755.0,344.0,138.0,182.0
16831,7,CAM002,68,1.901595287854132,1460,True,8b9846a8-d4ff-4584-8387-7714d0f8f8d8,Westbound,2026-01-28 10:20:19.673059,531.0,433.0,77.0,104.0
16830,3,CAM001,91,1.6477241027701588,2210,True,58c867fb-332c-46d9-8b45-c0d3caad69df,Eastbound,2026-01-28 10:20:17.470043,439.0,331.0,81.0,138.0
16829,6,CAM001,86,2.026184612354802,2210,True,58c867fb-332c-46d9-8b45-c0d3caad69df,Eastbound,2026-01-28 10:20:17.467079,150.0,343.0,56.0,76.0
16828,4,CAM001,83,1.9920928147473915,2210,True,58c867fb-332c-46d9-8b45-c0d3caad69df,Eastbound,2026-01-28 10:20:17.464080,282.0,336.0,103.0,99.0
16827,5,CAM001,54,1.8286565747936852,2210,True,58c867fb-332c-46d9-8b45-c0d3caad69df,Eastbound,2026-01-28 10:20:17.462159,625.0,332.0,170.0,148.0
16826,9,CAM001,46,1.9678774305320321,2210,True,58c867fb-332c-46d9-8b45-c0d3caad69df,Eastbound,2026-01-28 10:20:17.458542,179.0,325.0,120.0,115.0
16825,8,CAM002,92,1.7239091375743727,1455,True,8b9846a8-d4ff-4584-8387-7714d0f8f8d8,Westbound,2026-01-28 10:20:15.427526,264.0,368.0,86.0,168.0
16824,5,CAM002,85,1.8526814457730196,1455,True,8b9846a8-d4ff-4584-8387-7714d0f8f8d8,Westbound,2026-01-28 10:20:15.424524,695.0,366.0,72.0,115.0
16823,1,CAM002,80,2.021249807675732,1455,True,8b9846a8-d4ff-4584-8387-7714d0f8f8d8,Westbound,2026-01-28 10:20:15.422011,570.0,358.0,86.0,143.0
16822,2,CAM002,79,2.00349503637922,1455,True,8b9846a8-d4ff-4584-8387-7714d0f8f8d8,Westbound,2026-01-28 10:20:15.419009,757.0,346.0,135.0,178.0
16821,7,CAM002,68,1.8895300000416206,1455,True,8b9846a8-d4ff-4584-8387-7714d0f8f8d8,Westbound,2026-01-28 10:20:15.414009,515.0,407.0,98.0,131.0
16820,8,CAM001,94,1.5719656259458474,2205,True,58c867fb-332c-46d9-8b45-c0d3caad69df,Eastbound,2026-01-28 10:20:13.169934,258.0,332.0,37.0,104.0
16819,6,CAM001,86,2.0032477581480728,2205,True,58c867fb-332c-46d9-8b45-c0d3caad69df,Eastbound,2026-01-28 10:20:13.165932,150.0,343.0,54.0,76.0
16818,4,CAM001,83,2.01551351814207,2205,True,58c867fb-332c-46d9-8b45-c0d3caad69df,Eastbound,2026-01-28 10:20:13.163935,277.0,332.0,108.0,104.0
16817,5,CAM001,54,1.819432752256164,2205,True,58c867fb-332c-46d9-8b45-c0d3caad69df,Eastbound,2026-01-28 10:20:13.160750,620.0,331.0,166.0,149.0
16816,9,CAM001,46,1.9393569108515885,2205,True,58c867fb-332c-46d9-8b45-c0d3caad69df,Eastbound,2026-01-28 10:20:13.156771,175.0,326.0,121.0,117.0
16815,8,CAM002,92,1.7437123187948367,1450,True,8b9846a8-d4ff-4584-8387-7714d0f8f8d8,Westbound,2026-01-28 10:20:11.011030,269.0,377.0,69.0,161.0
16814,5,CAM002,85,1.8168389040390827,1450,True,8b9846a8-d4ff-4584-8387-7714d0f8f8d8,Westbound,2026-01-28 10:20:11.009030,693.0,368.0,76.0,127.0
16813,1,CAM002,80,2.0195692921787445,1450,True,8b9846a8-d4ff-4584-8387-7714d0f8f8d8,Westbound,2026-01-28 10:20:11.007029,569.0,358.0,88.0,144.0
16812,2,CAM002,79,2.0151619063371218,1450,True,8b9846a8-d4ff-4584-8387-7714d0f8f8d8,Westbound,2026-01-28 10:20:11.005029,761.0,351.0,128.0,171.0
16811,3,CAM002,78,1.950508625898956,1450,True,8b9846a8-d4ff-4584-8387-7714d0f8f8d8,Westbound,2026-01-28 10:20:11.001838,447.0,388.0,57.0,151.0
16810,7,CAM002,68,1.9638866028597841,1450,True,8b9846a8-d4ff-4584-8387-7714d0f8f8d8,Westbound,2026-01-28 10:20:10.998212,493.0,368.0,121.0,170.0
16809,6,CAM001,86,2.0030417311769706,2200,True,58c867fb-332c-46d9-8b45-c0d3caad69df,Eastbound,2026-01-28 10:20:08.343058,150.0,343.0,52.0,73.0
16808,4,CAM001,83,1.671787355622123,2200,True,58c867fb-332c-46d9-8b45-c0d3caad69df,Eastbound,2026-01-28 10:20:08.340544,276.0,332.0,110.0,104.0
16807,5,CAM001,54,1.7831391511503247,2200,True,58c867fb-332c-46d9-8b45-c0d3caad69df,Eastbound,2026-01-28 10:20:08.337544,625.0,330.0,148.0,150.0
16806,9,CAM001,46,1.9470140891559817,2200,True,58c867fb-332c-46d9-8b45-c0d3caad69df,Eastbound,2026-01-28 10:20:08.333536,170.0,330.0,118.0,112.0
16805,8,CAM002,92,1.8874455361160265,1445,True,8b9846a8-d4ff-4584-8387-7714d0f8f8d8,Westbound,2026-01-28 10:20:05.886173,269.0,389.0,52.0,149.0
16804,5,CAM002,85,1.790383430569673,1445,True,8b9846a8-d4ff-4584-8387-7714d0f8f8d8,Westbound,2026-01-28 10:20:05.883190,685.0,371.0,88.0,154.0
16803,1,CAM002,80,2.0188345528322644,1445,True,8b9846a8-d4ff-4584-8387-7714d0f8f8d8,Westbound,2026-01-28 10:20:05.879584,567.0,359.0,91.0,143.0
16802,2,CAM002,79,2.020306651547199,1445,True,8b9846a8-d4ff-4584-8387-7714d0f8f8d8,Westbound,2026-01-28 10:20:05.877585,765.0,353.0,121.0,170.0
16801,3,CAM002,78,1.5178277203954842,1445,True,8b9846a8-d4ff-4584-8387-7714d0f8f8d8,Westbound,2026-01-28 10:20:05.875576,446.0,389.0,55.0,149.0
16800,7,CAM002,68,1.75307503404061,1445,True,8b9846a8-d4ff-4584-8387-7714d0f8f8d8,Westbound,2026-01-28 10:20:05.872531,488.0,368.0,113.0,169.0
16799,7,CAM001,91,1.740626817933608,2195,True,58c867fb-332c-46d9-8b45-c0d3caad69df,Eastbound,2026-01-28 10:20:03.383593,430.0,326.0,85.0,145.0
16798,6,CAM001,86,1.9439242074735816,2195,True,58c867fb-332c-46d9-8b45-c0d3caad69df,Eastbound,2026-01-28 10:20:03.380761,149.0,342.0,51.0,73.0
16797,3,CAM001,83,1.570938260530773,2195,True,58c867fb-332c-46d9-8b45-c0d3caad69df,Eastbound,2026-01-28 10:20:03.377429,273.0,332.0,113.0,103.0
16796,5,CAM001,54,1.756450346528732,2195,True,58c867fb-332c-46d9-8b45-c0d3caad69df,Eastbound,2026-01-28 10:20:03.375846,658.0,330.0,126.0,150.0
16795,9,CAM001,46,2.004591255315682,2195,True,58c867fb-332c-46d9-8b45-c0d3caad69df,Eastbound,2026-01-28 10:20:03.373039,168.0,330.0,116.0,111.0
16794,8,CAM002,92,2.037846686639437,1440,True,8b9846a8-d4ff-4584-8387-7714d0f8f8d8,Westbound,2026-01-28 10:20:01.086437,252.0,375.0,53.0,156.0
16793,5,CAM002,85,1.6465440931615922,1440,True,8b9846a8-d4ff-4584-8387-7714d0f8f8d8,Westbound,2026-01-28 10:20:01.084440,679.0,369.0,98.0,167.0
16792,1,CAM002,80,1.8435496279471715,1440,True,8b9846a8-d4ff-4584-8387-7714d0f8f8d8,Westbound,2026-01-28 10:20:01.082329,567.0,359.0,91.0,144.0
16791,2,CAM002,79,1.714047526076879,1440,True,8b9846a8-d4ff-4584-8387-7714d0f8f8d8,Westbound,2026-01-28 10:20:01.079704,774.0,354.0,100.0,170.0
16790,3,CAM002,78,1.4572730078034144,1440,True,8b9846a8-d4ff-4584-8387-7714d0f8f8d8,Westbound,2026-01-28 10:20:01.078692,437.0,392.0,52.0,141.0
16789,7,CAM002,68,1.6540113021349456,1440,True,8b9846a8-d4ff-4584-8387-7714d0f8f8d8,Westbound,2026-01-28 10:20:01.075625,483.0,369.0,106.0,169.0
16788,7,CAM001,91,1.7853876094964363,2190,True,58c867fb-332c-46d9-8b45-c0d3caad69df,Eastbound,2026-01-28 10:19:58.940521,430.0,326.0,85.0,146.0
16787,4,CAM001,90,1.4884157684962471,2190,True,58c867fb-332c-46d9-8b45-c0d3caad69df,Eastbound,2026-01-28 10:19:58.937521,255.0,312.0,35.0,65.0
16786,6,CAM001,86,1.9300544183766943,2190,True,58c867fb-332c-46d9-8b45-c0d3caad69df,Eastbound,2026-01-28 10:19:58.933514,150.0,344.0,50.0,73.0
16785,3,CAM001,83,1.6395148640143122,2190,True,58c867fb-332c-46d9-8b45-c0d3caad69df,Eastbound,2026-01-28 10:19:58.930998,272.0,334.0,112.0,102.0
16784,5,CAM001,54,1.9796338134112705,2190,True,58c867fb-332c-46d9-8b45-c0d3caad69df,Eastbound,2026-01-28 10:19:58.927999,680.0,329.0,124.0,151.0
16783,9,CAM001,46,1.9878864896473003,2190,True,58c867fb-332c-46d9-8b45-c0d3caad69df,Eastbound,2026-01-28 10:19:58.925042,170.0,328.0,114.0,113.0
16782,2,CAM002,85,1.8041629060262079,1435,True,8b9846a8-d4ff-4584-8387-7714d0f8f8d8,Westbound,2026-01-28 10:19:56.534011,696.0,369.0,92.0,155.0
16781,1,CAM002,80,2.002186056117774,1435,True,8b9846a8-d4ff-4584-8387-7714d0f8f8d8,Westbound,2026-01-28 10:19:56.531789,571.0,358.0,93.0,145.0
16780,3,CAM002,78,1.4163815918572504,1435,True,8b9846a8-d4ff-4584-8387-7714d0f8f8d8,Westbound,2026-01-28 10:19:56.530742,433.0,392.0,60.0,142.0
16779,7,CAM002,68,1.773644760293939,1435,True,8b9846a8-d4ff-4584-8387-7714d0f8f8d8,Westbound,2026-01-28 10:19:56.527876,476.0,365.0,107.0,173.0
16778,8,CAM001,90,1.8656256592569804,2185,True,58c867fb-332c-46d9-8b45-c0d3caad69df,Eastbound,2026-01-28 10:19:54.400525,253.0,332.0,39.0,84.0
16777,6,CAM001,86,1.9945391467853257,2185,True,58c867fb-332c-46d9-8b45-c0d3caad69df,Eastbound,2026-01-28 10:19:54.399529,148.0,348.0,49.0,71.0
16776,3,CAM001,83,1.9894638934277855,2185,True,58c867fb-332c-46d9-8b45-c0d3caad69df,Eastbound,2026-01-28 10:19:54.397535,272.0,335.0,111.0,100.0
16775,5,CAM001,54,1.8143601346771359,2185,True,58c867fb-332c-46d9-8b45-c0d3caad69df,Eastbound,2026-01-28 10:19:54.396527,676.0,329.0,134.0,151.0
16774,9,CAM001,46,1.9457775430453106,2185,True,58c867fb-332c-46d9-8b45-c0d3caad69df,Eastbound,2026-01-28 10:19:54.393515,170.0,325.0,114.0,116.0
16773,4,CAM002,89,1.9252655695354632,1430,True,8b9846a8-d4ff-4584-8387-7714d0f8f8d8,Westbound,2026-01-28 10:19:52.230216,234.0,196.0,262.0,343.0
16772,5,CAM002,85,1.8035095738429643,1430,True,8b9846a8-d4ff-4584-8387-7714d0f8f8d8,Westbound,2026-01-28 10:19:52.229243,693.0,371.0,85.0,159.0
16771,1,CAM002,80,2.0108363147185595,1430,True,8b9846a8-d4ff-4584-8387-7714d0f8f8d8,Westbound,2026-01-28 10:19:52.226270,573.0,358.0,94.0,146.0
16770,2,CAM002,79,1.9541958155737091,1430,True,8b9846a8-d4ff-4584-8387-7714d0f8f8d8,Westbound,2026-01-28 10:19:52.224247,754.0,348.0,91.0,170.0
16769,7,CAM002,68,2.005606461089691,1430,True,8b9846a8-d4ff-4584-8387-7714d0f8f8d8,Westbound,2026-01-28 10:19:52.213599,474.0,361.0,109.0,178.0
16768,8,CAM001,90,1.191924997436769,2180,True,58c867fb-332c-46d9-8b45-c0d3caad69df,Eastbound,2026-01-28 10:19:49.598413,246.0,332.0,50.0,104.0
16767,6,CAM001,86,2.0137291706070473,2180,True,58c867fb-332c-46d9-8b45-c0d3caad69df,Eastbound,2026-01-28 10:19:49.595432,147.0,349.0,49.0,71.0
16766,3,CAM001,83,1.978653715360155,2180,True,58c867fb-332c-46d9-8b45-c0d3caad69df,Eastbound,2026-01-28 10:19:49.593461,269.0,332.0,115.0,105.0
16765,5,CAM001,54,1.7488478633415396,2180,True,58c867fb-332c-46d9-8b45-c0d3caad69df,Eastbound,2026-01-28 10:19:49.591785,662.0,330.0,144.0,150.0
16764,9,CAM001,46,2.0046751973027592,2180,True,58c867fb-332c-46d9-8b45-c0d3caad69df,Eastbound,2026-01-28 10:19:49.588817,166.0,325.0,116.0,116.0
16763,8,CAM002,89,1.9671086926826846,1425,True,8b9846a8-d4ff-4584-8387-7714d0f8f8d8,Westbound,2026-01-28 10:19:46.538862,213.0,188.0,267.0,350.0
16762,5,CAM002,85,1.8281269942979257,1425,True,8b9846a8-d4ff-4584-8387-7714d0f8f8d8,Westbound,2026-01-28 10:19:46.536861,685.0,375.0,84.0,165.0
16761,1,CAM002,80,1.9920803862192342,1425,True,8b9846a8-d4ff-4584-8387-7714d0f8f8d8,Westbound,2026-01-28 10:19:46.532862,578.0,357.0,97.0,148.0
16760,2,CAM002,79,1.9445276516710768,1425,True,8b9846a8-d4ff-4584-8387-7714d0f8f8d8,Westbound,2026-01-28 10:19:46.529342,754.0,347.0,91.0,172.0
16759,7,CAM002,68,2.0177464799806266,1425,True,8b9846a8-d4ff-4584-8387-7714d0f8f8d8,Westbound,2026-01-28 10:19:46.524357,475.0,359.0,112.0,181.0
16758,6,CAM001,86,1.9500556930514907,2175,True,58c867fb-332c-46d9-8b45-c0d3caad69df,Eastbound,2026-01-28 10:19:43.901833,147.0,346.0,53.0,72.0
16757,3,CAM001,83,1.9808103093630987,2175,True,58c867fb-332c-46d9-8b45-c0d3caad69df,Eastbound,2026-01-28 10:19:43.900327,270.0,332.0,115.0,104.0
16756,5,CAM001,54,1.7364596821179221,2175,True,58c867fb-332c-46d9-8b45-c0d3caad69df,Eastbound,2026-01-28 10:19:43.898325,645.0,330.0,145.0,150.0
16755,9,CAM001,46,1.9902236811221625,2175,True,58c867fb-332c-46d9-8b45-c0d3caad69df,Eastbound,2026-01-28 10:19:43.894343,168.0,326.0,117.0,116.0
16754,8,CAM002,89,1.9824017451632177,1420,True,8b9846a8-d4ff-4584-8387-7714d0f8f8d8,Westbound,2026-01-28 10:19:41.520973,215.0,182.0,254.0,356.0
16753,5,CAM002,85,1.8439522460129232,1420,True,8b9846a8-d4ff-4584-8387-7714d0f8f8d8,Westbound,2026-01-28 10:19:41.517972,685.0,374.0,84.0,166.0
16752,1,CAM002,80,1.9779785943908366,1420,True,8b9846a8-d4ff-4584-8387-7714d0f8f8d8,Westbound,2026-01-28 10:19:41.514972,586.0,354.0,99.0,152.0
16751,2,CAM002,79,1.9499251664372739,1420,True,8b9846a8-d4ff-4584-8387-7714d0f8f8d8,Westbound,2026-01-28 10:19:41.511958,753.0,345.0,92.0,175.0
16750,4,CAM002,78,1.9155916026180837,1420,True,8b9846a8-d4ff-4584-8387-7714d0f8f8d8,Westbound,2026-01-28 10:19:41.510454,431.0,390.0,68.0,150.0
16749,7,CAM002,68,2.0025405534845713,1420,True,8b9846a8-d4ff-4584-8387-7714d0f8f8d8,Westbound,2026-01-28 10:19:41.505457,481.0,362.0,109.0,178.0
16748,6,CAM001,86,1.9540444611318377,2170,True,58c867fb-332c-46d9-8b45-c0d3caad69df,Eastbound,2026-01-28 10:19:38.775174,148.0,343.0,57.0,74.0
16747,3,CAM001,83,1.9789106945713888,2170,True,58c867fb-332c-46d9-8b45-c0d3caad69df,Eastbound,2026-01-28 10:19:38.774132,271.0,334.0,111.0,101.0
16746,5,CAM001,54,1.7184208251152866,2170,True,58c867fb-332c-46d9-8b45-c0d3caad69df,Eastbound,2026-01-28 10:19:38.772086,656.0,328.0,134.0,151.0
16745,9,CAM001,46,2.005644008369672,2170,True,58c867fb-332c-46d9-8b45-c0d3caad69df,Eastbound,2026-01-28 10:19:38.767211,168.0,330.0,117.0,116.0
16744,8,CAM002,89,1.8836135295001033,1415,True,8b9846a8-d4ff-4584-8387-7714d0f8f8d8,Westbound,2026-01-28 10:19:36.145938,213.0,180.0,238.0,359.0
16743,5,CAM002,85,1.821249605423183,1415,True,8b9846a8-d4ff-4584-8387-7714d0f8f8d8,Westbound,2026-01-28 10:19:36.142938,684.0,373.0,86.0,167.0
16742,1,CAM002,80,1.9771512524041273,1415,True,8b9846a8-d4ff-4584-8387-7714d0f8f8d8,Westbound,2026-01-28 10:19:36.140883,592.0,350.0,98.0,155.0
16741,2,CAM002,79,1.5283115980145712,1415,True,8b9846a8-d4ff-4584-8387-7714d0f8f8d8,Westbound,2026-01-28 10:19:36.136882,752.0,344.0,92.0,177.0
16740,4,CAM002,78,1.787574584992462,1415,True,8b9846a8-d4ff-4584-8387-7714d0f8f8d8,Westbound,2026-01-28 10:19:36.132871,412.0,388.0,84.0,152.0
16739,7,CAM002,68,2.003731305786102,1415,True,8b9846a8-d4ff-4584-8387-7714d0f8f8d8,Westbound,2026-01-28 10:19:36.128469,487.0,371.0,101.0,169.0
16738,6,CAM001,86,2.011331074492846,2165,True,58c867fb-332c-46d9-8b45-c0d3caad69df,Eastbound,2026-01-28 10:19:33.659879,150.0,343.0,55.0,75.0
16737,3,CAM001,83,1.9452518191070225,2165,True,58c867fb-332c-46d9-8b45-c0d3caad69df,Eastbound,2026-01-28 10:19:33.657882,272.0,333.0,110.0,102.0
16736,9,CAM001,46,1.9430081359566338,2165,True,58c867fb-332c-46d9-8b45-c0d3caad69df,Eastbound,2026-01-28 10:19:33.654880,166.0,329.0,128.0,117.0
16735,8,CAM002,89,1.6953692271006817,1410,True,8b9846a8-d4ff-4584-8387-7714d0f8f8d8,Westbound,2026-01-28 10:19:31.694033,179.0,173.0,217.0,365.0
16734,5,CAM002,85,2.012932052957137,1410,True,8b9846a8-d4ff-4584-8387-7714d0f8f8d8,Westbound,2026-01-28 10:19:31.693032,683.0,371.0,89.0,169.0
16733,1,CAM002,80,1.995318562344453,1410,True,8b9846a8-d4ff-4584-8387-7714d0f8f8d8,Westbound,2026-01-28 10:19:31.690776,593.0,348.0,96.0,156.0
16732,4,CAM002,77,1.9472017241784112,1410,True,8b9846a8-d4ff-4584-8387-7714d0f8f8d8,Westbound,2026-01-28 10:19:31.689776,357.0,388.0,106.0,152.0
16731,7,CAM002,68,2.0150629335869574,1410,True,8b9846a8-d4ff-4584-8387-7714d0f8f8d8,Westbound,2026-01-28 10:19:31.686776,489.0,374.0,95.0,166.0
16730,9,CAM001,90,1.6463373834452315,2160,True,58c867fb-332c-46d9-8b45-c0d3caad69df,Eastbound,2026-01-28 10:19:29.312122,260.0,331.0,36.0,73.0
16729,6,CAM001,86,1.988583062067805,2160,True,58c867fb-332c-46d9-8b45-c0d3caad69df,Eastbound,2026-01-28 10:19:29.310619,151.0,343.0,53.0,74.0
16728,3,CAM001,83,1.793692658454147,2160,True,58c867fb-332c-46d9-8b45-c0d3caad69df,Eastbound,2026-01-28 10:19:29.308619,276.0,334.0,107.0,100.0
16727,8,CAM001,46,1.661158043561353,2160,True,58c867fb-332c-46d9-8b45-c0d3caad69df,Eastbound,2026-01-28 10:19:29.305640,172.0,329.0,133.0,115.0
16726,8,CAM002,89,1.7430296037856194,1405,True,8b9846a8-d4ff-4584-8387-7714d0f8f8d8,Westbound,2026-01-28 10:19:26.724591,146.0,164.0,193.0,374.0
16725,3,CAM002,86,1.841235400061749,1405,True,8b9846a8-d4ff-4584-8387-7714d0f8f8d8,Westbound,2026-01-28 10:19:26.722074,258.0,361.0,85.0,136.0
16724,5,CAM002,85,2.029704134649844,1405,True,8b9846a8-d4ff-4584-8387-7714d0f8f8d8,Westbound,2026-01-28 10:19:26.718076,680.0,371.0,93.0,169.0
16723,9,CAM002,84,1.7384638651701485,1405,True,8b9846a8-d4ff-4584-8387-7714d0f8f8d8,Westbound,2026-01-28 10:19:26.716075,329.0,384.0,52.0,93.0
16722,1,CAM002,80,1.9764717870776396,1405,True,8b9846a8-d4ff-4584-8387-7714d0f8f8d8,Westbound,2026-01-28 10:19:26.712066,591.0,349.0,93.0,157.0
16721,4,CAM002,77,1.953177673391819,1405,True,8b9846a8-d4ff-4584-8387-7714d0f8f8d8,Westbound,2026-01-28 10:19:26.708550,354.0,387.0,104.0,153.0
16720,7,CAM002,68,1.8887525042314184,1405,True,8b9846a8-d4ff-4584-8387-7714d0f8f8d8,Westbound,2026-01-28 10:19:26.704552,490.0,369.0,96.0,170.0
16719,7,CAM001,89,1.82806531050486,2155,True,58c867fb-332c-46d9-8b45-c0d3caad69df,Eastbound,2026-01-28 10:19:23.650354,510.0,330.0,68.0,144.0
16718,6,CAM001,86,1.3024436759775908,2155,True,58c867fb-332c-46d9-8b45-c0d3caad69df,Eastbound,2026-01-28 10:19:23.648356,153.0,343.0,49.0,75.0
16717,3,CAM001,83,1.7699678005376287,2155,True,58c867fb-332c-46d9-8b45-c0d3caad69df,Eastbound,2026-01-28 10:19:23.646355,277.0,336.0,104.0,98.0
16716,8,CAM001,46,1.6526846721288466,2155,True,58c867fb-332c-46d9-8b45-c0d3caad69df,Eastbound,2026-01-28 10:19:23.642350,167.0,330.0,136.0,113.0
16715,8,CAM002,89,1.7561158273248734,1400,True,8b9846a8-d4ff-4584-8387-7714d0f8f8d8,Westbound,2026-01-28 10:19:20.843968,134.0,155.0,181.0,383.0
16714,3,CAM002,86,1.701113125803725,1400,True,8b9846a8-d4ff-4584-8387-7714d0f8f8d8,Westbound,2026-01-28 10:19:20.839449,267.0,363.0,72.0,132.0
16713,5,CAM002,85,1.8559810994193298,1400,True,8b9846a8-d4ff-4584-8387-7714d0f8f8d8,Westbound,2026-01-28 10:19:20.836448,677.0,371.0,97.0,168.0
16712,9,CAM002,84,1.4745408960800281,1400,True,8b9846a8-d4ff-4584-8387-7714d0f8f8d8,Westbound,2026-01-28 10:19:20.833447,336.0,385.0,50.0,91.0
16711,1,CAM002,80,1.9917748890108637,1400,True,8b9846a8-d4ff-4584-8387-7714d0f8f8d8,Westbound,2026-01-28 10:19:20.829109,586.0,354.0,89.0,151.0
16710,2,CAM002,79,2.0196133109269483,1400,True,8b9846a8-d4ff-4584-8387-7714d0f8f8d8,Westbound,2026-01-28 10:19:20.826107,749.0,343.0,95.0,180.0
16709,4,CAM002,78,1.9881887444613107,1400,True,8b9846a8-d4ff-4584-8387-7714d0f8f8d8,Westbound,2026-01-28 10:19:20.823100,249.0,365.0,102.0,171.0
16708,6,CAM002,77,1.9941277124707213,1400,True,8b9846a8-d4ff-4584-8387-7714d0f8f8d8,Westbound,2026-01-28 10:19:20.819753,349.0,387.0,106.0,153.0
16707,7,CAM002,68,1.8801396121982137,1400,True,8b9846a8-d4ff-4584-8387-7714d0f8f8d8,Westbound,2026-01-28 10:19:20.817752,487.0,366.0,98.0,173.0
16706,3,CAM001,83,1.986023102301717,2150,True,58c867fb-332c-46d9-8b45-c0d3caad69df,Eastbound,2026-01-28 10:19:17.444752,275.0,332.0,105.0,102.0
16705,5,CAM001,54,1.6880746143086451,2150,True,58c867fb-332c-46d9-8b45-c0d3caad69df,Eastbound,2026-01-28 10:19:17.442754,665.0,334.0,152.0,146.0
16704,8,CAM001,46,1.6367532981734423,2150,True,58c867fb-332c-46d9-8b45-c0d3caad69df,Eastbound,2026-01-28 10:19:17.440240,158.0,328.0,138.0,114.0
16703,5,CAM002,85,1.806227194936581,1395,True,8b9846a8-d4ff-4584-8387-7714d0f8f8d8,Westbound,2026-01-28 10:19:14.910401,674.0,372.0,103.0,165.0
16702,1,CAM002,80,1.9437422252512995,1395,True,8b9846a8-d4ff-4584-8387-7714d0f8f8d8,Westbound,2026-01-28 10:19:14.906402,580.0,356.0,86.0,148.0
16701,2,CAM002,79,1.9666444925817494,1395,True,8b9846a8-d4ff-4584-8387-7714d0f8f8d8,Westbound,2026-01-28 10:19:14.902389,750.0,345.0,95.0,177.0
16700,4,CAM002,78,1.7429127155877036,1395,True,8b9846a8-d4ff-4584-8387-7714d0f8f8d8,Westbound,2026-01-28 10:19:14.897881,249.0,365.0,102.0,167.0
16699,6,CAM002,77,2.018282529106735,1395,True,8b9846a8-d4ff-4584-8387-7714d0f8f8d8,Westbound,2026-01-28 10:19:14.893883,350.0,387.0,105.0,153.0
16698,7,CAM002,68,1.971855016208405,1395,True,8b9846a8-d4ff-4584-8387-7714d0f8f8d8,Westbound,2026-01-28 10:19:14.888868,481.0,366.0,98.0,174.0
16697,3,CAM001,83,1.9861106211141664,2145,True,58c867fb-332c-46d9-8b45-c0d3caad69df,Eastbound,2026-01-28 10:19:12.567206,276.0,331.0,102.0,103.0
16696,5,CAM001,54,1.7396367340245809,2145,True,58c867fb-332c-46d9-8b45-c0d3caad69df,Eastbound,2026-01-28 10:19:12.564314,660.0,334.0,164.0,146.0
16695,5,CAM002,85,1.743515989806442,1390,True,8b9846a8-d4ff-4584-8387-7714d0f8f8d8,Westbound,2026-01-28 10:19:10.570343,672.0,373.0,112.0,160.0
16694,1,CAM002,80,1.9966064262823815,1390,True,8b9846a8-d4ff-4584-8387-7714d0f8f8d8,Westbound,2026-01-28 10:19:10.566344,574.0,352.0,88.0,150.0
16693,2,CAM002,79,2.011360876825215,1390,True,8b9846a8-d4ff-4584-8387-7714d0f8f8d8,Westbound,2026-01-28 10:19:10.563334,751.0,346.0,97.0,174.0
16692,8,CAM002,78,1.9682852473482255,1390,True,8b9846a8-d4ff-4584-8387-7714d0f8f8d8,Westbound,2026-01-28 10:19:10.557856,251.0,365.0,99.0,158.0
16691,6,CAM002,77,2.0277334273532635,1390,True,8b9846a8-d4ff-4584-8387-7714d0f8f8d8,Westbound,2026-01-28 10:19:10.552854,348.0,387.0,106.0,153.0
16690,7,CAM002,68,2.0128618709847625,1390,True,8b9846a8-d4ff-4584-8387-7714d0f8f8d8,Westbound,2026-01-28 10:19:10.546846,472.0,360.0,101.0,179.0
16689,4,CAM001,86,2.0315804240824584,2140,True,58c867fb-332c-46d9-8b45-c0d3caad69df,Eastbound,2026-01-28 10:19:08.326085,149.0,344.0,47.0,74.0
16688,3,CAM001,83,1.9519847342532741,2140,True,58c867fb-332c-46d9-8b45-c0d3caad69df,Eastbound,2026-01-28 10:19:08.323074,280.0,328.0,100.0,108.0
16687,5,CAM001,54,1.7521947820234307,2140,True,58c867fb-332c-46d9-8b45-c0d3caad69df,Eastbound,2026-01-28 10:19:08.320869,647.0,334.0,173.0,146.0
16686,5,CAM002,85,1.8267094564202264,1385,True,8b9846a8-d4ff-4584-8387-7714d0f8f8d8,Westbound,2026-01-28 10:19:06.215255,683.0,372.0,116.0,161.0
16685,1,CAM002,80,2.0138947580298763,1385,True,8b9846a8-d4ff-4584-8387-7714d0f8f8d8,Westbound,2026-01-28 10:19:06.211116,569.0,352.0,90.0,151.0
16684,2,CAM002,79,1.983859516344028,1385,True,8b9846a8-d4ff-4584-8387-7714d0f8f8d8,Westbound,2026-01-28 10:19:06.207067,753.0,340.0,104.0,184.0
16683,8,CAM002,78,2.0203328495180393,1385,True,8b9846a8-d4ff-4584-8387-7714d0f8f8d8,Westbound,2026-01-28 10:19:06.203063,253.0,364.0,93.0,153.0
16682,6,CAM002,77,1.9927951556318957,1385,True,8b9846a8-d4ff-4584-8387-7714d0f8f8d8,Westbound,2026-01-28 10:19:06.198480,348.0,386.0,107.0,154.0
16681,7,CAM002,68,2.007249699477282,1385,True,8b9846a8-d4ff-4584-8387-7714d0f8f8d8,Westbound,2026-01-28 10:19:06.195480,470.0,365.0,97.0,173.0
16680,4,CAM001,86,1.9954326131146056,2135,True,58c867fb-332c-46d9-8b45-c0d3caad69df,Eastbound,2026-01-28 10:19:03.775063,149.0,346.0,45.0,72.0
16679,6,CAM001,83,1.5712982694819968,2135,True,58c867fb-332c-46d9-8b45-c0d3caad69df,Eastbound,2026-01-28 10:19:03.773063,286.0,327.0,103.0,111.0
16678,5,CAM001,54,1.767191890336571,2135,True,58c867fb-332c-46d9-8b45-c0d3caad69df,Eastbound,2026-01-28 10:19:03.770947,640.0,335.0,178.0,145.0
16677,5,CAM002,85,1.7996940205591345,1380,True,8b9846a8-d4ff-4584-8387-7714d0f8f8d8,Westbound,2026-01-28 10:19:01.794392,681.0,371.0,117.0,160.0
16676,3,CAM002,84,2.017301416451966,1380,True,8b9846a8-d4ff-4584-8387-7714d0f8f8d8,Westbound,2026-01-28 10:19:01.791140,441.0,388.0,38.0,72.0
16675,1,CAM002,80,1.9936337126767703,1380,True,8b9846a8-d4ff-4584-8387-7714d0f8f8d8,Westbound,2026-01-28 10:19:01.789141,565.0,353.0,91.0,150.0
16674,2,CAM002,79,1.8868628711911422,1380,True,8b9846a8-d4ff-4584-8387-7714d0f8f8d8,Westbound,2026-01-28 10:19:01.787140,755.0,338.0,111.0,193.0
16673,8,CAM002,78,1.7567433119527196,1380,True,8b9846a8-d4ff-4584-8387-7714d0f8f8d8,Westbound,2026-01-28 10:19:01.786140,251.0,363.0,95.0,156.0
16672,6,CAM002,77,1.7152946490268874,1380,True,8b9846a8-d4ff-4584-8387-7714d0f8f8d8,Westbound,2026-01-28 10:19:01.783135,347.0,385.0,109.0,154.0
16671,7,CAM002,68,1.9937357778934621,1380,True,8b9846a8-d4ff-4584-8387-7714d0f8f8d8,Westbound,2026-01-28 10:19:01.779118,469.0,372.0,95.0,166.0
16670,4,CAM001,86,1.1912762504227385,2130,True,58c867fb-332c-46d9-8b45-c0d3caad69df,Eastbound,2026-01-28 10:18:59.479777,149.0,347.0,46.0,71.0
16669,6,CAM001,83,2.0066509265419645,2130,True,58c867fb-332c-46d9-8b45-c0d3caad69df,Eastbound,2026-01-28 10:18:59.476776,282.0,327.0,107.0,110.0
16668,5,CAM001,54,1.7922623609359625,2130,True,58c867fb-332c-46d9-8b45-c0d3caad69df,Eastbound,2026-01-28 10:18:59.474773,636.0,336.0,186.0,144.0
16667,8,CAM001,46,1.62105021359654,2130,True,58c867fb-332c-46d9-8b45-c0d3caad69df,Eastbound,2026-01-28 10:18:59.470252,176.0,330.0,125.0,111.0
16666,9,CAM002,86,1.966799736611836,1375,True,8b9846a8-d4ff-4584-8387-7714d0f8f8d8,Westbound,2026-01-28 10:18:57.140593,336.0,386.0,44.0,90.0
16665,5,CAM002,85,1.6750551924903045,1375,True,8b9846a8-d4ff-4584-8387-7714d0f8f8d8,Westbound,2026-01-28 10:18:57.138087,672.0,370.0,124.0,159.0
16664,3,CAM002,84,1.9803401357297818,1375,True,8b9846a8-d4ff-4584-8387-7714d0f8f8d8,Westbound,2026-01-28 10:18:57.136113,441.0,388.0,40.0,74.0
16663,1,CAM002,80,2.0019310325329163,1375,True,8b9846a8-d4ff-4584-8387-7714d0f8f8d8,Westbound,2026-01-28 10:18:57.135086,565.0,354.0,93.0,149.0
16662,2,CAM002,79,2.0297730076841867,1375,True,8b9846a8-d4ff-4584-8387-7714d0f8f8d8,Westbound,2026-01-28 10:18:57.133081,749.0,348.0,111.0,192.0
16661,8,CAM002,78,1.7589817275431279,1375,True,8b9846a8-d4ff-4584-8387-7714d0f8f8d8,Westbound,2026-01-28 10:18:57.129563,251.0,362.0,96.0,158.0
16660,4,CAM002,77,1.993639602184089,1375,True,8b9846a8-d4ff-4584-8387-7714d0f8f8d8,Westbound,2026-01-28 10:18:57.127563,348.0,384.0,108.0,154.0
16659,7,CAM002,68,2.02200161772922,1375,True,8b9846a8-d4ff-4584-8387-7714d0f8f8d8,Westbound,2026-01-28 10:18:57.122553,471.0,375.0,93.0,163.0
16658,6,CAM001,83,1.9918423058035686,2125,True,58c867fb-332c-46d9-8b45-c0d3caad69df,Eastbound,2026-01-28 10:18:54.609053,276.0,327.0,108.0,110.0
16657,5,CAM001,54,1.9812225049461774,2125,True,58c867fb-332c-46d9-8b45-c0d3caad69df,Eastbound,2026-01-28 10:18:54.607052,626.0,336.0,194.0,144.0
16656,8,CAM001,46,1.6164592508753026,2125,True,58c867fb-332c-46d9-8b45-c0d3caad69df,Eastbound,2026-01-28 10:18:54.602093,174.0,330.0,126.0,111.0
16655,9,CAM002,86,1.9984763697743293,1370,True,8b9846a8-d4ff-4584-8387-7714d0f8f8d8,Westbound,2026-01-28 10:18:52.404204,336.0,386.0,43.0,90.0
16654,3,CAM002,84,2.002945089962696,1370,True,8b9846a8-d4ff-4584-8387-7714d0f8f8d8,Westbound,2026-01-28 10:18:52.401048,440.0,389.0,43.0,74.0
16653,1,CAM002,80,1.993392126965063,1370,True,8b9846a8-d4ff-4584-8387-7714d0f8f8d8,Westbound,2026-01-28 10:18:52.398049,565.0,358.0,93.0,143.0
16652,2,CAM002,79,1.9967583660038632,1370,True,8b9846a8-d4ff-4584-8387-7714d0f8f8d8,Westbound,2026-01-28 10:18:52.396048,745.0,345.0,124.0,194.0
16651,8,CAM002,78,1.750839116712035,1370,True,8b9846a8-d4ff-4584-8387-7714d0f8f8d8,Westbound,2026-01-28 10:18:52.393043,250.0,360.0,98.0,161.0
16650,4,CAM002,77,2.007059728799442,1370,True,8b9846a8-d4ff-4584-8387-7714d0f8f8d8,Westbound,2026-01-28 10:18:52.390533,348.0,384.0,108.0,153.0
16649,7,CAM002,68,2.030758507557565,1370,True,8b9846a8-d4ff-4584-8387-7714d0f8f8d8,Westbound,2026-01-28 10:18:52.386549,472.0,379.0,91.0,160.0
16648,6,CAM001,83,1.9953562704809777,2120,True,58c867fb-332c-46d9-8b45-c0d3caad69df,Eastbound,2026-01-28 10:18:50.126011,276.0,327.0,106.0,109.0
16647,5,CAM001,54,1.7504018994178014,2120,True,58c867fb-332c-46d9-8b45-c0d3caad69df,Eastbound,2026-01-28 10:18:50.123011,616.0,333.0,193.0,146.0
16646,8,CAM001,46,1.6779345051338035,2120,True,58c867fb-332c-46d9-8b45-c0d3caad69df,Eastbound,2026-01-28 10:18:50.118493,174.0,331.0,126.0,110.0
16645,9,CAM002,86,1.8566919484737643,1365,True,8b9846a8-d4ff-4584-8387-7714d0f8f8d8,Westbound,2026-01-28 10:18:47.678213,335.0,385.0,43.0,90.0
16644,5,CAM002,85,1.8496330814165964,1365,True,8b9846a8-d4ff-4584-8387-7714d0f8f8d8,Westbound,2026-01-28 10:18:47.675213,630.0,369.0,136.0,170.0
16643,3,CAM002,84,2.0146426500665817,1365,True,8b9846a8-d4ff-4584-8387-7714d0f8f8d8,Westbound,2026-01-28 10:18:47.672019,440.0,390.0,42.0,71.0
16642,1,CAM002,80,1.9966608711965315,1365,True,8b9846a8-d4ff-4584-8387-7714d0f8f8d8,Westbound,2026-01-28 10:18:47.670022,567.0,360.0,92.0,143.0
16641,2,CAM002,79,1.9232405876614929,1365,True,8b9846a8-d4ff-4584-8387-7714d0f8f8d8,Westbound,2026-01-28 10:18:47.666019,743.0,337.0,137.0,201.0
16640,8,CAM002,78,1.7839990875400729,1365,True,8b9846a8-d4ff-4584-8387-7714d0f8f8d8,Westbound,2026-01-28 10:18:47.663021,249.0,363.0,98.0,158.0
16639,4,CAM002,77,2.0148830025636144,1365,True,8b9846a8-d4ff-4584-8387-7714d0f8f8d8,Westbound,2026-01-28 10:18:47.659954,346.0,384.0,109.0,154.0
16638,7,CAM002,68,2.0370511846633392,1365,True,8b9846a8-d4ff-4584-8387-7714d0f8f8d8,Westbound,2026-01-28 10:18:47.656980,473.0,379.0,91.0,161.0
16637,6,CAM001,83,1.826083669965209,2115,True,58c867fb-332c-46d9-8b45-c0d3caad69df,Eastbound,2026-01-28 10:18:44.844047,279.0,330.0,98.0,105.0
16636,5,CAM001,54,1.7616877806272324,2115,True,58c867fb-332c-46d9-8b45-c0d3caad69df,Eastbound,2026-01-28 10:18:44.842041,619.0,333.0,183.0,147.0
16635,8,CAM001,46,1.6429460029015264,2115,True,58c867fb-332c-46d9-8b45-c0d3caad69df,Eastbound,2026-01-28 10:18:44.838556,175.0,331.0,127.0,112.0
16634,5,CAM002,85,1.7196572609896799,1360,True,8b9846a8-d4ff-4584-8387-7714d0f8f8d8,Westbound,2026-01-28 10:18:42.441172,647.0,367.0,134.0,171.0
16633,3,CAM002,84,1.7141945716562015,1360,True,8b9846a8-d4ff-4584-8387-7714d0f8f8d8,Westbound,2026-01-28 10:18:42.436172,440.0,390.0,42.0,72.0
16632,1,CAM002,80,1.9424333575413288,1360,True,8b9846a8-d4ff-4584-8387-7714d0f8f8d8,Westbound,2026-01-28 10:18:42.432107,568.0,357.0,100.0,150.0
16631,2,CAM002,79,1.224455475599385,1360,True,8b9846a8-d4ff-4584-8387-7714d0f8f8d8,Westbound,2026-01-28 10:18:42.427588,732.0,332.0,138.0,204.0
16630,8,CAM002,78,1.6268380290403262,1360,True,8b9846a8-d4ff-4584-8387-7714d0f8f8d8,Westbound,2026-01-28 10:18:42.424587,247.0,366.0,100.0,155.0
16629,4,CAM002,77,2.0170603744112277,1360,True,8b9846a8-d4ff-4584-8387-7714d0f8f8d8,Westbound,2026-01-28 10:18:42.420064,344.0,384.0,112.0,154.0
16628,6,CAM002,73,1.913351492754395,1360,True,8b9846a8-d4ff-4584-8387-7714d0f8f8d8,Westbound,2026-01-28 10:18:42.415064,252.0,361.0,99.0,106.0
16627,7,CAM002,68,2.005215126151538,1360,True,8b9846a8-d4ff-4584-8387-7714d0f8f8d8,Westbound,2026-01-28 10:18:42.409524,473.0,378.0,92.0,162.0
16626,6,CAM001,86,1.8348182704939762,2110,True,58c867fb-332c-46d9-8b45-c0d3caad69df,Eastbound,2026-01-28 10:18:40.002718,257.0,329.0,72.0,108.0
16625,3,CAM001,83,1.599317535636114,2110,True,58c867fb-332c-46d9-8b45-c0d3caad69df,Eastbound,2026-01-28 10:18:39.999207,291.0,325.0,91.0,108.0
16624,5,CAM001,54,1.6994301307573036,2110,True,58c867fb-332c-46d9-8b45-c0d3caad69df,Eastbound,2026-01-28 10:18:39.997209,627.0,332.0,166.0,148.0
16623,8,CAM001,46,1.9540942792397595,2110,True,58c867fb-332c-46d9-8b45-c0d3caad69df,Eastbound,2026-01-28 10:18:39.995208,176.0,331.0,127.0,112.0
16622,3,CAM002,84,1.7439816864562034,1355,True,8b9846a8-d4ff-4584-8387-7714d0f8f8d8,Westbound,2026-01-28 10:18:37.588835,442.0,388.0,41.0,69.0
16621,1,CAM002,80,1.9203377744663137,1355,True,8b9846a8-d4ff-4584-8387-7714d0f8f8d8,Westbound,2026-01-28 10:18:37.586793,577.0,348.0,109.0,163.0
16620,5,CAM002,79,1.7150230528814636,1355,True,8b9846a8-d4ff-4584-8387-7714d0f8f8d8,Westbound,2026-01-28 10:18:37.583787,709.0,332.0,142.0,203.0
16619,4,CAM002,77,1.4942395813590936,1355,True,8b9846a8-d4ff-4584-8387-7714d0f8f8d8,Westbound,2026-01-28 10:18:37.581779,344.0,385.0,115.0,153.0
16618,6,CAM002,73,1.868767956947764,1355,True,8b9846a8-d4ff-4584-8387-7714d0f8f8d8,Westbound,2026-01-28 10:18:37.580121,254.0,359.0,102.0,108.0
16617,7,CAM002,68,2.0054394886678844,1355,True,8b9846a8-d4ff-4584-8387-7714d0f8f8d8,Westbound,2026-01-28 10:18:37.576117,473.0,377.0,92.0,163.0
16616,6,CAM001,86,1.7402664756721782,2105,True,58c867fb-332c-46d9-8b45-c0d3caad69df,Eastbound,2026-01-28 10:18:35.146532,256.0,330.0,71.0,103.0
16615,4,CAM001,84,1.448065659600918,2105,True,58c867fb-332c-46d9-8b45-c0d3caad69df,Eastbound,2026-01-28 10:18:35.144535,249.0,303.0,61.0,67.0
16614,3,CAM001,83,1.6038570348663888,2105,True,58c867fb-332c-46d9-8b45-c0d3caad69df,Eastbound,2026-01-28 10:18:35.140006,295.0,327.0,97.0,107.0
16613,5,CAM001,54,1.5082620558312754,2105,True,58c867fb-332c-46d9-8b45-c0d3caad69df,Eastbound,2026-01-28 10:18:35.139006,653.0,331.0,140.0,149.0
16612,8,CAM001,46,1.9864321069002386,2105,True,58c867fb-332c-46d9-8b45-c0d3caad69df,Eastbound,2026-01-28 10:18:35.135006,177.0,332.0,125.0,111.0
16611,3,CAM002,84,1.7029381456717168,1350,True,8b9846a8-d4ff-4584-8387-7714d0f8f8d8,Westbound,2026-01-28 10:18:32.905004,443.0,385.0,40.0,68.0
16610,1,CAM002,80,2.0035156185051903,1350,True,8b9846a8-d4ff-4584-8387-7714d0f8f8d8,Westbound,2026-01-28 10:18:32.902999,578.0,341.0,122.0,175.0
16609,5,CAM002,79,2.0077604570820307,1350,True,8b9846a8-d4ff-4584-8387-7714d0f8f8d8,Westbound,2026-01-28 10:18:32.899493,703.0,331.0,145.0,204.0
16608,4,CAM002,77,1.5185748176930727,1350,True,8b9846a8-d4ff-4584-8387-7714d0f8f8d8,Westbound,2026-01-28 10:18:32.896487,344.0,386.0,117.0,153.0
16607,6,CAM002,73,1.8108853163236631,1350,True,8b9846a8-d4ff-4584-8387-7714d0f8f8d8,Westbound,2026-01-28 10:18:32.893481,260.0,357.0,100.0,110.0
16606,7,CAM002,68,2.011379767310101,1350,True,8b9846a8-d4ff-4584-8387-7714d0f8f8d8,Westbound,2026-01-28 10:18:32.889077,473.0,378.0,91.0,162.0
16605,6,CAM001,86,1.6921913258370018,2100,True,58c867fb-332c-46d9-8b45-c0d3caad69df,Eastbound,2026-01-28 10:18:30.520916,256.0,332.0,58.0,82.0
16604,4,CAM001,84,1.2113164734598216,2100,True,58c867fb-332c-46d9-8b45-c0d3caad69df,Eastbound,2026-01-28 10:18:30.518913,249.0,302.0,61.0,68.0
16603,3,CAM001,83,1.623032290511376,2100,True,58c867fb-332c-46d9-8b45-c0d3caad69df,Eastbound,2026-01-28 10:18:30.516875,286.0,329.0,95.0,106.0
16602,8,CAM001,46,1.616783965443365,2100,True,58c867fb-332c-46d9-8b45-c0d3caad69df,Eastbound,2026-01-28 10:18:30.512913,176.0,332.0,126.0,113.0
16601,3,CAM002,84,1.7199610572301285,1345,True,8b9846a8-d4ff-4584-8387-7714d0f8f8d8,Westbound,2026-01-28 10:18:28.262649,444.0,385.0,37.0,70.0
16600,1,CAM002,80,2.0163133016918633,1345,True,8b9846a8-d4ff-4584-8387-7714d0f8f8d8,Westbound,2026-01-28 10:18:28.258140,581.0,341.0,125.0,175.0
16599,5,CAM002,79,1.9990937856469428,1345,True,8b9846a8-d4ff-4584-8387-7714d0f8f8d8,Westbound,2026-01-28 10:18:28.254141,703.0,328.0,146.0,208.0
16598,8,CAM002,78,1.7569487043286411,1345,True,8b9846a8-d4ff-4584-8387-7714d0f8f8d8,Westbound,2026-01-28 10:18:28.250989,234.0,362.0,117.0,178.0
16597,4,CAM002,77,1.9976334312420754,1345,True,8b9846a8-d4ff-4584-8387-7714d0f8f8d8,Westbound,2026-01-28 10:18:28.246990,344.0,385.0,120.0,154.0
16596,6,CAM002,73,1.6647198394676803,1345,True,8b9846a8-d4ff-4584-8387-7714d0f8f8d8,Westbound,2026-01-28 10:18:28.243985,269.0,357.0,86.0,112.0
16595,7,CAM002,68,2.0139898639128857,1345,True,8b9846a8-d4ff-4584-8387-7714d0f8f8d8,Westbound,2026-01-28 10:18:28.239462,475.0,377.0,89.0,163.0
16594,6,CAM001,86,1.978083480142566,2095,True,58c867fb-332c-46d9-8b45-c0d3caad69df,Eastbound,2026-01-28 10:18:25.866252,256.0,331.0,57.0,82.0
16593,3,CAM001,83,1.5824593356918513,2095,True,58c867fb-332c-46d9-8b45-c0d3caad69df,Eastbound,2026-01-28 10:18:25.861981,289.0,328.0,94.0,108.0
16592,8,CAM001,46,1.5372775950504847,2095,True,58c867fb-332c-46d9-8b45-c0d3caad69df,Eastbound,2026-01-28 10:18:25.856978,177.0,331.0,125.0,113.0
16591,3,CAM002,84,1.722855726734687,1340,True,8b9846a8-d4ff-4584-8387-7714d0f8f8d8,Westbound,2026-01-28 10:18:23.583616,443.0,386.0,37.0,74.0
16590,1,CAM002,80,2.01512237304896,1340,True,8b9846a8-d4ff-4584-8387-7714d0f8f8d8,Westbound,2026-01-28 10:18:23.580214,581.0,340.0,129.0,181.0
16589,5,CAM002,79,1.9632117279300192,1340,True,8b9846a8-d4ff-4584-8387-7714d0f8f8d8,Westbound,2026-01-28 10:18:23.578233,702.0,322.0,152.0,218.0
16588,8,CAM002,78,1.7275995151108186,1340,True,8b9846a8-d4ff-4584-8387-7714d0f8f8d8,Westbound,2026-01-28 10:18:23.574131,238.0,359.0,112.0,181.0
16587,4,CAM002,77,2.0149978322365683,1340,True,8b9846a8-d4ff-4584-8387-7714d0f8f8d8,Westbound,2026-01-28 10:18:23.571910,344.0,383.0,124.0,154.0
16586,7,CAM002,68,2.0161257360079534,1340,True,8b9846a8-d4ff-4584-8387-7714d0f8f8d8,Westbound,2026-01-28 10:18:23.566011,474.0,377.0,88.0,161.0
16585,6,CAM001,86,2.0163923996770294,2090,True,58c867fb-332c-46d9-8b45-c0d3caad69df,Eastbound,2026-01-28 10:18:21.380590,256.0,331.0,56.0,80.0
16584,3,CAM001,83,1.6524827504599187,2090,True,58c867fb-332c-46d9-8b45-c0d3caad69df,Eastbound,2026-01-28 10:18:21.379605,289.0,326.0,95.0,110.0
16583,8,CAM001,46,1.6100133090119442,2090,True,58c867fb-332c-46d9-8b45-c0d3caad69df,Eastbound,2026-01-28 10:18:21.376612,176.0,332.0,126.0,113.0
16582,1,CAM002,80,2.0052278188292187,1335,True,8b9846a8-d4ff-4584-8387-7714d0f8f8d8,Westbound,2026-01-28 10:18:19.511801,581.0,340.0,132.0,184.0
16581,5,CAM002,79,1.9319742302924423,1335,True,8b9846a8-d4ff-4584-8387-7714d0f8f8d8,Westbound,2026-01-28 10:18:19.508814,719.0,314.0,161.0,226.0
16580,8,CAM002,78,1.7277988893473943,1335,True,8b9846a8-d4ff-4584-8387-7714d0f8f8d8,Westbound,2026-01-28 10:18:19.505805,245.0,355.0,105.0,185.0
16579,4,CAM002,77,2.014288262810149,1335,True,8b9846a8-d4ff-4584-8387-7714d0f8f8d8,Westbound,2026-01-28 10:18:19.502807,346.0,384.0,126.0,154.0
16578,7,CAM002,68,2.0228231218586026,1335,True,8b9846a8-d4ff-4584-8387-7714d0f8f8d8,Westbound,2026-01-28 10:18:19.498241,472.0,378.0,86.0,159.0
16577,6,CAM001,86,2.0304077299845518,2085,True,58c867fb-332c-46d9-8b45-c0d3caad69df,Eastbound,2026-01-28 10:18:17.001804,257.0,332.0,55.0,79.0
16576,3,CAM001,83,1.7464806714142882,2085,True,58c867fb-332c-46d9-8b45-c0d3caad69df,Eastbound,2026-01-28 10:18:16.999831,289.0,326.0,95.0,109.0
16575,2,CAM001,54,2.00215092991091,2085,True,58c867fb-332c-46d9-8b45-c0d3caad69df,Eastbound,2026-01-28 10:18:16.997856,683.0,334.0,117.0,146.0
16574,8,CAM001,46,1.5942524673839404,2085,True,58c867fb-332c-46d9-8b45-c0d3caad69df,Eastbound,2026-01-28 10:18:16.992942,177.0,333.0,124.0,112.0
16573,1,CAM002,80,2.002720872003852,1330,True,8b9846a8-d4ff-4584-8387-7714d0f8f8d8,Westbound,2026-01-28 10:18:14.645896,581.0,340.0,130.0,180.0
16572,5,CAM002,79,1.6833501335007617,1330,True,8b9846a8-d4ff-4584-8387-7714d0f8f8d8,Westbound,2026-01-28 10:18:14.641992,749.0,298.0,132.0,242.0
16571,4,CAM002,77,1.9914394860591593,1330,True,8b9846a8-d4ff-4584-8387-7714d0f8f8d8,Westbound,2026-01-28 10:18:14.639187,348.0,385.0,127.0,154.0
16570,3,CAM002,73,1.7858692136767211,1330,True,8b9846a8-d4ff-4584-8387-7714d0f8f8d8,Westbound,2026-01-28 10:18:14.636196,263.0,359.0,104.0,148.0
16569,7,CAM002,68,2.0269713398163796,1330,True,8b9846a8-d4ff-4584-8387-7714d0f8f8d8,Westbound,2026-01-28 10:18:14.633281,471.0,379.0,88.0,158.0
16568,6,CAM001,86,2.0081346465729863,2080,True,58c867fb-332c-46d9-8b45-c0d3caad69df,Eastbound,2026-01-28 10:18:12.257224,257.0,331.0,55.0,77.0
16567,3,CAM001,83,1.7883852958902968,2080,True,58c867fb-332c-46d9-8b45-c0d3caad69df,Eastbound,2026-01-28 10:18:12.255221,290.0,327.0,94.0,108.0
16566,2,CAM001,54,1.659553361949257,2080,True,58c867fb-332c-46d9-8b45-c0d3caad69df,Eastbound,2026-01-28 10:18:12.254198,669.0,333.0,126.0,147.0
16565,8,CAM001,46,2.0127669542994964,2080,True,58c867fb-332c-46d9-8b45-c0d3caad69df,Eastbound,2026-01-28 10:18:12.250656,178.0,333.0,123.0,112.0
16564,1,CAM002,80,2.009401808252609,1325,True,8b9846a8-d4ff-4584-8387-7714d0f8f8d8,Westbound,2026-01-28 10:18:10.247960,581.0,340.0,130.0,179.0
16563,5,CAM002,79,1.1587318768142973,1325,True,8b9846a8-d4ff-4584-8387-7714d0f8f8d8,Westbound,2026-01-28 10:18:10.245959,716.0,275.0,129.0,264.0
16562,4,CAM002,77,2.0006762295450704,1325,True,8b9846a8-d4ff-4584-8387-7714d0f8f8d8,Westbound,2026-01-28 10:18:10.242964,350.0,384.0,128.0,155.0
16561,2,CAM002,76,1.758326749139273,1325,True,8b9846a8-d4ff-4584-8387-7714d0f8f8d8,Westbound,2026-01-28 10:18:10.240446,714.0,442.0,57.0,95.0
16560,3,CAM002,73,1.8511038545135328,1325,True,8b9846a8-d4ff-4584-8387-7714d0f8f8d8,Westbound,2026-01-28 10:18:10.237482,263.0,365.0,104.0,142.0
16559,7,CAM002,68,2.028854722786244,1325,True,8b9846a8-d4ff-4584-8387-7714d0f8f8d8,Westbound,2026-01-28 10:18:10.234462,469.0,379.0,92.0,157.0
16558,7,CAM001,86,1.4204890715033578,2075,True,58c867fb-332c-46d9-8b45-c0d3caad69df,Eastbound,2026-01-28 10:18:07.223131,257.0,331.0,54.0,74.0
16557,8,CAM001,84,1.9954417645651275,2075,True,58c867fb-332c-46d9-8b45-c0d3caad69df,Eastbound,2026-01-28 10:18:07.219666,249.0,302.0,63.0,69.0
16556,3,CAM001,83,1.7978005061681794,2075,True,58c867fb-332c-46d9-8b45-c0d3caad69df,Eastbound,2026-01-28 10:18:07.217610,290.0,327.0,94.0,108.0
16555,2,CAM001,54,1.7538904426749617,2075,True,58c867fb-332c-46d9-8b45-c0d3caad69df,Eastbound,2026-01-28 10:18:07.212595,640.0,328.0,146.0,152.0
16554,5,CAM001,46,2.0283215683142535,2075,True,58c867fb-332c-46d9-8b45-c0d3caad69df,Eastbound,2026-01-28 10:18:07.209103,178.0,333.0,123.0,112.0
16553,1,CAM002,80,1.9826495234725257,1320,True,8b9846a8-d4ff-4584-8387-7714d0f8f8d8,Westbound,2026-01-28 10:18:04.433027,581.0,342.0,131.0,181.0
16552,4,CAM002,77,1.9894008599716826,1320,True,8b9846a8-d4ff-4584-8387-7714d0f8f8d8,Westbound,2026-01-28 10:18:04.428849,354.0,385.0,124.0,154.0
16551,2,CAM002,76,1.602620299514947,1320,True,8b9846a8-d4ff-4584-8387-7714d0f8f8d8,Westbound,2026-01-28 10:18:04.425851,708.0,439.0,71.0,97.0
16550,3,CAM002,73,1.8487966902863398,1320,True,8b9846a8-d4ff-4584-8387-7714d0f8f8d8,Westbound,2026-01-28 10:18:04.422849,268.0,376.0,98.0,130.0
16549,7,CAM002,68,1.9749204367681128,1320,True,8b9846a8-d4ff-4584-8387-7714d0f8f8d8,Westbound,2026-01-28 10:18:04.419291,467.0,378.0,100.0,159.0
16548,4,CAM001,86,1.4673887278134081,2070,True,58c867fb-332c-46d9-8b45-c0d3caad69df,Eastbound,2026-01-28 10:18:01.570248,254.0,333.0,55.0,76.0
16547,8,CAM001,84,1.8876483237272061,2070,True,58c867fb-332c-46d9-8b45-c0d3caad69df,Eastbound,2026-01-28 10:18:01.567248,249.0,303.0,62.0,68.0
16546,3,CAM001,83,1.7838490583342868,2070,True,58c867fb-332c-46d9-8b45-c0d3caad69df,Eastbound,2026-01-28 10:18:01.565246,290.0,327.0,93.0,109.0
16545,2,CAM001,54,1.8969270881492972,2070,True,58c867fb-332c-46d9-8b45-c0d3caad69df,Eastbound,2026-01-28 10:18:01.562287,619.0,323.0,145.0,157.0
16544,5,CAM001,46,2.0384715104438724,2070,True,58c867fb-332c-46d9-8b45-c0d3caad69df,Eastbound,2026-01-28 10:18:01.559728,178.0,333.0,123.0,112.0
16543,1,CAM002,80,2.0117779129610383,1315,True,8b9846a8-d4ff-4584-8387-7714d0f8f8d8,Westbound,2026-01-28 10:17:58.919178,581.0,343.0,129.0,177.0
16542,4,CAM002,78,2.0168572450322944,1315,True,8b9846a8-d4ff-4584-8387-7714d0f8f8d8,Westbound,2026-01-28 10:17:58.916176,419.0,383.0,68.0,153.0
16541,6,CAM002,77,1.6147369442283963,1315,True,8b9846a8-d4ff-4584-8387-7714d0f8f8d8,Westbound,2026-01-28 10:17:58.913190,355.0,386.0,118.0,153.0
16540,3,CAM002,73,1.8632994737405695,1315,True,8b9846a8-d4ff-4584-8387-7714d0f8f8d8,Westbound,2026-01-28 10:17:58.910643,271.0,378.0,95.0,127.0
16539,7,CAM002,68,1.9659632613485492,1315,True,8b9846a8-d4ff-4584-8387-7714d0f8f8d8,Westbound,2026-01-28 10:17:58.906136,465.0,371.0,112.0,168.0
16538,6,CAM001,86,1.4429021564403428,2065,True,58c867fb-332c-46d9-8b45-c0d3caad69df,Eastbound,2026-01-28 10:17:55.835769,255.0,332.0,54.0,79.0
16537,8,CAM001,84,2.0123031018227264,2065,True,58c867fb-332c-46d9-8b45-c0d3caad69df,Eastbound,2026-01-28 10:17:55.832767,247.0,303.0,61.0,67.0
16536,3,CAM001,83,1.8162916550914994,2065,True,58c867fb-332c-46d9-8b45-c0d3caad69df,Eastbound,2026-01-28 10:17:55.830253,289.0,326.0,94.0,110.0
16535,2,CAM001,54,2.0143750957220816,2065,True,58c867fb-332c-46d9-8b45-c0d3caad69df,Eastbound,2026-01-28 10:17:55.828253,599.0,328.0,137.0,151.0
16534,5,CAM001,46,1.960692514232263,2065,True,58c867fb-332c-46d9-8b45-c0d3caad69df,Eastbound,2026-01-28 10:17:55.824273,178.0,331.0,123.0,113.0
16533,1,CAM002,80,1.950000348620186,1310,True,8b9846a8-d4ff-4584-8387-7714d0f8f8d8,Westbound,2026-01-28 10:17:53.204110,582.0,344.0,123.0,169.0
16532,4,CAM002,78,1.5238127433196946,1310,True,8b9846a8-d4ff-4584-8387-7714d0f8f8d8,Westbound,2026-01-28 10:17:53.200000,416.0,384.0,74.0,146.0
16531,6,CAM002,77,2.010663877005919,1310,True,8b9846a8-d4ff-4584-8387-7714d0f8f8d8,Westbound,2026-01-28 10:17:53.198002,349.0,384.0,118.0,155.0
16530,3,CAM002,73,1.8372524058508781,1310,True,8b9846a8-d4ff-4584-8387-7714d0f8f8d8,Westbound,2026-01-28 10:17:53.195001,270.0,370.0,98.0,135.0
16529,7,CAM002,68,2.007570998332457,1310,True,8b9846a8-d4ff-4584-8387-7714d0f8f8d8,Westbound,2026-01-28 10:17:53.190489,464.0,364.0,122.0,175.0
16528,4,CAM001,86,1.9940074460578923,2060,True,58c867fb-332c-46d9-8b45-c0d3caad69df,Eastbound,2026-01-28 10:17:50.507084,252.0,332.0,60.0,88.0
16527,8,CAM001,84,1.9123063944811856,2060,True,58c867fb-332c-46d9-8b45-c0d3caad69df,Eastbound,2026-01-28 10:17:50.504539,247.0,303.0,61.0,67.0
16526,3,CAM001,83,1.7623686172188895,2060,True,58c867fb-332c-46d9-8b45-c0d3caad69df,Eastbound,2026-01-28 10:17:50.502470,295.0,327.0,90.0,108.0
16525,2,CAM001,54,1.9490346046771967,2060,True,58c867fb-332c-46d9-8b45-c0d3caad69df,Eastbound,2026-01-28 10:17:50.498916,597.0,327.0,147.0,153.0
16524,5,CAM001,46,1.9628751813528673,2060,True,58c867fb-332c-46d9-8b45-c0d3caad69df,Eastbound,2026-01-28 10:17:50.496920,176.0,329.0,126.0,115.0
16523,1,CAM002,80,1.323120777260213,1305,True,8b9846a8-d4ff-4584-8387-7714d0f8f8d8,Westbound,2026-01-28 10:17:48.331092,582.0,344.0,117.0,160.0
16522,6,CAM002,77,1.710055691558434,1305,True,8b9846a8-d4ff-4584-8387-7714d0f8f8d8,Westbound,2026-01-28 10:17:48.327092,350.0,383.0,114.0,155.0
16521,3,CAM002,73,1.7759727418838318,1305,True,8b9846a8-d4ff-4584-8387-7714d0f8f8d8,Westbound,2026-01-28 10:17:48.324092,265.0,357.0,107.0,148.0
16520,7,CAM002,68,1.444145427325402,1305,True,8b9846a8-d4ff-4584-8387-7714d0f8f8d8,Westbound,2026-01-28 10:17:48.320902,466.0,361.0,123.0,178.0
16519,1,CAM001,87,1.1049988965850663,2055,True,58c867fb-332c-46d9-8b45-c0d3caad69df,Eastbound,2026-01-28 10:17:45.232155,174.0,325.0,89.0,120.0
16518,7,CAM001,86,1.2411254910326832,2055,True,58c867fb-332c-46d9-8b45-c0d3caad69df,Eastbound,2026-01-28 10:17:45.229155,263.0,331.0,55.0,91.0
16517,8,CAM001,84,0.0,2055,True,58c867fb-332c-46d9-8b45-c0d3caad69df,Eastbound,2026-01-28 10:17:45.226159,247.0,303.0,64.0,68.0
16516,6,CAM001,83,1.655104404505753,2055,True,58c867fb-332c-46d9-8b45-c0d3caad69df,Eastbound,2026-01-28 10:17:45.222016,295.0,326.0,98.0,108.0
16515,4,CAM001,82,1.9925071193273778,2055,True,58c867fb-332c-46d9-8b45-c0d3caad69df,Eastbound,2026-01-28 10:17:45.219020,236.0,294.0,92.0,152.0
16514,5,CAM001,73,2.0255995017262745,2055,True,58c867fb-332c-46d9-8b45-c0d3caad69df,Eastbound,2026-01-28 10:17:45.215016,146.0,346.0,48.0,75.0
16513,2,CAM001,54,1.8819089163780085,2055,True,58c867fb-332c-46d9-8b45-c0d3caad69df,Eastbound,2026-01-28 10:17:45.210462,605.0,319.0,159.0,161.0
16512,3,CAM001,46,1.643995484135087,2055,True,58c867fb-332c-46d9-8b45-c0d3caad69df,Eastbound,2026-01-28 10:17:45.207554,175.0,330.0,127.0,113.0
16511,1,CAM002,80,1.928799022703396,1300,True,8b9846a8-d4ff-4584-8387-7714d0f8f8d8,Westbound,2026-01-28 10:17:41.789077,582.0,346.0,119.0,167.0
16510,6,CAM002,77,1.492023340174574,1300,True,8b9846a8-d4ff-4584-8387-7714d0f8f8d8,Westbound,2026-01-28 10:17:41.786104,347.0,383.0,112.0,153.0
16509,3,CAM002,73,1.8201383370422233,1300,True,8b9846a8-d4ff-4584-8387-7714d0f8f8d8,Westbound,2026-01-28 10:17:41.784020,265.0,361.0,107.0,144.0
16508,7,CAM002,68,2.00035945548271,1300,True,8b9846a8-d4ff-4584-8387-7714d0f8f8d8,Westbound,2026-01-28 10:17:41.778497,466.0,361.0,120.0,177.0
16507,6,CAM001,87,1.4844484609895865,2050,True,58c867fb-332c-46d9-8b45-c0d3caad69df,Eastbound,2026-01-28 10:17:39.287910,176.0,327.0,90.0,119.0
16506,3,CAM001,83,1.8477680661060338,2050,True,58c867fb-332c-46d9-8b45-c0d3caad69df,Eastbound,2026-01-28 10:17:39.285933,287.0,327.0,104.0,108.0
16505,4,CAM001,82,1.647989833089093,2050,True,58c867fb-332c-46d9-8b45-c0d3caad69df,Eastbound,2026-01-28 10:17:39.282917,235.0,297.0,94.0,146.0
16504,5,CAM001,73,1.1915064328206508,2050,True,58c867fb-332c-46d9-8b45-c0d3caad69df,Eastbound,2026-01-28 10:17:39.279310,145.0,345.0,52.0,75.0
16503,2,CAM001,54,1.8885454247596747,2050,True,58c867fb-332c-46d9-8b45-c0d3caad69df,Eastbound,2026-01-28 10:17:39.277375,623.0,324.0,150.0,156.0
16502,1,CAM002,80,2.0154286284342273,1295,True,8b9846a8-d4ff-4584-8387-7714d0f8f8d8,Westbound,2026-01-28 10:17:36.348425,576.0,345.0,131.0,185.0
16501,4,CAM002,78,1.7423253718933625,1295,True,8b9846a8-d4ff-4584-8387-7714d0f8f8d8,Westbound,2026-01-28 10:17:36.346505,434.0,384.0,38.0,71.0
16500,6,CAM002,77,1.6002167210460474,1295,True,8b9846a8-d4ff-4584-8387-7714d0f8f8d8,Westbound,2026-01-28 10:17:36.344429,348.0,384.0,110.0,154.0
16499,5,CAM002,76,1.0306498834033366,1295,True,8b9846a8-d4ff-4584-8387-7714d0f8f8d8,Westbound,2026-01-28 10:17:36.342384,712.0,362.0,141.0,172.0
16498,3,CAM002,73,1.8797087022358414,1295,True,8b9846a8-d4ff-4584-8387-7714d0f8f8d8,Westbound,2026-01-28 10:17:36.340772,266.0,369.0,102.0,135.0
16497,7,CAM002,68,2.003461129059638,1295,True,8b9846a8-d4ff-4584-8387-7714d0f8f8d8,Westbound,2026-01-28 10:17:36.336765,464.0,362.0,119.0,175.0
16496,3,CAM001,83,1.8331193645169195,2045,True,58c867fb-332c-46d9-8b45-c0d3caad69df,Eastbound,2026-01-28 10:17:32.439404,282.0,330.0,109.0,105.0
16495,4,CAM001,82,1.5163690228110944,2045,True,58c867fb-332c-46d9-8b45-c0d3caad69df,Eastbound,2026-01-28 10:17:32.436405,242.0,312.0,84.0,115.0
16494,5,CAM001,73,1.9581203132989071,2045,True,58c867fb-332c-46d9-8b45-c0d3caad69df,Eastbound,2026-01-28 10:17:32.433397,147.0,344.0,55.0,73.0
16493,2,CAM001,54,1.8390320497261539,2045,True,58c867fb-332c-46d9-8b45-c0d3caad69df,Eastbound,2026-01-28 10:17:32.427235,642.0,332.0,151.0,148.0
16492,1,CAM002,80,2.002002970682691,1290,True,8b9846a8-d4ff-4584-8387-7714d0f8f8d8,Westbound,2026-01-28 10:17:27.424961,572.0,343.0,128.0,188.0
16491,4,CAM002,78,1.5009190475610534,1290,True,8b9846a8-d4ff-4584-8387-7714d0f8f8d8,Westbound,2026-01-28 10:17:27.420238,434.0,384.0,39.0,72.0
16490,6,CAM002,77,1.7724264758393824,1290,True,8b9846a8-d4ff-4584-8387-7714d0f8f8d8,Westbound,2026-01-28 10:17:27.417239,353.0,385.0,108.0,155.0
16489,2,CAM002,76,1.714032810055341,1290,True,8b9846a8-d4ff-4584-8387-7714d0f8f8d8,Westbound,2026-01-28 10:17:27.413260,710.0,364.0,142.0,171.0
16488,3,CAM002,73,1.8015361104806698,1290,True,8b9846a8-d4ff-4584-8387-7714d0f8f8d8,Westbound,2026-01-28 10:17:27.410710,264.0,369.0,105.0,137.0
16487,7,CAM002,68,1.7849454276703542,1290,True,8b9846a8-d4ff-4584-8387-7714d0f8f8d8,Westbound,2026-01-28 10:17:27.404707,468.0,361.0,119.0,177.0
16486,6,CAM001,83,1.7257520995994107,2040,True,58c867fb-332c-46d9-8b45-c0d3caad69df,Eastbound,2026-01-28 10:17:23.253680,278.0,329.0,109.0,106.0
16485,5,CAM001,82,1.8027269087023043,2040,True,58c867fb-332c-46d9-8b45-c0d3caad69df,Eastbound,2026-01-28 10:17:23.250159,261.0,332.0,52.0,70.0
16484,4,CAM001,73,1.455657556657661,2040,True,58c867fb-332c-46d9-8b45-c0d3caad69df,Eastbound,2026-01-28 10:17:23.247159,149.0,343.0,54.0,73.0
16483,2,CAM001,54,2.0106971356195174,2040,True,58c867fb-332c-46d9-8b45-c0d3caad69df,Eastbound,2026-01-28 10:17:23.244149,640.0,332.0,158.0,147.0
16482,3,CAM001,46,1.7349161662580568,2040,True,58c867fb-332c-46d9-8b45-c0d3caad69df,Eastbound,2026-01-28 10:17:23.238203,177.0,331.0,126.0,111.0
16481,1,CAM002,80,1.9437433837556843,1285,True,8b9846a8-d4ff-4584-8387-7714d0f8f8d8,Westbound,2026-01-28 10:17:18.695789,574.0,343.0,127.0,184.0
16480,4,CAM002,78,1.5970879217298175,1285,True,8b9846a8-d4ff-4584-8387-7714d0f8f8d8,Westbound,2026-01-28 10:17:18.690268,435.0,384.0,40.0,73.0
16479,6,CAM002,77,1.7588626653989907,1285,True,8b9846a8-d4ff-4584-8387-7714d0f8f8d8,Westbound,2026-01-28 10:17:18.687267,354.0,385.0,105.0,154.0
16478,5,CAM002,74,1.7174661202728974,1285,True,8b9846a8-d4ff-4584-8387-7714d0f8f8d8,Westbound,2026-01-28 10:17:18.684268,255.0,364.0,109.0,102.0
16477,3,CAM002,73,1.7474776605091193,1285,True,8b9846a8-d4ff-4584-8387-7714d0f8f8d8,Westbound,2026-01-28 10:17:18.680741,259.0,370.0,112.0,139.0
16476,7,CAM002,68,1.9526034214346455,1285,True,8b9846a8-d4ff-4584-8387-7714d0f8f8d8,Westbound,2026-01-28 10:17:18.677740,472.0,360.0,122.0,180.0
16475,6,CAM001,83,1.7566579647401717,2035,True,58c867fb-332c-46d9-8b45-c0d3caad69df,Eastbound,2026-01-28 10:17:14.029301,277.0,329.0,113.0,107.0
16474,5,CAM001,82,2.010698568833921,2035,True,58c867fb-332c-46d9-8b45-c0d3caad69df,Eastbound,2026-01-28 10:17:14.026335,261.0,331.0,53.0,70.0
16473,4,CAM001,73,1.483411139864365,2035,True,58c867fb-332c-46d9-8b45-c0d3caad69df,Eastbound,2026-01-28 10:17:14.023301,147.0,343.0,57.0,74.0
16472,2,CAM001,54,1.789682365322707,2035,True,58c867fb-332c-46d9-8b45-c0d3caad69df,Eastbound,2026-01-28 10:17:14.019781,648.0,330.0,156.0,150.0
16471,3,CAM001,46,1.7913824906391358,2035,True,58c867fb-332c-46d9-8b45-c0d3caad69df,Eastbound,2026-01-28 10:17:14.015808,176.0,331.0,128.0,112.0
16470,1,CAM002,80,1.7692835104594788,1280,True,8b9846a8-d4ff-4584-8387-7714d0f8f8d8,Westbound,2026-01-28 10:17:09.320554,587.0,342.0,123.0,178.0
16469,4,CAM002,78,1.6358996881977694,1280,True,8b9846a8-d4ff-4584-8387-7714d0f8f8d8,Westbound,2026-01-28 10:17:09.316560,435.0,384.0,41.0,72.0
16468,6,CAM002,77,1.797697644320438,1280,True,8b9846a8-d4ff-4584-8387-7714d0f8f8d8,Westbound,2026-01-28 10:17:09.312545,356.0,384.0,102.0,154.0
16467,2,CAM002,76,1.8549848070983552,1280,True,8b9846a8-d4ff-4584-8387-7714d0f8f8d8,Westbound,2026-01-28 10:17:09.309033,700.0,379.0,135.0,161.0
16466,3,CAM002,74,1.8544802852244775,1280,True,8b9846a8-d4ff-4584-8387-7714d0f8f8d8,Westbound,2026-01-28 10:17:09.305516,254.0,365.0,111.0,102.0
16465,7,CAM002,68,1.8994640693254254,1280,True,8b9846a8-d4ff-4584-8387-7714d0f8f8d8,Westbound,2026-01-28 10:17:09.301022,473.0,360.0,120.0,180.0
16464,7,CAM001,86,1.8831170921228648,2030,True,58c867fb-332c-46d9-8b45-c0d3caad69df,Eastbound,2026-01-28 10:17:03.372115,494.0,325.0,83.0,144.0
16463,1,CAM001,84,1.7064264944597964,2030,True,58c867fb-332c-46d9-8b45-c0d3caad69df,Eastbound,2026-01-28 10:17:03.368153,382.0,334.0,128.0,136.0
16462,6,CAM001,83,1.7491409360807366,2030,True,58c867fb-332c-46d9-8b45-c0d3caad69df,Eastbound,2026-01-28 10:17:03.365113,277.0,329.0,117.0,107.0
16461,5,CAM001,82,1.8080553966995738,2030,True,58c867fb-332c-46d9-8b45-c0d3caad69df,Eastbound,2026-01-28 10:17:03.362187,261.0,331.0,54.0,70.0
16460,4,CAM001,73,1.5177764598863657,2030,True,58c867fb-332c-46d9-8b45-c0d3caad69df,Eastbound,2026-01-28 10:17:03.358547,148.0,343.0,58.0,74.0
16459,2,CAM001,54,1.6779314546966484,2030,True,58c867fb-332c-46d9-8b45-c0d3caad69df,Eastbound,2026-01-28 10:17:03.354555,664.0,328.0,153.0,152.0
16458,3,CAM001,46,1.7502271410471966,2030,True,58c867fb-332c-46d9-8b45-c0d3caad69df,Eastbound,2026-01-28 10:17:03.351046,174.0,331.0,132.0,113.0
16457,1,CAM002,80,1.7465130035221075,1275,True,8b9846a8-d4ff-4584-8387-7714d0f8f8d8,Westbound,2026-01-28 10:16:58.016843,587.0,340.0,124.0,180.0
16456,4,CAM002,78,1.6423997217330926,1275,True,8b9846a8-d4ff-4584-8387-7714d0f8f8d8,Westbound,2026-01-28 10:16:58.013834,435.0,384.0,41.0,70.0
16455,6,CAM002,77,1.8020242907659862,1275,True,8b9846a8-d4ff-4584-8387-7714d0f8f8d8,Westbound,2026-01-28 10:16:58.009313,354.0,384.0,104.0,154.0
16454,2,CAM002,76,1.9748358576760165,1275,True,8b9846a8-d4ff-4584-8387-7714d0f8f8d8,Westbound,2026-01-28 10:16:58.006313,708.0,375.0,127.0,165.0
16453,5,CAM002,74,1.692059263115877,1275,True,8b9846a8-d4ff-4584-8387-7714d0f8f8d8,Westbound,2026-01-28 10:16:58.002409,253.0,366.0,113.0,103.0
16452,3,CAM002,73,1.819726961764722,1275,True,8b9846a8-d4ff-4584-8387-7714d0f8f8d8,Westbound,2026-01-28 10:16:57.998769,247.0,367.0,126.0,152.0
16451,7,CAM002,68,1.9168293697527201,1275,True,8b9846a8-d4ff-4584-8387-7714d0f8f8d8,Westbound,2026-01-28 10:16:57.994252,474.0,360.0,120.0,180.0
16450,7,CAM001,86,1.8485944042641962,2025,True,58c867fb-332c-46d9-8b45-c0d3caad69df,Eastbound,2026-01-28 10:16:52.470987,494.0,326.0,83.0,140.0
16449,1,CAM001,84,1.6334230491635264,2025,True,58c867fb-332c-46d9-8b45-c0d3caad69df,Eastbound,2026-01-28 10:16:52.466999,382.0,334.0,128.0,137.0
16448,6,CAM001,83,1.728703639225328,2025,True,58c867fb-332c-46d9-8b45-c0d3caad69df,Eastbound,2026-01-28 10:16:52.464008,282.0,329.0,119.0,107.0
16447,5,CAM001,82,2.006478017516223,2025,True,58c867fb-332c-46d9-8b45-c0d3caad69df,Eastbound,2026-01-28 10:16:52.460463,258.0,330.0,56.0,72.0
16446,4,CAM001,73,1.3989674536075491,2025,True,58c867fb-332c-46d9-8b45-c0d3caad69df,Eastbound,2026-01-28 10:16:52.455465,148.0,343.0,59.0,73.0
16445,3,CAM001,46,1.678436135554124,2025,True,58c867fb-332c-46d9-8b45-c0d3caad69df,Eastbound,2026-01-28 10:16:52.449982,164.0,329.0,139.0,114.0
16444,1,CAM002,80,1.9938968666986017,1270,True,8b9846a8-d4ff-4584-8387-7714d0f8f8d8,Westbound,2026-01-28 10:16:47.488070,588.0,340.0,123.0,180.0
16443,4,CAM002,78,1.843791473448825,1270,True,8b9846a8-d4ff-4584-8387-7714d0f8f8d8,Westbound,2026-01-28 10:16:47.483544,435.0,384.0,41.0,70.0
16442,6,CAM002,77,1.8741613021146648,1270,True,8b9846a8-d4ff-4584-8387-7714d0f8f8d8,Westbound,2026-01-28 10:16:47.480022,350.0,384.0,106.0,156.0
16441,2,CAM002,76,1.9671860590125316,1270,True,8b9846a8-d4ff-4584-8387-7714d0f8f8d8,Westbound,2026-01-28 10:16:47.477021,719.0,380.0,121.0,159.0
16440,3,CAM002,73,1.78104150949803,1270,True,8b9846a8-d4ff-4584-8387-7714d0f8f8d8,Westbound,2026-01-28 10:16:47.474012,231.0,366.0,137.0,155.0
16439,7,CAM002,68,1.8978115137848068,1270,True,8b9846a8-d4ff-4584-8387-7714d0f8f8d8,Westbound,2026-01-28 10:16:47.470494,475.0,360.0,119.0,180.0
16438,7,CAM001,86,1.761918517437375,2020,True,58c867fb-332c-46d9-8b45-c0d3caad69df,Eastbound,2026-01-28 10:16:42.800749,497.0,328.0,78.0,133.0
16437,6,CAM001,84,1.6398059997236807,2020,True,58c867fb-332c-46d9-8b45-c0d3caad69df,Eastbound,2026-01-28 10:16:42.799747,381.0,334.0,130.0,138.0
16436,4,CAM001,83,1.7734773372397707,2020,True,58c867fb-332c-46d9-8b45-c0d3caad69df,Eastbound,2026-01-28 10:16:42.796715,283.0,329.0,117.0,106.0
16435,5,CAM001,82,1.931660940877916,2020,True,58c867fb-332c-46d9-8b45-c0d3caad69df,Eastbound,2026-01-28 10:16:42.793714,258.0,330.0,56.0,71.0
16434,3,CAM001,46,1.7218813111930138,2020,True,58c867fb-332c-46d9-8b45-c0d3caad69df,Eastbound,2026-01-28 10:16:42.790200,156.0,328.0,137.0,115.0
16433,1,CAM002,80,1.8621400846281682,1265,True,8b9846a8-d4ff-4584-8387-7714d0f8f8d8,Westbound,2026-01-28 10:16:39.793036,589.0,344.0,109.0,169.0
16432,4,CAM002,78,1.70236878479057,1265,True,8b9846a8-d4ff-4584-8387-7714d0f8f8d8,Westbound,2026-01-28 10:16:39.790524,435.0,385.0,42.0,70.0
16431,6,CAM002,77,1.7514239528238011,1265,True,8b9846a8-d4ff-4584-8387-7714d0f8f8d8,Westbound,2026-01-28 10:16:39.787526,350.0,383.0,107.0,157.0
16430,2,CAM002,76,1.8354551606980627,1265,True,8b9846a8-d4ff-4584-8387-7714d0f8f8d8,Westbound,2026-01-28 10:16:39.784524,735.0,402.0,100.0,135.0
16429,3,CAM002,73,1.6688978567128765,1265,True,8b9846a8-d4ff-4584-8387-7714d0f8f8d8,Westbound,2026-01-28 10:16:39.781999,210.0,366.0,148.0,159.0
16428,7,CAM002,68,2.019160399255484,1265,True,8b9846a8-d4ff-4584-8387-7714d0f8f8d8,Westbound,2026-01-28 10:16:39.778462,475.0,360.0,119.0,180.0
16427,6,CAM001,83,1.6809464350501147,2015,True,58c867fb-332c-46d9-8b45-c0d3caad69df,Eastbound,2026-01-28 10:16:36.663303,282.0,329.0,116.0,105.0
16426,4,CAM001,82,1.4877614272490116,2015,True,58c867fb-332c-46d9-8b45-c0d3caad69df,Eastbound,2026-01-28 10:16:36.659989,260.0,332.0,52.0,68.0
16425,5,CAM001,73,2.02706017976117,2015,True,58c867fb-332c-46d9-8b45-c0d3caad69df,Eastbound,2026-01-28 10:16:36.658040,150.0,343.0,60.0,72.0
16424,3,CAM001,46,1.932471231813616,2015,True,58c867fb-332c-46d9-8b45-c0d3caad69df,Eastbound,2026-01-28 10:16:36.655058,168.0,329.0,126.0,114.0
16423,1,CAM002,80,2.0081442706594546,1260,True,8b9846a8-d4ff-4584-8387-7714d0f8f8d8,Westbound,2026-01-28 10:16:33.809263,581.0,342.0,106.0,163.0
16422,4,CAM002,78,1.686745527175958,1260,True,8b9846a8-d4ff-4584-8387-7714d0f8f8d8,Westbound,2026-01-28 10:16:33.805268,434.0,386.0,42.0,70.0
16421,6,CAM002,77,1.7548904560884222,1260,True,8b9846a8-d4ff-4584-8387-7714d0f8f8d8,Westbound,2026-01-28 10:16:33.802073,350.0,386.0,106.0,154.0
16420,7,CAM002,68,1.8803134465477174,1260,True,8b9846a8-d4ff-4584-8387-7714d0f8f8d8,Westbound,2026-01-28 10:16:33.797041,475.0,359.0,118.0,181.0
16419,7,CAM001,86,1.7956809779753922,2010,True,58c867fb-332c-46d9-8b45-c0d3caad69df,Eastbound,2026-01-28 10:16:30.775074,501.0,334.0,77.0,132.0
16418,6,CAM001,83,1.6861933421858952,2010,True,58c867fb-332c-46d9-8b45-c0d3caad69df,Eastbound,2026-01-28 10:16:30.772046,284.0,330.0,113.0,104.0
16417,4,CAM001,82,1.5284310234746459,2010,True,58c867fb-332c-46d9-8b45-c0d3caad69df,Eastbound,2026-01-28 10:16:30.770126,260.0,329.0,52.0,69.0
16416,5,CAM001,73,1.9764499319577111,2010,True,58c867fb-332c-46d9-8b45-c0d3caad69df,Eastbound,2026-01-28 10:16:30.768016,150.0,343.0,59.0,72.0
16415,3,CAM001,46,1.9952625155832049,2010,True,58c867fb-332c-46d9-8b45-c0d3caad69df,Eastbound,2026-01-28 10:16:30.763981,179.0,331.0,122.0,113.0
16414,1,CAM002,80,1.4880193138856561,1255,True,8b9846a8-d4ff-4584-8387-7714d0f8f8d8,Westbound,2026-01-28 10:16:28.182932,582.0,342.0,106.0,165.0
16413,4,CAM002,78,1.5182877914097588,1255,True,8b9846a8-d4ff-4584-8387-7714d0f8f8d8,Westbound,2026-01-28 10:16:28.180600,433.0,385.0,43.0,71.0
16412,6,CAM002,77,1.6365969110153045,1255,True,8b9846a8-d4ff-4584-8387-7714d0f8f8d8,Westbound,2026-01-28 10:16:28.178136,348.0,384.0,105.0,156.0
16411,2,CAM002,76,1.9949017961747926,1255,True,8b9846a8-d4ff-4584-8387-7714d0f8f8d8,Westbound,2026-01-28 10:16:28.174354,736.0,415.0,88.0,122.0
16410,7,CAM002,68,1.8505589217269793,1255,True,8b9846a8-d4ff-4584-8387-7714d0f8f8d8,Westbound,2026-01-28 10:16:28.163147,473.0,356.0,119.0,184.0
16409,7,CAM001,86,1.8234378372509978,2005,True,58c867fb-332c-46d9-8b45-c0d3caad69df,Eastbound,2026-01-28 10:16:25.285091,500.0,333.0,80.0,129.0
16408,1,CAM001,84,2.009745947056684,2005,True,58c867fb-332c-46d9-8b45-c0d3caad69df,Eastbound,2026-01-28 10:16:25.282016,380.0,334.0,132.0,139.0
16407,6,CAM001,83,1.7092649989404916,2005,True,58c867fb-332c-46d9-8b45-c0d3caad69df,Eastbound,2026-01-28 10:16:25.278014,286.0,330.0,107.0,105.0
16406,4,CAM001,82,1.6143119002871145,2005,True,58c867fb-332c-46d9-8b45-c0d3caad69df,Eastbound,2026-01-28 10:16:25.273996,261.0,331.0,50.0,68.0
16405,5,CAM001,73,1.9757215401239565,2005,True,58c867fb-332c-46d9-8b45-c0d3caad69df,Eastbound,2026-01-28 10:16:25.269935,149.0,343.0,59.0,73.0
16404,3,CAM001,46,1.5612001051419746,2005,True,58c867fb-332c-46d9-8b45-c0d3caad69df,Eastbound,2026-01-28 10:16:25.264939,179.0,331.0,121.0,114.0
16403,3,CAM002,77,1.5599313668179462,1250,True,8b9846a8-d4ff-4584-8387-7714d0f8f8d8,Westbound,2026-01-28 10:16:21.580787,348.0,381.0,104.0,159.0
16402,2,CAM002,76,1.9499704003052472,1250,True,8b9846a8-d4ff-4584-8387-7714d0f8f8d8,Westbound,2026-01-28 10:16:21.576833,735.0,411.0,91.0,126.0
16401,6,CAM002,74,1.7417702360252496,1250,True,8b9846a8-d4ff-4584-8387-7714d0f8f8d8,Westbound,2026-01-28 10:16:21.574818,341.0,376.0,176.0,164.0
16400,4,CAM002,73,1.7016684042138053,1250,True,8b9846a8-d4ff-4584-8387-7714d0f8f8d8,Westbound,2026-01-28 10:16:21.571220,216.0,366.0,154.0,164.0
16399,7,CAM002,68,1.8517957839293784,1250,True,8b9846a8-d4ff-4584-8387-7714d0f8f8d8,Westbound,2026-01-28 10:16:21.569213,472.0,357.0,120.0,183.0
16398,7,CAM001,86,1.6638058571696295,2000,True,58c867fb-332c-46d9-8b45-c0d3caad69df,Eastbound,2026-01-28 10:16:18.357477,498.0,332.0,87.0,124.0
16397,1,CAM001,84,1.8526199759653852,2000,True,58c867fb-332c-46d9-8b45-c0d3caad69df,Eastbound,2026-01-28 10:16:18.353461,380.0,334.0,133.0,138.0
16396,6,CAM001,83,1.6154680301283255,2000,True,58c867fb-332c-46d9-8b45-c0d3caad69df,Eastbound,2026-01-28 10:16:18.348983,284.0,329.0,104.0,107.0
16395,4,CAM001,82,1.58363601287536,2000,True,58c867fb-332c-46d9-8b45-c0d3caad69df,Eastbound,2026-01-28 10:16:18.346939,265.0,332.0,46.0,68.0
16394,5,CAM001,73,1.7692070241987687,2000,True,58c867fb-332c-46d9-8b45-c0d3caad69df,Eastbound,2026-01-28 10:16:18.343937,148.0,343.0,60.0,73.0
16393,3,CAM001,46,1.4676528693461468,2000,True,58c867fb-332c-46d9-8b45-c0d3caad69df,Eastbound,2026-01-28 10:16:18.339875,177.0,329.0,121.0,115.0
16392,5,CAM002,81,1.819871349677905,1245,True,8b9846a8-d4ff-4584-8387-7714d0f8f8d8,Westbound,2026-01-28 10:16:15.024559,219.0,283.0,45.0,180.0
16391,1,CAM002,78,1.8945212722089937,1245,True,8b9846a8-d4ff-4584-8387-7714d0f8f8d8,Westbound,2026-01-28 10:16:15.020959,434.0,385.0,42.0,68.0
16390,3,CAM002,77,1.647372303603308,1245,True,8b9846a8-d4ff-4584-8387-7714d0f8f8d8,Westbound,2026-01-28 10:16:15.017971,342.0,381.0,102.0,159.0
16389,2,CAM002,76,1.920628595445899,1245,True,8b9846a8-d4ff-4584-8387-7714d0f8f8d8,Westbound,2026-01-28 10:16:15.014972,733.0,402.0,99.0,136.0
16388,6,CAM002,74,1.6103067202973036,1245,True,8b9846a8-d4ff-4584-8387-7714d0f8f8d8,Westbound,2026-01-28 10:16:15.012951,340.0,377.0,180.0,163.0
16387,4,CAM002,73,1.6113554032115132,1245,True,8b9846a8-d4ff-4584-8387-7714d0f8f8d8,Westbound,2026-01-28 10:16:15.011923,227.0,366.0,141.0,140.0
16386,7,CAM002,68,2.0025986846673263,1245,True,8b9846a8-d4ff-4584-8387-7714d0f8f8d8,Westbound,2026-01-28 10:16:15.007451,471.0,358.0,124.0,182.0
16385,1,CAM001,84,2.004735132637838,1995,True,58c867fb-332c-46d9-8b45-c0d3caad69df,Eastbound,2026-01-28 10:16:11.736356,380.0,334.0,133.0,138.0
16384,6,CAM001,83,1.857756005075863,1995,True,58c867fb-332c-46d9-8b45-c0d3caad69df,Eastbound,2026-01-28 10:16:11.732193,284.0,329.0,102.0,107.0
16383,4,CAM001,82,1.49969698723502,1995,True,58c867fb-332c-46d9-8b45-c0d3caad69df,Eastbound,2026-01-28 10:16:11.729194,267.0,330.0,47.0,71.0
16382,5,CAM001,73,1.750014953979696,1995,True,58c867fb-332c-46d9-8b45-c0d3caad69df,Eastbound,2026-01-28 10:16:11.725196,149.0,343.0,60.0,72.0
16381,3,CAM001,46,1.4272913426317697,1995,True,58c867fb-332c-46d9-8b45-c0d3caad69df,Eastbound,2026-01-28 10:16:11.720949,176.0,326.0,124.0,118.0
16380,4,CAM002,78,1.7045505642915395,1240,True,8b9846a8-d4ff-4584-8387-7714d0f8f8d8,Westbound,2026-01-28 10:16:09.450730,434.0,385.0,43.0,69.0
16379,3,CAM002,77,1.6349647699601404,1240,True,8b9846a8-d4ff-4584-8387-7714d0f8f8d8,Westbound,2026-01-28 10:16:09.447259,343.0,383.0,102.0,157.0
16378,2,CAM002,76,2.02404669309731,1240,True,8b9846a8-d4ff-4584-8387-7714d0f8f8d8,Westbound,2026-01-28 10:16:09.445246,730.0,379.0,117.0,159.0
16377,6,CAM002,73,1.9307577941357184,1240,True,8b9846a8-d4ff-4584-8387-7714d0f8f8d8,Westbound,2026-01-28 10:16:09.443238,250.0,366.0,107.0,103.0
16376,7,CAM002,68,2.0299286233087157,1240,True,8b9846a8-d4ff-4584-8387-7714d0f8f8d8,Westbound,2026-01-28 10:16:09.439784,470.0,360.0,127.0,180.0
16375,1,CAM001,84,1.7890562718373253,1990,True,58c867fb-332c-46d9-8b45-c0d3caad69df,Eastbound,2026-01-28 10:16:06.816487,380.0,335.0,136.0,138.0
16374,6,CAM001,83,1.86737928985572,1990,True,58c867fb-332c-46d9-8b45-c0d3caad69df,Eastbound,2026-01-28 10:16:06.813485,285.0,329.0,100.0,106.0
16373,4,CAM001,82,1.5057203961206695,1990,True,58c867fb-332c-46d9-8b45-c0d3caad69df,Eastbound,2026-01-28 10:16:06.811486,266.0,329.0,49.0,74.0
16372,5,CAM001,73,1.1486059565582543,1990,True,58c867fb-332c-46d9-8b45-c0d3caad69df,Eastbound,2026-01-28 10:16:06.808486,151.0,343.0,59.0,72.0
16371,3,CAM001,46,1.464998241783422,1990,True,58c867fb-332c-46d9-8b45-c0d3caad69df,Eastbound,2026-01-28 10:16:06.806486,178.0,325.0,126.0,120.0
16370,5,CAM002,80,1.2269170590581415,1235,True,8b9846a8-d4ff-4584-8387-7714d0f8f8d8,Westbound,2026-01-28 10:16:04.098201,581.0,341.0,109.0,170.0
16369,4,CAM002,78,1.5178592194868175,1235,True,8b9846a8-d4ff-4584-8387-7714d0f8f8d8,Westbound,2026-01-28 10:16:04.093200,434.0,384.0,44.0,71.0
16368,3,CAM002,77,1.4823196228058075,1235,True,8b9846a8-d4ff-4584-8387-7714d0f8f8d8,Westbound,2026-01-28 10:16:04.089200,349.0,384.0,95.0,156.0
16367,2,CAM002,76,1.9143291548308645,1235,True,8b9846a8-d4ff-4584-8387-7714d0f8f8d8,Westbound,2026-01-28 10:16:04.084219,729.0,391.0,119.0,147.0
16366,1,CAM002,74,1.8263668451611312,1235,True,8b9846a8-d4ff-4584-8387-7714d0f8f8d8,Westbound,2026-01-28 10:16:04.080201,351.0,381.0,176.0,159.0
16365,6,CAM002,73,1.9148151969233516,1235,True,8b9846a8-d4ff-4584-8387-7714d0f8f8d8,Westbound,2026-01-28 10:16:04.077200,251.0,367.0,106.0,101.0
16364,7,CAM002,68,2.0236628197863684,1235,True,8b9846a8-d4ff-4584-8387-7714d0f8f8d8,Westbound,2026-01-28 10:16:04.073315,471.0,364.0,127.0,176.0
16363,1,CAM001,84,1.7981718209119257,1985,True,58c867fb-332c-46d9-8b45-c0d3caad69df,Eastbound,2026-01-28 10:16:01.586397,383.0,336.0,135.0,137.0
16362,6,CAM001,83,1.8996813599610614,1985,True,58c867fb-332c-46d9-8b45-c0d3caad69df,Eastbound,2026-01-28 10:16:01.584387,284.0,328.0,98.0,106.0
16361,4,CAM001,82,2.000626973891357,1985,True,58c867fb-332c-46d9-8b45-c0d3caad69df,Eastbound,2026-01-28 10:16:01.583387,266.0,329.0,50.0,74.0
16360,5,CAM001,73,1.2415887400040329,1985,True,58c867fb-332c-46d9-8b45-c0d3caad69df,Eastbound,2026-01-28 10:16:01.581387,154.0,343.0,56.0,71.0
16359,3,CAM001,46,1.4720655857729084,1985,True,58c867fb-332c-46d9-8b45-c0d3caad69df,Eastbound,2026-01-28 10:16:01.569385,179.0,323.0,129.0,121.0
16358,3,CAM002,77,1.4188482349977325,1230,True,8b9846a8-d4ff-4584-8387-7714d0f8f8d8,Westbound,2026-01-28 10:15:59.212914,358.0,383.0,94.0,157.0
16357,4,CAM002,76,1.138575461342671,1230,True,8b9846a8-d4ff-4584-8387-7714d0f8f8d8,Westbound,2026-01-28 10:15:59.209917,735.0,408.0,108.0,131.0
16356,1,CAM002,74,1.7544442082064093,1230,True,8b9846a8-d4ff-4584-8387-7714d0f8f8d8,Westbound,2026-01-28 10:15:59.205923,355.0,382.0,174.0,158.0
16355,6,CAM002,73,1.8929765588402456,1230,True,8b9846a8-d4ff-4584-8387-7714d0f8f8d8,Westbound,2026-01-28 10:15:59.202909,251.0,368.0,105.0,98.0
16354,7,CAM002,68,1.9862952815679662,1230,True,8b9846a8-d4ff-4584-8387-7714d0f8f8d8,Westbound,2026-01-28 10:15:59.198909,477.0,372.0,124.0,168.0
16353,2,CAM001,86,1.7259313142155261,1980,True,58c867fb-332c-46d9-8b45-c0d3caad69df,Eastbound,2026-01-28 10:15:56.974070,609.0,328.0,109.0,146.0
16352,1,CAM001,84,1.7618083467046903,1980,True,58c867fb-332c-46d9-8b45-c0d3caad69df,Eastbound,2026-01-28 10:15:56.972030,382.0,336.0,136.0,137.0
16351,6,CAM001,83,1.9023602662495271,1980,True,58c867fb-332c-46d9-8b45-c0d3caad69df,Eastbound,2026-01-28 10:15:56.971019,285.0,328.0,98.0,106.0
16350,4,CAM001,82,1.9909819925921264,1980,True,58c867fb-332c-46d9-8b45-c0d3caad69df,Eastbound,2026-01-28 10:15:56.969018,264.0,329.0,52.0,74.0
16349,5,CAM001,73,2.005960984112166,1980,True,58c867fb-332c-46d9-8b45-c0d3caad69df,Eastbound,2026-01-28 10:15:56.966985,154.0,343.0,50.0,73.0
16348,3,CAM001,46,1.991686525689428,1980,True,58c867fb-332c-46d9-8b45-c0d3caad69df,Eastbound,2026-01-28 10:15:56.965080,182.0,325.0,127.0,118.0
16347,1,CAM002,77,1.5363255769908433,1225,True,8b9846a8-d4ff-4584-8387-7714d0f8f8d8,Westbound,2026-01-28 10:15:54.706541,351.0,382.0,105.0,158.0
16346,6,CAM002,73,1.7544321306859532,1225,True,8b9846a8-d4ff-4584-8387-7714d0f8f8d8,Westbound,2026-01-28 10:15:54.702474,253.0,369.0,131.0,124.0
16345,7,CAM002,68,1.5649657583153056,1225,True,8b9846a8-d4ff-4584-8387-7714d0f8f8d8,Westbound,2026-01-28 10:15:54.697524,492.0,380.0,110.0,160.0
16344,1,CAM001,84,1.607320951251812,1975,True,58c867fb-332c-46d9-8b45-c0d3caad69df,Eastbound,2026-01-28 10:15:52.515894,384.0,336.0,134.0,136.0
16343,6,CAM001,83,1.6687474285519055,1975,True,58c867fb-332c-46d9-8b45-c0d3caad69df,Eastbound,2026-01-28 10:15:52.513901,287.0,329.0,100.0,105.0
16342,4,CAM001,82,1.9687680332045376,1975,True,58c867fb-332c-46d9-8b45-c0d3caad69df,Eastbound,2026-01-28 10:15:52.512892,261.0,329.0,54.0,74.0
16341,5,CAM001,73,2.009477656900213,1975,True,58c867fb-332c-46d9-8b45-c0d3caad69df,Eastbound,2026-01-28 10:15:52.507885,150.0,343.0,50.0,75.0
16340,2,CAM001,54,2.0318630155809227,1975,True,58c867fb-332c-46d9-8b45-c0d3caad69df,Eastbound,2026-01-28 10:15:52.505885,674.0,330.0,129.0,150.0
16339,3,CAM001,46,2.0230087907468146,1975,True,58c867fb-332c-46d9-8b45-c0d3caad69df,Eastbound,2026-01-28 10:15:52.500902,182.0,322.0,129.0,121.0
16338,1,CAM002,74,1.9735890144893253,1220,True,8b9846a8-d4ff-4584-8387-7714d0f8f8d8,Westbound,2026-01-28 10:15:50.413528,388.0,386.0,170.0,154.0
16337,6,CAM002,73,1.467843630821093,1220,True,8b9846a8-d4ff-4584-8387-7714d0f8f8d8,Westbound,2026-01-28 10:15:50.411525,252.0,368.0,179.0,172.0
16336,7,CAM002,68,1.449964569434554,1220,True,8b9846a8-d4ff-4584-8387-7714d0f8f8d8,Westbound,2026-01-28 10:15:50.407521,507.0,383.0,100.0,156.0
16335,7,CAM001,84,1.7814756337037154,1970,True,58c867fb-332c-46d9-8b45-c0d3caad69df,Eastbound,2026-01-28 10:15:48.749049,383.0,336.0,133.0,136.0
16334,6,CAM001,83,1.6303682226326417,1970,True,58c867fb-332c-46d9-8b45-c0d3caad69df,Eastbound,2026-01-28 10:15:48.748050,289.0,330.0,99.0,104.0
16333,4,CAM001,82,2.0130356897340405,1970,True,58c867fb-332c-46d9-8b45-c0d3caad69df,Eastbound,2026-01-28 10:15:48.746050,261.0,329.0,53.0,71.0
16332,5,CAM001,73,2.026264243261004,1970,True,58c867fb-332c-46d9-8b45-c0d3caad69df,Eastbound,2026-01-28 10:15:48.744050,149.0,344.0,50.0,74.0
16331,2,CAM001,54,2.0338784748726364,1970,True,58c867fb-332c-46d9-8b45-c0d3caad69df,Eastbound,2026-01-28 10:15:48.742050,673.0,331.0,131.0,149.0
16330,3,CAM001,46,1.563243438741294,1970,True,58c867fb-332c-46d9-8b45-c0d3caad69df,Eastbound,2026-01-28 10:15:48.738050,183.0,324.0,129.0,119.0
16329,7,CAM002,78,1.8329610846849813,1215,True,8b9846a8-d4ff-4584-8387-7714d0f8f8d8,Westbound,2026-01-28 10:15:46.591987,431.0,384.0,44.0,71.0
16328,6,CAM002,77,1.654049161090602,1215,True,8b9846a8-d4ff-4584-8387-7714d0f8f8d8,Westbound,2026-01-28 10:15:46.589987,337.0,379.0,112.0,161.0
16327,1,CAM002,74,1.8676457083138238,1215,True,8b9846a8-d4ff-4584-8387-7714d0f8f8d8,Westbound,2026-01-28 10:15:46.587988,431.0,383.0,139.0,157.0
16326,3,CAM002,73,1.6130643958200548,1215,True,8b9846a8-d4ff-4584-8387-7714d0f8f8d8,Westbound,2026-01-28 10:15:46.585985,256.0,367.0,180.0,173.0
16325,7,CAM001,84,1.7082271774785127,1965,True,58c867fb-332c-46d9-8b45-c0d3caad69df,Eastbound,2026-01-28 10:15:44.412177,382.0,336.0,134.0,135.0
16324,6,CAM001,83,1.6659355192666818,1965,True,58c867fb-332c-46d9-8b45-c0d3caad69df,Eastbound,2026-01-28 10:15:44.411173,288.0,330.0,98.0,104.0
16323,4,CAM001,82,1.5693976211203107,1965,True,58c867fb-332c-46d9-8b45-c0d3caad69df,Eastbound,2026-01-28 10:15:44.408172,262.0,329.0,51.0,69.0
16322,5,CAM001,73,1.4343996516288184,1965,True,58c867fb-332c-46d9-8b45-c0d3caad69df,Eastbound,2026-01-28 10:15:44.406150,149.0,345.0,49.0,73.0
16321,2,CAM001,54,1.7072271120813425,1965,True,58c867fb-332c-46d9-8b45-c0d3caad69df,Eastbound,2026-01-28 10:15:44.404151,672.0,331.0,134.0,149.0
16320,3,CAM001,46,1.59371072855595,1965,True,58c867fb-332c-46d9-8b45-c0d3caad69df,Eastbound,2026-01-28 10:15:44.402142,184.0,324.0,128.0,120.0
16319,4,CAM002,78,1.4670392978824445,1210,True,8b9846a8-d4ff-4584-8387-7714d0f8f8d8,Westbound,2026-01-28 10:15:41.814982,430.0,385.0,42.0,72.0
16318,6,CAM002,77,1.703708191557238,1210,True,8b9846a8-d4ff-4584-8387-7714d0f8f8d8,Westbound,2026-01-28 10:15:41.812991,335.0,381.0,112.0,159.0
16317,2,CAM002,76,1.7268335578631828,1210,True,8b9846a8-d4ff-4584-8387-7714d0f8f8d8,Westbound,2026-01-28 10:15:41.810985,742.0,416.0,101.0,124.0
16316,7,CAM002,74,1.7806153529414372,1210,True,8b9846a8-d4ff-4584-8387-7714d0f8f8d8,Westbound,2026-01-28 10:15:41.809876,473.0,378.0,131.0,162.0
16315,3,CAM002,73,1.614622330391556,1210,True,8b9846a8-d4ff-4584-8387-7714d0f8f8d8,Westbound,2026-01-28 10:15:41.808259,261.0,367.0,169.0,173.0
16314,1,CAM002,68,1.2715541672187427,1210,True,8b9846a8-d4ff-4584-8387-7714d0f8f8d8,Westbound,2026-01-28 10:15:41.807151,568.0,350.0,97.0,154.0
16313,5,CAM002,65,1.5730492246707908,1210,True,8b9846a8-d4ff-4584-8387-7714d0f8f8d8,Westbound,2026-01-28 10:15:41.803258,233.0,371.0,137.0,173.0
16312,7,CAM001,84,1.7368356424453062,1960,True,58c867fb-332c-46d9-8b45-c0d3caad69df,Eastbound,2026-01-28 10:15:39.055481,382.0,336.0,134.0,135.0
16311,6,CAM001,83,1.6749793094857455,1960,True,58c867fb-332c-46d9-8b45-c0d3caad69df,Eastbound,2026-01-28 10:15:39.053479,289.0,329.0,96.0,105.0
16310,4,CAM001,82,1.373722469327472,1960,True,58c867fb-332c-46d9-8b45-c0d3caad69df,Eastbound,2026-01-28 10:15:39.051481,262.0,329.0,51.0,69.0
16309,5,CAM001,73,1.4705215481801708,1960,True,58c867fb-332c-46d9-8b45-c0d3caad69df,Eastbound,2026-01-28 10:15:39.048488,148.0,345.0,50.0,73.0
16308,2,CAM001,54,1.7226350326293671,1960,True,58c867fb-332c-46d9-8b45-c0d3caad69df,Eastbound,2026-01-28 10:15:39.046480,670.0,332.0,139.0,148.0
16307,3,CAM001,46,1.5619110398218834,1960,True,58c867fb-332c-46d9-8b45-c0d3caad69df,Eastbound,2026-01-28 10:15:39.045481,184.0,325.0,128.0,120.0
16306,3,CAM002,78,1.5908020374522398,1205,True,8b9846a8-d4ff-4584-8387-7714d0f8f8d8,Westbound,2026-01-28 10:15:36.480044,429.0,386.0,40.0,72.0
16305,6,CAM002,77,1.6900442957426136,1205,True,8b9846a8-d4ff-4584-8387-7714d0f8f8d8,Westbound,2026-01-28 10:15:36.478043,330.0,385.0,112.0,155.0
16304,2,CAM002,76,1.6314240010342311,1205,True,8b9846a8-d4ff-4584-8387-7714d0f8f8d8,Westbound,2026-01-28 10:15:36.473044,745.0,415.0,97.0,123.0
16303,7,CAM002,74,1.767462055764447,1205,True,8b9846a8-d4ff-4584-8387-7714d0f8f8d8,Westbound,2026-01-28 10:15:36.470043,465.0,375.0,133.0,164.0
16302,4,CAM002,68,1.3732199499267237,1205,True,8b9846a8-d4ff-4584-8387-7714d0f8f8d8,Westbound,2026-01-28 10:15:36.466044,560.0,340.0,101.0,165.0
16301,5,CAM002,65,1.4952640010337832,1205,True,8b9846a8-d4ff-4584-8387-7714d0f8f8d8,Westbound,2026-01-28 10:15:36.462044,236.0,369.0,130.0,149.0
16300,7,CAM001,84,1.722208873877874,1955,True,58c867fb-332c-46d9-8b45-c0d3caad69df,Eastbound,2026-01-28 10:15:34.067146,382.0,336.0,134.0,136.0
16299,6,CAM001,83,1.6609053732871986,1955,True,58c867fb-332c-46d9-8b45-c0d3caad69df,Eastbound,2026-01-28 10:15:34.064140,288.0,328.0,96.0,107.0
16298,4,CAM001,82,1.3401072369985032,1955,True,58c867fb-332c-46d9-8b45-c0d3caad69df,Eastbound,2026-01-28 10:15:34.061140,262.0,329.0,51.0,69.0
16297,5,CAM001,73,1.499501644182827,1955,True,58c867fb-332c-46d9-8b45-c0d3caad69df,Eastbound,2026-01-28 10:15:34.058143,147.0,339.0,59.0,84.0
16296,3,CAM001,46,1.517739906494177,1955,True,58c867fb-332c-46d9-8b45-c0d3caad69df,Eastbound,2026-01-28 10:15:34.055256,186.0,326.0,125.0,118.0
16295,6,CAM002,77,1.6824631054244172,1200,True,8b9846a8-d4ff-4584-8387-7714d0f8f8d8,Westbound,2026-01-28 10:15:31.863559,331.0,385.0,118.0,155.0
16294,2,CAM002,76,1.1959249630170332,1200,True,8b9846a8-d4ff-4584-8387-7714d0f8f8d8,Westbound,2026-01-28 10:15:31.860556,757.0,417.0,88.0,112.0
16293,7,CAM002,74,1.7543591095844497,1200,True,8b9846a8-d4ff-4584-8387-7714d0f8f8d8,Westbound,2026-01-28 10:15:31.858545,459.0,372.0,133.0,166.0
16292,4,CAM002,68,1.9746640402631699,1200,True,8b9846a8-d4ff-4584-8387-7714d0f8f8d8,Westbound,2026-01-28 10:15:31.857584,548.0,332.0,110.0,176.0
16291,3,CAM002,65,1.825105251650444,1200,True,8b9846a8-d4ff-4584-8387-7714d0f8f8d8,Westbound,2026-01-28 10:15:31.854504,249.0,368.0,105.0,112.0
16290,7,CAM001,84,1.7723495314733941,1950,True,58c867fb-332c-46d9-8b45-c0d3caad69df,Eastbound,2026-01-28 10:15:29.570246,381.0,335.0,135.0,137.0
16289,6,CAM001,83,1.6849762717683936,1950,True,58c867fb-332c-46d9-8b45-c0d3caad69df,Eastbound,2026-01-28 10:15:29.568268,287.0,328.0,98.0,108.0
16288,2,CAM001,82,1.1995910725098622,1950,True,58c867fb-332c-46d9-8b45-c0d3caad69df,Eastbound,2026-01-28 10:15:29.567266,261.0,329.0,52.0,71.0
16287,5,CAM001,73,1.6724654370605276,1950,True,58c867fb-332c-46d9-8b45-c0d3caad69df,Eastbound,2026-01-28 10:15:29.564153,145.0,330.0,71.0,102.0
16286,3,CAM001,46,1.6413003981861294,1950,True,58c867fb-332c-46d9-8b45-c0d3caad69df,Eastbound,2026-01-28 10:15:29.560233,188.0,328.0,121.0,115.0
16285,6,CAM002,77,1.6824624231426473,1195,True,8b9846a8-d4ff-4584-8387-7714d0f8f8d8,Westbound,2026-01-28 10:15:27.109952,337.0,385.0,120.0,155.0
16284,2,CAM002,76,1.1082068078589664,1195,True,8b9846a8-d4ff-4584-8387-7714d0f8f8d8,Westbound,2026-01-28 10:15:27.108952,759.0,412.0,79.0,113.0
16283,7,CAM002,74,1.7694350172052729,1195,True,8b9846a8-d4ff-4584-8387-7714d0f8f8d8,Westbound,2026-01-28 10:15:27.105953,460.0,367.0,133.0,170.0
16282,3,CAM002,73,1.661412616731893,1195,True,8b9846a8-d4ff-4584-8387-7714d0f8f8d8,Westbound,2026-01-28 10:15:27.103991,257.0,367.0,164.0,173.0
16281,4,CAM002,68,1.9814304047830227,1195,True,8b9846a8-d4ff-4584-8387-7714d0f8f8d8,Westbound,2026-01-28 10:15:27.101953,552.0,346.0,104.0,164.0
16280,5,CAM002,65,1.5693956923834889,1195,True,8b9846a8-d4ff-4584-8387-7714d0f8f8d8,Westbound,2026-01-28 10:15:27.098050,251.0,368.0,107.0,112.0
16279,7,CAM001,84,1.7369956469205714,1945,True,58c867fb-332c-46d9-8b45-c0d3caad69df,Eastbound,2026-01-28 10:15:24.707194,381.0,335.0,134.0,137.0
16278,6,CAM001,83,1.6931065101733276,1945,True,58c867fb-332c-46d9-8b45-c0d3caad69df,Eastbound,2026-01-28 10:15:24.705196,286.0,329.0,99.0,106.0
16277,2,CAM001,82,2.0180209705319596,1945,True,58c867fb-332c-46d9-8b45-c0d3caad69df,Eastbound,2026-01-28 10:15:24.702195,261.0,329.0,52.0,70.0
16276,5,CAM001,73,1.92927414272168,1945,True,58c867fb-332c-46d9-8b45-c0d3caad69df,Eastbound,2026-01-28 10:15:24.700196,146.0,335.0,65.0,93.0
16275,3,CAM001,46,1.6313745251379033,1945,True,58c867fb-332c-46d9-8b45-c0d3caad69df,Eastbound,2026-01-28 10:15:24.697194,190.0,329.0,116.0,114.0
16274,6,CAM002,77,1.6531234475417182,1190,True,8b9846a8-d4ff-4584-8387-7714d0f8f8d8,Westbound,2026-01-28 10:15:22.276922,339.0,385.0,129.0,155.0
16273,7,CAM002,74,1.7781233273933927,1190,True,8b9846a8-d4ff-4584-8387-7714d0f8f8d8,Westbound,2026-01-28 10:15:22.274880,465.0,369.0,136.0,169.0
16272,3,CAM002,73,1.6524288617093228,1190,True,8b9846a8-d4ff-4584-8387-7714d0f8f8d8,Westbound,2026-01-28 10:15:22.271871,259.0,367.0,156.0,173.0
16271,4,CAM002,68,2.0140867954305017,1190,True,8b9846a8-d4ff-4584-8387-7714d0f8f8d8,Westbound,2026-01-28 10:15:22.268851,554.0,353.0,99.0,153.0
16270,7,CAM001,84,1.7163925177676085,1940,True,58c867fb-332c-46d9-8b45-c0d3caad69df,Eastbound,2026-01-28 10:15:19.590941,381.0,335.0,133.0,136.0
16269,6,CAM001,83,1.6363669842524444,1940,True,58c867fb-332c-46d9-8b45-c0d3caad69df,Eastbound,2026-01-28 10:15:19.589941,286.0,328.0,99.0,106.0
16268,2,CAM001,82,1.2317096885778456,1940,True,58c867fb-332c-46d9-8b45-c0d3caad69df,Eastbound,2026-01-28 10:15:19.586073,261.0,329.0,52.0,69.0
16267,5,CAM001,73,2.017707635755479,1940,True,58c867fb-332c-46d9-8b45-c0d3caad69df,Eastbound,2026-01-28 10:15:19.582759,148.0,344.0,53.0,74.0
16266,3,CAM001,46,1.587636559800938,1940,True,58c867fb-332c-46d9-8b45-c0d3caad69df,Eastbound,2026-01-28 10:15:19.579785,186.0,317.0,122.0,128.0
16265,2,CAM002,76,1.2796462870455152,1185,True,8b9846a8-d4ff-4584-8387-7714d0f8f8d8,Westbound,2026-01-28 10:15:17.226913,733.0,365.0,79.0,119.0
16264,7,CAM002,74,1.7710066026343267,1185,True,8b9846a8-d4ff-4584-8387-7714d0f8f8d8,Westbound,2026-01-28 10:15:17.222911,458.0,369.0,145.0,168.0
16263,6,CAM002,73,1.7307878488845732,1185,True,8b9846a8-d4ff-4584-8387-7714d0f8f8d8,Westbound,2026-01-28 10:15:17.221912,256.0,367.0,145.0,173.0
16262,4,CAM002,68,2.0296376089420325,1185,True,8b9846a8-d4ff-4584-8387-7714d0f8f8d8,Westbound,2026-01-28 10:15:17.218912,555.0,355.0,101.0,152.0
16261,6,CAM001,83,1.633828838750783,1935,True,58c867fb-332c-46d9-8b45-c0d3caad69df,Eastbound,2026-01-28 10:15:14.965081,286.0,328.0,99.0,106.0
16260,2,CAM001,82,1.2709128659052704,1935,True,58c867fb-332c-46d9-8b45-c0d3caad69df,Eastbound,2026-01-28 10:15:14.964076,261.0,329.0,55.0,69.0
16259,5,CAM001,73,2.035872747608459,1935,True,58c867fb-332c-46d9-8b45-c0d3caad69df,Eastbound,2026-01-28 10:15:14.961081,148.0,344.0,53.0,73.0
16258,3,CAM001,46,1.7969640444439972,1935,True,58c867fb-332c-46d9-8b45-c0d3caad69df,Eastbound,2026-01-28 10:15:14.958093,177.0,299.0,139.0,145.0
16257,2,CAM002,76,1.0839422135817884,1180,True,8b9846a8-d4ff-4584-8387-7714d0f8f8d8,Westbound,2026-01-28 10:15:12.863064,732.0,367.0,78.0,120.0
16256,7,CAM002,74,1.9890158018929764,1180,True,8b9846a8-d4ff-4584-8387-7714d0f8f8d8,Westbound,2026-01-28 10:15:12.861066,446.0,367.0,155.0,171.0
16255,6,CAM002,73,1.7302466432004555,1180,True,8b9846a8-d4ff-4584-8387-7714d0f8f8d8,Westbound,2026-01-28 10:15:12.858064,258.0,369.0,137.0,171.0
16254,4,CAM002,68,1.2915449970470956,1180,True,8b9846a8-d4ff-4584-8387-7714d0f8f8d8,Westbound,2026-01-28 10:15:12.855067,556.0,354.0,99.0,152.0
16253,3,CAM002,65,1.788519659530848,1180,True,8b9846a8-d4ff-4584-8387-7714d0f8f8d8,Westbound,2026-01-28 10:15:12.851079,250.0,367.0,105.0,109.0
16252,4,CAM001,83,1.979623184812505,1930,True,58c867fb-332c-46d9-8b45-c0d3caad69df,Eastbound,2026-01-28 10:15:10.908322,287.0,329.0,97.0,105.0
16251,2,CAM001,82,1.7943926127586365,1930,True,58c867fb-332c-46d9-8b45-c0d3caad69df,Eastbound,2026-01-28 10:15:10.906358,260.0,329.0,58.0,67.0
16250,5,CAM001,73,1.3592902620476623,1930,True,58c867fb-332c-46d9-8b45-c0d3caad69df,Eastbound,2026-01-28 10:15:10.904368,149.0,349.0,52.0,67.0
16249,3,CAM001,46,1.6698219153577725,1930,True,58c867fb-332c-46d9-8b45-c0d3caad69df,Eastbound,2026-01-28 10:15:10.902341,176.0,300.0,142.0,143.0
16248,7,CAM002,74,2.016332478869566,1175,True,8b9846a8-d4ff-4584-8387-7714d0f8f8d8,Westbound,2026-01-28 10:15:09.600270,439.0,368.0,159.0,172.0
16247,6,CAM002,73,1.9891429483315157,1175,True,8b9846a8-d4ff-4584-8387-7714d0f8f8d8,Westbound,2026-01-28 10:15:09.596270,326.0,390.0,119.0,150.0
16246,3,CAM002,65,1.7354880547016085,1175,True,8b9846a8-d4ff-4584-8387-7714d0f8f8d8,Westbound,2026-01-28 10:15:09.592364,249.0,368.0,106.0,108.0
16245,6,CAM001,83,1.605930508814975,1925,True,58c867fb-332c-46d9-8b45-c0d3caad69df,Eastbound,2026-01-28 10:15:08.084459,289.0,329.0,95.0,104.0
16244,2,CAM001,82,2.025516580584304,1925,True,58c867fb-332c-46d9-8b45-c0d3caad69df,Eastbound,2026-01-28 10:15:08.082463,263.0,329.0,58.0,64.0
16243,7,CAM001,78,1.699814252246757,1925,True,58c867fb-332c-46d9-8b45-c0d3caad69df,Eastbound,2026-01-28 10:15:08.080459,431.0,335.0,87.0,134.0
16242,4,CAM001,73,1.9646985130712733,1925,True,58c867fb-332c-46d9-8b45-c0d3caad69df,Eastbound,2026-01-28 10:15:08.078459,153.0,351.0,46.0,65.0
16241,3,CAM001,46,1.7663134358068122,1925,True,58c867fb-332c-46d9-8b45-c0d3caad69df,Eastbound,2026-01-28 10:15:08.075464,181.0,312.0,133.0,131.0
16240,7,CAM002,74,1.7911894392798637,1170,True,8b9846a8-d4ff-4584-8387-7714d0f8f8d8,Westbound,2026-01-28 10:15:06.054431,440.0,371.0,155.0,167.0
16239,6,CAM002,73,1.672477396721338,1170,True,8b9846a8-d4ff-4584-8387-7714d0f8f8d8,Westbound,2026-01-28 10:15:06.051338,323.0,390.0,124.0,150.0
16238,5,CAM002,68,2.034985357223136,1170,True,8b9846a8-d4ff-4584-8387-7714d0f8f8d8,Westbound,2026-01-28 10:15:06.048326,557.0,354.0,99.0,151.0
16237,3,CAM002,65,1.8357139107554261,1170,True,8b9846a8-d4ff-4584-8387-7714d0f8f8d8,Westbound,2026-01-28 10:15:06.045362,247.0,370.0,103.0,105.0
16236,6,CAM001,83,1.6664232915020123,1920,True,58c867fb-332c-46d9-8b45-c0d3caad69df,Eastbound,2026-01-28 10:15:04.002088,288.0,329.0,97.0,104.0
16235,2,CAM001,82,1.9487202888231714,1920,True,58c867fb-332c-46d9-8b45-c0d3caad69df,Eastbound,2026-01-28 10:15:03.998097,264.0,329.0,56.0,65.0
16234,7,CAM001,78,1.7429368802752454,1920,True,58c867fb-332c-46d9-8b45-c0d3caad69df,Eastbound,2026-01-28 10:15:03.997070,429.0,334.0,88.0,135.0
16233,4,CAM001,73,2.008647587480312,1920,True,58c867fb-332c-46d9-8b45-c0d3caad69df,Eastbound,2026-01-28 10:15:03.995098,151.0,344.0,50.0,73.0
16232,3,CAM001,46,1.744092911132567,1920,True,58c867fb-332c-46d9-8b45-c0d3caad69df,Eastbound,2026-01-28 10:15:03.992056,189.0,325.0,116.0,119.0
16231,7,CAM002,74,1.7933295036497485,1165,True,8b9846a8-d4ff-4584-8387-7714d0f8f8d8,Westbound,2026-01-28 10:15:02.007803,441.0,372.0,154.0,166.0
16230,6,CAM002,73,1.6427859229561856,1165,True,8b9846a8-d4ff-4584-8387-7714d0f8f8d8,Westbound,2026-01-28 10:15:02.004814,326.0,389.0,139.0,151.0
16229,2,CAM002,68,1.4083969306045794,1165,True,8b9846a8-d4ff-4584-8387-7714d0f8f8d8,Westbound,2026-01-28 10:15:02.001804,556.0,353.0,99.0,151.0
16228,3,CAM002,65,1.8217104949541083,1165,True,8b9846a8-d4ff-4584-8387-7714d0f8f8d8,Westbound,2026-01-28 10:15:01.997819,245.0,369.0,109.0,106.0
16227,6,CAM001,83,1.696930922607979,1915,True,58c867fb-332c-46d9-8b45-c0d3caad69df,Eastbound,2026-01-28 10:14:59.998950,285.0,329.0,101.0,104.0
16226,2,CAM001,82,1.234951140465443,1915,True,58c867fb-332c-46d9-8b45-c0d3caad69df,Eastbound,2026-01-28 10:14:59.997949,266.0,329.0,52.0,65.0
16225,7,CAM001,78,1.7881547923369823,1915,True,58c867fb-332c-46d9-8b45-c0d3caad69df,Eastbound,2026-01-28 10:14:59.995951,428.0,333.0,90.0,137.0
16224,4,CAM001,73,1.1017576348820837,1915,True,58c867fb-332c-46d9-8b45-c0d3caad69df,Eastbound,2026-01-28 10:14:59.993952,150.0,344.0,48.0,73.0
16223,3,CAM001,46,1.802583697054393,1915,True,58c867fb-332c-46d9-8b45-c0d3caad69df,Eastbound,2026-01-28 10:14:59.989950,184.0,311.0,126.0,133.0
16222,5,CAM002,76,2.0282646392676553,1160,True,8b9846a8-d4ff-4584-8387-7714d0f8f8d8,Westbound,2026-01-28 10:14:57.591190,688.0,391.0,95.0,149.0
16221,7,CAM002,74,2.0215176352641766,1160,True,8b9846a8-d4ff-4584-8387-7714d0f8f8d8,Westbound,2026-01-28 10:14:57.588188,442.0,373.0,153.0,166.0
16220,6,CAM002,73,1.9389290915546151,1160,True,8b9846a8-d4ff-4584-8387-7714d0f8f8d8,Westbound,2026-01-28 10:14:57.586187,346.0,387.0,130.0,153.0
16219,2,CAM002,68,2.0262859333459153,1160,True,8b9846a8-d4ff-4584-8387-7714d0f8f8d8,Westbound,2026-01-28 10:14:57.584189,556.0,352.0,97.0,150.0
16218,3,CAM002,65,1.8099061880020135,1160,True,8b9846a8-d4ff-4584-8387-7714d0f8f8d8,Westbound,2026-01-28 10:14:57.581203,247.0,366.0,144.0,132.0
16217,7,CAM002,74,2.0207366342092046,1155,True,8b9846a8-d4ff-4584-8387-7714d0f8f8d8,Westbound,2026-01-28 10:14:53.795067,443.0,372.0,151.0,166.0
16216,6,CAM002,73,2.0100837344995433,1155,True,8b9846a8-d4ff-4584-8387-7714d0f8f8d8,Westbound,2026-01-28 10:14:53.791067,334.0,386.0,126.0,153.0
16215,2,CAM002,68,2.0293142174258794,1155,True,8b9846a8-d4ff-4584-8387-7714d0f8f8d8,Westbound,2026-01-28 10:14:53.787068,558.0,352.0,95.0,150.0
16214,3,CAM002,65,2.0207674615991396,1155,True,8b9846a8-d4ff-4584-8387-7714d0f8f8d8,Westbound,2026-01-28 10:14:53.783182,259.0,367.0,186.0,174.0
16213,7,CAM002,74,2.038841271498699,1150,True,8b9846a8-d4ff-4584-8387-7714d0f8f8d8,Westbound,2026-01-28 10:14:50.572379,445.0,371.0,151.0,169.0
16212,6,CAM002,73,1.707592032280357,1150,True,8b9846a8-d4ff-4584-8387-7714d0f8f8d8,Westbound,2026-01-28 10:14:50.568375,329.0,388.0,129.0,149.0
16211,2,CAM002,68,2.0153310065214076,1150,True,8b9846a8-d4ff-4584-8387-7714d0f8f8d8,Westbound,2026-01-28 10:14:50.565374,557.0,352.0,95.0,152.0
16210,3,CAM002,65,2.012033198775976,1150,True,8b9846a8-d4ff-4584-8387-7714d0f8f8d8,Westbound,2026-01-28 10:14:50.561375,260.0,369.0,178.0,173.0
16209,7,CAM002,74,2.02213526456578,1145,True,8b9846a8-d4ff-4584-8387-7714d0f8f8d8,Westbound,2026-01-28 10:14:47.530939,447.0,373.0,147.0,165.0
16208,2,CAM002,68,2.0334641968723224,1145,True,8b9846a8-d4ff-4584-8387-7714d0f8f8d8,Westbound,2026-01-28 10:14:47.528940,557.0,352.0,94.0,152.0
16207,3,CAM002,65,1.740167320601441,1145,True,8b9846a8-d4ff-4584-8387-7714d0f8f8d8,Westbound,2026-01-28 10:14:47.525955,257.0,368.0,145.0,150.0
16206,7,CAM002,74,2.0182481492539606,1140,True,8b9846a8-d4ff-4584-8387-7714d0f8f8d8,Westbound,2026-01-28 10:14:44.927149,450.0,374.0,142.0,163.0
16205,3,CAM002,73,2.0314667047237904,1140,True,8b9846a8-d4ff-4584-8387-7714d0f8f8d8,Westbound,2026-01-28 10:14:44.923149,333.0,390.0,127.0,143.0
16204,2,CAM002,68,1.9501212531973868,1140,True,8b9846a8-d4ff-4584-8387-7714d0f8f8d8,Westbound,2026-01-28 10:14:44.922258,556.0,355.0,88.0,150.0
16203,6,CAM002,65,2.0238373498581423,1140,True,8b9846a8-d4ff-4584-8387-7714d0f8f8d8,Westbound,2026-01-28 10:14:44.918253,251.0,367.0,103.0,109.0
16202,7,CAM002,74,2.0376107474483356,1135,True,8b9846a8-d4ff-4584-8387-7714d0f8f8d8,Westbound,2026-01-28 10:14:41.834206,450.0,372.0,141.0,167.0
16201,3,CAM002,73,2.0305045099602923,1135,True,8b9846a8-d4ff-4584-8387-7714d0f8f8d8,Westbound,2026-01-28 10:14:41.829207,333.0,389.0,125.0,145.0
16200,2,CAM002,68,1.6745450239070547,1135,True,8b9846a8-d4ff-4584-8387-7714d0f8f8d8,Westbound,2026-01-28 10:14:41.825198,560.0,359.0,86.0,148.0
16199,6,CAM002,65,2.036483780218144,1135,True,8b9846a8-d4ff-4584-8387-7714d0f8f8d8,Westbound,2026-01-28 10:14:41.821302,250.0,366.0,103.0,110.0
16198,7,CAM002,74,2.0158161403449677,1130,True,8b9846a8-d4ff-4584-8387-7714d0f8f8d8,Westbound,2026-01-28 10:14:39.237012,455.0,372.0,133.0,167.0
16197,3,CAM002,73,2.020910165093627,1130,True,8b9846a8-d4ff-4584-8387-7714d0f8f8d8,Westbound,2026-01-28 10:14:39.235013,333.0,388.0,122.0,147.0
16196,6,CAM002,65,2.043598610283878,1130,True,8b9846a8-d4ff-4584-8387-7714d0f8f8d8,Westbound,2026-01-28 10:14:39.231011,251.0,366.0,101.0,110.0
16195,7,CAM002,74,1.9613597248728252,1125,True,8b9846a8-d4ff-4584-8387-7714d0f8f8d8,Westbound,2026-01-28 10:14:36.679161,457.0,371.0,120.0,165.0
16194,3,CAM002,73,1.9988453611251067,1125,True,8b9846a8-d4ff-4584-8387-7714d0f8f8d8,Westbound,2026-01-28 10:14:36.676159,333.0,388.0,118.0,147.0
16193,2,CAM002,68,1.8736902918681722,1125,True,8b9846a8-d4ff-4584-8387-7714d0f8f8d8,Westbound,2026-01-28 10:14:36.674160,694.0,364.0,101.0,176.0
16192,6,CAM002,65,2.010724884932702,1125,True,8b9846a8-d4ff-4584-8387-7714d0f8f8d8,Westbound,2026-01-28 10:14:36.670162,251.0,366.0,101.0,109.0
16191,4,CAM002,75,2.016393962357372,1120,True,8b9846a8-d4ff-4584-8387-7714d0f8f8d8,Westbound,2026-01-28 10:14:33.456883,756.0,347.0,204.0,193.0
16190,7,CAM002,74,2.030987825124699,1120,True,8b9846a8-d4ff-4584-8387-7714d0f8f8d8,Westbound,2026-01-28 10:14:33.452882,447.0,369.0,117.0,165.0
16189,3,CAM002,73,1.995287291716591,1120,True,8b9846a8-d4ff-4584-8387-7714d0f8f8d8,Westbound,2026-01-28 10:14:33.450881,333.0,389.0,114.0,147.0
16188,2,CAM002,68,1.9797443255351659,1120,True,8b9846a8-d4ff-4584-8387-7714d0f8f8d8,Westbound,2026-01-28 10:14:33.448883,684.0,365.0,111.0,174.0
16187,6,CAM002,65,2.025833003751736,1120,True,8b9846a8-d4ff-4584-8387-7714d0f8f8d8,Westbound,2026-01-28 10:14:33.445984,252.0,367.0,99.0,108.0
16186,7,CAM002,74,1.9942261355674662,1115,True,8b9846a8-d4ff-4584-8387-7714d0f8f8d8,Westbound,2026-01-28 10:14:29.713264,444.0,371.0,118.0,164.0
16185,3,CAM002,73,2.016364632314967,1115,True,8b9846a8-d4ff-4584-8387-7714d0f8f8d8,Westbound,2026-01-28 10:14:29.710260,331.0,390.0,110.0,147.0
16184,2,CAM002,68,1.8597469588972688,1115,True,8b9846a8-d4ff-4584-8387-7714d0f8f8d8,Westbound,2026-01-28 10:14:29.707260,673.0,366.0,119.0,172.0
16183,6,CAM002,65,1.6490766365074991,1115,True,8b9846a8-d4ff-4584-8387-7714d0f8f8d8,Westbound,2026-01-28 10:14:29.703276,254.0,368.0,96.0,108.0
16182,7,CAM002,74,1.6933478155518027,1110,True,8b9846a8-d4ff-4584-8387-7714d0f8f8d8,Westbound,2026-01-28 10:14:27.029185,448.0,372.0,121.0,165.0
16181,3,CAM002,73,1.7338981694941755,1110,True,8b9846a8-d4ff-4584-8387-7714d0f8f8d8,Westbound,2026-01-28 10:14:27.025563,329.0,389.0,111.0,149.0
16180,6,CAM002,55,2.0095437766962054,1110,True,8b9846a8-d4ff-4584-8387-7714d0f8f8d8,Westbound,2026-01-28 10:14:27.023664,430.0,392.0,91.0,142.0
16179,2,CAM002,68,1.9696132313533603,1105,True,8b9846a8-d4ff-4584-8387-7714d0f8f8d8,Westbound,2026-01-28 10:14:24.860383,686.0,366.0,123.0,171.0
16178,6,CAM002,55,1.709881836520251,1105,True,8b9846a8-d4ff-4584-8387-7714d0f8f8d8,Westbound,2026-01-28 10:14:24.857353,443.0,389.0,89.0,145.0
16177,2,CAM002,68,1.9769430095330174,1100,True,8b9846a8-d4ff-4584-8387-7714d0f8f8d8,Westbound,2026-01-28 10:14:22.888759,686.0,365.0,126.0,171.0
16176,7,CAM002,1,1.9197593067224454,1100,True,8b9846a8-d4ff-4584-8387-7714d0f8f8d8,Westbound,2026-01-28 10:14:22.886798,432.0,391.0,47.0,66.0
16175,6,CAM002,73,2.0133324857121915,1095,True,8b9846a8-d4ff-4584-8387-7714d0f8f8d8,Westbound,2026-01-28 10:14:20.347975,334.0,388.0,112.0,148.0
16174,2,CAM002,68,1.980203100214016,1095,True,8b9846a8-d4ff-4584-8387-7714d0f8f8d8,Westbound,2026-01-28 10:14:20.344935,687.0,365.0,125.0,165.0
16173,3,CAM002,65,2.0042293786169263,1095,True,8b9846a8-d4ff-4584-8387-7714d0f8f8d8,Westbound,2026-01-28 10:14:20.341968,253.0,364.0,100.0,113.0
16172,5,CAM002,55,1.9947041959151248,1095,True,8b9846a8-d4ff-4584-8387-7714d0f8f8d8,Westbound,2026-01-28 10:14:20.338935,556.0,359.0,104.0,174.0
16171,7,CAM002,1,1.1609396616640317,1095,True,8b9846a8-d4ff-4584-8387-7714d0f8f8d8,Westbound,2026-01-28 10:14:20.336988,432.0,390.0,55.0,71.0
16170,6,CAM002,73,1.9971849778059871,1090,True,8b9846a8-d4ff-4584-8387-7714d0f8f8d8,Westbound,2026-01-28 10:14:16.974504,336.0,389.0,107.0,148.0
16169,2,CAM002,68,1.9942531409358075,1090,True,8b9846a8-d4ff-4584-8387-7714d0f8f8d8,Westbound,2026-01-28 10:14:16.971503,684.0,365.0,126.0,162.0
16168,3,CAM002,65,2.028722716284773,1090,True,8b9846a8-d4ff-4584-8387-7714d0f8f8d8,Westbound,2026-01-28 10:14:16.969505,254.0,365.0,98.0,112.0
16167,5,CAM002,55,1.9046070701950852,1090,True,8b9846a8-d4ff-4584-8387-7714d0f8f8d8,Westbound,2026-01-28 10:14:16.967520,557.0,356.0,102.0,165.0
16166,6,CAM002,73,1.9714982951423368,1085,True,8b9846a8-d4ff-4584-8387-7714d0f8f8d8,Westbound,2026-01-28 10:14:13.940406,332.0,391.0,105.0,148.0
16165,2,CAM002,68,1.9350132216384994,1085,True,8b9846a8-d4ff-4584-8387-7714d0f8f8d8,Westbound,2026-01-28 10:14:13.936406,681.0,367.0,139.0,167.0
16164,3,CAM002,65,1.6151472781646568,1085,True,8b9846a8-d4ff-4584-8387-7714d0f8f8d8,Westbound,2026-01-28 10:14:13.934406,261.0,366.0,85.0,110.0
16163,5,CAM002,55,1.9436436020865542,1085,True,8b9846a8-d4ff-4584-8387-7714d0f8f8d8,Westbound,2026-01-28 10:14:13.930420,555.0,345.0,101.0,162.0
16162,2,CAM002,68,1.9640385131137543,1080,True,8b9846a8-d4ff-4584-8387-7714d0f8f8d8,Westbound,2026-01-28 10:14:11.337440,698.0,367.0,140.0,166.0
16161,5,CAM002,55,1.9350940971157145,1080,True,8b9846a8-d4ff-4584-8387-7714d0f8f8d8,Westbound,2026-01-28 10:14:11.333441,550.0,339.0,109.0,171.0
16160,1,CAM002,1,1.9748593399906227,1080,True,8b9846a8-d4ff-4584-8387-7714d0f8f8d8,Westbound,2026-01-28 10:14:11.329443,474.0,368.0,140.0,171.0
16159,2,CAM002,68,1.9944685764469088,1075,True,8b9846a8-d4ff-4584-8387-7714d0f8f8d8,Westbound,2026-01-28 10:14:08.621529,699.0,367.0,137.0,168.0
16158,5,CAM002,55,1.9979379208197767,1075,True,8b9846a8-d4ff-4584-8387-7714d0f8f8d8,Westbound,2026-01-28 10:14:08.619530,560.0,354.0,96.0,150.0
16157,1,CAM002,1,1.92971898200742,1075,True,8b9846a8-d4ff-4584-8387-7714d0f8f8d8,Westbound,2026-01-28 10:14:08.616524,458.0,369.0,153.0,169.0
16156,4,CAM002,72,1.9460827612661482,1070,True,8b9846a8-d4ff-4584-8387-7714d0f8f8d8,Westbound,2026-01-28 10:14:05.137732,747.0,347.0,210.0,193.0
16155,2,CAM002,68,1.9191891419442826,1070,True,8b9846a8-d4ff-4584-8387-7714d0f8f8d8,Westbound,2026-01-28 10:14:05.133733,692.0,367.0,132.0,171.0
16154,6,CAM002,65,2.014582525772463,1070,True,8b9846a8-d4ff-4584-8387-7714d0f8f8d8,Westbound,2026-01-28 10:14:05.126731,249.0,377.0,69.0,97.0
16153,5,CAM002,55,1.9971170496609854,1070,True,8b9846a8-d4ff-4584-8387-7714d0f8f8d8,Westbound,2026-01-28 10:14:05.122779,562.0,355.0,97.0,148.0
16152,1,CAM002,1,1.9427234039747932,1070,True,8b9846a8-d4ff-4584-8387-7714d0f8f8d8,Westbound,2026-01-28 10:14:05.119763,444.0,372.0,155.0,166.0
16151,4,CAM002,68,1.9450786857367512,1065,True,8b9846a8-d4ff-4584-8387-7714d0f8f8d8,Westbound,2026-01-28 10:14:01.177288,681.0,364.0,144.0,175.0
16150,3,CAM002,66,1.4285531733842047,1065,True,8b9846a8-d4ff-4584-8387-7714d0f8f8d8,Westbound,2026-01-28 10:14:01.173288,426.0,389.0,56.0,64.0
16149,6,CAM002,65,1.295524021323768,1065,True,8b9846a8-d4ff-4584-8387-7714d0f8f8d8,Westbound,2026-01-28 10:14:01.170288,247.0,376.0,77.0,103.0
16148,5,CAM002,55,2.0069907788345525,1065,True,8b9846a8-d4ff-4584-8387-7714d0f8f8d8,Westbound,2026-01-28 10:14:01.166288,558.0,353.0,99.0,151.0
16147,1,CAM002,1,2.0083505735507186,1065,True,8b9846a8-d4ff-4584-8387-7714d0f8f8d8,Westbound,2026-01-28 10:14:01.163304,445.0,375.0,153.0,164.0
16146,4,CAM002,68,1.9858374521240405,1060,True,8b9846a8-d4ff-4584-8387-7714d0f8f8d8,Westbound,2026-01-28 10:13:57.481916,696.0,356.0,151.0,182.0
16145,5,CAM002,55,2.00938473172025,1060,True,8b9846a8-d4ff-4584-8387-7714d0f8f8d8,Westbound,2026-01-28 10:13:57.476911,557.0,354.0,99.0,149.0
16144,1,CAM002,1,2.0319096335774307,1060,True,8b9846a8-d4ff-4584-8387-7714d0f8f8d8,Westbound,2026-01-28 10:13:57.473911,443.0,372.0,156.0,167.0
16143,4,CAM002,68,2.000230368732526,1055,True,8b9846a8-d4ff-4584-8387-7714d0f8f8d8,Westbound,2026-01-28 10:13:54.769840,695.0,353.0,154.0,185.0
16142,5,CAM002,55,2.0138765467160575,1055,True,8b9846a8-d4ff-4584-8387-7714d0f8f8d8,Westbound,2026-01-28 10:13:54.766840,558.0,354.0,97.0,149.0
16141,1,CAM002,1,2.0331973811298027,1055,True,8b9846a8-d4ff-4584-8387-7714d0f8f8d8,Westbound,2026-01-28 10:13:54.764848,443.0,372.0,155.0,167.0
16140,4,CAM002,68,2.006577439016382,1050,True,8b9846a8-d4ff-4584-8387-7714d0f8f8d8,Westbound,2026-01-28 10:13:51.935944,697.0,355.0,147.0,184.0
16139,2,CAM002,65,1.968606817898773,1050,True,8b9846a8-d4ff-4584-8387-7714d0f8f8d8,Westbound,2026-01-28 10:13:51.932947,239.0,365.0,138.0,178.0
16138,5,CAM002,55,2.0027286717774024,1050,True,8b9846a8-d4ff-4584-8387-7714d0f8f8d8,Westbound,2026-01-28 10:13:51.930944,557.0,354.0,99.0,150.0
16137,1,CAM002,1,2.0376380822524682,1050,True,8b9846a8-d4ff-4584-8387-7714d0f8f8d8,Westbound,2026-01-28 10:13:51.927944,443.0,372.0,154.0,167.0
16136,4,CAM002,68,1.5579577704890486,1045,True,8b9846a8-d4ff-4584-8387-7714d0f8f8d8,Westbound,2026-01-28 10:13:48.568766,711.0,358.0,138.0,182.0
16135,3,CAM002,66,2.0417302063591367,1045,True,8b9846a8-d4ff-4584-8387-7714d0f8f8d8,Westbound,2026-01-28 10:13:48.565768,331.0,389.0,136.0,145.0
16134,2,CAM002,65,1.7900293115963009,1045,True,8b9846a8-d4ff-4584-8387-7714d0f8f8d8,Westbound,2026-01-28 10:13:48.563765,239.0,366.0,134.0,149.0
16133,5,CAM002,55,2.0331955510409134,1045,True,8b9846a8-d4ff-4584-8387-7714d0f8f8d8,Westbound,2026-01-28 10:13:48.560765,557.0,354.0,99.0,149.0
16132,1,CAM002,1,2.03676352868966,1045,True,8b9846a8-d4ff-4584-8387-7714d0f8f8d8,Westbound,2026-01-28 10:13:48.557808,442.0,372.0,155.0,167.0
16131,3,CAM002,66,2.0284452802895365,1040,True,8b9846a8-d4ff-4584-8387-7714d0f8f8d8,Westbound,2026-01-28 10:13:45.382542,331.0,388.0,135.0,145.0
16130,2,CAM002,65,2.0242427913964067,1040,True,8b9846a8-d4ff-4584-8387-7714d0f8f8d8,Westbound,2026-01-28 10:13:45.378541,252.0,367.0,101.0,107.0
16129,5,CAM002,55,2.0383764095682686,1040,True,8b9846a8-d4ff-4584-8387-7714d0f8f8d8,Westbound,2026-01-28 10:13:45.374540,557.0,355.0,99.0,149.0
16128,1,CAM002,1,2.0326481356726864,1040,True,8b9846a8-d4ff-4584-8387-7714d0f8f8d8,Westbound,2026-01-28 10:13:45.370493,442.0,372.0,155.0,167.0
16127,3,CAM002,66,2.038944701235126,1035,True,8b9846a8-d4ff-4584-8387-7714d0f8f8d8,Westbound,2026-01-28 10:13:42.918687,331.0,387.0,133.0,146.0
16126,2,CAM002,65,2.0334731101637313,1035,True,8b9846a8-d4ff-4584-8387-7714d0f8f8d8,Westbound,2026-01-28 10:13:42.916665,252.0,367.0,101.0,108.0
16125,5,CAM002,55,2.0290971000686278,1035,True,8b9846a8-d4ff-4584-8387-7714d0f8f8d8,Westbound,2026-01-28 10:13:42.913662,558.0,355.0,97.0,148.0
16124,1,CAM002,1,2.0271151969632646,1035,True,8b9846a8-d4ff-4584-8387-7714d0f8f8d8,Westbound,2026-01-28 10:13:42.909728,442.0,371.0,155.0,167.0
16123,3,CAM002,66,2.0184617811175984,1030,True,8b9846a8-d4ff-4584-8387-7714d0f8f8d8,Westbound,2026-01-28 10:13:38.598984,331.0,388.0,131.0,146.0
16122,2,CAM002,65,2.0344358641183233,1030,True,8b9846a8-d4ff-4584-8387-7714d0f8f8d8,Westbound,2026-01-28 10:13:38.595985,251.0,367.0,102.0,108.0
16121,5,CAM002,55,2.024134310326635,1030,True,8b9846a8-d4ff-4584-8387-7714d0f8f8d8,Westbound,2026-01-28 10:13:38.591986,557.0,357.0,98.0,149.0
16120,1,CAM002,1,2.0221117029294167,1030,True,8b9846a8-d4ff-4584-8387-7714d0f8f8d8,Westbound,2026-01-28 10:13:38.587985,442.0,371.0,155.0,166.0
16119,3,CAM002,66,2.038653794405001,1025,True,8b9846a8-d4ff-4584-8387-7714d0f8f8d8,Westbound,2026-01-28 10:13:33.728228,331.0,388.0,128.0,147.0
16118,2,CAM002,65,2.0397891669132604,1025,True,8b9846a8-d4ff-4584-8387-7714d0f8f8d8,Westbound,2026-01-28 10:13:33.725264,252.0,367.0,101.0,108.0
16117,5,CAM002,55,2.029786153774863,1025,True,8b9846a8-d4ff-4584-8387-7714d0f8f8d8,Westbound,2026-01-28 10:13:33.722221,558.0,360.0,97.0,149.0
16116,1,CAM002,1,2.0312522597084675,1025,True,8b9846a8-d4ff-4584-8387-7714d0f8f8d8,Westbound,2026-01-28 10:13:33.717325,441.0,371.0,156.0,166.0
16115,3,CAM002,66,1.6323200574005179,1020,True,8b9846a8-d4ff-4584-8387-7714d0f8f8d8,Westbound,2026-01-28 10:13:29.020114,333.0,387.0,124.0,147.0
16114,2,CAM002,65,2.0058577571475733,1020,True,8b9846a8-d4ff-4584-8387-7714d0f8f8d8,Westbound,2026-01-28 10:13:29.017147,251.0,365.0,102.0,111.0
16113,5,CAM002,55,1.977796600005649,1020,True,8b9846a8-d4ff-4584-8387-7714d0f8f8d8,Westbound,2026-01-28 10:13:29.015216,558.0,358.0,96.0,149.0
16112,4,CAM002,41,2.0276767229420356,1020,True,8b9846a8-d4ff-4584-8387-7714d0f8f8d8,Westbound,2026-01-28 10:13:29.011113,703.0,349.0,154.0,189.0
16111,1,CAM002,1,2.029908774217981,1020,True,8b9846a8-d4ff-4584-8387-7714d0f8f8d8,Westbound,2026-01-28 10:13:29.007115,442.0,372.0,155.0,165.0
16110,2,CAM002,65,1.97013140033998,1015,True,8b9846a8-d4ff-4584-8387-7714d0f8f8d8,Westbound,2026-01-28 10:13:24.151046,249.0,364.0,106.0,113.0
16109,5,CAM002,55,2.0290139927511834,1015,True,8b9846a8-d4ff-4584-8387-7714d0f8f8d8,Westbound,2026-01-28 10:13:24.148993,558.0,355.0,97.0,149.0
16108,4,CAM002,41,1.8790820277490392,1015,True,8b9846a8-d4ff-4584-8387-7714d0f8f8d8,Westbound,2026-01-28 10:13:24.145931,698.0,350.0,163.0,189.0
16107,1,CAM002,1,2.0375240339568754,1015,True,8b9846a8-d4ff-4584-8387-7714d0f8f8d8,Westbound,2026-01-28 10:13:24.141829,444.0,374.0,153.0,163.0
16106,4,CAM002,67,2.0194258436327783,1010,True,8b9846a8-d4ff-4584-8387-7714d0f8f8d8,Westbound,2026-01-28 10:13:21.195309,690.0,364.0,79.0,177.0
16105,5,CAM002,55,2.015147916791332,1010,True,8b9846a8-d4ff-4584-8387-7714d0f8f8d8,Westbound,2026-01-28 10:13:21.193311,559.0,356.0,98.0,149.0
16104,1,CAM002,1,1.988540190014738,1010,True,8b9846a8-d4ff-4584-8387-7714d0f8f8d8,Westbound,2026-01-28 10:13:21.191311,444.0,373.0,153.0,164.0
16103,4,CAM002,67,1.851154073742029,1005,True,8b9846a8-d4ff-4584-8387-7714d0f8f8d8,Westbound,2026-01-28 10:13:18.277489,698.0,364.0,72.0,175.0
16102,2,CAM002,65,2.0415965027772867,1005,True,8b9846a8-d4ff-4584-8387-7714d0f8f8d8,Westbound,2026-01-28 10:13:18.274385,252.0,366.0,104.0,110.0
16101,5,CAM002,55,1.979852118655513,1005,True,8b9846a8-d4ff-4584-8387-7714d0f8f8d8,Westbound,2026-01-28 10:13:18.271482,557.0,356.0,99.0,149.0
16100,1,CAM002,1,2.0280161844481834,1005,True,8b9846a8-d4ff-4584-8387-7714d0f8f8d8,Westbound,2026-01-28 10:13:18.267484,443.0,369.0,156.0,168.0
16099,3,CAM002,66,1.9659735722493874,1000,True,8b9846a8-d4ff-4584-8387-7714d0f8f8d8,Westbound,2026-01-28 10:13:14.079110,336.0,387.0,121.0,147.0
16098,2,CAM002,65,2.0008752191727406,1000,True,8b9846a8-d4ff-4584-8387-7714d0f8f8d8,Westbound,2026-01-28 10:13:14.077110,252.0,366.0,103.0,109.0
16097,5,CAM002,55,2.0146794017504597,1000,True,8b9846a8-d4ff-4584-8387-7714d0f8f8d8,Westbound,2026-01-28 10:13:14.074111,557.0,355.0,100.0,150.0
16096,4,CAM002,41,1.9973844601403046,1000,True,8b9846a8-d4ff-4584-8387-7714d0f8f8d8,Westbound,2026-01-28 10:13:14.070109,694.0,365.0,155.0,175.0
16095,1,CAM002,1,1.98354391333822,1000,True,8b9846a8-d4ff-4584-8387-7714d0f8f8d8,Westbound,2026-01-28 10:13:14.065155,442.0,369.0,159.0,169.0
16094,3,CAM002,66,2.0081365433354517,995,True,8b9846a8-d4ff-4584-8387-7714d0f8f8d8,Westbound,2026-01-28 10:13:08.788184,334.0,388.0,116.0,147.0
16093,2,CAM002,65,2.0268943973528826,995,True,8b9846a8-d4ff-4584-8387-7714d0f8f8d8,Westbound,2026-01-28 10:13:08.784181,251.0,367.0,102.0,107.0
16092,5,CAM002,55,2.0189200065869426,995,True,8b9846a8-d4ff-4584-8387-7714d0f8f8d8,Westbound,2026-01-28 10:13:08.781179,557.0,357.0,100.0,148.0
16091,4,CAM002,41,1.9932254754469916,995,True,8b9846a8-d4ff-4584-8387-7714d0f8f8d8,Westbound,2026-01-28 10:13:08.778180,693.0,363.0,156.0,177.0
16090,1,CAM002,1,2.0095113763148884,995,True,8b9846a8-d4ff-4584-8387-7714d0f8f8d8,Westbound,2026-01-28 10:13:08.772196,441.0,373.0,159.0,165.0
16089,3,CAM002,66,2.0126035158387294,990,True,8b9846a8-d4ff-4584-8387-7714d0f8f8d8,Westbound,2026-01-28 10:13:03.535505,328.0,390.0,116.0,148.0
16088,2,CAM002,65,2.040930118849563,990,True,8b9846a8-d4ff-4584-8387-7714d0f8f8d8,Westbound,2026-01-28 10:13:03.532848,251.0,368.0,101.0,106.0
16087,5,CAM002,55,2.013649032050467,990,True,8b9846a8-d4ff-4584-8387-7714d0f8f8d8,Westbound,2026-01-28 10:13:03.530943,559.0,363.0,96.0,142.0
16086,4,CAM002,41,2.0296285419700504,990,True,8b9846a8-d4ff-4584-8387-7714d0f8f8d8,Westbound,2026-01-28 10:13:03.527968,693.0,363.0,155.0,177.0
16085,1,CAM002,1,2.030269631799188,990,True,8b9846a8-d4ff-4584-8387-7714d0f8f8d8,Westbound,2026-01-28 10:13:03.522948,444.0,379.0,151.0,159.0
16084,7,CAM002,67,1.9826558849236324,985,True,8b9846a8-d4ff-4584-8387-7714d0f8f8d8,Westbound,2026-01-28 10:12:59.876483,768.0,354.0,64.0,164.0
16083,3,CAM002,66,2.0274870323379304,985,True,8b9846a8-d4ff-4584-8387-7714d0f8f8d8,Westbound,2026-01-28 10:12:59.874481,330.0,390.0,117.0,148.0
16082,2,CAM002,65,2.02037871413771,985,True,8b9846a8-d4ff-4584-8387-7714d0f8f8d8,Westbound,2026-01-28 10:12:59.872481,251.0,367.0,101.0,107.0
16081,5,CAM002,55,2.0419180591846637,985,True,8b9846a8-d4ff-4584-8387-7714d0f8f8d8,Westbound,2026-01-28 10:12:59.870481,559.0,361.0,96.0,144.0
16080,4,CAM002,41,1.952505155397891,985,True,8b9846a8-d4ff-4584-8387-7714d0f8f8d8,Westbound,2026-01-28 10:12:59.868481,696.0,364.0,150.0,175.0
16079,1,CAM002,1,2.041818392707251,985,True,8b9846a8-d4ff-4584-8387-7714d0f8f8d8,Westbound,2026-01-28 10:12:59.865518,443.0,379.0,152.0,160.0
16078,6,CAM002,68,2.015920111705207,980,True,8b9846a8-d4ff-4584-8387-7714d0f8f8d8,Westbound,2026-01-28 10:12:54.680327,455.0,294.0,203.0,217.0
16077,7,CAM002,67,1.1259681593833808,980,True,8b9846a8-d4ff-4584-8387-7714d0f8f8d8,Westbound,2026-01-28 10:12:54.678339,782.0,346.0,64.0,174.0
16076,3,CAM002,66,2.0021400923678843,980,True,8b9846a8-d4ff-4584-8387-7714d0f8f8d8,Westbound,2026-01-28 10:12:54.675229,330.0,389.0,118.0,150.0
16075,2,CAM002,65,2.03539325629807,980,True,8b9846a8-d4ff-4584-8387-7714d0f8f8d8,Westbound,2026-01-28 10:12:54.672333,251.0,367.0,101.0,108.0
16074,5,CAM002,55,1.9734755059605804,980,True,8b9846a8-d4ff-4584-8387-7714d0f8f8d8,Westbound,2026-01-28 10:12:54.670288,558.0,358.0,97.0,146.0
16073,4,CAM002,41,1.9910346801696284,980,True,8b9846a8-d4ff-4584-8387-7714d0f8f8d8,Westbound,2026-01-28 10:12:54.667331,694.0,361.0,150.0,176.0
16072,1,CAM002,1,2.014730586974484,980,True,8b9846a8-d4ff-4584-8387-7714d0f8f8d8,Westbound,2026-01-28 10:12:54.662332,443.0,378.0,152.0,161.0
16071,3,CAM002,66,2.0245697171823696,975,True,8b9846a8-d4ff-4584-8387-7714d0f8f8d8,Westbound,2026-01-28 10:12:48.049302,328.0,389.0,120.0,150.0
16070,2,CAM002,65,2.024899182498002,975,True,8b9846a8-d4ff-4584-8387-7714d0f8f8d8,Westbound,2026-01-28 10:12:48.046290,251.0,366.0,101.0,110.0
16069,5,CAM002,55,1.9402549404408156,975,True,8b9846a8-d4ff-4584-8387-7714d0f8f8d8,Westbound,2026-01-28 10:12:48.044226,549.0,343.0,106.0,161.0
16068,4,CAM002,41,2.0092006295425127,975,True,8b9846a8-d4ff-4584-8387-7714d0f8f8d8,Westbound,2026-01-28 10:12:48.041304,699.0,363.0,143.0,175.0
16067,1,CAM002,1,2.0026163018748107,975,True,8b9846a8-d4ff-4584-8387-7714d0f8f8d8,Westbound,2026-01-28 10:12:48.036295,443.0,376.0,153.0,162.0
16066,3,CAM002,66,2.016557136587536,970,True,8b9846a8-d4ff-4584-8387-7714d0f8f8d8,Westbound,2026-01-28 10:12:42.727214,331.0,389.0,119.0,149.0
16065,2,CAM002,65,2.0257995063520906,970,True,8b9846a8-d4ff-4584-8387-7714d0f8f8d8,Westbound,2026-01-28 10:12:42.725273,250.0,366.0,103.0,110.0
16064,5,CAM002,55,2.012010450998843,970,True,8b9846a8-d4ff-4584-8387-7714d0f8f8d8,Westbound,2026-01-28 10:12:42.722269,535.0,325.0,120.0,181.0
16063,4,CAM002,41,1.9744958734058407,970,True,8b9846a8-d4ff-4584-8387-7714d0f8f8d8,Westbound,2026-01-28 10:12:42.719290,701.0,365.0,145.0,174.0
16062,1,CAM002,1,2.0275784034060726,970,True,8b9846a8-d4ff-4584-8387-7714d0f8f8d8,Westbound,2026-01-28 10:12:42.715307,443.0,375.0,154.0,162.0
16061,2,CAM002,65,1.992901971120847,965,True,8b9846a8-d4ff-4584-8387-7714d0f8f8d8,Westbound,2026-01-28 10:12:37.903228,252.0,366.0,101.0,109.0
16060,5,CAM002,55,1.9506116659819268,965,True,8b9846a8-d4ff-4584-8387-7714d0f8f8d8,Westbound,2026-01-28 10:12:37.901229,543.0,335.0,113.0,169.0
16059,4,CAM002,41,1.9738898201862949,965,True,8b9846a8-d4ff-4584-8387-7714d0f8f8d8,Westbound,2026-01-28 10:12:37.898226,701.0,355.0,155.0,185.0
16058,1,CAM002,1,2.0088008197881604,965,True,8b9846a8-d4ff-4584-8387-7714d0f8f8d8,Westbound,2026-01-28 10:12:37.893605,443.0,375.0,154.0,163.0
16057,2,CAM002,65,2.0136084421285916,960,True,8b9846a8-d4ff-4584-8387-7714d0f8f8d8,Westbound,2026-01-28 10:12:33.255007,251.0,365.0,103.0,110.0
16056,5,CAM002,55,2.040144418904474,960,True,8b9846a8-d4ff-4584-8387-7714d0f8f8d8,Westbound,2026-01-28 10:12:33.250973,557.0,353.0,99.0,149.0
16055,4,CAM002,41,2.014286903016175,960,True,8b9846a8-d4ff-4584-8387-7714d0f8f8d8,Westbound,2026-01-28 10:12:33.248899,699.0,357.0,156.0,183.0
16054,1,CAM002,1,2.032937532382089,960,True,8b9846a8-d4ff-4584-8387-7714d0f8f8d8,Westbound,2026-01-28 10:12:33.243000,443.0,373.0,155.0,165.0
16053,2,CAM002,65,2.0165060663860306,955,True,8b9846a8-d4ff-4584-8387-7714d0f8f8d8,Westbound,2026-01-28 10:12:28.793753,251.0,365.0,103.0,111.0
16052,5,CAM002,55,2.0396287039126784,955,True,8b9846a8-d4ff-4584-8387-7714d0f8f8d8,Westbound,2026-01-28 10:12:28.790729,557.0,353.0,99.0,149.0
16051,4,CAM002,41,2.0224619270654856,955,True,8b9846a8-d4ff-4584-8387-7714d0f8f8d8,Westbound,2026-01-28 10:12:28.787734,698.0,358.0,156.0,182.0
16050,1,CAM002,1,2.0270112256928687,955,True,8b9846a8-d4ff-4584-8387-7714d0f8f8d8,Westbound,2026-01-28 10:12:28.784724,443.0,373.0,155.0,165.0
16049,2,CAM002,65,2.0167503196264676,950,True,8b9846a8-d4ff-4584-8387-7714d0f8f8d8,Westbound,2026-01-28 10:12:24.516564,252.0,366.0,102.0,109.0
16048,5,CAM002,55,2.026487071081196,950,True,8b9846a8-d4ff-4584-8387-7714d0f8f8d8,Westbound,2026-01-28 10:12:24.514592,557.0,353.0,99.0,149.0
16047,4,CAM002,41,2.0246449537520665,950,True,8b9846a8-d4ff-4584-8387-7714d0f8f8d8,Westbound,2026-01-28 10:12:24.511577,697.0,356.0,157.0,184.0
16046,1,CAM002,1,2.0307895695831903,950,True,8b9846a8-d4ff-4584-8387-7714d0f8f8d8,Westbound,2026-01-28 10:12:24.507581,443.0,372.0,154.0,164.0
16045,2,CAM002,65,2.0085798666996633,945,True,8b9846a8-d4ff-4584-8387-7714d0f8f8d8,Westbound,2026-01-28 10:12:20.879758,252.0,366.0,102.0,110.0
16044,5,CAM002,55,2.008574642977105,945,True,8b9846a8-d4ff-4584-8387-7714d0f8f8d8,Westbound,2026-01-28 10:12:20.876751,557.0,353.0,99.0,151.0
16043,3,CAM002,53,2.036806430066725,945,True,8b9846a8-d4ff-4584-8387-7714d0f8f8d8,Westbound,2026-01-28 10:12:20.874783,431.0,388.0,41.0,65.0
16042,4,CAM002,41,2.002511688588956,945,True,8b9846a8-d4ff-4584-8387-7714d0f8f8d8,Westbound,2026-01-28 10:12:20.872766,696.0,357.0,157.0,182.0
16041,1,CAM002,1,2.024745891769551,945,True,8b9846a8-d4ff-4584-8387-7714d0f8f8d8,Westbound,2026-01-28 10:12:20.868769,443.0,372.0,154.0,165.0
16040,5,CAM002,55,1.989498367847609,940,True,8b9846a8-d4ff-4584-8387-7714d0f8f8d8,Westbound,2026-01-28 10:12:15.938050,556.0,351.0,102.0,155.0
16039,3,CAM002,53,1.7339737353320326,940,True,8b9846a8-d4ff-4584-8387-7714d0f8f8d8,Westbound,2026-01-28 10:12:15.935059,431.0,388.0,41.0,65.0
16038,4,CAM002,41,2.0050037130973153,940,True,8b9846a8-d4ff-4584-8387-7714d0f8f8d8,Westbound,2026-01-28 10:12:15.933052,695.0,359.0,155.0,179.0
16037,1,CAM002,1,2.025110730550254,940,True,8b9846a8-d4ff-4584-8387-7714d0f8f8d8,Westbound,2026-01-28 10:12:15.928047,443.0,372.0,156.0,165.0
16036,3,CAM002,64,2.0034813099505615,935,True,8b9846a8-d4ff-4584-8387-7714d0f8f8d8,Westbound,2026-01-28 10:12:12.061723,330.0,390.0,120.0,150.0
16035,5,CAM002,55,2.0071819390204326,935,True,8b9846a8-d4ff-4584-8387-7714d0f8f8d8,Westbound,2026-01-28 10:12:12.059725,554.0,348.0,106.0,156.0
16034,4,CAM002,41,1.9942892375790293,935,True,8b9846a8-d4ff-4584-8387-7714d0f8f8d8,Westbound,2026-01-28 10:12:12.055723,697.0,362.0,151.0,178.0
16033,1,CAM002,1,1.9858356562343804,935,True,8b9846a8-d4ff-4584-8387-7714d0f8f8d8,Westbound,2026-01-28 10:12:12.050178,442.0,372.0,156.0,165.0
16032,3,CAM002,64,1.6141920255209565,930,True,8b9846a8-d4ff-4584-8387-7714d0f8f8d8,Westbound,2026-01-28 10:12:07.735417,321.0,388.0,127.0,148.0
16031,5,CAM002,55,2.010607285502592,930,True,8b9846a8-d4ff-4584-8387-7714d0f8f8d8,Westbound,2026-01-28 10:12:07.732355,555.0,354.0,104.0,149.0
16030,4,CAM002,41,2.0112774502498056,930,True,8b9846a8-d4ff-4584-8387-7714d0f8f8d8,Westbound,2026-01-28 10:12:07.729345,701.0,361.0,148.0,179.0
16029,1,CAM002,1,2.0319865337804943,930,True,8b9846a8-d4ff-4584-8387-7714d0f8f8d8,Westbound,2026-01-28 10:12:07.724243,442.0,372.0,156.0,166.0
16028,5,CAM002,55,1.9390927410067675,925,True,8b9846a8-d4ff-4584-8387-7714d0f8f8d8,Westbound,2026-01-28 10:12:03.611199,546.0,349.0,113.0,157.0
16027,3,CAM002,53,1.9918473504729386,925,True,8b9846a8-d4ff-4584-8387-7714d0f8f8d8,Westbound,2026-01-28 10:12:03.608202,431.0,388.0,41.0,65.0
16026,4,CAM002,41,2.0246739086960845,925,True,8b9846a8-d4ff-4584-8387-7714d0f8f8d8,Westbound,2026-01-28 10:12:03.604205,706.0,359.0,145.0,180.0
16025,1,CAM002,1,2.0277835682169205,925,True,8b9846a8-d4ff-4584-8387-7714d0f8f8d8,Westbound,2026-01-28 10:12:03.600200,443.0,374.0,155.0,164.0
16024,2,CAM002,61,1.9409255609622273,920,True,8b9846a8-d4ff-4584-8387-7714d0f8f8d8,Westbound,2026-01-28 10:11:58.992686,682.0,364.0,78.0,174.0
16023,6,CAM002,60,2.0179110359200174,920,True,8b9846a8-d4ff-4584-8387-7714d0f8f8d8,Westbound,2026-01-28 10:11:58.989687,768.0,341.0,181.0,199.0
16022,5,CAM002,55,1.9872687446984911,920,True,8b9846a8-d4ff-4584-8387-7714d0f8f8d8,Westbound,2026-01-28 10:11:58.986689,531.0,336.0,122.0,172.0
16021,3,CAM002,53,1.995372008011366,920,True,8b9846a8-d4ff-4584-8387-7714d0f8f8d8,Westbound,2026-01-28 10:11:58.983705,431.0,389.0,41.0,64.0
16020,4,CAM002,41,1.1911463680264518,920,True,8b9846a8-d4ff-4584-8387-7714d0f8f8d8,Westbound,2026-01-28 10:11:58.972702,710.0,359.0,133.0,178.0
16019,1,CAM002,1,2.01817023724917,920,True,8b9846a8-d4ff-4584-8387-7714d0f8f8d8,Westbound,2026-01-28 10:11:58.967699,444.0,378.0,153.0,160.0
16018,2,CAM002,61,1.4874041985563884,915,True,8b9846a8-d4ff-4584-8387-7714d0f8f8d8,Westbound,2026-01-28 10:11:53.759655,695.0,359.0,73.0,180.0
16017,6,CAM002,60,1.8344507160596917,915,True,8b9846a8-d4ff-4584-8387-7714d0f8f8d8,Westbound,2026-01-28 10:11:53.756656,748.0,348.0,156.0,191.0
16016,5,CAM002,55,1.985456535360485,915,True,8b9846a8-d4ff-4584-8387-7714d0f8f8d8,Westbound,2026-01-28 10:11:53.753672,531.0,329.0,121.0,179.0
16015,3,CAM002,53,2.023283688163327,915,True,8b9846a8-d4ff-4584-8387-7714d0f8f8d8,Westbound,2026-01-28 10:11:53.750657,431.0,389.0,42.0,64.0
16014,1,CAM002,1,2.016805370084743,915,True,8b9846a8-d4ff-4584-8387-7714d0f8f8d8,Westbound,2026-01-28 10:11:53.745651,444.0,377.0,153.0,160.0
16013,2,CAM002,64,2.029376920962305,910,True,8b9846a8-d4ff-4584-8387-7714d0f8f8d8,Westbound,2026-01-28 10:11:49.005061,246.0,360.0,106.0,119.0
16012,6,CAM002,60,2.0074463705075103,910,True,8b9846a8-d4ff-4584-8387-7714d0f8f8d8,Westbound,2026-01-28 10:11:49.002026,710.0,361.0,136.0,178.0
16011,5,CAM002,55,1.9530315605295612,910,True,8b9846a8-d4ff-4584-8387-7714d0f8f8d8,Westbound,2026-01-28 10:11:48.998948,539.0,334.0,116.0,174.0
16010,3,CAM002,53,2.019945433163296,910,True,8b9846a8-d4ff-4584-8387-7714d0f8f8d8,Westbound,2026-01-28 10:11:48.995945,431.0,388.0,42.0,65.0
16009,1,CAM002,1,2.009854939999717,910,True,8b9846a8-d4ff-4584-8387-7714d0f8f8d8,Westbound,2026-01-28 10:11:48.990940,444.0,376.0,153.0,160.0
16008,2,CAM002,64,1.982026722098851,905,True,8b9846a8-d4ff-4584-8387-7714d0f8f8d8,Westbound,2026-01-28 10:11:44.208201,248.0,364.0,105.0,114.0
16007,6,CAM002,60,1.9844281548094482,905,True,8b9846a8-d4ff-4584-8387-7714d0f8f8d8,Westbound,2026-01-28 10:11:44.202314,715.0,361.0,125.0,179.0
16006,5,CAM002,55,1.9455887368085132,905,True,8b9846a8-d4ff-4584-8387-7714d0f8f8d8,Westbound,2026-01-28 10:11:44.199201,555.0,354.0,97.0,151.0
16005,3,CAM002,53,1.655078201335848,905,True,8b9846a8-d4ff-4584-8387-7714d0f8f8d8,Westbound,2026-01-28 10:11:44.196255,431.0,389.0,42.0,64.0
16004,1,CAM002,1,2.0151466154071853,905,True,8b9846a8-d4ff-4584-8387-7714d0f8f8d8,Westbound,2026-01-28 10:11:44.190181,443.0,376.0,155.0,161.0
16003,6,CAM002,60,1.887298450408751,900,True,8b9846a8-d4ff-4584-8387-7714d0f8f8d8,Westbound,2026-01-28 10:11:39.672064,727.0,358.0,103.0,181.0
16002,5,CAM002,55,2.016618472656515,900,True,8b9846a8-d4ff-4584-8387-7714d0f8f8d8,Westbound,2026-01-28 10:11:39.669066,559.0,350.0,96.0,153.0
16001,1,CAM002,1,2.0227444087331783,900,True,8b9846a8-d4ff-4584-8387-7714d0f8f8d8,Westbound,2026-01-28 10:11:39.663046,442.0,376.0,156.0,161.0
16000,5,CAM002,55,2.00270242158341,895,True,8b9846a8-d4ff-4584-8387-7714d0f8f8d8,Westbound,2026-01-28 10:11:36.185340,557.0,352.0,95.0,153.0
15999,4,CAM002,41,2.015449562758424,895,True,8b9846a8-d4ff-4584-8387-7714d0f8f8d8,Westbound,2026-01-28 10:11:36.182339,506.0,267.0,168.0,237.0
15998,1,CAM002,1,2.028437386614535,895,True,8b9846a8-d4ff-4584-8387-7714d0f8f8d8,Westbound,2026-01-28 10:11:36.178383,441.0,376.0,157.0,162.0
15997,2,CAM002,63,1.927359446490423,890,True,8b9846a8-d4ff-4584-8387-7714d0f8f8d8,Westbound,2026-01-28 10:11:29.721518,148.0,41.0,222.0,486.0
15996,6,CAM002,60,2.003446277682235,890,True,8b9846a8-d4ff-4584-8387-7714d0f8f8d8,Westbound,2026-01-28 10:11:29.718522,760.0,348.0,88.0,170.0
15995,5,CAM002,55,2.012442174890446,890,True,8b9846a8-d4ff-4584-8387-7714d0f8f8d8,Westbound,2026-01-28 10:11:29.714518,559.0,359.0,86.0,144.0
15994,3,CAM002,53,2.010783343848099,890,True,8b9846a8-d4ff-4584-8387-7714d0f8f8d8,Westbound,2026-01-28 10:11:29.710520,433.0,389.0,41.0,64.0
15993,4,CAM002,41,1.8738798808814776,890,True,8b9846a8-d4ff-4584-8387-7714d0f8f8d8,Westbound,2026-01-28 10:11:29.705556,490.0,271.0,188.0,234.0
15992,1,CAM002,1,2.0271249646195884,890,True,8b9846a8-d4ff-4584-8387-7714d0f8f8d8,Westbound,2026-01-28 10:11:29.700559,441.0,374.0,157.0,164.0
15991,6,CAM002,60,1.9465350295452313,885,True,8b9846a8-d4ff-4584-8387-7714d0f8f8d8,Westbound,2026-01-28 10:11:22.371047,755.0,346.0,94.0,180.0
15990,5,CAM002,55,1.2769838017638204,885,True,8b9846a8-d4ff-4584-8387-7714d0f8f8d8,Westbound,2026-01-28 10:11:22.368045,567.0,356.0,79.0,149.0
15989,3,CAM002,53,2.031505906741441,885,True,8b9846a8-d4ff-4584-8387-7714d0f8f8d8,Westbound,2026-01-28 10:11:22.365043,433.0,389.0,41.0,64.0
15988,4,CAM002,41,2.0038316694856677,885,True,8b9846a8-d4ff-4584-8387-7714d0f8f8d8,Westbound,2026-01-28 10:11:22.361044,460.0,292.0,181.0,216.0
15987,1,CAM002,1,2.018058110619752,885,True,8b9846a8-d4ff-4584-8387-7714d0f8f8d8,Westbound,2026-01-28 10:11:22.358043,441.0,376.0,157.0,162.0
15986,6,CAM002,60,2.004901253285095,880,True,8b9846a8-d4ff-4584-8387-7714d0f8f8d8,Westbound,2026-01-28 10:11:17.785419,749.0,342.0,102.0,197.0
15985,3,CAM002,53,2.00269873410874,880,True,8b9846a8-d4ff-4584-8387-7714d0f8f8d8,Westbound,2026-01-28 10:11:17.780903,433.0,389.0,41.0,65.0
15984,4,CAM002,41,2.0112385862189206,880,True,8b9846a8-d4ff-4584-8387-7714d0f8f8d8,Westbound,2026-01-28 10:11:17.776901,467.0,294.0,169.0,214.0
15983,1,CAM002,1,2.0257554159063704,880,True,8b9846a8-d4ff-4584-8387-7714d0f8f8d8,Westbound,2026-01-28 10:11:17.771902,443.0,378.0,152.0,158.0
15982,6,CAM002,60,1.9877632208308458,875,True,8b9846a8-d4ff-4584-8387-7714d0f8f8d8,Westbound,2026-01-28 10:11:13.639865,747.0,342.0,103.0,198.0
15981,3,CAM002,53,1.5603960081506765,875,True,8b9846a8-d4ff-4584-8387-7714d0f8f8d8,Westbound,2026-01-28 10:11:13.636864,433.0,390.0,41.0,65.0
15980,4,CAM002,41,1.9210335663829532,875,True,8b9846a8-d4ff-4584-8387-7714d0f8f8d8,Westbound,2026-01-28 10:11:13.633864,500.0,305.0,136.0,203.0
15979,1,CAM002,1,2.0160550993791793,875,True,8b9846a8-d4ff-4584-8387-7714d0f8f8d8,Westbound,2026-01-28 10:11:13.629863,446.0,375.0,151.0,161.0
15978,6,CAM002,60,1.955217903428713,870,True,8b9846a8-d4ff-4584-8387-7714d0f8f8d8,Westbound,2026-01-28 10:11:09.783366,752.0,343.0,96.0,189.0
15977,4,CAM002,41,1.9550334426013853,870,True,8b9846a8-d4ff-4584-8387-7714d0f8f8d8,Westbound,2026-01-28 10:11:09.779366,545.0,332.0,109.0,174.0
15976,1,CAM002,1,1.9967445886361905,870,True,8b9846a8-d4ff-4584-8387-7714d0f8f8d8,Westbound,2026-01-28 10:11:09.772849,446.0,374.0,151.0,163.0
15975,3,CAM002,55,2.0319980722649515,865,True,8b9846a8-d4ff-4584-8387-7714d0f8f8d8,Westbound,2026-01-28 10:11:05.854642,687.0,363.0,86.0,177.0
15974,4,CAM002,41,2.0235664392195494,865,True,8b9846a8-d4ff-4584-8387-7714d0f8f8d8,Westbound,2026-01-28 10:11:05.850641,558.0,350.0,96.0,154.0
15973,1,CAM002,1,2.0317752211653137,865,True,8b9846a8-d4ff-4584-8387-7714d0f8f8d8,Westbound,2026-01-28 10:11:05.843639,444.0,372.0,155.0,167.0
15972,3,CAM002,55,1.9458371737862787,860,True,8b9846a8-d4ff-4584-8387-7714d0f8f8d8,Westbound,2026-01-28 10:11:02.310018,688.0,363.0,86.0,174.0
15971,4,CAM002,41,2.0308633623315138,860,True,8b9846a8-d4ff-4584-8387-7714d0f8f8d8,Westbound,2026-01-28 10:11:02.307018,558.0,351.0,98.0,153.0
15970,1,CAM002,1,2.0387774017141505,860,True,8b9846a8-d4ff-4584-8387-7714d0f8f8d8,Westbound,2026-01-28 10:11:02.304017,444.0,371.0,155.0,168.0
15969,3,CAM002,55,2.005615948827089,855,True,8b9846a8-d4ff-4584-8387-7714d0f8f8d8,Westbound,2026-01-28 10:10:58.674478,690.0,364.0,84.0,169.0
15968,4,CAM002,41,2.0353116011517693,855,True,8b9846a8-d4ff-4584-8387-7714d0f8f8d8,Westbound,2026-01-28 10:10:58.671479,558.0,350.0,98.0,153.0
15967,1,CAM002,1,2.0306201023319836,855,True,8b9846a8-d4ff-4584-8387-7714d0f8f8d8,Westbound,2026-01-28 10:10:58.667478,444.0,372.0,155.0,167.0
15966,3,CAM002,55,1.9607878725483465,850,True,8b9846a8-d4ff-4584-8387-7714d0f8f8d8,Westbound,2026-01-28 10:10:55.000709,681.0,361.0,92.0,174.0
15965,6,CAM002,53,2.038244072276175,850,True,8b9846a8-d4ff-4584-8387-7714d0f8f8d8,Westbound,2026-01-28 10:10:54.997709,431.0,390.0,41.0,65.0
15964,4,CAM002,41,2.0370201608802057,850,True,8b9846a8-d4ff-4584-8387-7714d0f8f8d8,Westbound,2026-01-28 10:10:54.993709,558.0,349.0,98.0,154.0
15963,1,CAM002,1,2.0207251744993306,850,True,8b9846a8-d4ff-4584-8387-7714d0f8f8d8,Westbound,2026-01-28 10:10:54.987744,444.0,372.0,154.0,167.0
15962,3,CAM002,55,1.9731743962301458,845,True,8b9846a8-d4ff-4584-8387-7714d0f8f8d8,Westbound,2026-01-28 10:10:51.663736,676.0,355.0,97.0,177.0
15961,6,CAM002,53,2.0119598718616007,845,True,8b9846a8-d4ff-4584-8387-7714d0f8f8d8,Westbound,2026-01-28 10:10:51.658207,430.0,389.0,43.0,65.0
15960,4,CAM002,41,2.0409075901359905,845,True,8b9846a8-d4ff-4584-8387-7714d0f8f8d8,Westbound,2026-01-28 10:10:51.654212,557.0,349.0,99.0,155.0
15959,1,CAM002,1,2.0393176606330083,845,True,8b9846a8-d4ff-4584-8387-7714d0f8f8d8,Westbound,2026-01-28 10:10:51.649231,444.0,373.0,154.0,166.0
15958,3,CAM002,55,2.0081480799256037,840,True,8b9846a8-d4ff-4584-8387-7714d0f8f8d8,Westbound,2026-01-28 10:10:49.121566,684.0,370.0,92.0,160.0
15957,6,CAM002,53,2.0179409409738858,840,True,8b9846a8-d4ff-4584-8387-7714d0f8f8d8,Westbound,2026-01-28 10:10:49.117565,430.0,388.0,43.0,65.0
15956,4,CAM002,41,2.0168631978371705,840,True,8b9846a8-d4ff-4584-8387-7714d0f8f8d8,Westbound,2026-01-28 10:10:49.112619,558.0,351.0,99.0,153.0
15955,1,CAM002,1,2.0259057434957737,840,True,8b9846a8-d4ff-4584-8387-7714d0f8f8d8,Westbound,2026-01-28 10:10:49.108615,444.0,374.0,154.0,164.0
15954,3,CAM002,55,1.9911005847761805,835,True,8b9846a8-d4ff-4584-8387-7714d0f8f8d8,Westbound,2026-01-28 10:10:46.502449,679.0,367.0,105.0,162.0
15953,6,CAM002,53,2.042303992746421,835,True,8b9846a8-d4ff-4584-8387-7714d0f8f8d8,Westbound,2026-01-28 10:10:46.498450,430.0,388.0,43.0,65.0
15952,4,CAM002,41,2.008599467105848,835,True,8b9846a8-d4ff-4584-8387-7714d0f8f8d8,Westbound,2026-01-28 10:10:46.495452,559.0,356.0,98.0,149.0
15951,1,CAM002,1,2.0431342901612686,835,True,8b9846a8-d4ff-4584-8387-7714d0f8f8d8,Westbound,2026-01-28 10:10:46.491547,445.0,373.0,152.0,164.0
15950,7,CAM002,57,1.9835427105712875,830,True,8b9846a8-d4ff-4584-8387-7714d0f8f8d8,Westbound,2026-01-28 10:10:42.982946,77.0,0.0,367.0,529.0
15949,3,CAM002,55,2.004482104428721,830,True,8b9846a8-d4ff-4584-8387-7714d0f8f8d8,Westbound,2026-01-28 10:10:42.978947,676.0,364.0,116.0,164.0
15948,6,CAM002,53,1.994021264944339,830,True,8b9846a8-d4ff-4584-8387-7714d0f8f8d8,Westbound,2026-01-28 10:10:42.975955,431.0,389.0,41.0,65.0
15947,4,CAM002,41,1.9803892950250481,830,True,8b9846a8-d4ff-4584-8387-7714d0f8f8d8,Westbound,2026-01-28 10:10:42.970946,559.0,358.0,98.0,149.0
15946,1,CAM002,1,2.0207476889027816,830,True,8b9846a8-d4ff-4584-8387-7714d0f8f8d8,Westbound,2026-01-28 10:10:42.964947,445.0,373.0,153.0,165.0
15945,7,CAM002,57,1.7394668554294244,825,True,8b9846a8-d4ff-4584-8387-7714d0f8f8d8,Westbound,2026-01-28 10:10:35.769798,64.0,0.0,383.0,528.0
15944,3,CAM002,55,1.929989061454027,825,True,8b9846a8-d4ff-4584-8387-7714d0f8f8d8,Westbound,2026-01-28 10:10:35.765796,679.0,369.0,134.0,161.0
15943,6,CAM002,53,2.012255468341634,825,True,8b9846a8-d4ff-4584-8387-7714d0f8f8d8,Westbound,2026-01-28 10:10:35.762798,431.0,390.0,41.0,65.0
15942,4,CAM002,41,1.9764065364889616,825,True,8b9846a8-d4ff-4584-8387-7714d0f8f8d8,Westbound,2026-01-28 10:10:35.758796,548.0,340.0,110.0,166.0
15941,1,CAM002,1,2.0284734354656995,825,True,8b9846a8-d4ff-4584-8387-7714d0f8f8d8,Westbound,2026-01-28 10:10:35.754801,446.0,374.0,151.0,164.0
15940,3,CAM002,55,2.008806578949326,820,True,8b9846a8-d4ff-4584-8387-7714d0f8f8d8,Westbound,2026-01-28 10:10:30.536254,702.0,369.0,133.0,159.0
15939,6,CAM002,53,2.0165993137252904,820,True,8b9846a8-d4ff-4584-8387-7714d0f8f8d8,Westbound,2026-01-28 10:10:30.533256,431.0,390.0,42.0,65.0
15938,4,CAM002,41,1.9346427648177333,820,True,8b9846a8-d4ff-4584-8387-7714d0f8f8d8,Westbound,2026-01-28 10:10:30.530253,542.0,335.0,116.0,172.0
15937,1,CAM002,1,1.9844979176474276,820,True,8b9846a8-d4ff-4584-8387-7714d0f8f8d8,Westbound,2026-01-28 10:10:30.524253,447.0,374.0,149.0,165.0
15936,7,CAM002,57,1.6779727546785934,815,True,8b9846a8-d4ff-4584-8387-7714d0f8f8d8,Westbound,2026-01-28 10:10:22.902725,40.0,4.0,353.0,522.0
15935,3,CAM002,55,1.9558600944302138,815,True,8b9846a8-d4ff-4584-8387-7714d0f8f8d8,Westbound,2026-01-28 10:10:22.899724,708.0,363.0,127.0,165.0
15934,6,CAM002,53,2.014457947633317,815,True,8b9846a8-d4ff-4584-8387-7714d0f8f8d8,Westbound,2026-01-28 10:10:22.896719,431.0,389.0,43.0,66.0
15933,4,CAM002,41,2.03346826837241,815,True,8b9846a8-d4ff-4584-8387-7714d0f8f8d8,Westbound,2026-01-28 10:10:22.891719,559.0,360.0,98.0,146.0
15932,1,CAM002,1,2.0053575477643677,815,True,8b9846a8-d4ff-4584-8387-7714d0f8f8d8,Westbound,2026-01-28 10:10:22.888718,444.0,368.0,154.0,171.0
15931,7,CAM002,56,1.9121775716628078,810,True,8b9846a8-d4ff-4584-8387-7714d0f8f8d8,Westbound,2026-01-28 10:10:18.919053,326.0,383.0,106.0,154.0
15930,3,CAM002,55,2.0045524243004036,810,True,8b9846a8-d4ff-4584-8387-7714d0f8f8d8,Westbound,2026-01-28 10:10:18.916054,714.0,349.0,142.0,189.0
15929,6,CAM002,53,2.029332015455468,810,True,8b9846a8-d4ff-4584-8387-7714d0f8f8d8,Westbound,2026-01-28 10:10:18.912055,431.0,388.0,42.0,66.0
15928,4,CAM002,41,1.9764737643987738,810,True,8b9846a8-d4ff-4584-8387-7714d0f8f8d8,Westbound,2026-01-28 10:10:18.907046,561.0,358.0,96.0,147.0
15927,1,CAM002,1,2.0100724716640297,810,True,8b9846a8-d4ff-4584-8387-7714d0f8f8d8,Westbound,2026-01-28 10:10:18.903060,443.0,363.0,156.0,175.0
15926,7,CAM002,56,2.0013802145398922,805,True,8b9846a8-d4ff-4584-8387-7714d0f8f8d8,Westbound,2026-01-28 10:10:15.878903,325.0,383.0,108.0,155.0
15925,3,CAM002,55,1.9894077126223761,805,True,8b9846a8-d4ff-4584-8387-7714d0f8f8d8,Westbound,2026-01-28 10:10:15.874904,706.0,347.0,147.0,189.0
15924,6,CAM002,53,2.030405324550229,805,True,8b9846a8-d4ff-4584-8387-7714d0f8f8d8,Westbound,2026-01-28 10:10:15.871906,430.0,388.0,42.0,66.0
15923,4,CAM002,41,2.00087620205273,805,True,8b9846a8-d4ff-4584-8387-7714d0f8f8d8,Westbound,2026-01-28 10:10:15.867908,562.0,351.0,98.0,152.0
15922,1,CAM002,1,2.005249920854157,805,True,8b9846a8-d4ff-4584-8387-7714d0f8f8d8,Westbound,2026-01-28 10:10:15.864895,442.0,362.0,159.0,177.0
15921,2,CAM002,57,1.9741620476095842,800,True,8b9846a8-d4ff-4584-8387-7714d0f8f8d8,Westbound,2026-01-28 10:10:10.794686,69.0,12.0,297.0,526.0
15920,7,CAM002,56,2.0037738679955446,800,True,8b9846a8-d4ff-4584-8387-7714d0f8f8d8,Westbound,2026-01-28 10:10:10.789687,328.0,384.0,106.0,154.0
15919,3,CAM002,55,1.9787250545079809,800,True,8b9846a8-d4ff-4584-8387-7714d0f8f8d8,Westbound,2026-01-28 10:10:10.786687,701.0,346.0,142.0,186.0
15918,6,CAM002,53,2.003337463662436,800,True,8b9846a8-d4ff-4584-8387-7714d0f8f8d8,Westbound,2026-01-28 10:10:10.782687,431.0,389.0,40.0,65.0
15917,4,CAM002,41,2.0314231216202003,800,True,8b9846a8-d4ff-4584-8387-7714d0f8f8d8,Westbound,2026-01-28 10:10:10.779685,560.0,349.0,101.0,154.0
15916,1,CAM002,1,2.014332858668052,800,True,8b9846a8-d4ff-4584-8387-7714d0f8f8d8,Westbound,2026-01-28 10:10:10.775688,441.0,364.0,160.0,175.0
15915,2,CAM002,57,2.0233896657905346,795,True,8b9846a8-d4ff-4584-8387-7714d0f8f8d8,Westbound,2026-01-28 10:10:05.577409,60.0,20.0,293.0,518.0
15914,7,CAM002,56,1.999244573577886,795,True,8b9846a8-d4ff-4584-8387-7714d0f8f8d8,Westbound,2026-01-28 10:10:05.572407,328.0,385.0,106.0,152.0
15913,3,CAM002,55,1.9720209248709892,795,True,8b9846a8-d4ff-4584-8387-7714d0f8f8d8,Westbound,2026-01-28 10:10:05.567407,707.0,349.0,129.0,180.0
15912,6,CAM002,53,2.0374104181924952,795,True,8b9846a8-d4ff-4584-8387-7714d0f8f8d8,Westbound,2026-01-28 10:10:05.562412,431.0,390.0,39.0,64.0
15911,4,CAM002,41,2.0312791708644475,795,True,8b9846a8-d4ff-4584-8387-7714d0f8f8d8,Westbound,2026-01-28 10:10:05.557410,559.0,349.0,102.0,155.0
15910,1,CAM002,1,2.0278935605399147,795,True,8b9846a8-d4ff-4584-8387-7714d0f8f8d8,Westbound,2026-01-28 10:10:05.552404,442.0,370.0,157.0,168.0
15909,2,CAM002,57,1.5095904668907372,790,True,8b9846a8-d4ff-4584-8387-7714d0f8f8d8,Westbound,2026-01-28 10:10:00.316625,63.0,25.0,285.0,512.0
15908,7,CAM002,56,2.021546332954133,790,True,8b9846a8-d4ff-4584-8387-7714d0f8f8d8,Westbound,2026-01-28 10:10:00.313627,323.0,384.0,108.0,154.0
15907,3,CAM002,55,1.9358401508705199,790,True,8b9846a8-d4ff-4584-8387-7714d0f8f8d8,Westbound,2026-01-28 10:10:00.309628,723.0,347.0,116.0,184.0
15906,6,CAM002,53,1.9982923419689367,790,True,8b9846a8-d4ff-4584-8387-7714d0f8f8d8,Westbound,2026-01-28 10:10:00.304556,431.0,389.0,39.0,65.0
15905,4,CAM002,41,2.0127442569768563,790,True,8b9846a8-d4ff-4584-8387-7714d0f8f8d8,Westbound,2026-01-28 10:10:00.300554,558.0,350.0,103.0,155.0
15904,1,CAM002,1,2.025264250305146,790,True,8b9846a8-d4ff-4584-8387-7714d0f8f8d8,Westbound,2026-01-28 10:10:00.296558,443.0,371.0,156.0,167.0
15903,7,CAM002,56,2.0288836975156364,785,True,8b9846a8-d4ff-4584-8387-7714d0f8f8d8,Westbound,2026-01-28 10:09:56.930309,322.0,384.0,105.0,155.0
15902,3,CAM002,55,2.0290776796310364,785,True,8b9846a8-d4ff-4584-8387-7714d0f8f8d8,Westbound,2026-01-28 10:09:56.926312,738.0,347.0,119.0,190.0
15901,6,CAM002,53,2.0186961866920625,785,True,8b9846a8-d4ff-4584-8387-7714d0f8f8d8,Westbound,2026-01-28 10:09:56.922312,430.0,387.0,40.0,67.0
15900,4,CAM002,41,1.999846962287754,785,True,8b9846a8-d4ff-4584-8387-7714d0f8f8d8,Westbound,2026-01-28 10:09:56.918315,558.0,352.0,102.0,155.0
15899,1,CAM002,1,2.030353454110894,785,True,8b9846a8-d4ff-4584-8387-7714d0f8f8d8,Westbound,2026-01-28 10:09:56.914311,441.0,370.0,159.0,169.0
15898,7,CAM002,56,2.002502779421233,780,True,8b9846a8-d4ff-4584-8387-7714d0f8f8d8,Westbound,2026-01-28 10:09:53.878285,329.0,383.0,98.0,156.0
15897,3,CAM002,55,1.9652591263939934,780,True,8b9846a8-d4ff-4584-8387-7714d0f8f8d8,Westbound,2026-01-28 10:09:53.873285,726.0,349.0,125.0,187.0
15896,6,CAM002,53,2.0230113047850775,780,True,8b9846a8-d4ff-4584-8387-7714d0f8f8d8,Westbound,2026-01-28 10:09:53.868282,430.0,387.0,40.0,67.0
15895,4,CAM002,41,2.0339235298277183,780,True,8b9846a8-d4ff-4584-8387-7714d0f8f8d8,Westbound,2026-01-28 10:09:53.863287,557.0,353.0,102.0,153.0
15894,1,CAM002,1,2.034064794940943,780,True,8b9846a8-d4ff-4584-8387-7714d0f8f8d8,Westbound,2026-01-28 10:09:53.857319,441.0,371.0,160.0,167.0
15893,7,CAM002,56,2.0314770105672495,775,True,8b9846a8-d4ff-4584-8387-7714d0f8f8d8,Westbound,2026-01-28 10:09:50.566358,337.0,382.0,98.0,156.0
15892,3,CAM002,55,1.9493740527453505,775,True,8b9846a8-d4ff-4584-8387-7714d0f8f8d8,Westbound,2026-01-28 10:09:50.561558,728.0,352.0,106.0,183.0
15891,6,CAM002,53,2.011775312840675,775,True,8b9846a8-d4ff-4584-8387-7714d0f8f8d8,Westbound,2026-01-28 10:09:50.555553,430.0,387.0,40.0,67.0
15890,2,CAM002,46,2.0256359880420622,775,True,8b9846a8-d4ff-4584-8387-7714d0f8f8d8,Westbound,2026-01-28 10:09:50.550553,257.0,369.0,178.0,171.0
15889,4,CAM002,41,1.9842630825545553,775,True,8b9846a8-d4ff-4584-8387-7714d0f8f8d8,Westbound,2026-01-28 10:09:50.544550,553.0,350.0,106.0,155.0
15888,1,CAM002,1,2.031380515113613,775,True,8b9846a8-d4ff-4584-8387-7714d0f8f8d8,Westbound,2026-01-28 10:09:50.538554,440.0,373.0,161.0,165.0
15887,7,CAM002,56,1.994325384214238,770,True,8b9846a8-d4ff-4584-8387-7714d0f8f8d8,Westbound,2026-01-28 10:09:46.921088,335.0,381.0,101.0,156.0
15886,3,CAM002,55,2.009631028493035,770,True,8b9846a8-d4ff-4584-8387-7714d0f8f8d8,Westbound,2026-01-28 10:09:46.915083,744.0,346.0,106.0,190.0
15885,6,CAM002,53,2.03452366070127,770,True,8b9846a8-d4ff-4584-8387-7714d0f8f8d8,Westbound,2026-01-28 10:09:46.910086,430.0,388.0,40.0,66.0
15884,2,CAM002,46,2.0214578173610547,770,True,8b9846a8-d4ff-4584-8387-7714d0f8f8d8,Westbound,2026-01-28 10:09:46.906085,254.0,368.0,182.0,172.0
15883,4,CAM002,41,2.015257811367896,770,True,8b9846a8-d4ff-4584-8387-7714d0f8f8d8,Westbound,2026-01-28 10:09:46.902081,550.0,344.0,107.0,161.0
15882,1,CAM002,1,2.0267455663127043,770,True,8b9846a8-d4ff-4584-8387-7714d0f8f8d8,Westbound,2026-01-28 10:09:46.898082,439.0,373.0,162.0,165.0
15881,7,CAM002,56,1.9956211201810359,765,True,8b9846a8-d4ff-4584-8387-7714d0f8f8d8,Westbound,2026-01-28 10:09:43.300569,333.0,381.0,101.0,155.0
15880,3,CAM002,55,2.0283423188102097,765,True,8b9846a8-d4ff-4584-8387-7714d0f8f8d8,Westbound,2026-01-28 10:09:43.294575,745.0,345.0,103.0,191.0
15879,6,CAM002,53,1.8417294105117565,765,True,8b9846a8-d4ff-4584-8387-7714d0f8f8d8,Westbound,2026-01-28 10:09:43.288053,430.0,388.0,40.0,65.0
15878,2,CAM002,46,2.0022176679891612,765,True,8b9846a8-d4ff-4584-8387-7714d0f8f8d8,Westbound,2026-01-28 10:09:43.283054,251.0,367.0,184.0,173.0
15877,4,CAM002,41,2.0001516892993343,765,True,8b9846a8-d4ff-4584-8387-7714d0f8f8d8,Westbound,2026-01-28 10:09:43.278042,549.0,343.0,110.0,161.0
15876,1,CAM002,1,2.0183985833745206,765,True,8b9846a8-d4ff-4584-8387-7714d0f8f8d8,Westbound,2026-01-28 10:09:43.275034,437.0,373.0,166.0,164.0
15875,7,CAM002,56,2.0325032904698497,760,True,8b9846a8-d4ff-4584-8387-7714d0f8f8d8,Westbound,2026-01-28 10:09:39.789908,332.0,381.0,102.0,156.0
15874,3,CAM002,55,2.0384279334536117,760,True,8b9846a8-d4ff-4584-8387-7714d0f8f8d8,Westbound,2026-01-28 10:09:39.783905,745.0,344.0,105.0,192.0
15873,2,CAM002,46,2.029187378240938,760,True,8b9846a8-d4ff-4584-8387-7714d0f8f8d8,Westbound,2026-01-28 10:09:39.778908,249.0,367.0,184.0,173.0
15872,4,CAM002,41,1.9854601126449576,760,True,8b9846a8-d4ff-4584-8387-7714d0f8f8d8,Westbound,2026-01-28 10:09:39.774899,546.0,344.0,109.0,158.0
15871,1,CAM002,1,1.9779203920265127,760,True,8b9846a8-d4ff-4584-8387-7714d0f8f8d8,Westbound,2026-01-28 10:09:39.768944,430.0,372.0,170.0,163.0
15870,7,CAM002,56,2.036069083247146,755,True,8b9846a8-d4ff-4584-8387-7714d0f8f8d8,Westbound,2026-01-28 10:09:36.550108,331.0,381.0,104.0,156.0
15869,3,CAM002,55,2.016699294734022,755,True,8b9846a8-d4ff-4584-8387-7714d0f8f8d8,Westbound,2026-01-28 10:09:36.545106,744.0,344.0,105.0,190.0
15868,2,CAM002,46,2.0325202057551377,755,True,8b9846a8-d4ff-4584-8387-7714d0f8f8d8,Westbound,2026-01-28 10:09:36.540108,249.0,366.0,183.0,174.0
15867,4,CAM002,41,1.9970239665473657,755,True,8b9846a8-d4ff-4584-8387-7714d0f8f8d8,Westbound,2026-01-28 10:09:36.534106,542.0,341.0,113.0,160.0
15866,1,CAM002,1,1.9928670373860136,755,True,8b9846a8-d4ff-4584-8387-7714d0f8f8d8,Westbound,2026-01-28 10:09:36.529115,423.0,371.0,163.0,162.0
15865,7,CAM002,56,1.9085460711479325,750,True,8b9846a8-d4ff-4584-8387-7714d0f8f8d8,Westbound,2026-01-28 10:09:33.030024,331.0,382.0,103.0,155.0
15864,3,CAM002,55,2.0193370605757766,750,True,8b9846a8-d4ff-4584-8387-7714d0f8f8d8,Westbound,2026-01-28 10:09:33.026025,746.0,344.0,103.0,186.0
15863,6,CAM002,53,2.033597000096339,750,True,8b9846a8-d4ff-4584-8387-7714d0f8f8d8,Westbound,2026-01-28 10:09:33.021023,431.0,388.0,39.0,65.0
15862,2,CAM002,46,2.0278080995312364,750,True,8b9846a8-d4ff-4584-8387-7714d0f8f8d8,Westbound,2026-01-28 10:09:33.017020,249.0,366.0,183.0,174.0
15861,4,CAM002,41,2.005272961754698,750,True,8b9846a8-d4ff-4584-8387-7714d0f8f8d8,Westbound,2026-01-28 10:09:33.014022,543.0,345.0,108.0,155.0
15860,1,CAM002,1,1.9826720136683402,750,True,8b9846a8-d4ff-4584-8387-7714d0f8f8d8,Westbound,2026-01-28 10:09:33.012021,430.0,372.0,156.0,162.0
15859,6,CAM002,53,2.027675169299223,745,True,8b9846a8-d4ff-4584-8387-7714d0f8f8d8,Westbound,2026-01-28 10:09:29.354780,431.0,388.0,39.0,65.0
15858,5,CAM002,52,2.0170017569165792,745,True,8b9846a8-d4ff-4584-8387-7714d0f8f8d8,Westbound,2026-01-28 10:09:29.350772,685.0,363.0,100.0,162.0
15857,2,CAM002,46,2.035017360118677,745,True,8b9846a8-d4ff-4584-8387-7714d0f8f8d8,Westbound,2026-01-28 10:09:29.344772,248.0,367.0,183.0,173.0
15856,4,CAM002,41,2.0239639817107524,745,True,8b9846a8-d4ff-4584-8387-7714d0f8f8d8,Westbound,2026-01-28 10:09:29.340772,548.0,347.0,104.0,153.0
15855,1,CAM002,1,2.0389732737311816,745,True,8b9846a8-d4ff-4584-8387-7714d0f8f8d8,Westbound,2026-01-28 10:09:29.334771,441.0,371.0,156.0,166.0
15854,6,CAM002,53,2.0111744473116127,740,True,8b9846a8-d4ff-4584-8387-7714d0f8f8d8,Westbound,2026-01-28 10:09:25.049849,431.0,388.0,39.0,65.0
15853,5,CAM002,52,1.5838009371870734,740,True,8b9846a8-d4ff-4584-8387-7714d0f8f8d8,Westbound,2026-01-28 10:09:25.044850,676.0,362.0,117.0,162.0
15852,2,CAM002,46,2.0358778364630723,740,True,8b9846a8-d4ff-4584-8387-7714d0f8f8d8,Westbound,2026-01-28 10:09:25.039847,248.0,368.0,183.0,172.0
15851,4,CAM002,41,2.012194518542778,740,True,8b9846a8-d4ff-4584-8387-7714d0f8f8d8,Westbound,2026-01-28 10:09:25.033850,549.0,346.0,101.0,155.0
15850,1,CAM002,1,2.0332264121592694,740,True,8b9846a8-d4ff-4584-8387-7714d0f8f8d8,Westbound,2026-01-28 10:09:25.027894,440.0,370.0,158.0,168.0
15849,6,CAM002,53,1.9965671345106903,735,True,8b9846a8-d4ff-4584-8387-7714d0f8f8d8,Westbound,2026-01-28 10:09:22.014975,430.0,388.0,40.0,65.0
15848,2,CAM002,46,2.018017303965147,735,True,8b9846a8-d4ff-4584-8387-7714d0f8f8d8,Westbound,2026-01-28 10:09:22.009970,249.0,368.0,182.0,172.0
15847,4,CAM002,41,2.0238930663650017,735,True,8b9846a8-d4ff-4584-8387-7714d0f8f8d8,Westbound,2026-01-28 10:09:22.004970,547.0,348.0,101.0,154.0
15846,1,CAM002,1,2.0407605341842885,735,True,8b9846a8-d4ff-4584-8387-7714d0f8f8d8,Westbound,2026-01-28 10:09:21.999967,439.0,369.0,159.0,170.0
15845,6,CAM002,53,2.005306300818573,730,True,8b9846a8-d4ff-4584-8387-7714d0f8f8d8,Westbound,2026-01-28 10:09:19.085762,430.0,388.0,40.0,65.0
15844,2,CAM002,46,2.0359104731134594,730,True,8b9846a8-d4ff-4584-8387-7714d0f8f8d8,Westbound,2026-01-28 10:09:19.080231,249.0,368.0,182.0,172.0
15843,4,CAM002,41,2.0348952005125827,730,True,8b9846a8-d4ff-4584-8387-7714d0f8f8d8,Westbound,2026-01-28 10:09:19.076232,547.0,350.0,102.0,152.0
15842,1,CAM002,1,2.0367183426967395,730,True,8b9846a8-d4ff-4584-8387-7714d0f8f8d8,Westbound,2026-01-28 10:09:19.072223,439.0,369.0,159.0,170.0
15841,6,CAM002,53,2.030986747772093,725,True,8b9846a8-d4ff-4584-8387-7714d0f8f8d8,Westbound,2026-01-28 10:09:16.204865,429.0,388.0,41.0,64.0
15840,2,CAM002,46,2.014243717009833,725,True,8b9846a8-d4ff-4584-8387-7714d0f8f8d8,Westbound,2026-01-28 10:09:16.199863,249.0,367.0,182.0,173.0
15839,4,CAM002,41,1.9824825101409878,725,True,8b9846a8-d4ff-4584-8387-7714d0f8f8d8,Westbound,2026-01-28 10:09:16.197863,546.0,350.0,106.0,151.0
15838,1,CAM002,1,2.0289316842003213,725,True,8b9846a8-d4ff-4584-8387-7714d0f8f8d8,Westbound,2026-01-28 10:09:16.192879,440.0,370.0,159.0,168.0
15837,2,CAM002,46,2.0209431030645697,720,True,8b9846a8-d4ff-4584-8387-7714d0f8f8d8,Westbound,2026-01-28 10:09:13.578870,248.0,366.0,183.0,173.0
15836,5,CAM002,43,1.9181455217656198,720,True,8b9846a8-d4ff-4584-8387-7714d0f8f8d8,Westbound,2026-01-28 10:09:13.573871,685.0,357.0,152.0,161.0
15835,4,CAM002,41,2.0097126336855653,720,True,8b9846a8-d4ff-4584-8387-7714d0f8f8d8,Westbound,2026-01-28 10:09:13.567862,549.0,350.0,104.0,147.0
15834,1,CAM002,1,2.0135178269957583,720,True,8b9846a8-d4ff-4584-8387-7714d0f8f8d8,Westbound,2026-01-28 10:09:13.563358,441.0,372.0,157.0,166.0
15833,3,CAM002,52,1.9706582979700507,715,True,8b9846a8-d4ff-4584-8387-7714d0f8f8d8,Westbound,2026-01-28 10:09:10.143016,671.0,357.0,121.0,151.0
15832,2,CAM002,46,2.0092860408247666,715,True,8b9846a8-d4ff-4584-8387-7714d0f8f8d8,Westbound,2026-01-28 10:09:10.137018,248.0,366.0,183.0,172.0
15831,5,CAM002,43,1.7625472223799816,715,True,8b9846a8-d4ff-4584-8387-7714d0f8f8d8,Westbound,2026-01-28 10:09:10.133017,696.0,354.0,149.0,166.0
15830,4,CAM002,41,2.006008496119327,715,True,8b9846a8-d4ff-4584-8387-7714d0f8f8d8,Westbound,2026-01-28 10:09:10.129012,550.0,350.0,103.0,146.0
15829,1,CAM002,1,2.0035482117764207,715,True,8b9846a8-d4ff-4584-8387-7714d0f8f8d8,Westbound,2026-01-28 10:09:10.125063,439.0,370.0,160.0,170.0
15828,6,CAM002,53,2.007344774405934,710,True,8b9846a8-d4ff-4584-8387-7714d0f8f8d8,Westbound,2026-01-28 10:09:06.725111,429.0,387.0,39.0,64.0
15827,3,CAM002,52,1.9540687230232858,710,True,8b9846a8-d4ff-4584-8387-7714d0f8f8d8,Westbound,2026-01-28 10:09:06.720105,676.0,356.0,137.0,159.0
15826,2,CAM002,46,2.034139578763263,710,True,8b9846a8-d4ff-4584-8387-7714d0f8f8d8,Westbound,2026-01-28 10:09:06.715105,249.0,365.0,180.0,172.0
15825,4,CAM002,41,1.9572751369583816,710,True,8b9846a8-d4ff-4584-8387-7714d0f8f8d8,Westbound,2026-01-28 10:09:06.708096,548.0,347.0,103.0,148.0
15824,1,CAM002,1,2.031058722764711,710,True,8b9846a8-d4ff-4584-8387-7714d0f8f8d8,Westbound,2026-01-28 10:09:06.706115,436.0,368.0,164.0,172.0
15823,3,CAM002,52,1.9158080990174202,705,True,8b9846a8-d4ff-4584-8387-7714d0f8f8d8,Westbound,2026-01-28 10:09:02.613109,689.0,357.0,138.0,164.0
15822,2,CAM002,46,2.0173495037492692,705,True,8b9846a8-d4ff-4584-8387-7714d0f8f8d8,Westbound,2026-01-28 10:09:02.610105,248.0,365.0,181.0,172.0
15821,5,CAM002,43,2.0093574972578208,705,True,8b9846a8-d4ff-4584-8387-7714d0f8f8d8,Westbound,2026-01-28 10:09:02.606109,763.0,336.0,181.0,206.0
15820,4,CAM002,41,1.9565740704482844,705,True,8b9846a8-d4ff-4584-8387-7714d0f8f8d8,Westbound,2026-01-28 10:09:02.603104,544.0,343.0,107.0,151.0
15819,1,CAM002,1,1.9967794827819427,705,True,8b9846a8-d4ff-4584-8387-7714d0f8f8d8,Westbound,2026-01-28 10:09:02.600105,436.0,371.0,162.0,168.0
15818,2,CAM002,46,2.00551074092033,700,True,8b9846a8-d4ff-4584-8387-7714d0f8f8d8,Westbound,2026-01-28 10:08:58.941628,249.0,364.0,178.0,171.0
15817,5,CAM002,43,1.7385998399752822,700,True,8b9846a8-d4ff-4584-8387-7714d0f8f8d8,Westbound,2026-01-28 10:08:58.935613,760.0,363.0,140.0,172.0
15816,4,CAM002,41,2.022821546182618,700,True,8b9846a8-d4ff-4584-8387-7714d0f8f8d8,Westbound,2026-01-28 10:08:58.929612,546.0,349.0,103.0,145.0
15815,1,CAM002,1,1.9957103841317,700,True,8b9846a8-d4ff-4584-8387-7714d0f8f8d8,Westbound,2026-01-28 10:08:58.924612,438.0,373.0,157.0,165.0
15814,2,CAM002,46,2.0190558267512384,695,True,8b9846a8-d4ff-4584-8387-7714d0f8f8d8,Westbound,2026-01-28 10:08:56.173459,250.0,363.0,176.0,171.0
15813,5,CAM002,43,2.006897661690785,695,True,8b9846a8-d4ff-4584-8387-7714d0f8f8d8,Westbound,2026-01-28 10:08:56.170460,751.0,405.0,93.0,119.0
15812,4,CAM002,41,1.975994060651695,695,True,8b9846a8-d4ff-4584-8387-7714d0f8f8d8,Westbound,2026-01-28 10:08:56.165461,546.0,351.0,103.0,144.0
15811,1,CAM002,1,2.0364219993060275,695,True,8b9846a8-d4ff-4584-8387-7714d0f8f8d8,Westbound,2026-01-28 10:08:56.159474,437.0,370.0,160.0,168.0
15810,2,CAM002,46,1.9809494552761022,690,True,8b9846a8-d4ff-4584-8387-7714d0f8f8d8,Westbound,2026-01-28 10:08:53.534496,251.0,362.0,175.0,174.0
15809,5,CAM002,43,2.0120674276124064,690,True,8b9846a8-d4ff-4584-8387-7714d0f8f8d8,Westbound,2026-01-28 10:08:53.530490,756.0,405.0,83.0,116.0
15808,6,CAM002,33,2.0224981914483235,690,True,8b9846a8-d4ff-4584-8387-7714d0f8f8d8,Westbound,2026-01-28 10:08:53.526489,247.0,359.0,103.0,114.0
15807,1,CAM002,1,2.035270222292901,690,True,8b9846a8-d4ff-4584-8387-7714d0f8f8d8,Westbound,2026-01-28 10:08:53.522504,437.0,369.0,158.0,168.0
15806,2,CAM002,46,2.007105979396622,685,True,8b9846a8-d4ff-4584-8387-7714d0f8f8d8,Westbound,2026-01-28 10:08:50.874818,252.0,362.0,169.0,169.0
15805,5,CAM002,43,1.8356621630796965,685,True,8b9846a8-d4ff-4584-8387-7714d0f8f8d8,Westbound,2026-01-28 10:08:50.870815,761.0,397.0,72.0,124.0
15804,4,CAM002,41,2.0127529968760602,685,True,8b9846a8-d4ff-4584-8387-7714d0f8f8d8,Westbound,2026-01-28 10:08:50.865817,543.0,353.0,102.0,143.0
15803,6,CAM002,33,1.9936245150334642,685,True,8b9846a8-d4ff-4584-8387-7714d0f8f8d8,Westbound,2026-01-28 10:08:50.861811,248.0,360.0,102.0,113.0
15802,1,CAM002,1,2.015696200630941,685,True,8b9846a8-d4ff-4584-8387-7714d0f8f8d8,Westbound,2026-01-28 10:08:50.856827,437.0,368.0,158.0,169.0
15801,2,CAM002,46,1.9872046965851577,680,True,8b9846a8-d4ff-4584-8387-7714d0f8f8d8,Westbound,2026-01-28 10:08:48.051645,255.0,363.0,163.0,169.0
15800,4,CAM002,41,2.0364851205457106,680,True,8b9846a8-d4ff-4584-8387-7714d0f8f8d8,Westbound,2026-01-28 10:08:48.046648,545.0,352.0,100.0,143.0
15799,6,CAM002,33,2.0431117108608174,680,True,8b9846a8-d4ff-4584-8387-7714d0f8f8d8,Westbound,2026-01-28 10:08:48.042082,249.0,362.0,100.0,111.0
15798,1,CAM002,1,2.043197470839792,680,True,8b9846a8-d4ff-4584-8387-7714d0f8f8d8,Westbound,2026-01-28 10:08:48.037183,437.0,368.0,160.0,171.0
15797,2,CAM002,46,2.0335434996079575,675,True,8b9846a8-d4ff-4584-8387-7714d0f8f8d8,Westbound,2026-01-28 10:08:45.303039,255.0,364.0,164.0,173.0
15796,5,CAM002,43,2.0369593520268814,675,True,8b9846a8-d4ff-4584-8387-7714d0f8f8d8,Westbound,2026-01-28 10:08:45.299041,746.0,347.0,95.0,177.0
15795,4,CAM002,41,2.0059384469810015,675,True,8b9846a8-d4ff-4584-8387-7714d0f8f8d8,Westbound,2026-01-28 10:08:45.293037,551.0,353.0,95.0,141.0
15794,6,CAM002,33,1.947991971195401,675,True,8b9846a8-d4ff-4584-8387-7714d0f8f8d8,Westbound,2026-01-28 10:08:45.289035,249.0,362.0,100.0,111.0
15793,1,CAM002,1,2.0263715226991708,675,True,8b9846a8-d4ff-4584-8387-7714d0f8f8d8,Westbound,2026-01-28 10:08:45.285033,438.0,369.0,157.0,169.0
15792,2,CAM002,46,1.9504459994893415,670,True,8b9846a8-d4ff-4584-8387-7714d0f8f8d8,Westbound,2026-01-28 10:08:42.531081,260.0,363.0,153.0,174.0
15791,5,CAM002,43,1.9775912461275986,670,True,8b9846a8-d4ff-4584-8387-7714d0f8f8d8,Westbound,2026-01-28 10:08:42.528082,747.0,345.0,92.0,178.0
15790,4,CAM002,41,1.9610231279128663,670,True,8b9846a8-d4ff-4584-8387-7714d0f8f8d8,Westbound,2026-01-28 10:08:42.524080,552.0,351.0,97.0,143.0
15789,1,CAM002,1,1.9939770185468197,670,True,8b9846a8-d4ff-4584-8387-7714d0f8f8d8,Westbound,2026-01-28 10:08:42.520116,439.0,370.0,154.0,167.0
15788,2,CAM002,46,2.0082053905677593,665,True,8b9846a8-d4ff-4584-8387-7714d0f8f8d8,Westbound,2026-01-28 10:08:40.068191,257.0,358.0,152.0,177.0
15787,5,CAM002,43,2.0071453020495187,665,True,8b9846a8-d4ff-4584-8387-7714d0f8f8d8,Westbound,2026-01-28 10:08:40.064191,745.0,341.0,91.0,180.0
15786,4,CAM002,41,2.0296657813440317,665,True,8b9846a8-d4ff-4584-8387-7714d0f8f8d8,Westbound,2026-01-28 10:08:40.060193,543.0,344.0,102.0,151.0
15785,1,CAM002,1,2.021459788718046,665,True,8b9846a8-d4ff-4584-8387-7714d0f8f8d8,Westbound,2026-01-28 10:08:40.051294,437.0,366.0,156.0,170.0
15784,2,CAM002,46,1.8933216633346457,660,True,8b9846a8-d4ff-4584-8387-7714d0f8f8d8,Westbound,2026-01-28 10:08:36.933482,287.0,367.0,127.0,165.0
15783,3,CAM002,45,2.0124720994906378,660,True,8b9846a8-d4ff-4584-8387-7714d0f8f8d8,Westbound,2026-01-28 10:08:36.931435,684.0,356.0,158.0,185.0
15782,5,CAM002,43,1.5993167681664118,660,True,8b9846a8-d4ff-4584-8387-7714d0f8f8d8,Westbound,2026-01-28 10:08:36.924433,754.0,341.0,91.0,182.0
15781,4,CAM002,41,1.9984306064011477,660,True,8b9846a8-d4ff-4584-8387-7714d0f8f8d8,Westbound,2026-01-28 10:08:36.920432,544.0,345.0,100.0,149.0
15780,6,CAM002,33,2.0229829574177245,660,True,8b9846a8-d4ff-4584-8387-7714d0f8f8d8,Westbound,2026-01-28 10:08:36.916423,245.0,361.0,99.0,111.0
15779,1,CAM002,1,2.005478793068727,660,True,8b9846a8-d4ff-4584-8387-7714d0f8f8d8,Westbound,2026-01-28 10:08:36.911417,437.0,365.0,154.0,170.0
15778,2,CAM002,46,1.890325408428276,655,True,8b9846a8-d4ff-4584-8387-7714d0f8f8d8,Westbound,2026-01-28 10:08:33.512845,297.0,364.0,130.0,166.0
15777,3,CAM002,45,1.8512781986572675,655,True,8b9846a8-d4ff-4584-8387-7714d0f8f8d8,Westbound,2026-01-28 10:08:33.507847,687.0,355.0,146.0,183.0
15776,5,CAM002,42,1.9999736984036744,655,True,8b9846a8-d4ff-4584-8387-7714d0f8f8d8,Westbound,2026-01-28 10:08:33.502847,424.0,382.0,39.0,64.0
15775,4,CAM002,41,1.9393057331694563,655,True,8b9846a8-d4ff-4584-8387-7714d0f8f8d8,Westbound,2026-01-28 10:08:33.498842,547.0,345.0,96.0,148.0
15774,6,CAM002,33,1.957729413927134,655,True,8b9846a8-d4ff-4584-8387-7714d0f8f8d8,Westbound,2026-01-28 10:08:33.493849,245.0,360.0,99.0,112.0
15773,1,CAM002,1,1.9944097669811223,655,True,8b9846a8-d4ff-4584-8387-7714d0f8f8d8,Westbound,2026-01-28 10:08:33.489956,436.0,360.0,156.0,174.0
15772,2,CAM002,46,2.028037639788718,650,True,8b9846a8-d4ff-4584-8387-7714d0f8f8d8,Westbound,2026-01-28 10:08:30.726228,259.0,330.0,153.0,204.0
15771,5,CAM002,42,2.036211749334018,650,True,8b9846a8-d4ff-4584-8387-7714d0f8f8d8,Westbound,2026-01-28 10:08:30.721226,422.0,379.0,40.0,66.0
15770,1,CAM002,1,2.0171563774620678,650,True,8b9846a8-d4ff-4584-8387-7714d0f8f8d8,Westbound,2026-01-28 10:08:30.716378,434.0,355.0,159.0,179.0
15769,2,CAM002,46,1.8614997755950906,645,True,8b9846a8-d4ff-4584-8387-7714d0f8f8d8,Westbound,2026-01-28 10:08:28.094905,286.0,348.0,126.0,187.0
15768,5,CAM002,42,2.02786440669395,645,True,8b9846a8-d4ff-4584-8387-7714d0f8f8d8,Westbound,2026-01-28 10:08:28.089865,421.0,378.0,40.0,66.0
15767,4,CAM002,41,2.0228797852036307,645,True,8b9846a8-d4ff-4584-8387-7714d0f8f8d8,Westbound,2026-01-28 10:08:28.085867,550.0,343.0,95.0,147.0
15766,6,CAM002,33,2.016631320723037,645,True,8b9846a8-d4ff-4584-8387-7714d0f8f8d8,Westbound,2026-01-28 10:08:28.080867,242.0,355.0,100.0,114.0
15765,1,CAM002,1,2.0117650917821774,645,True,8b9846a8-d4ff-4584-8387-7714d0f8f8d8,Westbound,2026-01-28 10:08:28.074994,432.0,356.0,159.0,179.0
15764,2,CAM002,46,1.9944409035994863,640,True,8b9846a8-d4ff-4584-8387-7714d0f8f8d8,Westbound,2026-01-28 10:08:24.900980,320.0,377.0,102.0,154.0
15763,3,CAM002,45,1.9744970999633127,640,True,8b9846a8-d4ff-4584-8387-7714d0f8f8d8,Westbound,2026-01-28 10:08:24.897983,664.0,351.0,116.0,150.0
15762,5,CAM002,42,2.0193809341154894,640,True,8b9846a8-d4ff-4584-8387-7714d0f8f8d8,Westbound,2026-01-28 10:08:24.893979,419.0,377.0,40.0,66.0
15761,4,CAM002,41,1.973938085886661,640,True,8b9846a8-d4ff-4584-8387-7714d0f8f8d8,Westbound,2026-01-28 10:08:24.889980,549.0,341.0,96.0,148.0
15760,6,CAM002,33,1.9459393521440962,640,True,8b9846a8-d4ff-4584-8387-7714d0f8f8d8,Westbound,2026-01-28 10:08:24.886982,241.0,355.0,101.0,113.0
15759,1,CAM002,1,2.010461889288835,640,True,8b9846a8-d4ff-4584-8387-7714d0f8f8d8,Westbound,2026-01-28 10:08:24.883979,432.0,357.0,158.0,179.0
15758,2,CAM002,46,2.017461900614818,635,True,8b9846a8-d4ff-4584-8387-7714d0f8f8d8,Westbound,2026-01-28 10:08:22.027471,316.0,372.0,102.0,153.0
15757,3,CAM002,45,1.9330627045141604,635,True,8b9846a8-d4ff-4584-8387-7714d0f8f8d8,Westbound,2026-01-28 10:08:22.024471,668.0,350.0,134.0,162.0
15756,5,CAM002,42,2.006742704825323,635,True,8b9846a8-d4ff-4584-8387-7714d0f8f8d8,Westbound,2026-01-28 10:08:22.021471,417.0,376.0,41.0,66.0
15755,4,CAM002,41,2.0110662869505083,635,True,8b9846a8-d4ff-4584-8387-7714d0f8f8d8,Westbound,2026-01-28 10:08:22.018471,548.0,336.0,97.0,150.0
15754,1,CAM002,1,2.02013746773063,635,True,8b9846a8-d4ff-4584-8387-7714d0f8f8d8,Westbound,2026-01-28 10:08:22.013952,431.0,358.0,157.0,178.0
15753,2,CAM002,46,1.975618192264205,630,True,8b9846a8-d4ff-4584-8387-7714d0f8f8d8,Westbound,2026-01-28 10:08:19.095649,314.0,368.0,102.0,157.0
15752,3,CAM002,45,1.914709872496531,630,True,8b9846a8-d4ff-4584-8387-7714d0f8f8d8,Westbound,2026-01-28 10:08:19.091607,682.0,349.0,142.0,180.0
15751,5,CAM002,42,1.963635390233675,630,True,8b9846a8-d4ff-4584-8387-7714d0f8f8d8,Westbound,2026-01-28 10:08:19.087610,417.0,375.0,41.0,65.0
15750,4,CAM002,41,2.024811755322668,630,True,8b9846a8-d4ff-4584-8387-7714d0f8f8d8,Westbound,2026-01-28 10:08:19.083608,546.0,335.0,98.0,149.0
15749,6,CAM002,33,2.0312426647517103,630,True,8b9846a8-d4ff-4584-8387-7714d0f8f8d8,Westbound,2026-01-28 10:08:19.081608,239.0,350.0,96.0,108.0
15748,1,CAM002,1,2.0195097825914026,630,True,8b9846a8-d4ff-4584-8387-7714d0f8f8d8,Westbound,2026-01-28 10:08:19.076709,429.0,356.0,157.0,179.0
15747,2,CAM002,46,2.004706809442619,625,True,8b9846a8-d4ff-4584-8387-7714d0f8f8d8,Westbound,2026-01-28 10:08:16.610089,314.0,364.0,103.0,160.0
15746,5,CAM002,42,2.0104189846194083,625,True,8b9846a8-d4ff-4584-8387-7714d0f8f8d8,Westbound,2026-01-28 10:08:16.607046,414.0,372.0,41.0,65.0
15745,4,CAM002,41,1.9018318198020043,625,True,8b9846a8-d4ff-4584-8387-7714d0f8f8d8,Westbound,2026-01-28 10:08:16.604045,545.0,336.0,98.0,147.0
15744,6,CAM002,33,2.000726756957043,625,True,8b9846a8-d4ff-4584-8387-7714d0f8f8d8,Westbound,2026-01-28 10:08:16.601077,238.0,348.0,96.0,109.0
15743,1,CAM002,1,2.0178187738816913,625,True,8b9846a8-d4ff-4584-8387-7714d0f8f8d8,Westbound,2026-01-28 10:08:16.595029,426.0,355.0,159.0,181.0
15742,2,CAM002,46,1.989075239694766,620,True,8b9846a8-d4ff-4584-8387-7714d0f8f8d8,Westbound,2026-01-28 10:08:14.083326,314.0,364.0,101.0,155.0
15741,5,CAM002,42,1.6494549918293486,620,True,8b9846a8-d4ff-4584-8387-7714d0f8f8d8,Westbound,2026-01-28 10:08:14.080326,413.0,371.0,41.0,65.0
15740,6,CAM002,33,2.0062618057926858,620,True,8b9846a8-d4ff-4584-8387-7714d0f8f8d8,Westbound,2026-01-28 10:08:14.076369,234.0,345.0,99.0,112.0
15739,1,CAM002,1,2.011672057677023,620,True,8b9846a8-d4ff-4584-8387-7714d0f8f8d8,Westbound,2026-01-28 10:08:14.072324,425.0,352.0,157.0,179.0
15738,5,CAM002,47,2.027354624735964,615,True,8b9846a8-d4ff-4584-8387-7714d0f8f8d8,Westbound,2026-01-28 10:08:11.051431,230.0,347.0,180.0,178.0
15737,2,CAM002,46,2.0093925654160123,615,True,8b9846a8-d4ff-4584-8387-7714d0f8f8d8,Westbound,2026-01-28 10:08:11.047420,315.0,363.0,96.0,148.0
15736,3,CAM002,45,2.02808362632403,615,True,8b9846a8-d4ff-4584-8387-7714d0f8f8d8,Westbound,2026-01-28 10:08:11.043415,678.0,343.0,130.0,172.0
15735,6,CAM002,42,2.0250742064729765,615,True,8b9846a8-d4ff-4584-8387-7714d0f8f8d8,Westbound,2026-01-28 10:08:11.040416,409.0,366.0,40.0,64.0
15734,4,CAM002,41,2.0104173841383917,615,True,8b9846a8-d4ff-4584-8387-7714d0f8f8d8,Westbound,2026-01-28 10:08:11.036414,536.0,315.0,112.0,169.0
15733,5,CAM002,33,0.8987936259884242,615,True,8b9846a8-d4ff-4584-8387-7714d0f8f8d8,Westbound,2026-01-28 10:08:11.033414,231.0,344.0,100.0,112.0
15732,1,CAM002,1,1.9649497967961669,615,True,8b9846a8-d4ff-4584-8387-7714d0f8f8d8,Westbound,2026-01-28 10:08:11.030416,422.0,347.0,157.0,178.0
15731,2,CAM002,46,2.0093106897221205,610,True,8b9846a8-d4ff-4584-8387-7714d0f8f8d8,Westbound,2026-01-28 10:08:07.292263,314.0,361.0,95.0,151.0
15730,3,CAM002,45,1.884821266025214,610,True,8b9846a8-d4ff-4584-8387-7714d0f8f8d8,Westbound,2026-01-28 10:08:07.288262,677.0,343.0,103.0,161.0
15729,6,CAM002,42,1.9993125370990388,610,True,8b9846a8-d4ff-4584-8387-7714d0f8f8d8,Westbound,2026-01-28 10:08:07.283250,408.0,364.0,41.0,65.0
15728,4,CAM002,41,1.980932003893492,610,True,8b9846a8-d4ff-4584-8387-7714d0f8f8d8,Westbound,2026-01-28 10:08:07.279246,535.0,315.0,112.0,165.0
15727,1,CAM002,1,2.030299473599841,610,True,8b9846a8-d4ff-4584-8387-7714d0f8f8d8,Westbound,2026-01-28 10:08:07.275248,419.0,341.0,157.0,179.0
15726,2,CAM002,46,1.9960593208464896,605,True,8b9846a8-d4ff-4584-8387-7714d0f8f8d8,Westbound,2026-01-28 10:08:04.100904,311.0,357.0,96.0,156.0
15725,2,CAM002,45,0.6567862851067398,605,True,8b9846a8-d4ff-4584-8387-7714d0f8f8d8,Westbound,2026-01-28 10:08:04.097354,671.0,343.0,75.0,145.0
15724,6,CAM002,42,1.9941837201563826,605,True,8b9846a8-d4ff-4584-8387-7714d0f8f8d8,Westbound,2026-01-28 10:08:04.092355,405.0,361.0,42.0,67.0
15723,4,CAM002,41,2.0174016791760057,605,True,8b9846a8-d4ff-4584-8387-7714d0f8f8d8,Westbound,2026-01-28 10:08:04.089355,534.0,314.0,110.0,160.0
15722,3,CAM002,39,2.0140711461922733,605,True,8b9846a8-d4ff-4584-8387-7714d0f8f8d8,Westbound,2026-01-28 10:08:04.085355,722.0,381.0,95.0,116.0
15721,5,CAM002,33,1.9930155111051253,605,True,8b9846a8-d4ff-4584-8387-7714d0f8f8d8,Westbound,2026-01-28 10:08:04.081349,227.0,338.0,97.0,108.0
15720,1,CAM002,1,2.0146383155608616,605,True,8b9846a8-d4ff-4584-8387-7714d0f8f8d8,Westbound,2026-01-28 10:08:04.077348,416.0,341.0,158.0,178.0
15719,6,CAM002,42,1.9917332040310494,600,True,8b9846a8-d4ff-4584-8387-7714d0f8f8d8,Westbound,2026-01-28 10:08:00.659809,402.0,359.0,42.0,66.0
15718,4,CAM002,41,1.9599862809239512,600,True,8b9846a8-d4ff-4584-8387-7714d0f8f8d8,Westbound,2026-01-28 10:08:00.654812,532.0,313.0,111.0,159.0
15717,3,CAM002,39,1.8381091467118453,600,True,8b9846a8-d4ff-4584-8387-7714d0f8f8d8,Westbound,2026-01-28 10:08:00.649811,717.0,377.0,101.0,122.0
15716,5,CAM002,33,1.9786307471546696,600,True,8b9846a8-d4ff-4584-8387-7714d0f8f8d8,Westbound,2026-01-28 10:08:00.644813,226.0,337.0,97.0,109.0
15715,1,CAM002,1,2.0275863704382227,600,True,8b9846a8-d4ff-4584-8387-7714d0f8f8d8,Westbound,2026-01-28 10:08:00.639807,416.0,344.0,154.0,176.0
15714,6,CAM002,42,2.0305518027913987,595,True,8b9846a8-d4ff-4584-8387-7714d0f8f8d8,Westbound,2026-01-28 10:07:58.688312,400.0,357.0,41.0,65.0
15713,1,CAM002,1,2.017448537353034,595,True,8b9846a8-d4ff-4584-8387-7714d0f8f8d8,Westbound,2026-01-28 10:07:58.685314,415.0,343.0,153.0,178.0
15712,6,CAM002,42,1.997434913795171,590,True,8b9846a8-d4ff-4584-8387-7714d0f8f8d8,Westbound,2026-01-28 10:07:56.526626,399.0,356.0,41.0,65.0
15711,4,CAM002,41,2.0315731636106165,590,True,8b9846a8-d4ff-4584-8387-7714d0f8f8d8,Westbound,2026-01-28 10:07:56.520630,529.0,308.0,111.0,158.0
15710,3,CAM002,39,2.0005335553508234,590,True,8b9846a8-d4ff-4584-8387-7714d0f8f8d8,Westbound,2026-01-28 10:07:56.514627,658.0,329.0,158.0,190.0
15709,5,CAM002,33,2.0322329441925007,590,True,8b9846a8-d4ff-4584-8387-7714d0f8f8d8,Westbound,2026-01-28 10:07:56.509622,217.0,328.0,102.0,114.0
15708,1,CAM002,1,1.9635066704934316,590,True,8b9846a8-d4ff-4584-8387-7714d0f8f8d8,Westbound,2026-01-28 10:07:56.505623,412.0,336.0,155.0,185.0
15707,6,CAM002,42,1.9015263846555868,585,True,8b9846a8-d4ff-4584-8387-7714d0f8f8d8,Westbound,2026-01-28 10:07:53.436790,396.0,355.0,41.0,64.0
15706,4,CAM002,41,2.008743245828542,585,True,8b9846a8-d4ff-4584-8387-7714d0f8f8d8,Westbound,2026-01-28 10:07:53.431789,527.0,307.0,110.0,159.0
15705,3,CAM002,39,2.0106786308012725,585,True,8b9846a8-d4ff-4584-8387-7714d0f8f8d8,Westbound,2026-01-28 10:07:53.426792,656.0,330.0,153.0,186.0
15704,5,CAM002,33,1.994760565351937,585,True,8b9846a8-d4ff-4584-8387-7714d0f8f8d8,Westbound,2026-01-28 10:07:53.422787,216.0,327.0,103.0,115.0
15703,1,CAM002,1,2.0223536779627396,585,True,8b9846a8-d4ff-4584-8387-7714d0f8f8d8,Westbound,2026-01-28 10:07:53.418799,405.0,325.0,163.0,194.0
15702,4,CAM002,41,1.9879099947356054,580,True,8b9846a8-d4ff-4584-8387-7714d0f8f8d8,Westbound,2026-01-28 10:07:50.732092,523.0,307.0,112.0,159.0
15701,3,CAM002,39,1.8780249503970856,580,True,8b9846a8-d4ff-4584-8387-7714d0f8f8d8,Westbound,2026-01-28 10:07:50.727093,655.0,331.0,138.0,182.0
15700,5,CAM002,33,1.992699725239385,580,True,8b9846a8-d4ff-4584-8387-7714d0f8f8d8,Westbound,2026-01-28 10:07:50.724091,214.0,324.0,105.0,115.0
15699,1,CAM002,1,2.017572405830905,580,True,8b9846a8-d4ff-4584-8387-7714d0f8f8d8,Westbound,2026-01-28 10:07:50.721094,406.0,329.0,157.0,186.0
15698,6,CAM002,42,2.0246674375057885,575,True,8b9846a8-d4ff-4584-8387-7714d0f8f8d8,Westbound,2026-01-28 10:07:48.279604,388.0,346.0,43.0,66.0
15697,4,CAM002,41,1.9394469474599692,575,True,8b9846a8-d4ff-4584-8387-7714d0f8f8d8,Westbound,2026-01-28 10:07:48.275605,525.0,307.0,108.0,157.0
15696,5,CAM002,33,1.8813779426591808,575,True,8b9846a8-d4ff-4584-8387-7714d0f8f8d8,Westbound,2026-01-28 10:07:48.271603,213.0,324.0,104.0,114.0
15695,3,CAM002,20,1.9871254290942997,575,True,8b9846a8-d4ff-4584-8387-7714d0f8f8d8,Westbound,2026-01-28 10:07:48.268597,707.0,364.0,90.0,118.0
15694,1,CAM002,1,2.0027861679368226,575,True,8b9846a8-d4ff-4584-8387-7714d0f8f8d8,Westbound,2026-01-28 10:07:48.265698,404.0,330.0,154.0,182.0
15693,6,CAM002,42,1.9845491558792714,570,True,8b9846a8-d4ff-4584-8387-7714d0f8f8d8,Westbound,2026-01-28 10:07:45.868033,386.0,344.0,43.0,66.0
15692,4,CAM002,41,1.9980774463312956,570,True,8b9846a8-d4ff-4584-8387-7714d0f8f8d8,Westbound,2026-01-28 10:07:45.863024,514.0,292.0,109.0,161.0
15691,3,CAM002,20,1.7571388144720792,570,True,8b9846a8-d4ff-4584-8387-7714d0f8f8d8,Westbound,2026-01-28 10:07:45.859021,706.0,362.0,85.0,120.0
15690,1,CAM002,1,1.9886063415528512,570,True,8b9846a8-d4ff-4584-8387-7714d0f8f8d8,Westbound,2026-01-28 10:07:45.855049,399.0,325.0,158.0,188.0
15689,6,CAM002,42,2.0184522474020454,565,True,8b9846a8-d4ff-4584-8387-7714d0f8f8d8,Westbound,2026-01-28 10:07:43.658354,380.0,337.0,43.0,67.0
15688,4,CAM002,41,1.9839344667590637,565,True,8b9846a8-d4ff-4584-8387-7714d0f8f8d8,Westbound,2026-01-28 10:07:43.655347,512.0,291.0,110.0,160.0
15687,1,CAM002,1,1.9456563887232834,565,True,8b9846a8-d4ff-4584-8387-7714d0f8f8d8,Westbound,2026-01-28 10:07:43.650300,392.0,321.0,161.0,188.0
15686,6,CAM002,42,1.945152470703709,560,True,8b9846a8-d4ff-4584-8387-7714d0f8f8d8,Westbound,2026-01-28 10:07:41.535169,378.0,337.0,44.0,66.0
15685,4,CAM002,41,1.9781219468926452,560,True,8b9846a8-d4ff-4584-8387-7714d0f8f8d8,Westbound,2026-01-28 10:07:41.532166,506.0,290.0,113.0,164.0
15684,1,CAM002,1,2.0292883576765735,560,True,8b9846a8-d4ff-4584-8387-7714d0f8f8d8,Westbound,2026-01-28 10:07:41.527182,389.0,319.0,157.0,181.0
15683,6,CAM002,42,2.028378016690634,555,True,8b9846a8-d4ff-4584-8387-7714d0f8f8d8,Westbound,2026-01-28 10:07:39.089430,370.0,333.0,44.0,65.0
15682,4,CAM002,41,1.9470793961132455,555,True,8b9846a8-d4ff-4584-8387-7714d0f8f8d8,Westbound,2026-01-28 10:07:39.085384,497.0,289.0,122.0,170.0
15681,2,CAM002,39,2.0295178210404083,555,True,8b9846a8-d4ff-4584-8387-7714d0f8f8d8,Westbound,2026-01-28 10:07:39.081427,267.0,333.0,147.0,207.0
15680,5,CAM002,33,2.024237340461057,555,True,8b9846a8-d4ff-4584-8387-7714d0f8f8d8,Westbound,2026-01-28 10:07:39.078416,195.0,325.0,87.0,95.0
15679,1,CAM002,1,1.9720630569187487,555,True,8b9846a8-d4ff-4584-8387-7714d0f8f8d8,Westbound,2026-01-28 10:07:39.074375,384.0,320.0,158.0,181.0
15678,3,CAM002,44,1.9493080337966326,550,True,8b9846a8-d4ff-4584-8387-7714d0f8f8d8,Westbound,2026-01-28 10:07:35.932455,672.0,301.0,101.0,180.0
15677,6,CAM002,42,1.8730186232721726,550,True,8b9846a8-d4ff-4584-8387-7714d0f8f8d8,Westbound,2026-01-28 10:07:35.927461,369.0,332.0,42.0,64.0
15676,4,CAM002,41,1.9761639252591272,550,True,8b9846a8-d4ff-4584-8387-7714d0f8f8d8,Westbound,2026-01-28 10:07:35.921464,490.0,282.0,119.0,165.0
15675,2,CAM002,39,1.3340048563342126,550,True,8b9846a8-d4ff-4584-8387-7714d0f8f8d8,Westbound,2026-01-28 10:07:35.915454,264.0,328.0,145.0,212.0
15674,5,CAM002,33,1.7744297060629624,550,True,8b9846a8-d4ff-4584-8387-7714d0f8f8d8,Westbound,2026-01-28 10:07:35.909453,196.0,321.0,82.0,97.0
15673,1,CAM002,1,1.9548669504566625,550,True,8b9846a8-d4ff-4584-8387-7714d0f8f8d8,Westbound,2026-01-28 10:07:35.907563,379.0,318.0,156.0,179.0
15672,4,CAM002,41,1.9921871434593619,545,True,8b9846a8-d4ff-4584-8387-7714d0f8f8d8,Westbound,2026-01-28 10:07:33.155342,489.0,286.0,119.0,157.0
15671,2,CAM002,20,2.020638897931597,545,True,8b9846a8-d4ff-4584-8387-7714d0f8f8d8,Westbound,2026-01-28 10:07:33.152340,600.0,309.0,110.0,163.0
15670,1,CAM002,1,1.9704244231936476,545,True,8b9846a8-d4ff-4584-8387-7714d0f8f8d8,Westbound,2026-01-28 10:07:33.148333,374.0,312.0,152.0,176.0
15669,3,CAM002,43,1.9884204681645445,540,True,8b9846a8-d4ff-4584-8387-7714d0f8f8d8,Westbound,2026-01-28 10:07:30.731466,839.0,275.0,65.0,137.0
15668,4,CAM002,41,1.9436218810606272,540,True,8b9846a8-d4ff-4584-8387-7714d0f8f8d8,Westbound,2026-01-28 10:07:30.726464,486.0,283.0,115.0,152.0
15667,2,CAM002,20,1.7133832474146848,540,True,8b9846a8-d4ff-4584-8387-7714d0f8f8d8,Westbound,2026-01-28 10:07:30.722459,595.0,306.0,120.0,162.0
15666,1,CAM002,1,1.959932616672741,540,True,8b9846a8-d4ff-4584-8387-7714d0f8f8d8,Westbound,2026-01-28 10:07:30.720457,366.0,305.0,155.0,181.0
15665,3,CAM002,43,1.99916216924913,535,True,8b9846a8-d4ff-4584-8387-7714d0f8f8d8,Westbound,2026-01-28 10:07:28.142251,829.0,262.0,70.0,136.0
15664,6,CAM002,42,1.9805928242215458,535,True,8b9846a8-d4ff-4584-8387-7714d0f8f8d8,Westbound,2026-01-28 10:07:28.138254,351.0,308.0,43.0,65.0
15663,4,CAM002,41,1.9685075147313875,535,True,8b9846a8-d4ff-4584-8387-7714d0f8f8d8,Westbound,2026-01-28 10:07:28.135253,478.0,270.0,118.0,152.0
15662,5,CAM002,33,1.9822799290420972,535,True,8b9846a8-d4ff-4584-8387-7714d0f8f8d8,Westbound,2026-01-28 10:07:28.132253,165.0,256.0,101.0,123.0
15661,1,CAM002,1,1.9313264751006978,535,True,8b9846a8-d4ff-4584-8387-7714d0f8f8d8,Westbound,2026-01-28 10:07:28.130286,359.0,293.0,161.0,183.0
15660,3,CAM002,43,1.5666273805043263,530,True,8b9846a8-d4ff-4584-8387-7714d0f8f8d8,Westbound,2026-01-28 10:07:25.333200,812.0,252.0,81.0,137.0
15659,6,CAM002,42,1.9736934097322256,530,True,8b9846a8-d4ff-4584-8387-7714d0f8f8d8,Westbound,2026-01-28 10:07:25.330364,350.0,298.0,41.0,64.0
15658,4,CAM002,41,1.901943780829848,530,True,8b9846a8-d4ff-4584-8387-7714d0f8f8d8,Westbound,2026-01-28 10:07:25.326363,482.0,271.0,108.0,141.0
15657,2,CAM002,36,2.0140926791243676,530,True,8b9846a8-d4ff-4584-8387-7714d0f8f8d8,Westbound,2026-01-28 10:07:25.324365,823.0,237.0,50.0,101.0
15656,5,CAM002,33,0.8473499845784425,530,True,8b9846a8-d4ff-4584-8387-7714d0f8f8d8,Westbound,2026-01-28 10:07:25.321363,172.0,257.0,94.0,124.0
15655,1,CAM002,1,1.9419260670116694,530,True,8b9846a8-d4ff-4584-8387-7714d0f8f8d8,Westbound,2026-01-28 10:07:25.316358,359.0,281.0,154.0,174.0
15654,6,CAM002,42,2.015706614462774,525,True,8b9846a8-d4ff-4584-8387-7714d0f8f8d8,Westbound,2026-01-28 10:07:22.977083,343.0,286.0,42.0,65.0
15653,4,CAM002,41,2.0003082506441605,525,True,8b9846a8-d4ff-4584-8387-7714d0f8f8d8,Westbound,2026-01-28 10:07:22.974082,473.0,242.0,117.0,154.0
15652,5,CAM002,39,1.3584976329415088,525,True,8b9846a8-d4ff-4584-8387-7714d0f8f8d8,Westbound,2026-01-28 10:07:22.971083,246.0,283.0,147.0,257.0
15651,2,CAM002,36,1.9215412175998152,525,True,8b9846a8-d4ff-4584-8387-7714d0f8f8d8,Westbound,2026-01-28 10:07:22.968084,820.0,236.0,53.0,115.0
15650,3,CAM002,20,1.9947863248874935,525,True,8b9846a8-d4ff-4584-8387-7714d0f8f8d8,Westbound,2026-01-28 10:07:22.964083,600.0,272.0,109.0,142.0
15649,1,CAM002,1,2.002610505091441,525,True,8b9846a8-d4ff-4584-8387-7714d0f8f8d8,Westbound,2026-01-28 10:07:22.961108,355.0,274.0,154.0,173.0
15648,5,CAM002,43,2.009009241957827,520,True,8b9846a8-d4ff-4584-8387-7714d0f8f8d8,Westbound,2026-01-28 10:07:20.028996,647.0,244.0,104.0,169.0
15647,6,CAM002,42,1.989928035593158,520,True,8b9846a8-d4ff-4584-8387-7714d0f8f8d8,Westbound,2026-01-28 10:07:20.024996,343.0,284.0,40.0,64.0
15646,4,CAM002,41,1.9525340313746666,520,True,8b9846a8-d4ff-4584-8387-7714d0f8f8d8,Westbound,2026-01-28 10:07:20.021991,472.0,241.0,117.0,153.0
15645,2,CAM002,36,1.981502709706347,520,True,8b9846a8-d4ff-4584-8387-7714d0f8f8d8,Westbound,2026-01-28 10:07:20.019992,809.0,232.0,66.0,137.0
15644,3,CAM002,20,1.8949068958338986,520,True,8b9846a8-d4ff-4584-8387-7714d0f8f8d8,Westbound,2026-01-28 10:07:20.016991,600.0,270.0,102.0,146.0
15643,1,CAM002,1,1.96268801475083,520,True,8b9846a8-d4ff-4584-8387-7714d0f8f8d8,Westbound,2026-01-28 10:07:20.013043,352.0,270.0,155.0,174.0
15642,6,CAM002,42,1.960823017524947,515,True,8b9846a8-d4ff-4584-8387-7714d0f8f8d8,Westbound,2026-01-28 10:07:17.385524,340.0,279.0,41.0,64.0
15641,4,CAM002,41,1.9959619548012917,515,True,8b9846a8-d4ff-4584-8387-7714d0f8f8d8,Westbound,2026-01-28 10:07:17.384189,465.0,234.0,117.0,152.0
15640,2,CAM002,36,1.9656152412475703,515,True,8b9846a8-d4ff-4584-8387-7714d0f8f8d8,Westbound,2026-01-28 10:07:17.381189,799.0,223.0,73.0,140.0
15639,3,CAM002,20,1.94987303892965,515,True,8b9846a8-d4ff-4584-8387-7714d0f8f8d8,Westbound,2026-01-28 10:07:17.377188,572.0,260.0,114.0,168.0
15638,1,CAM002,1,1.9425962097085963,515,True,8b9846a8-d4ff-4584-8387-7714d0f8f8d8,Westbound,2026-01-28 10:07:17.354187,349.0,263.0,157.0,178.0
15637,6,CAM002,42,1.7777771127096196,510,True,8b9846a8-d4ff-4584-8387-7714d0f8f8d8,Westbound,2026-01-28 10:07:14.382357,337.0,273.0,42.0,66.0
15636,4,CAM002,41,1.9802153852683735,510,True,8b9846a8-d4ff-4584-8387-7714d0f8f8d8,Westbound,2026-01-28 10:07:14.378355,465.0,236.0,115.0,147.0
15635,2,CAM002,36,1.9798965319729251,510,True,8b9846a8-d4ff-4584-8387-7714d0f8f8d8,Westbound,2026-01-28 10:07:14.373353,798.0,216.0,72.0,138.0
15634,5,CAM002,33,2.0312024464970655,510,True,8b9846a8-d4ff-4584-8387-7714d0f8f8d8,Westbound,2026-01-28 10:07:14.370354,235.0,266.0,103.0,143.0
15633,3,CAM002,20,1.9675412227638465,510,True,8b9846a8-d4ff-4584-8387-7714d0f8f8d8,Westbound,2026-01-28 10:07:14.367354,568.0,256.0,121.0,162.0
15632,1,CAM002,1,1.9512471212914795,510,True,8b9846a8-d4ff-4584-8387-7714d0f8f8d8,Westbound,2026-01-28 10:07:14.363371,346.0,255.0,162.0,181.0
15631,4,CAM002,41,1.9828889531138403,505,True,8b9846a8-d4ff-4584-8387-7714d0f8f8d8,Westbound,2026-01-28 10:07:11.100637,463.0,237.0,111.0,141.0
15630,2,CAM002,36,1.9862933628129742,505,True,8b9846a8-d4ff-4584-8387-7714d0f8f8d8,Westbound,2026-01-28 10:07:11.096636,797.0,207.0,76.0,142.0
15629,5,CAM002,33,1.9023538636046575,505,True,8b9846a8-d4ff-4584-8387-7714d0f8f8d8,Westbound,2026-01-28 10:07:11.094637,234.0,263.0,104.0,144.0
15628,3,CAM002,20,1.8770891290813279,505,True,8b9846a8-d4ff-4584-8387-7714d0f8f8d8,Westbound,2026-01-28 10:07:11.090636,570.0,241.0,138.0,158.0
15627,1,CAM002,1,1.9617480269125012,505,True,8b9846a8-d4ff-4584-8387-7714d0f8f8d8,Westbound,2026-01-28 10:07:11.087650,344.0,249.0,158.0,176.0
15626,4,CAM002,41,1.9276623315840657,500,True,8b9846a8-d4ff-4584-8387-7714d0f8f8d8,Westbound,2026-01-28 10:07:08.127894,474.0,236.0,96.0,133.0
15625,2,CAM002,36,1.97864530713695,500,True,8b9846a8-d4ff-4584-8387-7714d0f8f8d8,Westbound,2026-01-28 10:07:08.122869,794.0,199.0,78.0,148.0
15624,3,CAM002,20,1.8386675341756051,500,True,8b9846a8-d4ff-4584-8387-7714d0f8f8d8,Westbound,2026-01-28 10:07:08.116867,586.0,223.0,144.0,163.0
15623,1,CAM002,1,1.9480135922857469,500,True,8b9846a8-d4ff-4584-8387-7714d0f8f8d8,Westbound,2026-01-28 10:07:08.113864,342.0,243.0,156.0,174.0
15622,6,CAM002,42,0.0,495,True,8b9846a8-d4ff-4584-8387-7714d0f8f8d8,Westbound,2026-01-28 10:07:05.186288,333.0,250.0,41.0,65.0
15621,4,CAM002,41,1.7721296621224036,495,True,8b9846a8-d4ff-4584-8387-7714d0f8f8d8,Westbound,2026-01-28 10:07:05.184289,485.0,240.0,90.0,119.0
15620,2,CAM002,36,1.9723958564316653,495,True,8b9846a8-d4ff-4584-8387-7714d0f8f8d8,Westbound,2026-01-28 10:07:05.180251,799.0,190.0,73.0,146.0
15619,5,CAM002,33,1.9915827218097115,495,True,8b9846a8-d4ff-4584-8387-7714d0f8f8d8,Westbound,2026-01-28 10:07:05.177284,230.0,236.0,108.0,148.0
15618,3,CAM002,20,2.013081445019824,495,True,8b9846a8-d4ff-4584-8387-7714d0f8f8d8,Westbound,2026-01-28 10:07:05.174248,576.0,223.0,118.0,138.0
15617,1,CAM002,1,1.97198291940938,495,True,8b9846a8-d4ff-4584-8387-7714d0f8f8d8,Westbound,2026-01-28 10:07:05.170350,341.0,232.0,156.0,173.0
15616,2,CAM002,36,1.7228882362746811,490,True,8b9846a8-d4ff-4584-8387-7714d0f8f8d8,Westbound,2026-01-28 10:07:02.112493,809.0,182.0,55.0,141.0
15615,5,CAM002,33,2.0106085753200618,490,True,8b9846a8-d4ff-4584-8387-7714d0f8f8d8,Westbound,2026-01-28 10:07:02.106488,227.0,236.0,111.0,148.0
15614,3,CAM002,20,1.8417186699270158,490,True,8b9846a8-d4ff-4584-8387-7714d0f8f8d8,Westbound,2026-01-28 10:07:02.100488,574.0,223.0,124.0,139.0
15613,1,CAM002,1,2.0221127992916417,490,True,8b9846a8-d4ff-4584-8387-7714d0f8f8d8,Westbound,2026-01-28 10:07:02.094487,343.0,225.0,153.0,172.0
15612,4,CAM002,41,1.9926512767509554,485,True,8b9846a8-d4ff-4584-8387-7714d0f8f8d8,Westbound,2026-01-28 10:06:59.579365,450.0,192.0,119.0,156.0
15611,5,CAM002,33,1.328875179442519,485,True,8b9846a8-d4ff-4584-8387-7714d0f8f8d8,Westbound,2026-01-28 10:06:59.574350,221.0,237.0,121.0,148.0
15610,1,CAM002,1,1.9700918670475984,485,True,8b9846a8-d4ff-4584-8387-7714d0f8f8d8,Westbound,2026-01-28 10:06:59.572448,340.0,224.0,152.0,174.0
15609,4,CAM002,41,1.972912649988771,480,True,8b9846a8-d4ff-4584-8387-7714d0f8f8d8,Westbound,2026-01-28 10:06:56.782133,450.0,200.0,117.0,152.0
15608,5,CAM002,36,2.0096356554556185,480,True,8b9846a8-d4ff-4584-8387-7714d0f8f8d8,Westbound,2026-01-28 10:06:56.777120,799.0,185.0,45.0,126.0
15607,3,CAM002,20,2.011645667715431,480,True,8b9846a8-d4ff-4584-8387-7714d0f8f8d8,Westbound,2026-01-28 10:06:56.771127,573.0,217.0,146.0,162.0
15606,1,CAM002,1,1.9737408906494134,480,True,8b9846a8-d4ff-4584-8387-7714d0f8f8d8,Westbound,2026-01-28 10:06:56.764126,329.0,228.0,157.0,182.0
15605,5,CAM002,36,1.597198055007914,475,True,8b9846a8-d4ff-4584-8387-7714d0f8f8d8,Westbound,2026-01-28 10:06:53.459666,798.0,190.0,41.0,137.0
15604,2,CAM002,34,1.9531705341736456,475,True,8b9846a8-d4ff-4584-8387-7714d0f8f8d8,Westbound,2026-01-28 10:06:53.455612,774.0,179.0,64.0,100.0
15603,3,CAM002,20,1.9497993246706335,475,True,8b9846a8-d4ff-4584-8387-7714d0f8f8d8,Westbound,2026-01-28 10:06:53.452609,579.0,222.0,141.0,165.0
15602,1,CAM002,1,1.988221737429795,475,True,8b9846a8-d4ff-4584-8387-7714d0f8f8d8,Westbound,2026-01-28 10:06:53.448601,325.0,232.0,162.0,186.0
15601,5,CAM002,36,1.9883926389703854,470,True,8b9846a8-d4ff-4584-8387-7714d0f8f8d8,Westbound,2026-01-28 10:06:50.466087,766.0,235.0,62.0,210.0
15600,2,CAM002,28,1.9800371882544476,470,True,8b9846a8-d4ff-4584-8387-7714d0f8f8d8,Westbound,2026-01-28 10:06:50.463088,602.0,226.0,181.0,210.0
15599,3,CAM002,20,1.6973857459481878,470,True,8b9846a8-d4ff-4584-8387-7714d0f8f8d8,Westbound,2026-01-28 10:06:50.460089,590.0,231.0,125.0,171.0
15598,1,CAM002,1,1.9393196250165214,470,True,8b9846a8-d4ff-4584-8387-7714d0f8f8d8,Westbound,2026-01-28 10:06:50.455704,335.0,238.0,158.0,179.0
15597,4,CAM002,33,1.8511047909495306,465,True,8b9846a8-d4ff-4584-8387-7714d0f8f8d8,Westbound,2026-01-28 10:06:47.906441,209.0,303.0,81.0,96.0
15596,2,CAM002,28,1.791444331693736,465,True,8b9846a8-d4ff-4584-8387-7714d0f8f8d8,Westbound,2026-01-28 10:06:47.902439,625.0,252.0,142.0,181.0
15595,1,CAM002,1,1.7844100333326716,465,True,8b9846a8-d4ff-4584-8387-7714d0f8f8d8,Westbound,2026-01-28 10:06:47.898434,362.0,257.0,151.0,177.0
15594,5,CAM002,31,1.9115410450348604,460,True,8b9846a8-d4ff-4584-8387-7714d0f8f8d8,Westbound,2026-01-28 10:06:45.358452,742.0,350.0,96.0,120.0
15593,3,CAM002,20,1.9311023479056428,460,True,8b9846a8-d4ff-4584-8387-7714d0f8f8d8,Westbound,2026-01-28 10:06:45.354943,559.0,295.0,105.0,154.0
15592,1,CAM002,1,1.9083296619103238,460,True,8b9846a8-d4ff-4584-8387-7714d0f8f8d8,Westbound,2026-01-28 10:06:45.349944,434.0,307.0,165.0,196.0
15591,5,CAM002,31,2.0197358563812786,455,True,8b9846a8-d4ff-4584-8387-7714d0f8f8d8,Westbound,2026-01-28 10:06:42.431048,741.0,348.0,98.0,123.0
15590,4,CAM002,30,1.96022284401246,455,True,8b9846a8-d4ff-4584-8387-7714d0f8f8d8,Westbound,2026-01-28 10:06:42.427048,425.0,337.0,46.0,64.0
15589,3,CAM002,20,1.9940914941992147,455,True,8b9846a8-d4ff-4584-8387-7714d0f8f8d8,Westbound,2026-01-28 10:06:42.423044,557.0,296.0,105.0,153.0
15588,1,CAM002,1,2.0066922159848577,455,True,8b9846a8-d4ff-4584-8387-7714d0f8f8d8,Westbound,2026-01-28 10:06:42.419045,432.0,307.0,167.0,195.0
15587,5,CAM002,31,2.0275469829842514,450,True,8b9846a8-d4ff-4584-8387-7714d0f8f8d8,Westbound,2026-01-28 10:06:39.492254,740.0,347.0,100.0,125.0
15586,3,CAM002,20,1.9775922395024002,450,True,8b9846a8-d4ff-4584-8387-7714d0f8f8d8,Westbound,2026-01-28 10:06:39.489256,550.0,298.0,108.0,151.0
15585,1,CAM002,1,1.9775723919294332,450,True,8b9846a8-d4ff-4584-8387-7714d0f8f8d8,Westbound,2026-01-28 10:06:39.485253,432.0,312.0,165.0,188.0
15584,5,CAM002,31,2.042917199923004,445,True,8b9846a8-d4ff-4584-8387-7714d0f8f8d8,Westbound,2026-01-28 10:06:36.548294,741.0,350.0,98.0,122.0
15583,4,CAM002,30,2.003270995375556,445,True,8b9846a8-d4ff-4584-8387-7714d0f8f8d8,Westbound,2026-01-28 10:06:36.545295,426.0,336.0,48.0,65.0
15582,3,CAM002,20,1.979268163480207,445,True,8b9846a8-d4ff-4584-8387-7714d0f8f8d8,Westbound,2026-01-28 10:06:36.541294,544.0,301.0,107.0,148.0
15581,1,CAM002,1,1.975262308500396,445,True,8b9846a8-d4ff-4584-8387-7714d0f8f8d8,Westbound,2026-01-28 10:06:36.538298,437.0,320.0,157.0,179.0
15580,5,CAM002,31,2.0275996124300657,440,True,8b9846a8-d4ff-4584-8387-7714d0f8f8d8,Westbound,2026-01-28 10:06:33.171091,741.0,351.0,98.0,120.0
15579,4,CAM002,30,1.9007158413461385,440,True,8b9846a8-d4ff-4584-8387-7714d0f8f8d8,Westbound,2026-01-28 10:06:33.166089,424.0,337.0,50.0,64.0
15578,2,CAM002,28,2.0046911630966946,440,True,8b9846a8-d4ff-4584-8387-7714d0f8f8d8,Westbound,2026-01-28 10:06:33.162087,669.0,339.0,90.0,158.0
15577,3,CAM002,20,2.013664033250863,440,True,8b9846a8-d4ff-4584-8387-7714d0f8f8d8,Westbound,2026-01-28 10:06:33.154089,544.0,301.0,106.0,147.0
15576,1,CAM002,1,2.002780823168575,440,True,8b9846a8-d4ff-4584-8387-7714d0f8f8d8,Westbound,2026-01-28 10:06:33.151087,438.0,322.0,155.0,175.0
15575,5,CAM002,31,2.032206495362834,435,True,8b9846a8-d4ff-4584-8387-7714d0f8f8d8,Westbound,2026-01-28 10:06:30.172922,741.0,352.0,98.0,119.0
15574,4,CAM002,30,0.7923743458948924,435,True,8b9846a8-d4ff-4584-8387-7714d0f8f8d8,Westbound,2026-01-28 10:06:30.169924,419.0,338.0,56.0,64.0
15573,2,CAM002,28,1.3766211782083841,435,True,8b9846a8-d4ff-4584-8387-7714d0f8f8d8,Westbound,2026-01-28 10:06:30.165924,681.0,342.0,87.0,157.0
15572,3,CAM002,20,1.9317927311452252,435,True,8b9846a8-d4ff-4584-8387-7714d0f8f8d8,Westbound,2026-01-28 10:06:30.160924,543.0,302.0,106.0,146.0
15571,1,CAM002,1,1.9028916991242883,435,True,8b9846a8-d4ff-4584-8387-7714d0f8f8d8,Westbound,2026-01-28 10:06:30.156925,438.0,322.0,153.0,176.0
15570,3,CAM002,20,2.023040074396683,430,True,8b9846a8-d4ff-4584-8387-7714d0f8f8d8,Westbound,2026-01-28 10:06:26.848792,544.0,303.0,103.0,145.0
15569,1,CAM002,1,2.0329059897661814,430,True,8b9846a8-d4ff-4584-8387-7714d0f8f8d8,Westbound,2026-01-28 10:06:26.842805,432.0,311.0,165.0,188.0
15568,4,CAM002,27,2.0405184535118943,425,True,8b9846a8-d4ff-4584-8387-7714d0f8f8d8,Westbound,2026-01-28 10:06:24.450203,251.0,321.0,226.0,219.0
15567,3,CAM002,20,1.9088676635620963,425,True,8b9846a8-d4ff-4584-8387-7714d0f8f8d8,Westbound,2026-01-28 10:06:24.447202,548.0,306.0,96.0,141.0
15566,1,CAM002,1,1.9971550354364205,425,True,8b9846a8-d4ff-4584-8387-7714d0f8f8d8,Westbound,2026-01-28 10:06:24.443204,431.0,315.0,167.0,186.0
15565,4,CAM002,27,2.0160172020503966,420,True,8b9846a8-d4ff-4584-8387-7714d0f8f8d8,Westbound,2026-01-28 10:06:21.994405,251.0,320.0,226.0,220.0
15564,1,CAM002,1,2.0195205495493807,420,True,8b9846a8-d4ff-4584-8387-7714d0f8f8d8,Westbound,2026-01-28 10:06:21.990499,432.0,321.0,165.0,183.0
15563,4,CAM002,27,2.018295740465362,415,True,8b9846a8-d4ff-4584-8387-7714d0f8f8d8,Westbound,2026-01-28 10:06:19.655497,252.0,320.0,222.0,220.0
15562,1,CAM002,1,2.0319361317776887,415,True,8b9846a8-d4ff-4584-8387-7714d0f8f8d8,Westbound,2026-01-28 10:06:19.651497,432.0,322.0,165.0,182.0
15561,5,CAM002,30,2.0033721657032872,410,True,8b9846a8-d4ff-4584-8387-7714d0f8f8d8,Westbound,2026-01-28 10:06:17.259230,250.0,320.0,100.0,103.0
15560,4,CAM002,27,2.012465130348927,410,True,8b9846a8-d4ff-4584-8387-7714d0f8f8d8,Westbound,2026-01-28 10:06:17.255227,253.0,321.0,217.0,219.0
15559,1,CAM002,1,2.0177780932854303,410,True,8b9846a8-d4ff-4584-8387-7714d0f8f8d8,Westbound,2026-01-28 10:06:17.251085,432.0,324.0,165.0,181.0
15558,5,CAM002,30,2.0299397805954595,405,True,8b9846a8-d4ff-4584-8387-7714d0f8f8d8,Westbound,2026-01-28 10:06:14.357137,249.0,319.0,100.0,105.0
15557,4,CAM002,27,1.9904731925270323,405,True,8b9846a8-d4ff-4584-8387-7714d0f8f8d8,Westbound,2026-01-28 10:06:14.354139,257.0,319.0,210.0,221.0
15556,3,CAM002,20,2.0386115734624193,405,True,8b9846a8-d4ff-4584-8387-7714d0f8f8d8,Westbound,2026-01-28 10:06:14.351135,554.0,307.0,92.0,139.0
15555,1,CAM002,1,2.022228663683622,405,True,8b9846a8-d4ff-4584-8387-7714d0f8f8d8,Westbound,2026-01-28 10:06:14.349170,431.0,325.0,160.0,179.0
15554,5,CAM002,30,1.9449420503747628,400,True,8b9846a8-d4ff-4584-8387-7714d0f8f8d8,Westbound,2026-01-28 10:06:11.937642,247.0,319.0,102.0,105.0
15553,3,CAM002,20,1.9624914207688486,400,True,8b9846a8-d4ff-4584-8387-7714d0f8f8d8,Westbound,2026-01-28 10:06:11.934638,554.0,306.0,93.0,141.0
15552,1,CAM002,1,2.0254479059642874,400,True,8b9846a8-d4ff-4584-8387-7714d0f8f8d8,Westbound,2026-01-28 10:06:11.931639,432.0,323.0,153.0,180.0
15551,4,CAM002,27,2.012835514759196,395,True,8b9846a8-d4ff-4584-8387-7714d0f8f8d8,Westbound,2026-01-28 10:06:09.998015,261.0,319.0,207.0,221.0
15550,1,CAM002,1,1.9754193847678183,395,True,8b9846a8-d4ff-4584-8387-7714d0f8f8d8,Westbound,2026-01-28 10:06:09.995003,439.0,324.0,143.0,178.0
15549,4,CAM002,27,1.9795551775119533,390,True,8b9846a8-d4ff-4584-8387-7714d0f8f8d8,Westbound,2026-01-28 10:06:07.466096,254.0,318.0,198.0,222.0
15548,3,CAM002,20,2.0384305877735036,390,True,8b9846a8-d4ff-4584-8387-7714d0f8f8d8,Westbound,2026-01-28 10:06:07.461091,555.0,303.0,96.0,146.0
15547,2,CAM002,18,2.026300756759999,390,True,8b9846a8-d4ff-4584-8387-7714d0f8f8d8,Westbound,2026-01-28 10:06:07.459095,731.0,296.0,123.0,174.0
15546,1,CAM002,1,1.9581565605809967,390,True,8b9846a8-d4ff-4584-8387-7714d0f8f8d8,Westbound,2026-01-28 10:06:07.455107,457.0,320.0,133.0,184.0
15545,5,CAM002,30,2.0308208056949066,385,True,8b9846a8-d4ff-4584-8387-7714d0f8f8d8,Westbound,2026-01-28 10:06:04.086259,249.0,319.0,102.0,105.0
15544,4,CAM002,27,2.0043982163491543,385,True,8b9846a8-d4ff-4584-8387-7714d0f8f8d8,Westbound,2026-01-28 10:06:04.082259,236.0,318.0,202.0,222.0
15543,3,CAM002,20,2.012036149482568,385,True,8b9846a8-d4ff-4584-8387-7714d0f8f8d8,Westbound,2026-01-28 10:06:04.079253,555.0,303.0,97.0,145.0
15542,2,CAM002,18,1.918224810557388,385,True,8b9846a8-d4ff-4584-8387-7714d0f8f8d8,Westbound,2026-01-28 10:06:04.076253,710.0,302.0,137.0,176.0
15541,1,CAM002,1,2.0193740381539396,385,True,8b9846a8-d4ff-4584-8387-7714d0f8f8d8,Westbound,2026-01-28 10:06:04.073268,471.0,312.0,145.0,192.0
15540,3,CAM002,20,2.0330515000593232,380,True,8b9846a8-d4ff-4584-8387-7714d0f8f8d8,Westbound,2026-01-28 10:06:00.735908,553.0,303.0,100.0,145.0
15539,2,CAM002,18,1.9504765893079485,380,True,8b9846a8-d4ff-4584-8387-7714d0f8f8d8,Westbound,2026-01-28 10:06:00.732911,681.0,310.0,133.0,178.0
15538,1,CAM002,1,1.9570979192236426,380,True,8b9846a8-d4ff-4584-8387-7714d0f8f8d8,Westbound,2026-01-28 10:06:00.726907,449.0,314.0,167.0,189.0
15537,4,CAM002,27,1.9646866100636102,375,True,8b9846a8-d4ff-4584-8387-7714d0f8f8d8,Westbound,2026-01-28 10:05:57.414586,251.0,319.0,210.0,221.0
15536,3,CAM002,20,1.9938600328857108,375,True,8b9846a8-d4ff-4584-8387-7714d0f8f8d8,Westbound,2026-01-28 10:05:57.408590,545.0,303.0,104.0,146.0
15535,2,CAM002,18,1.953165893404363,375,True,8b9846a8-d4ff-4584-8387-7714d0f8f8d8,Westbound,2026-01-28 10:05:57.402585,668.0,310.0,144.0,179.0
15534,1,CAM002,1,2.019124519460134,375,True,8b9846a8-d4ff-4584-8387-7714d0f8f8d8,Westbound,2026-01-28 10:05:57.400601,428.0,320.0,168.0,182.0
15533,3,CAM002,20,1.9233941324487243,370,True,8b9846a8-d4ff-4584-8387-7714d0f8f8d8,Westbound,2026-01-28 10:05:54.396946,544.0,303.0,98.0,145.0
15532,2,CAM002,18,2.0203507015939737,370,True,8b9846a8-d4ff-4584-8387-7714d0f8f8d8,Westbound,2026-01-28 10:05:54.393944,681.0,309.0,155.0,190.0
15531,1,CAM002,1,2.0269880301061485,370,True,8b9846a8-d4ff-4584-8387-7714d0f8f8d8,Westbound,2026-01-28 10:05:54.388927,428.0,323.0,168.0,180.0
15530,5,CAM002,29,2.0196848427974614,365,True,8b9846a8-d4ff-4584-8387-7714d0f8f8d8,Westbound,2026-01-28 10:05:51.102449,739.0,300.0,96.0,198.0
15529,4,CAM002,27,1.9971105455033829,365,True,8b9846a8-d4ff-4584-8387-7714d0f8f8d8,Westbound,2026-01-28 10:05:51.097448,256.0,318.0,220.0,222.0
15528,3,CAM002,20,2.0313814207766914,365,True,8b9846a8-d4ff-4584-8387-7714d0f8f8d8,Westbound,2026-01-28 10:05:51.093448,555.0,304.0,93.0,142.0
15527,2,CAM002,18,1.8549799613989024,365,True,8b9846a8-d4ff-4584-8387-7714d0f8f8d8,Westbound,2026-01-28 10:05:51.089447,684.0,310.0,146.0,190.0
15526,1,CAM002,1,1.9560962089027258,365,True,8b9846a8-d4ff-4584-8387-7714d0f8f8d8,Westbound,2026-01-28 10:05:51.084381,428.0,325.0,167.0,176.0
15525,5,CAM002,29,1.8787432396503672,360,True,8b9846a8-d4ff-4584-8387-7714d0f8f8d8,Westbound,2026-01-28 10:05:47.602576,740.0,301.0,96.0,199.0
15524,4,CAM002,27,1.8728988120448413,360,True,8b9846a8-d4ff-4584-8387-7714d0f8f8d8,Westbound,2026-01-28 10:05:47.598613,251.0,317.0,211.0,223.0
15523,3,CAM002,20,1.9927215261355868,360,True,8b9846a8-d4ff-4584-8387-7714d0f8f8d8,Westbound,2026-01-28 10:05:47.595586,556.0,304.0,93.0,143.0
15522,1,CAM002,1,1.984473322956646,360,True,8b9846a8-d4ff-4584-8387-7714d0f8f8d8,Westbound,2026-01-28 10:05:47.591673,426.0,321.0,163.0,176.0
15521,3,CAM002,20,2.0311461771811974,355,True,8b9846a8-d4ff-4584-8387-7714d0f8f8d8,Westbound,2026-01-28 10:05:44.616985,555.0,302.0,95.0,147.0
15520,2,CAM002,18,1.9886236673138975,355,True,8b9846a8-d4ff-4584-8387-7714d0f8f8d8,Westbound,2026-01-28 10:05:44.613984,670.0,316.0,113.0,153.0
15519,1,CAM002,1,1.9849313948804193,355,True,8b9846a8-d4ff-4584-8387-7714d0f8f8d8,Westbound,2026-01-28 10:05:44.609985,424.0,314.0,159.0,180.0
15518,3,CAM002,20,1.9543698084721652,350,True,8b9846a8-d4ff-4584-8387-7714d0f8f8d8,Westbound,2026-01-28 10:05:42.071480,555.0,304.0,94.0,144.0
15517,2,CAM002,18,1.9546398360285397,350,True,8b9846a8-d4ff-4584-8387-7714d0f8f8d8,Westbound,2026-01-28 10:05:42.065477,676.0,316.0,123.0,156.0
15516,1,CAM002,1,1.924702994297946,350,True,8b9846a8-d4ff-4584-8387-7714d0f8f8d8,Westbound,2026-01-28 10:05:42.059465,448.0,322.0,135.0,174.0
15515,2,CAM002,18,1.8979571948795724,345,True,8b9846a8-d4ff-4584-8387-7714d0f8f8d8,Westbound,2026-01-28 10:05:39.413325,690.0,317.0,112.0,155.0
15514,1,CAM002,1,2.016115287224762,345,True,8b9846a8-d4ff-4584-8387-7714d0f8f8d8,Westbound,2026-01-28 10:05:39.406805,474.0,334.0,135.0,169.0
15513,3,CAM002,20,2.040552328026747,340,True,8b9846a8-d4ff-4584-8387-7714d0f8f8d8,Westbound,2026-01-28 10:05:36.417623,556.0,306.0,92.0,140.0
15512,2,CAM002,18,1.8706566596320786,340,True,8b9846a8-d4ff-4584-8387-7714d0f8f8d8,Westbound,2026-01-28 10:05:36.412676,685.0,298.0,116.0,168.0
15511,1,CAM002,1,1.898662590120598,340,True,8b9846a8-d4ff-4584-8387-7714d0f8f8d8,Westbound,2026-01-28 10:05:36.406657,455.0,333.0,152.0,168.0
15510,3,CAM002,20,2.033461844788955,335,True,8b9846a8-d4ff-4584-8387-7714d0f8f8d8,Westbound,2026-01-28 10:05:33.212381,557.0,305.0,91.0,141.0
15509,2,CAM002,18,1.5445798856183084,335,True,8b9846a8-d4ff-4584-8387-7714d0f8f8d8,Westbound,2026-01-28 10:05:33.208382,695.0,249.0,138.0,221.0
15508,1,CAM002,1,1.9842148153941437,335,True,8b9846a8-d4ff-4584-8387-7714d0f8f8d8,Westbound,2026-01-28 10:05:33.203379,428.0,322.0,163.0,175.0
15507,4,CAM002,25,1.9825474280445101,330,True,8b9846a8-d4ff-4584-8387-7714d0f8f8d8,Westbound,2026-01-28 10:05:30.553965,248.0,319.0,97.0,99.0
15506,3,CAM002,20,2.0400926084504123,330,True,8b9846a8-d4ff-4584-8387-7714d0f8f8d8,Westbound,2026-01-28 10:05:30.549959,557.0,305.0,91.0,142.0
15505,1,CAM002,1,1.9831239374649823,330,True,8b9846a8-d4ff-4584-8387-7714d0f8f8d8,Westbound,2026-01-28 10:05:30.544953,431.0,322.0,159.0,174.0
15504,4,CAM002,25,1.38497192146603,325,True,8b9846a8-d4ff-4584-8387-7714d0f8f8d8,Westbound,2026-01-28 10:05:27.964803,249.0,318.0,105.0,108.0
15503,3,CAM002,20,2.023394951352808,325,True,8b9846a8-d4ff-4584-8387-7714d0f8f8d8,Westbound,2026-01-28 10:05:27.960800,557.0,304.0,91.0,143.0
15502,1,CAM002,1,1.9491196667084458,325,True,8b9846a8-d4ff-4584-8387-7714d0f8f8d8,Westbound,2026-01-28 10:05:27.957799,434.0,320.0,158.0,174.0
15501,3,CAM002,20,1.949708358211553,320,True,8b9846a8-d4ff-4584-8387-7714d0f8f8d8,Westbound,2026-01-28 10:05:25.392548,555.0,302.0,94.0,146.0
15500,1,CAM002,1,1.9060936799147148,320,True,8b9846a8-d4ff-4584-8387-7714d0f8f8d8,Westbound,2026-01-28 10:05:25.390552,434.0,321.0,155.0,170.0
15499,4,CAM002,25,0.0,315,True,8b9846a8-d4ff-4584-8387-7714d0f8f8d8,Westbound,2026-01-28 10:05:22.311457,254.0,318.0,218.0,223.0
15498,3,CAM002,20,0.0,315,True,8b9846a8-d4ff-4584-8387-7714d0f8f8d8,Westbound,2026-01-28 10:05:22.307458,554.0,300.0,95.0,148.0
15497,2,CAM002,18,0.0,315,True,8b9846a8-d4ff-4584-8387-7714d0f8f8d8,Westbound,2026-01-28 10:05:22.303455,671.0,229.0,94.0,222.0
15496,1,CAM002,1,0.0,315,True,8b9846a8-d4ff-4584-8387-7714d0f8f8d8,Westbound,2026-01-28 10:05:22.297455,435.0,322.0,153.0,170.0
