id,persistent_id,camera_id,track_id,confidence,frame_id,in_geo_fence,fence_id,fence_name,timestamp,bbox_x,bbox_y,bbox_width,bbox_height
5936,3,CAM002,92,2.0141172888473617,1665,True,3778898b-349e-4f75-8ea8-ae7872429588,Westbound,2025-11-18 14:04:16.926909,368.0,383.0,101.0,103.0
5935,4,CAM002,82,1.7638904035681882,1665,True,3778898b-349e-4f75-8ea8-ae7872429588,Westbound,2025-11-18 14:04:16.923979,249.0,369.0,130.0,163.0
5934,1,CAM002,57,1.9781950658071317,1665,True,3778898b-349e-4f75-8ea8-ae7872429588,Westbound,2025-11-18 14:04:16.920028,408.0,331.0,233.0,209.0
5933,5,CAM001,70,2.0129631193254616,1710,True,34bbee35-39af-49b9-ab65-c313c776cd74,Eastbound,2025-11-18 14:04:16.184796,149.0,345.0,54.0,73.0
5932,4,CAM001,69,1.7461867216259097,1710,True,34bbee35-39af-49b9-ab65-c313c776cd74,Eastbound,2025-11-18 14:04:16.180886,290.0,331.0,91.0,104.0
5931,9,CAM001,66,1.9234818082701652,1710,True,34bbee35-39af-49b9-ab65-c313c776cd74,Eastbound,2025-11-18 14:04:16.176440,253.0,329.0,53.0,70.0
5930,2,CAM001,65,1.9785574649309488,1710,True,34bbee35-39af-49b9-ab65-c313c776cd74,Eastbound,2025-11-18 14:04:16.173468,435.0,328.0,117.0,140.0
5929,8,CAM001,59,1.8830183084936005,1710,True,34bbee35-39af-49b9-ab65-c313c776cd74,Eastbound,2025-11-18 14:04:16.168616,171.0,300.0,151.0,144.0
5928,7,CAM001,57,2.0217932240742273,1710,True,34bbee35-39af-49b9-ab65-c313c776cd74,Eastbound,2025-11-18 14:04:16.165105,612.0,328.0,184.0,152.0
5927,3,CAM002,92,1.9478630286012069,1660,True,3778898b-349e-4f75-8ea8-ae7872429588,Westbound,2025-11-18 14:04:10.370623,369.0,382.0,97.0,105.0
5926,1,CAM002,89,2.0330766727337997,1660,True,3778898b-349e-4f75-8ea8-ae7872429588,Westbound,2025-11-18 14:04:10.366677,560.0,353.0,95.0,148.0
5925,4,CAM002,82,1.734422314565783,1660,True,3778898b-349e-4f75-8ea8-ae7872429588,Westbound,2025-11-18 14:04:10.361795,249.0,369.0,130.0,163.0
5924,2,CAM002,57,1.6787945141230707,1660,True,3778898b-349e-4f75-8ea8-ae7872429588,Westbound,2025-11-18 14:04:10.358866,404.0,331.0,234.0,209.0
5923,5,CAM001,70,1.8252699604485683,1705,True,34bbee35-39af-49b9-ab65-c313c776cd74,Eastbound,2025-11-18 14:04:09.896675,147.0,345.0,58.0,75.0
5922,4,CAM001,69,1.7539507555529152,1705,True,34bbee35-39af-49b9-ab65-c313c776cd74,Eastbound,2025-11-18 14:04:09.894721,290.0,330.0,93.0,105.0
5921,9,CAM001,66,2.00544813837743,1705,True,34bbee35-39af-49b9-ab65-c313c776cd74,Eastbound,2025-11-18 14:04:09.892768,254.0,328.0,55.0,70.0
5920,2,CAM001,65,1.6965352000544527,1705,True,34bbee35-39af-49b9-ab65-c313c776cd74,Eastbound,2025-11-18 14:04:09.890815,438.0,324.0,111.0,143.0
5919,8,CAM001,59,1.9899748716278232,1705,True,34bbee35-39af-49b9-ab65-c313c776cd74,Eastbound,2025-11-18 14:04:09.888856,183.0,325.0,129.0,119.0
5918,7,CAM001,57,1.9789620230192522,1705,True,34bbee35-39af-49b9-ab65-c313c776cd74,Eastbound,2025-11-18 14:04:09.886824,614.0,324.0,182.0,156.0
5917,3,CAM002,92,1.8920161745863653,1655,True,3778898b-349e-4f75-8ea8-ae7872429588,Westbound,2025-11-18 14:04:04.455371,367.0,381.0,92.0,103.0
5916,1,CAM002,89,2.0178909592605043,1655,True,3778898b-349e-4f75-8ea8-ae7872429588,Westbound,2025-11-18 14:04:04.452441,560.0,355.0,95.0,146.0
5915,4,CAM002,82,1.8083836548360899,1655,True,3778898b-349e-4f75-8ea8-ae7872429588,Westbound,2025-11-18 14:04:04.449513,248.0,369.0,131.0,164.0
5914,2,CAM002,57,1.7969261999456116,1655,True,3778898b-349e-4f75-8ea8-ae7872429588,Westbound,2025-11-18 14:04:04.445562,401.0,331.0,236.0,209.0
5913,3,CAM001,73,1.6270298188038843,1700,True,34bbee35-39af-49b9-ab65-c313c776cd74,Eastbound,2025-11-18 14:04:03.938859,436.0,296.0,78.0,170.0
5912,5,CAM001,70,2.0162316294609637,1700,True,34bbee35-39af-49b9-ab65-c313c776cd74,Eastbound,2025-11-18 14:04:03.936369,142.0,332.0,81.0,103.0
5911,4,CAM001,69,1.765491441700789,1700,True,34bbee35-39af-49b9-ab65-c313c776cd74,Eastbound,2025-11-18 14:04:03.932463,288.0,327.0,96.0,108.0
5910,9,CAM001,66,2.015100880484315,1700,True,34bbee35-39af-49b9-ab65-c313c776cd74,Eastbound,2025-11-18 14:04:03.930510,256.0,327.0,55.0,68.0
5909,2,CAM001,65,1.6059458404816735,1700,True,34bbee35-39af-49b9-ab65-c313c776cd74,Eastbound,2025-11-18 14:04:03.927565,446.0,323.0,94.0,145.0
5908,8,CAM001,59,2.018706058987805,1700,True,34bbee35-39af-49b9-ab65-c313c776cd74,Eastbound,2025-11-18 14:04:03.924604,183.0,326.0,129.0,117.0
5907,7,CAM001,57,1.9975461330898598,1700,True,34bbee35-39af-49b9-ab65-c313c776cd74,Eastbound,2025-11-18 14:04:03.922649,614.0,317.0,188.0,163.0
5906,3,CAM002,92,1.9939560944342352,1650,True,3778898b-349e-4f75-8ea8-ae7872429588,Westbound,2025-11-18 14:03:57.879708,364.0,382.0,88.0,102.0
5905,1,CAM002,89,1.9921395576036447,1650,True,3778898b-349e-4f75-8ea8-ae7872429588,Westbound,2025-11-18 14:03:57.875764,560.0,357.0,93.0,144.0
5904,4,CAM002,82,1.766542315166649,1650,True,3778898b-349e-4f75-8ea8-ae7872429588,Westbound,2025-11-18 14:03:57.874788,248.0,368.0,129.0,161.0
5903,2,CAM002,57,1.6975363664968184,1650,True,3778898b-349e-4f75-8ea8-ae7872429588,Westbound,2025-11-18 14:03:57.871794,401.0,332.0,237.0,208.0
5902,2,CAM001,73,1.5847957222859388,1695,True,34bbee35-39af-49b9-ab65-c313c776cd74,Eastbound,2025-11-18 14:03:57.411431,456.0,295.0,70.0,172.0
5901,5,CAM001,70,1.9306017677610476,1695,True,34bbee35-39af-49b9-ab65-c313c776cd74,Eastbound,2025-11-18 14:03:57.409478,141.0,334.0,81.0,98.0
5900,4,CAM001,69,1.7605249729846033,1695,True,34bbee35-39af-49b9-ab65-c313c776cd74,Eastbound,2025-11-18 14:03:57.404548,286.0,326.0,100.0,109.0
5899,9,CAM001,66,2.0321345045932278,1695,True,34bbee35-39af-49b9-ab65-c313c776cd74,Eastbound,2025-11-18 14:03:57.401590,257.0,327.0,55.0,67.0
5898,8,CAM001,59,1.955228874588907,1695,True,34bbee35-39af-49b9-ab65-c313c776cd74,Eastbound,2025-11-18 14:03:57.396168,183.0,326.0,127.0,117.0
5897,7,CAM001,57,1.971422129581881,1695,True,34bbee35-39af-49b9-ab65-c313c776cd74,Eastbound,2025-11-18 14:03:57.392667,611.0,315.0,192.0,165.0
5896,3,CAM002,92,1.9729256043122563,1645,True,3778898b-349e-4f75-8ea8-ae7872429588,Westbound,2025-11-18 14:03:52.978358,358.0,383.0,88.0,100.0
5895,1,CAM002,89,2.0314107917168225,1645,True,3778898b-349e-4f75-8ea8-ae7872429588,Westbound,2025-11-18 14:03:52.975866,559.0,355.0,95.0,146.0
5894,4,CAM002,82,1.7459033069025247,1645,True,3778898b-349e-4f75-8ea8-ae7872429588,Westbound,2025-11-18 14:03:52.973907,247.0,367.0,130.0,160.0
5893,2,CAM002,57,1.7007773819915295,1645,True,3778898b-349e-4f75-8ea8-ae7872429588,Westbound,2025-11-18 14:03:52.970452,403.0,332.0,234.0,208.0
5892,2,CAM001,73,1.693841337576004,1690,True,34bbee35-39af-49b9-ab65-c313c776cd74,Eastbound,2025-11-18 14:03:52.554841,482.0,294.0,64.0,175.0
5891,5,CAM001,70,2.0338092296819092,1690,True,34bbee35-39af-49b9-ab65-c313c776cd74,Eastbound,2025-11-18 14:03:52.551907,149.0,348.0,58.0,70.0
5890,4,CAM001,69,1.789259177572078,1690,True,34bbee35-39af-49b9-ab65-c313c776cd74,Eastbound,2025-11-18 14:03:52.548970,287.0,329.0,98.0,105.0
5889,9,CAM001,66,2.0086979553245294,1690,True,34bbee35-39af-49b9-ab65-c313c776cd74,Eastbound,2025-11-18 14:03:52.546436,256.0,327.0,55.0,67.0
5888,8,CAM001,59,2.0105479896641043,1690,True,34bbee35-39af-49b9-ab65-c313c776cd74,Eastbound,2025-11-18 14:03:52.543501,181.0,324.0,129.0,119.0
5887,7,CAM001,57,2.0099252849710476,1690,True,34bbee35-39af-49b9-ab65-c313c776cd74,Eastbound,2025-11-18 14:03:52.540571,622.0,327.0,176.0,153.0
5886,3,CAM002,92,1.9881237366066118,1640,True,3778898b-349e-4f75-8ea8-ae7872429588,Westbound,2025-11-18 14:03:47.829250,362.0,386.0,86.0,96.0
5885,1,CAM002,89,2.0244277820169856,1640,True,3778898b-349e-4f75-8ea8-ae7872429588,Westbound,2025-11-18 14:03:47.827290,560.0,355.0,94.0,146.0
5884,4,CAM002,82,1.7342894698188962,1640,True,3778898b-349e-4f75-8ea8-ae7872429588,Westbound,2025-11-18 14:03:47.825308,248.0,367.0,129.0,158.0
5883,2,CAM002,57,1.685387394510504,1640,True,3778898b-349e-4f75-8ea8-ae7872429588,Westbound,2025-11-18 14:03:47.822393,404.0,332.0,234.0,208.0
5882,2,CAM001,73,1.6670152643409055,1685,True,34bbee35-39af-49b9-ab65-c313c776cd74,Eastbound,2025-11-18 14:03:47.411177,483.0,291.0,63.0,179.0
5881,5,CAM001,70,1.829948458307332,1685,True,34bbee35-39af-49b9-ab65-c313c776cd74,Eastbound,2025-11-18 14:03:47.408249,148.0,347.0,60.0,70.0
5880,4,CAM001,69,1.7784036163109138,1685,True,34bbee35-39af-49b9-ab65-c313c776cd74,Eastbound,2025-11-18 14:03:47.404230,288.0,329.0,97.0,105.0
5879,9,CAM001,66,2.0147149071374293,1685,True,34bbee35-39af-49b9-ab65-c313c776cd74,Eastbound,2025-11-18 14:03:47.403253,255.0,328.0,54.0,66.0
5878,8,CAM001,59,2.009290587196658,1685,True,34bbee35-39af-49b9-ab65-c313c776cd74,Eastbound,2025-11-18 14:03:47.399349,183.0,325.0,128.0,119.0
5877,7,CAM001,57,2.0286902031851843,1685,True,34bbee35-39af-49b9-ab65-c313c776cd74,Eastbound,2025-11-18 14:03:47.396341,629.0,330.0,170.0,150.0
5876,3,CAM002,92,1.84629864642074,1635,True,3778898b-349e-4f75-8ea8-ae7872429588,Westbound,2025-11-18 14:03:43.015298,368.0,386.0,87.0,97.0
5875,1,CAM002,89,2.018666289608986,1635,True,3778898b-349e-4f75-8ea8-ae7872429588,Westbound,2025-11-18 14:03:43.012368,559.0,352.0,96.0,149.0
5874,4,CAM002,82,1.8092347638919013,1635,True,3778898b-349e-4f75-8ea8-ae7872429588,Westbound,2025-11-18 14:03:43.010414,250.0,368.0,127.0,153.0
5873,2,CAM002,57,1.7931600399444263,1635,True,3778898b-349e-4f75-8ea8-ae7872429588,Westbound,2025-11-18 14:03:43.005962,401.0,333.0,238.0,207.0
5872,2,CAM001,73,1.684559787445786,1680,True,34bbee35-39af-49b9-ab65-c313c776cd74,Eastbound,2025-11-18 14:03:42.545541,483.0,285.0,63.0,187.0
5871,4,CAM001,69,1.8313831725745746,1680,True,34bbee35-39af-49b9-ab65-c313c776cd74,Eastbound,2025-11-18 14:03:42.542612,289.0,330.0,96.0,105.0
5870,9,CAM001,66,2.027821871534343,1680,True,34bbee35-39af-49b9-ab65-c313c776cd74,Eastbound,2025-11-18 14:03:42.539139,256.0,330.0,53.0,66.0
5869,3,CAM001,65,1.8002375333541734,1680,True,34bbee35-39af-49b9-ab65-c313c776cd74,Eastbound,2025-11-18 14:03:42.536170,430.0,334.0,79.0,136.0
5868,8,CAM001,59,2.0044529239346387,1680,True,34bbee35-39af-49b9-ab65-c313c776cd74,Eastbound,2025-11-18 14:03:42.533239,182.0,327.0,125.0,117.0
5867,7,CAM001,57,2.0206912948375173,1680,True,34bbee35-39af-49b9-ab65-c313c776cd74,Eastbound,2025-11-18 14:03:42.529296,631.0,331.0,169.0,149.0
5866,6,CAM002,99,1.977107475824519,1630,True,3778898b-349e-4f75-8ea8-ae7872429588,Westbound,2025-11-18 14:03:36.385972,16.0,0.0,201.0,538.0
5865,3,CAM002,92,1.6133984660295133,1630,True,3778898b-349e-4f75-8ea8-ae7872429588,Westbound,2025-11-18 14:03:36.383007,371.0,384.0,97.0,100.0
5864,1,CAM002,89,2.0117625293959853,1630,True,3778898b-349e-4f75-8ea8-ae7872429588,Westbound,2025-11-18 14:03:36.379501,560.0,351.0,99.0,150.0
5863,4,CAM002,82,1.7997361838408834,1630,True,3778898b-349e-4f75-8ea8-ae7872429588,Westbound,2025-11-18 14:03:36.377503,253.0,366.0,124.0,152.0
5862,2,CAM002,57,1.6679049532937738,1630,True,3778898b-349e-4f75-8ea8-ae7872429588,Westbound,2025-11-18 14:03:36.365292,396.0,334.0,243.0,206.0
5861,3,CAM001,73,2.007144130398784,1675,True,34bbee35-39af-49b9-ab65-c313c776cd74,Eastbound,2025-11-18 14:03:35.736302,484.0,279.0,66.0,196.0
5860,5,CAM001,70,2.029290834980044,1675,True,34bbee35-39af-49b9-ab65-c313c776cd74,Eastbound,2025-11-18 14:03:35.734349,150.0,347.0,60.0,70.0
5859,4,CAM001,69,1.8465499200519353,1675,True,34bbee35-39af-49b9-ab65-c313c776cd74,Eastbound,2025-11-18 14:03:35.731421,290.0,330.0,94.0,104.0
5858,9,CAM001,66,1.9708192889789942,1675,True,34bbee35-39af-49b9-ab65-c313c776cd74,Eastbound,2025-11-18 14:03:35.729467,256.0,329.0,53.0,68.0
5857,2,CAM001,65,1.6917028900897357,1675,True,34bbee35-39af-49b9-ab65-c313c776cd74,Eastbound,2025-11-18 14:03:35.725993,429.0,333.0,79.0,137.0
5856,8,CAM001,59,2.0048124889184207,1675,True,34bbee35-39af-49b9-ab65-c313c776cd74,Eastbound,2025-11-18 14:03:35.724040,182.0,325.0,122.0,119.0
5855,7,CAM001,57,1.9901393427350005,1675,True,34bbee35-39af-49b9-ab65-c313c776cd74,Eastbound,2025-11-18 14:03:35.721146,629.0,331.0,171.0,149.0
5854,6,CAM002,99,1.982853497544957,1625,True,3778898b-349e-4f75-8ea8-ae7872429588,Westbound,2025-11-18 14:03:30.223412,44.0,0.0,173.0,537.0
5853,1,CAM002,89,2.007778772732035,1625,True,3778898b-349e-4f75-8ea8-ae7872429588,Westbound,2025-11-18 14:03:30.221461,560.0,350.0,100.0,151.0
5852,4,CAM002,82,1.7931157833263514,1625,True,3778898b-349e-4f75-8ea8-ae7872429588,Westbound,2025-11-18 14:03:30.218541,255.0,364.0,122.0,154.0
5851,2,CAM002,57,1.7113615616205737,1625,True,3778898b-349e-4f75-8ea8-ae7872429588,Westbound,2025-11-18 14:03:30.216456,390.0,333.0,243.0,207.0
5850,3,CAM001,73,1.971339927109365,1670,True,34bbee35-39af-49b9-ab65-c313c776cd74,Eastbound,2025-11-18 14:03:29.692177,485.0,277.0,69.0,198.0
5849,5,CAM001,70,1.99289025050115,1670,True,34bbee35-39af-49b9-ab65-c313c776cd74,Eastbound,2025-11-18 14:03:29.689249,150.0,347.0,60.0,70.0
5848,4,CAM001,69,1.7941467762781753,1670,True,34bbee35-39af-49b9-ab65-c313c776cd74,Eastbound,2025-11-18 14:03:29.685766,290.0,329.0,93.0,104.0
5847,9,CAM001,66,1.9806810181351227,1670,True,34bbee35-39af-49b9-ab65-c313c776cd74,Eastbound,2025-11-18 14:03:29.683282,256.0,328.0,53.0,69.0
5846,2,CAM001,65,1.5237591537460575,1670,True,34bbee35-39af-49b9-ab65-c313c776cd74,Eastbound,2025-11-18 14:03:29.680352,430.0,332.0,72.0,138.0
5845,8,CAM001,59,2.0076632220620696,1670,True,34bbee35-39af-49b9-ab65-c313c776cd74,Eastbound,2025-11-18 14:03:29.678401,186.0,322.0,119.0,122.0
5844,7,CAM001,57,2.0124549174811595,1670,True,34bbee35-39af-49b9-ab65-c313c776cd74,Eastbound,2025-11-18 14:03:29.675384,627.0,331.0,167.0,149.0
5843,6,CAM002,99,1.8825400167603652,1620,True,3778898b-349e-4f75-8ea8-ae7872429588,Westbound,2025-11-18 14:03:24.754763,45.0,0.0,128.0,538.0
5842,1,CAM002,89,2.020638865348383,1620,True,3778898b-349e-4f75-8ea8-ae7872429588,Westbound,2025-11-18 14:03:24.752739,560.0,354.0,97.0,149.0
5841,4,CAM002,82,1.7793857559403354,1620,True,3778898b-349e-4f75-8ea8-ae7872429588,Westbound,2025-11-18 14:03:24.748300,254.0,364.0,123.0,161.0
5840,2,CAM002,57,1.9662811790546295,1620,True,3778898b-349e-4f75-8ea8-ae7872429588,Westbound,2025-11-18 14:03:24.741864,399.0,333.0,231.0,207.0
5839,3,CAM001,73,1.8939329189826517,1665,True,34bbee35-39af-49b9-ab65-c313c776cd74,Eastbound,2025-11-18 14:03:24.215919,492.0,291.0,63.0,185.0
5838,5,CAM001,70,2.0332333530717555,1665,True,34bbee35-39af-49b9-ab65-c313c776cd74,Eastbound,2025-11-18 14:03:24.212984,149.0,347.0,61.0,70.0
5837,4,CAM001,69,1.7930246290628558,1665,True,34bbee35-39af-49b9-ab65-c313c776cd74,Eastbound,2025-11-18 14:03:24.209907,290.0,328.0,93.0,105.0
5836,9,CAM001,66,1.9563176574254757,1665,True,34bbee35-39af-49b9-ab65-c313c776cd74,Eastbound,2025-11-18 14:03:24.205462,257.0,327.0,53.0,70.0
5835,8,CAM001,59,1.9252310872849165,1665,True,34bbee35-39af-49b9-ab65-c313c776cd74,Eastbound,2025-11-18 14:03:24.203510,187.0,318.0,115.0,127.0
5834,7,CAM001,57,2.0061217033297782,1665,True,34bbee35-39af-49b9-ab65-c313c776cd74,Eastbound,2025-11-18 14:03:24.200042,636.0,331.0,160.0,149.0
5833,6,CAM002,99,1.44541233637287,1615,True,3778898b-349e-4f75-8ea8-ae7872429588,Westbound,2025-11-18 14:03:17.986867,10.0,2.0,109.0,536.0
5832,3,CAM002,92,1.7635991439521599,1615,True,3778898b-349e-4f75-8ea8-ae7872429588,Westbound,2025-11-18 14:03:17.984388,362.0,386.0,97.0,98.0
5831,1,CAM002,89,2.024054797323858,1615,True,3778898b-349e-4f75-8ea8-ae7872429588,Westbound,2025-11-18 14:03:17.982423,560.0,355.0,95.0,148.0
5830,4,CAM002,82,1.789189307126013,1615,True,3778898b-349e-4f75-8ea8-ae7872429588,Westbound,2025-11-18 14:03:17.977979,254.0,365.0,122.0,164.0
5829,2,CAM002,57,2.028966067292534,1615,True,3778898b-349e-4f75-8ea8-ae7872429588,Westbound,2025-11-18 14:03:17.975008,407.0,333.0,229.0,207.0
5828,8,CAM002,55,1.9973105468679782,1615,True,3778898b-349e-4f75-8ea8-ae7872429588,Westbound,2025-11-18 14:03:17.972070,14.0,0.0,165.0,539.0
5827,3,CAM001,73,1.7194899734107159,1660,True,34bbee35-39af-49b9-ab65-c313c776cd74,Eastbound,2025-11-18 14:03:16.972925,503.0,315.0,53.0,161.0
5826,5,CAM001,70,1.99193600121125,1660,True,34bbee35-39af-49b9-ab65-c313c776cd74,Eastbound,2025-11-18 14:03:16.969996,150.0,347.0,60.0,69.0
5825,4,CAM001,69,1.804219603082099,1660,True,34bbee35-39af-49b9-ab65-c313c776cd74,Eastbound,2025-11-18 14:03:16.967057,291.0,329.0,92.0,104.0
5824,9,CAM001,66,1.983237420698267,1660,True,34bbee35-39af-49b9-ab65-c313c776cd74,Eastbound,2025-11-18 14:03:16.965064,256.0,326.0,54.0,71.0
5823,7,CAM001,57,1.9636439502989662,1660,True,34bbee35-39af-49b9-ab65-c313c776cd74,Eastbound,2025-11-18 14:03:16.962100,642.0,331.0,157.0,149.0
5822,6,CAM001,32,2.0007864505478707,1660,True,34bbee35-39af-49b9-ab65-c313c776cd74,Eastbound,2025-11-18 14:03:16.958196,184.0,333.0,126.0,113.0
5821,3,CAM002,92,1.70010988793625,1610,True,3778898b-349e-4f75-8ea8-ae7872429588,Westbound,2025-11-18 14:03:11.492060,362.0,385.0,93.0,99.0
5820,1,CAM002,89,2.026249595071105,1610,True,3778898b-349e-4f75-8ea8-ae7872429588,Westbound,2025-11-18 14:03:11.490069,560.0,354.0,96.0,149.0
5819,4,CAM002,82,1.7337673121842376,1610,True,3778898b-349e-4f75-8ea8-ae7872429588,Westbound,2025-11-18 14:03:11.487132,253.0,367.0,116.0,165.0
5818,2,CAM002,57,1.7170799455153944,1610,True,3778898b-349e-4f75-8ea8-ae7872429588,Westbound,2025-11-18 14:03:11.484643,407.0,332.0,228.0,208.0
5817,8,CAM002,55,1.5528688511548436,1610,True,3778898b-349e-4f75-8ea8-ae7872429588,Westbound,2025-11-18 14:03:11.482691,25.0,0.0,140.0,538.0
5816,3,CAM001,73,1.6992162925179957,1655,True,34bbee35-39af-49b9-ab65-c313c776cd74,Eastbound,2025-11-18 14:03:10.772839,505.0,317.0,50.0,158.0
5815,5,CAM001,70,2.0227042070462993,1655,True,34bbee35-39af-49b9-ab65-c313c776cd74,Eastbound,2025-11-18 14:03:10.769912,151.0,346.0,58.0,69.0
5814,4,CAM001,69,1.7831556882149848,1655,True,34bbee35-39af-49b9-ab65-c313c776cd74,Eastbound,2025-11-18 14:03:10.766973,291.0,329.0,91.0,105.0
5813,9,CAM001,66,2.0116377415570903,1655,True,34bbee35-39af-49b9-ab65-c313c776cd74,Eastbound,2025-11-18 14:03:10.764480,255.0,327.0,53.0,68.0
5812,2,CAM001,65,1.708228688976627,1655,True,34bbee35-39af-49b9-ab65-c313c776cd74,Eastbound,2025-11-18 14:03:10.761992,433.0,283.0,93.0,189.0
5811,7,CAM001,57,2.0194395994758536,1655,True,34bbee35-39af-49b9-ab65-c313c776cd74,Eastbound,2025-11-18 14:03:10.759063,643.0,330.0,158.0,150.0
5810,6,CAM001,32,2.0159391728959957,1655,True,34bbee35-39af-49b9-ab65-c313c776cd74,Eastbound,2025-11-18 14:03:10.755121,185.0,333.0,124.0,111.0
5809,3,CAM002,92,1.994472125981585,1605,True,3778898b-349e-4f75-8ea8-ae7872429588,Westbound,2025-11-18 14:03:05.980946,357.0,384.0,93.0,103.0
5808,1,CAM002,89,2.0268844442812495,1605,True,3778898b-349e-4f75-8ea8-ae7872429588,Westbound,2025-11-18 14:03:05.978013,560.0,356.0,95.0,146.0
5807,4,CAM002,82,1.774540409851252,1605,True,3778898b-349e-4f75-8ea8-ae7872429588,Westbound,2025-11-18 14:03:05.975997,248.0,368.0,115.0,164.0
5806,2,CAM002,57,1.76535247036412,1605,True,3778898b-349e-4f75-8ea8-ae7872429588,Westbound,2025-11-18 14:03:05.971085,405.0,332.0,228.0,208.0
5805,5,CAM001,70,1.9793330871621602,1650,True,34bbee35-39af-49b9-ab65-c313c776cd74,Eastbound,2025-11-18 14:03:05.515969,151.0,346.0,58.0,70.0
5804,4,CAM001,69,1.794224679795898,1650,True,34bbee35-39af-49b9-ab65-c313c776cd74,Eastbound,2025-11-18 14:03:05.514021,290.0,328.0,90.0,106.0
5803,9,CAM001,66,1.9880062800004017,1650,True,34bbee35-39af-49b9-ab65-c313c776cd74,Eastbound,2025-11-18 14:03:05.511089,255.0,327.0,52.0,69.0
5802,2,CAM001,65,1.6941797942855383,1650,True,34bbee35-39af-49b9-ab65-c313c776cd74,Eastbound,2025-11-18 14:03:05.507132,450.0,284.0,89.0,189.0
5801,7,CAM001,57,2.029214811464646,1650,True,34bbee35-39af-49b9-ab65-c313c776cd74,Eastbound,2025-11-18 14:03:05.505625,640.0,330.0,160.0,150.0
5800,6,CAM001,32,2.0039332327838073,1650,True,34bbee35-39af-49b9-ab65-c313c776cd74,Eastbound,2025-11-18 14:03:05.501756,186.0,331.0,122.0,112.0
5799,3,CAM002,92,2.0012232424194503,1600,True,3778898b-349e-4f75-8ea8-ae7872429588,Westbound,2025-11-18 14:03:00.427243,350.0,384.0,92.0,106.0
5798,1,CAM002,89,1.9918114562144744,1600,True,3778898b-349e-4f75-8ea8-ae7872429588,Westbound,2025-11-18 14:03:00.424711,559.0,356.0,96.0,146.0
5797,4,CAM002,82,1.7669467551761748,1600,True,3778898b-349e-4f75-8ea8-ae7872429588,Westbound,2025-11-18 14:03:00.420807,247.0,367.0,115.0,162.0
5796,2,CAM002,57,1.7879133693349825,1600,True,3778898b-349e-4f75-8ea8-ae7872429588,Westbound,2025-11-18 14:03:00.416370,406.0,333.0,228.0,207.0
5795,5,CAM001,70,1.8021100148178544,1645,True,34bbee35-39af-49b9-ab65-c313c776cd74,Eastbound,2025-11-18 14:02:59.917117,152.0,347.0,57.0,69.0
5794,4,CAM001,69,1.7826919543281086,1645,True,34bbee35-39af-49b9-ab65-c313c776cd74,Eastbound,2025-11-18 14:02:59.913656,289.0,328.0,88.0,105.0
5793,9,CAM001,66,2.023021056439521,1645,True,34bbee35-39af-49b9-ab65-c313c776cd74,Eastbound,2025-11-18 14:02:59.911704,255.0,327.0,53.0,70.0
5792,2,CAM001,65,1.750828791250693,1645,True,34bbee35-39af-49b9-ab65-c313c776cd74,Eastbound,2025-11-18 14:02:59.907789,471.0,285.0,92.0,192.0
5791,7,CAM001,57,1.9698467237172967,1645,True,34bbee35-39af-49b9-ab65-c313c776cd74,Eastbound,2025-11-18 14:02:59.905235,639.0,328.0,161.0,152.0
5790,6,CAM001,32,1.9944318125130553,1645,True,34bbee35-39af-49b9-ab65-c313c776cd74,Eastbound,2025-11-18 14:02:59.901370,186.0,331.0,122.0,114.0
5789,3,CAM002,92,2.0001773551625437,1595,True,3778898b-349e-4f75-8ea8-ae7872429588,Westbound,2025-11-18 14:02:55.236862,346.0,385.0,87.0,101.0
5788,1,CAM002,89,2.027843872557523,1595,True,3778898b-349e-4f75-8ea8-ae7872429588,Westbound,2025-11-18 14:02:55.233903,558.0,355.0,97.0,147.0
5787,4,CAM002,82,1.7756479586021896,1595,True,3778898b-349e-4f75-8ea8-ae7872429588,Westbound,2025-11-18 14:02:55.231949,244.0,366.0,119.0,161.0
5786,2,CAM002,57,1.766862647409543,1595,True,3778898b-349e-4f75-8ea8-ae7872429588,Westbound,2025-11-18 14:02:55.229998,408.0,333.0,230.0,207.0
5785,8,CAM002,55,2.0336304999909904,1595,True,3778898b-349e-4f75-8ea8-ae7872429588,Westbound,2025-11-18 14:02:55.228045,6.0,0.0,125.0,530.0
5784,4,CAM001,69,1.7570353223286106,1640,True,34bbee35-39af-49b9-ab65-c313c776cd74,Eastbound,2025-11-18 14:02:54.485800,288.0,328.0,88.0,105.0
5783,9,CAM001,66,2.016677013716541,1640,True,34bbee35-39af-49b9-ab65-c313c776cd74,Eastbound,2025-11-18 14:02:54.481893,256.0,327.0,53.0,71.0
5782,2,CAM001,65,1.7078560837331624,1640,True,34bbee35-39af-49b9-ab65-c313c776cd74,Eastbound,2025-11-18 14:02:54.478916,466.0,283.0,94.0,194.0
5781,7,CAM001,57,1.9999896136708522,1640,True,34bbee35-39af-49b9-ab65-c313c776cd74,Eastbound,2025-11-18 14:02:54.475436,637.0,325.0,166.0,155.0
5780,6,CAM001,32,2.0173364139124286,1640,True,34bbee35-39af-49b9-ab65-c313c776cd74,Eastbound,2025-11-18 14:02:54.471526,192.0,336.0,111.0,108.0
5779,3,CAM002,92,1.8160463699776985,1590,True,3778898b-349e-4f75-8ea8-ae7872429588,Westbound,2025-11-18 14:02:49.202872,345.0,386.0,82.0,96.0
5778,1,CAM002,89,2.0116009357022864,1590,True,3778898b-349e-4f75-8ea8-ae7872429588,Westbound,2025-11-18 14:02:49.200379,557.0,353.0,98.0,149.0
5777,4,CAM002,82,1.7804878702737388,1590,True,3778898b-349e-4f75-8ea8-ae7872429588,Westbound,2025-11-18 14:02:49.198277,246.0,368.0,121.0,156.0
5776,2,CAM002,57,1.7397988937892395,1590,True,3778898b-349e-4f75-8ea8-ae7872429588,Westbound,2025-11-18 14:02:49.195517,407.0,332.0,232.0,208.0
5775,8,CAM002,55,1.674349985459905,1590,True,3778898b-349e-4f75-8ea8-ae7872429588,Westbound,2025-11-18 14:02:49.192872,3.0,0.0,122.0,531.0
5774,5,CAM001,70,2.0078398736631877,1635,True,34bbee35-39af-49b9-ab65-c313c776cd74,Eastbound,2025-11-18 14:02:48.554935,150.0,347.0,56.0,71.0
5773,4,CAM001,69,1.7124905125852028,1635,True,34bbee35-39af-49b9-ab65-c313c776cd74,Eastbound,2025-11-18 14:02:48.553958,294.0,329.0,85.0,103.0
5772,9,CAM001,66,2.023143154539034,1635,True,34bbee35-39af-49b9-ab65-c313c776cd74,Eastbound,2025-11-18 14:02:48.552006,257.0,327.0,51.0,69.0
5771,2,CAM001,65,1.7121517987562824,1635,True,34bbee35-39af-49b9-ab65-c313c776cd74,Eastbound,2025-11-18 14:02:48.549513,466.0,282.0,87.0,194.0
5770,3,CAM001,59,1.8293664126913176,1635,True,34bbee35-39af-49b9-ab65-c313c776cd74,Eastbound,2025-11-18 14:02:48.547560,333.0,295.0,142.0,182.0
5769,7,CAM001,57,2.0210535020651546,1635,True,34bbee35-39af-49b9-ab65-c313c776cd74,Eastbound,2025-11-18 14:02:48.545570,634.0,326.0,168.0,154.0
5768,6,CAM001,32,1.9287249540616682,1635,True,34bbee35-39af-49b9-ab65-c313c776cd74,Eastbound,2025-11-18 14:02:48.541761,188.0,324.0,110.0,120.0
5767,3,CAM002,92,1.8449581425599253,1585,True,3778898b-349e-4f75-8ea8-ae7872429588,Westbound,2025-11-18 14:02:44.053992,350.0,387.0,81.0,97.0
5766,1,CAM002,89,2.0187178964386714,1585,True,3778898b-349e-4f75-8ea8-ae7872429588,Westbound,2025-11-18 14:02:44.053018,557.0,353.0,98.0,149.0
5765,4,CAM002,82,1.9602044075717902,1585,True,3778898b-349e-4f75-8ea8-ae7872429588,Westbound,2025-11-18 14:02:44.051063,248.0,369.0,122.0,151.0
5764,2,CAM002,57,1.6842448691249403,1585,True,3778898b-349e-4f75-8ea8-ae7872429588,Westbound,2025-11-18 14:02:44.049574,405.0,332.0,233.0,208.0
5763,5,CAM001,70,1.9798623765521342,1630,True,34bbee35-39af-49b9-ab65-c313c776cd74,Eastbound,2025-11-18 14:02:43.559859,151.0,347.0,55.0,71.0
5762,9,CAM001,66,2.0238398531775643,1630,True,34bbee35-39af-49b9-ab65-c313c776cd74,Eastbound,2025-11-18 14:02:43.557896,258.0,327.0,50.0,69.0
5761,2,CAM001,65,1.7166439758622416,1630,True,34bbee35-39af-49b9-ab65-c313c776cd74,Eastbound,2025-11-18 14:02:43.555904,477.0,288.0,80.0,189.0
5760,3,CAM001,59,1.6319395470240825,1630,True,34bbee35-39af-49b9-ab65-c313c776cd74,Eastbound,2025-11-18 14:02:43.553953,327.0,298.0,140.0,174.0
5759,7,CAM001,57,2.0099523181678216,1630,True,34bbee35-39af-49b9-ab65-c313c776cd74,Eastbound,2025-11-18 14:02:43.552968,632.0,328.0,169.0,152.0
5758,6,CAM001,32,1.969598313634271,1630,True,34bbee35-39af-49b9-ab65-c313c776cd74,Eastbound,2025-11-18 14:02:43.551428,170.0,310.0,138.0,138.0
5757,3,CAM002,92,1.9577999003476985,1580,True,3778898b-349e-4f75-8ea8-ae7872429588,Westbound,2025-11-18 14:02:39.614633,357.0,387.0,90.0,104.0
5756,7,CAM002,89,1.7522396987013604,1580,True,3778898b-349e-4f75-8ea8-ae7872429588,Westbound,2025-11-18 14:02:39.611702,558.0,354.0,97.0,148.0
5755,4,CAM002,82,1.9781599358221749,1580,True,3778898b-349e-4f75-8ea8-ae7872429588,Westbound,2025-11-18 14:02:39.607751,253.0,369.0,120.0,153.0
5754,2,CAM002,57,1.808296971922419,1580,True,3778898b-349e-4f75-8ea8-ae7872429588,Westbound,2025-11-18 14:02:39.605252,405.0,332.0,232.0,208.0
5753,5,CAM001,70,1.8775350908558848,1625,True,34bbee35-39af-49b9-ab65-c313c776cd74,Eastbound,2025-11-18 14:02:39.220608,149.0,341.0,63.0,84.0
5752,9,CAM001,66,1.9436492234363598,1625,True,34bbee35-39af-49b9-ab65-c313c776cd74,Eastbound,2025-11-18 14:02:39.217667,258.0,327.0,51.0,70.0
5751,2,CAM001,65,1.7190071238827738,1625,True,34bbee35-39af-49b9-ab65-c313c776cd74,Eastbound,2025-11-18 14:02:39.212663,486.0,294.0,75.0,184.0
5750,7,CAM001,57,1.7015608523683377,1625,True,34bbee35-39af-49b9-ab65-c313c776cd74,Eastbound,2025-11-18 14:02:39.208758,627.0,326.0,171.0,154.0
5749,1,CAM001,43,2.0048504880842537,1625,True,34bbee35-39af-49b9-ab65-c313c776cd74,Eastbound,2025-11-18 14:02:39.206796,415.0,338.0,94.0,135.0
5748,6,CAM001,32,1.9452249078122652,1625,True,34bbee35-39af-49b9-ab65-c313c776cd74,Eastbound,2025-11-18 14:02:39.204759,180.0,323.0,133.0,125.0
5747,3,CAM002,92,1.9257264454481111,1575,True,3778898b-349e-4f75-8ea8-ae7872429588,Westbound,2025-11-18 14:02:34.039105,357.0,385.0,108.0,112.0
5746,7,CAM002,89,1.7060040525113755,1575,True,3778898b-349e-4f75-8ea8-ae7872429588,Westbound,2025-11-18 14:02:34.036585,558.0,354.0,97.0,149.0
5745,4,CAM002,82,1.774708912241198,1575,True,3778898b-349e-4f75-8ea8-ae7872429588,Westbound,2025-11-18 14:02:34.034100,252.0,368.0,124.0,160.0
5744,2,CAM002,57,1.7797691403755775,1575,True,3778898b-349e-4f75-8ea8-ae7872429588,Westbound,2025-11-18 14:02:34.030620,405.0,333.0,234.0,207.0
5743,8,CAM002,55,1.9967438249513805,1575,True,3778898b-349e-4f75-8ea8-ae7872429588,Westbound,2025-11-18 14:02:34.028000,2.0,0.0,125.0,535.0
5742,5,CAM001,70,2.017992372155678,1620,True,34bbee35-39af-49b9-ab65-c313c776cd74,Eastbound,2025-11-18 14:02:33.492925,144.0,330.0,79.0,105.0
5741,9,CAM001,66,2.025677171258331,1620,True,34bbee35-39af-49b9-ab65-c313c776cd74,Eastbound,2025-11-18 14:02:33.491955,258.0,327.0,51.0,70.0
5740,2,CAM001,65,1.7367802183418273,1620,True,34bbee35-39af-49b9-ab65-c313c776cd74,Eastbound,2025-11-18 14:02:33.489996,499.0,304.0,71.0,176.0
5739,4,CAM001,59,1.7732131582053268,1620,True,34bbee35-39af-49b9-ab65-c313c776cd74,Eastbound,2025-11-18 14:02:33.487432,289.0,329.0,86.0,106.0
5738,7,CAM001,57,1.696384963427122,1620,True,34bbee35-39af-49b9-ab65-c313c776cd74,Eastbound,2025-11-18 14:02:33.486409,627.0,325.0,170.0,155.0
5737,1,CAM001,43,1.8558006528560949,1620,True,34bbee35-39af-49b9-ab65-c313c776cd74,Eastbound,2025-11-18 14:02:33.485366,417.0,337.0,89.0,135.0
5736,6,CAM001,32,2.0249797352111334,1620,True,34bbee35-39af-49b9-ab65-c313c776cd74,Eastbound,2025-11-18 14:02:33.483411,188.0,330.0,119.0,113.0
5735,3,CAM002,92,1.8385546572295286,1570,True,3778898b-349e-4f75-8ea8-ae7872429588,Westbound,2025-11-18 14:02:28.407501,360.0,391.0,112.0,112.0
5734,7,CAM002,89,1.656018083484216,1570,True,3778898b-349e-4f75-8ea8-ae7872429588,Westbound,2025-11-18 14:02:28.405444,557.0,353.0,99.0,150.0
5733,4,CAM002,82,1.7398381244945726,1570,True,3778898b-349e-4f75-8ea8-ae7872429588,Westbound,2025-11-18 14:02:28.402530,255.0,368.0,120.0,158.0
5732,2,CAM002,57,1.735232034714245,1570,True,3778898b-349e-4f75-8ea8-ae7872429588,Westbound,2025-11-18 14:02:28.399683,404.0,334.0,237.0,206.0
5731,5,CAM001,70,1.9120332532891422,1615,True,34bbee35-39af-49b9-ab65-c313c776cd74,Eastbound,2025-11-18 14:02:27.937397,146.0,337.0,70.0,91.0
5730,9,CAM001,66,2.026031412710507,1615,True,34bbee35-39af-49b9-ab65-c313c776cd74,Eastbound,2025-11-18 14:02:27.934424,258.0,327.0,51.0,70.0
5729,2,CAM001,65,1.6963679478352913,1615,True,34bbee35-39af-49b9-ab65-c313c776cd74,Eastbound,2025-11-18 14:02:27.932474,497.0,293.0,76.0,187.0
5728,4,CAM001,59,1.7744475563824431,1615,True,34bbee35-39af-49b9-ab65-c313c776cd74,Eastbound,2025-11-18 14:02:27.930519,290.0,331.0,83.0,103.0
5727,7,CAM001,57,1.691750694286623,1615,True,34bbee35-39af-49b9-ab65-c313c776cd74,Eastbound,2025-11-18 14:02:27.927547,633.0,327.0,167.0,153.0
5726,3,CAM001,43,1.7601402316930008,1615,True,34bbee35-39af-49b9-ab65-c313c776cd74,Eastbound,2025-11-18 14:02:27.925051,410.0,330.0,89.0,139.0
5725,6,CAM001,32,1.8858598536817428,1615,True,34bbee35-39af-49b9-ab65-c313c776cd74,Eastbound,2025-11-18 14:02:27.922083,180.0,321.0,126.0,124.0
5724,3,CAM002,92,1.736776489895988,1565,True,3778898b-349e-4f75-8ea8-ae7872429588,Westbound,2025-11-18 14:02:22.482051,358.0,390.0,106.0,107.0
5723,7,CAM002,89,1.7452474080715945,1565,True,3778898b-349e-4f75-8ea8-ae7872429588,Westbound,2025-11-18 14:02:22.480104,557.0,353.0,98.0,150.0
5722,4,CAM002,82,1.7966203852439835,1565,True,3778898b-349e-4f75-8ea8-ae7872429588,Westbound,2025-11-18 14:02:22.475607,257.0,366.0,114.0,159.0
5721,2,CAM002,57,1.796498809871147,1565,True,3778898b-349e-4f75-8ea8-ae7872429588,Westbound,2025-11-18 14:02:22.473652,400.0,333.0,240.0,207.0
5720,1,CAM001,70,1.5007482776781051,1610,True,34bbee35-39af-49b9-ab65-c313c776cd74,Eastbound,2025-11-18 14:02:21.927595,154.0,348.0,51.0,69.0
5719,9,CAM001,66,2.003573108085377,1610,True,34bbee35-39af-49b9-ab65-c313c776cd74,Eastbound,2025-11-18 14:02:21.925099,258.0,327.0,51.0,70.0
5718,2,CAM001,65,1.7907590917664429,1610,True,34bbee35-39af-49b9-ab65-c313c776cd74,Eastbound,2025-11-18 14:02:21.922172,493.0,275.0,82.0,203.0
5717,4,CAM001,59,1.819460203677652,1610,True,34bbee35-39af-49b9-ab65-c313c776cd74,Eastbound,2025-11-18 14:02:21.918697,289.0,331.0,82.0,102.0
5716,7,CAM001,57,1.7927106515537148,1610,True,34bbee35-39af-49b9-ab65-c313c776cd74,Eastbound,2025-11-18 14:02:21.916664,633.0,328.0,167.0,152.0
5715,3,CAM001,43,1.924222068983063,1610,True,34bbee35-39af-49b9-ab65-c313c776cd74,Eastbound,2025-11-18 14:02:21.910768,413.0,331.0,87.0,139.0
5714,1,CAM002,92,2.018142862710376,1560,True,3778898b-349e-4f75-8ea8-ae7872429588,Westbound,2025-11-18 14:02:14.208042,354.0,388.0,100.0,99.0
5713,7,CAM002,89,1.747292035709824,1560,True,3778898b-349e-4f75-8ea8-ae7872429588,Westbound,2025-11-18 14:02:14.205514,558.0,354.0,97.0,148.0
5712,4,CAM002,82,1.7800679997137192,1560,True,3778898b-349e-4f75-8ea8-ae7872429588,Westbound,2025-11-18 14:02:14.202584,256.0,365.0,110.0,167.0
5711,2,CAM002,57,1.8314113148903368,1560,True,3778898b-349e-4f75-8ea8-ae7872429588,Westbound,2025-11-18 14:02:14.198678,389.0,332.0,246.0,208.0
5710,9,CAM001,66,2.0124175231522394,1605,True,34bbee35-39af-49b9-ab65-c313c776cd74,Eastbound,2025-11-18 14:02:13.724289,258.0,327.0,52.0,69.0
5709,2,CAM001,65,1.7776804923327945,1605,True,34bbee35-39af-49b9-ab65-c313c776cd74,Eastbound,2025-11-18 14:02:13.721359,500.0,273.0,83.0,204.0
5708,4,CAM001,59,1.7657072551718322,1605,True,34bbee35-39af-49b9-ab65-c313c776cd74,Eastbound,2025-11-18 14:02:13.718386,287.0,328.0,86.0,104.0
5707,7,CAM001,57,1.7307319390491815,1605,True,34bbee35-39af-49b9-ab65-c313c776cd74,Eastbound,2025-11-18 14:02:13.714915,631.0,327.0,170.0,153.0
5706,3,CAM001,43,1.8355938554037632,1605,True,34bbee35-39af-49b9-ab65-c313c776cd74,Eastbound,2025-11-18 14:02:13.712962,422.0,334.0,78.0,137.0
5705,6,CAM001,32,1.9554058488432786,1605,True,34bbee35-39af-49b9-ab65-c313c776cd74,Eastbound,2025-11-18 14:02:13.708514,171.0,327.0,137.0,114.0
5704,1,CAM002,92,1.932193983220781,1555,True,3778898b-349e-4f75-8ea8-ae7872429588,Westbound,2025-11-18 14:02:05.554953,352.0,388.0,100.0,98.0
5703,7,CAM002,89,1.7521684585455317,1555,True,3778898b-349e-4f75-8ea8-ae7872429588,Westbound,2025-11-18 14:02:05.551049,559.0,355.0,96.0,146.0
5702,4,CAM002,82,1.7941442821425475,1555,True,3778898b-349e-4f75-8ea8-ae7872429588,Westbound,2025-11-18 14:02:05.547067,249.0,366.0,108.0,170.0
5701,2,CAM002,57,1.84818540338564,1555,True,3778898b-349e-4f75-8ea8-ae7872429588,Westbound,2025-11-18 14:02:05.542560,381.0,332.0,251.0,208.0
5700,8,CAM002,55,2.022265199414708,1555,True,3778898b-349e-4f75-8ea8-ae7872429588,Westbound,2025-11-18 14:02:05.537668,2.0,0.0,133.0,529.0
5699,10,CAM001,71,1.9045241878000274,1600,True,34bbee35-39af-49b9-ab65-c313c776cd74,Eastbound,2025-11-18 14:02:04.327342,417.0,337.0,45.0,80.0
5698,5,CAM001,70,1.9871996508672956,1600,True,34bbee35-39af-49b9-ab65-c313c776cd74,Eastbound,2025-11-18 14:02:04.323314,149.0,347.0,50.0,71.0
5697,1,CAM001,69,1.9579483535330688,1600,True,34bbee35-39af-49b9-ab65-c313c776cd74,Eastbound,2025-11-18 14:02:04.320388,358.0,338.0,101.0,138.0
5696,9,CAM001,66,1.9794832802133437,1600,True,34bbee35-39af-49b9-ab65-c313c776cd74,Eastbound,2025-11-18 14:02:04.317447,258.0,328.0,53.0,67.0
5695,2,CAM001,65,1.808561436413247,1600,True,34bbee35-39af-49b9-ab65-c313c776cd74,Eastbound,2025-11-18 14:02:04.314467,503.0,272.0,88.0,207.0
5694,4,CAM001,59,1.785381617410978,1600,True,34bbee35-39af-49b9-ab65-c313c776cd74,Eastbound,2025-11-18 14:02:04.310027,286.0,328.0,89.0,105.0
5693,7,CAM001,57,1.7523919280275992,1600,True,34bbee35-39af-49b9-ab65-c313c776cd74,Eastbound,2025-11-18 14:02:04.306238,630.0,327.0,170.0,153.0
5692,3,CAM001,43,1.9894981697476402,1600,True,34bbee35-39af-49b9-ab65-c313c776cd74,Eastbound,2025-11-18 14:02:04.302123,451.0,339.0,73.0,134.0
5691,6,CAM001,32,1.9665908012200108,1600,True,34bbee35-39af-49b9-ab65-c313c776cd74,Eastbound,2025-11-18 14:02:04.299195,171.0,325.0,135.0,117.0
5690,1,CAM002,92,1.9476246231507122,1550,True,3778898b-349e-4f75-8ea8-ae7872429588,Westbound,2025-11-18 14:01:56.640876,350.0,388.0,101.0,98.0
5689,7,CAM002,89,1.8098441691114409,1550,True,3778898b-349e-4f75-8ea8-ae7872429588,Westbound,2025-11-18 14:01:56.637940,559.0,356.0,95.0,145.0
5688,3,CAM002,82,1.7357242149573695,1550,True,3778898b-349e-4f75-8ea8-ae7872429588,Westbound,2025-11-18 14:01:56.634442,247.0,367.0,109.0,170.0
5687,4,CAM002,71,1.9330125564376657,1550,True,3778898b-349e-4f75-8ea8-ae7872429588,Westbound,2025-11-18 14:01:56.632489,251.0,367.0,109.0,99.0
5686,2,CAM002,57,1.8586559517942207,1550,True,3778898b-349e-4f75-8ea8-ae7872429588,Westbound,2025-11-18 14:01:56.630536,378.0,331.0,253.0,209.0
5685,8,CAM002,55,2.032469533646627,1550,True,3778898b-349e-4f75-8ea8-ae7872429588,Westbound,2025-11-18 14:01:56.628584,4.0,0.0,129.0,526.0
5684,5,CAM001,70,1.8025155332586926,1595,True,34bbee35-39af-49b9-ab65-c313c776cd74,Eastbound,2025-11-18 14:01:55.945159,149.0,347.0,51.0,71.0
5683,1,CAM001,69,1.532878825015807,1595,True,34bbee35-39af-49b9-ab65-c313c776cd74,Eastbound,2025-11-18 14:01:55.942666,358.0,338.0,101.0,137.0
5682,9,CAM001,66,2.0182075606367236,1595,True,34bbee35-39af-49b9-ab65-c313c776cd74,Eastbound,2025-11-18 14:01:55.940715,258.0,329.0,53.0,67.0
5681,2,CAM001,65,1.5083920717840238,1595,True,34bbee35-39af-49b9-ab65-c313c776cd74,Eastbound,2025-11-18 14:01:55.924395,504.0,270.0,92.0,210.0
5680,4,CAM001,59,1.5912717827566538,1595,True,34bbee35-39af-49b9-ab65-c313c776cd74,Eastbound,2025-11-18 14:01:55.921901,286.0,330.0,90.0,104.0
5679,7,CAM001,57,1.5284673568092575,1595,True,34bbee35-39af-49b9-ab65-c313c776cd74,Eastbound,2025-11-18 14:01:55.919949,627.0,327.0,173.0,153.0
5678,3,CAM001,43,2.0163866609172456,1595,True,34bbee35-39af-49b9-ab65-c313c776cd74,Eastbound,2025-11-18 14:01:55.917988,449.0,336.0,76.0,137.0
5677,6,CAM001,32,1.999983510595683,1595,True,34bbee35-39af-49b9-ab65-c313c776cd74,Eastbound,2025-11-18 14:01:55.913055,179.0,326.0,135.0,117.0
5676,1,CAM002,92,1.7375055534549555,1545,True,3778898b-349e-4f75-8ea8-ae7872429588,Westbound,2025-11-18 14:01:50.846228,353.0,387.0,98.0,99.0
5675,7,CAM002,89,1.6884491272367215,1545,True,3778898b-349e-4f75-8ea8-ae7872429588,Westbound,2025-11-18 14:01:50.842721,560.0,355.0,95.0,146.0
5674,4,CAM002,71,1.9027369775469811,1545,True,3778898b-349e-4f75-8ea8-ae7872429588,Westbound,2025-11-18 14:01:50.840768,251.0,366.0,110.0,100.0
5673,2,CAM002,57,1.7889693950499483,1545,True,3778898b-349e-4f75-8ea8-ae7872429588,Westbound,2025-11-18 14:01:50.839793,372.0,330.0,255.0,210.0
5672,8,CAM002,55,2.0223100633141997,1545,True,3778898b-349e-4f75-8ea8-ae7872429588,Westbound,2025-11-18 14:01:50.835879,4.0,0.0,125.0,528.0
5671,9,CAM001,66,2.0187345423776315,1590,True,34bbee35-39af-49b9-ab65-c313c776cd74,Eastbound,2025-11-18 14:01:49.215816,258.0,329.0,53.0,67.0
5670,2,CAM001,65,1.7693405214288136,1590,True,34bbee35-39af-49b9-ab65-c313c776cd74,Eastbound,2025-11-18 14:01:49.175920,509.0,271.0,93.0,209.0
5669,4,CAM001,59,1.9021697833520663,1590,True,34bbee35-39af-49b9-ab65-c313c776cd74,Eastbound,2025-11-18 14:01:49.150284,285.0,330.0,90.0,104.0
5668,7,CAM001,57,1.6666883723692234,1590,True,34bbee35-39af-49b9-ab65-c313c776cd74,Eastbound,2025-11-18 14:01:49.144690,621.0,325.0,173.0,155.0
5667,3,CAM001,43,2.0145904882199686,1590,True,34bbee35-39af-49b9-ab65-c313c776cd74,Eastbound,2025-11-18 14:01:49.141720,446.0,329.0,82.0,143.0
5666,6,CAM001,32,2.027580315948507,1590,True,34bbee35-39af-49b9-ab65-c313c776cd74,Eastbound,2025-11-18 14:01:49.126925,179.0,329.0,134.0,113.0
5665,7,CAM002,89,1.6906330862163395,1540,True,3778898b-349e-4f75-8ea8-ae7872429588,Westbound,2025-11-18 14:01:45.431155,560.0,355.0,95.0,146.0
5664,4,CAM002,71,1.9264969166489485,1540,True,3778898b-349e-4f75-8ea8-ae7872429588,Westbound,2025-11-18 14:01:45.392016,251.0,365.0,111.0,101.0
5663,2,CAM002,57,1.8049990356419607,1540,True,3778898b-349e-4f75-8ea8-ae7872429588,Westbound,2025-11-18 14:01:45.349687,371.0,328.0,253.0,212.0
5662,8,CAM002,55,2.017133221685086,1540,True,3778898b-349e-4f75-8ea8-ae7872429588,Westbound,2025-11-18 14:01:45.315074,1.0,0.0,124.0,530.0
5661,5,CAM001,70,1.983901068467025,1585,True,34bbee35-39af-49b9-ab65-c313c776cd74,Eastbound,2025-11-18 14:01:43.616163,153.0,346.0,52.0,71.0
5660,1,CAM001,69,1.9817498282673423,1585,True,34bbee35-39af-49b9-ab65-c313c776cd74,Eastbound,2025-11-18 14:01:43.614180,361.0,340.0,96.0,131.0
5659,9,CAM001,66,2.020994657725265,1585,True,34bbee35-39af-49b9-ab65-c313c776cd74,Eastbound,2025-11-18 14:01:43.611684,259.0,329.0,52.0,67.0
5658,2,CAM001,65,1.779485624632738,1585,True,34bbee35-39af-49b9-ab65-c313c776cd74,Eastbound,2025-11-18 14:01:43.608756,516.0,272.0,93.0,208.0
5657,4,CAM001,59,1.8957529137426277,1585,True,34bbee35-39af-49b9-ab65-c313c776cd74,Eastbound,2025-11-18 14:01:43.606797,282.0,329.0,94.0,106.0
5656,7,CAM001,57,1.6901201825314192,1585,True,34bbee35-39af-49b9-ab65-c313c776cd74,Eastbound,2025-11-18 14:01:43.604805,628.0,327.0,169.0,153.0
5655,3,CAM001,43,1.9575084587248313,1585,True,34bbee35-39af-49b9-ab65-c313c776cd74,Eastbound,2025-11-18 14:01:43.601838,437.0,329.0,87.0,142.0
5654,6,CAM001,32,1.9890669023556473,1585,True,34bbee35-39af-49b9-ab65-c313c776cd74,Eastbound,2025-11-18 14:01:43.597932,178.0,328.0,139.0,115.0
5653,7,CAM002,89,1.6247191116264583,1535,True,3778898b-349e-4f75-8ea8-ae7872429588,Westbound,2025-11-18 14:01:39.871136,561.0,354.0,94.0,147.0
5652,6,CAM002,82,1.641501929933051,1535,True,3778898b-349e-4f75-8ea8-ae7872429588,Westbound,2025-11-18 14:01:39.868203,249.0,369.0,109.0,170.0
5651,4,CAM002,71,1.861961537474407,1535,True,3778898b-349e-4f75-8ea8-ae7872429588,Westbound,2025-11-18 14:01:39.866202,252.0,366.0,110.0,100.0
5650,2,CAM002,57,1.7720663187606456,1535,True,3778898b-349e-4f75-8ea8-ae7872429588,Westbound,2025-11-18 14:01:39.863624,375.0,326.0,251.0,214.0
5649,5,CAM001,70,1.848025606062443,1580,True,34bbee35-39af-49b9-ab65-c313c776cd74,Eastbound,2025-11-18 14:01:38.249386,145.0,347.0,55.0,72.0
5648,1,CAM001,69,1.5905935123577566,1580,True,34bbee35-39af-49b9-ab65-c313c776cd74,Eastbound,2025-11-18 14:01:38.247384,364.0,341.0,90.0,131.0
5647,9,CAM001,66,2.008441711429708,1580,True,34bbee35-39af-49b9-ab65-c313c776cd74,Eastbound,2025-11-18 14:01:38.244785,258.0,328.0,54.0,68.0
5646,2,CAM001,65,1.7746068061556701,1580,True,34bbee35-39af-49b9-ab65-c313c776cd74,Eastbound,2025-11-18 14:01:38.242824,519.0,281.0,95.0,199.0
5645,4,CAM001,59,1.9891182552555344,1580,True,34bbee35-39af-49b9-ab65-c313c776cd74,Eastbound,2025-11-18 14:01:38.240869,281.0,328.0,100.0,107.0
5644,7,CAM001,57,1.7045731035529907,1580,True,34bbee35-39af-49b9-ab65-c313c776cd74,Eastbound,2025-11-18 14:01:38.237950,636.0,329.0,165.0,151.0
5643,3,CAM001,43,1.9115414770151278,1580,True,34bbee35-39af-49b9-ab65-c313c776cd74,Eastbound,2025-11-18 14:01:38.235870,436.0,335.0,79.0,136.0
5642,8,CAM001,32,1.6905145218053048,1580,True,34bbee35-39af-49b9-ab65-c313c776cd74,Eastbound,2025-11-18 14:01:38.232353,167.0,327.0,148.0,116.0
5641,3,CAM002,92,1.7904700913211178,1530,True,3778898b-349e-4f75-8ea8-ae7872429588,Westbound,2025-11-18 14:01:35.076935,351.0,388.0,90.0,95.0
5640,7,CAM002,89,1.6926067995420147,1530,True,3778898b-349e-4f75-8ea8-ae7872429588,Westbound,2025-11-18 14:01:35.074368,561.0,354.0,95.0,147.0
5639,4,CAM002,82,1.7701109745874608,1530,True,3778898b-349e-4f75-8ea8-ae7872429588,Westbound,2025-11-18 14:01:35.073433,249.0,368.0,109.0,170.0
5638,2,CAM002,57,1.7849084505722423,1530,True,3778898b-349e-4f75-8ea8-ae7872429588,Westbound,2025-11-18 14:01:35.070565,380.0,322.0,247.0,218.0
5637,6,CAM001,70,2.02604966998099,1575,True,34bbee35-39af-49b9-ab65-c313c776cd74,Eastbound,2025-11-18 14:01:33.647411,101.0,356.0,59.0,77.0
5636,9,CAM001,66,2.014121463999787,1575,True,34bbee35-39af-49b9-ab65-c313c776cd74,Eastbound,2025-11-18 14:01:33.645909,258.0,328.0,55.0,67.0
5635,2,CAM001,65,1.7776730546619146,1575,True,34bbee35-39af-49b9-ab65-c313c776cd74,Eastbound,2025-11-18 14:01:33.643925,516.0,282.0,95.0,198.0
5634,4,CAM001,59,1.7160065125465838,1575,True,34bbee35-39af-49b9-ab65-c313c776cd74,Eastbound,2025-11-18 14:01:33.641973,281.0,328.0,105.0,107.0
5633,7,CAM001,57,1.7032882266278246,1575,True,34bbee35-39af-49b9-ab65-c313c776cd74,Eastbound,2025-11-18 14:01:33.640019,636.0,329.0,167.0,151.0
5632,3,CAM001,43,1.7937929844735878,1575,True,34bbee35-39af-49b9-ab65-c313c776cd74,Eastbound,2025-11-18 14:01:33.637090,448.0,335.0,78.0,137.0
5631,1,CAM001,32,1.9823512088626638,1575,True,34bbee35-39af-49b9-ab65-c313c776cd74,Eastbound,2025-11-18 14:01:33.634596,158.0,327.0,143.0,114.0
5630,3,CAM002,92,1.5437339350182915,1525,True,3778898b-349e-4f75-8ea8-ae7872429588,Westbound,2025-11-18 14:01:29.612387,356.0,387.0,80.0,98.0
5629,7,CAM002,89,1.608829794401591,1525,True,3778898b-349e-4f75-8ea8-ae7872429588,Westbound,2025-11-18 14:01:29.608893,561.0,355.0,94.0,147.0
5628,1,CAM002,82,1.5441125791715424,1525,True,3778898b-349e-4f75-8ea8-ae7872429588,Westbound,2025-11-18 14:01:29.605957,248.0,368.0,111.0,169.0
5627,4,CAM002,71,1.8608826793117916,1525,True,3778898b-349e-4f75-8ea8-ae7872429588,Westbound,2025-11-18 14:01:29.603974,250.0,367.0,110.0,101.0
5626,2,CAM002,57,1.7693450768049561,1525,True,3778898b-349e-4f75-8ea8-ae7872429588,Westbound,2025-11-18 14:01:29.602014,382.0,320.0,245.0,220.0
5625,8,CAM002,55,1.9433901358405312,1525,True,3778898b-349e-4f75-8ea8-ae7872429588,Westbound,2025-11-18 14:01:29.599545,0.0,0.0,128.0,530.0
5624,9,CAM001,66,2.0080561973607645,1570,True,34bbee35-39af-49b9-ab65-c313c776cd74,Eastbound,2025-11-18 14:01:27.962718,258.0,329.0,55.0,67.0
5623,2,CAM001,65,1.8110538062198367,1570,True,34bbee35-39af-49b9-ab65-c313c776cd74,Eastbound,2025-11-18 14:01:27.959788,514.0,262.0,103.0,218.0
5622,5,CAM001,61,2.0147257681034207,1570,True,34bbee35-39af-49b9-ab65-c313c776cd74,Eastbound,2025-11-18 14:01:27.957838,150.0,349.0,50.0,71.0
5621,4,CAM001,59,1.8565404982329634,1570,True,34bbee35-39af-49b9-ab65-c313c776cd74,Eastbound,2025-11-18 14:01:27.955873,290.0,328.0,106.0,107.0
5620,7,CAM001,57,1.6747915948682792,1570,True,34bbee35-39af-49b9-ab65-c313c776cd74,Eastbound,2025-11-18 14:01:27.952834,633.0,328.0,173.0,152.0
5619,3,CAM001,43,2.0166424030024954,1570,True,34bbee35-39af-49b9-ab65-c313c776cd74,Eastbound,2025-11-18 14:01:27.949904,448.0,336.0,77.0,135.0
5618,1,CAM001,32,1.9573053425990568,1570,True,34bbee35-39af-49b9-ab65-c313c776cd74,Eastbound,2025-11-18 14:01:27.946977,172.0,328.0,130.0,114.0
5617,7,CAM002,89,1.546500652682725,1520,True,3778898b-349e-4f75-8ea8-ae7872429588,Westbound,2025-11-18 14:01:24.769610,560.0,354.0,94.0,149.0
5616,4,CAM002,71,1.8326401358049322,1520,True,3778898b-349e-4f75-8ea8-ae7872429588,Westbound,2025-11-18 14:01:24.767660,251.0,368.0,110.0,100.0
5615,2,CAM002,57,1.7429724851524362,1520,True,3778898b-349e-4f75-8ea8-ae7872429588,Westbound,2025-11-18 14:01:24.764033,387.0,321.0,240.0,219.0
5614,9,CAM001,66,1.9784348730647814,1565,True,34bbee35-39af-49b9-ab65-c313c776cd74,Eastbound,2025-11-18 14:01:23.632907,258.0,331.0,54.0,64.0
5613,2,CAM001,65,1.825088053105006,1565,True,34bbee35-39af-49b9-ab65-c313c776cd74,Eastbound,2025-11-18 14:01:23.630960,517.0,257.0,105.0,223.0
5612,5,CAM001,61,2.024793454919,1565,True,34bbee35-39af-49b9-ab65-c313c776cd74,Eastbound,2025-11-18 14:01:23.628022,150.0,348.0,50.0,72.0
5611,4,CAM001,59,1.9172487188401477,1565,True,34bbee35-39af-49b9-ab65-c313c776cd74,Eastbound,2025-11-18 14:01:23.626021,291.0,328.0,103.0,106.0
5610,7,CAM001,57,1.7008848318755017,1565,True,34bbee35-39af-49b9-ab65-c313c776cd74,Eastbound,2025-11-18 14:01:23.623929,622.0,327.0,178.0,153.0
5609,3,CAM001,43,2.0265972178745306,1565,True,34bbee35-39af-49b9-ab65-c313c776cd74,Eastbound,2025-11-18 14:01:23.621888,447.0,338.0,76.0,131.0
5608,1,CAM001,32,2.027069227765615,1565,True,34bbee35-39af-49b9-ab65-c313c776cd74,Eastbound,2025-11-18 14:01:23.604239,183.0,329.0,129.0,114.0
5607,7,CAM002,89,1.7600605768338564,1515,True,3778898b-349e-4f75-8ea8-ae7872429588,Westbound,2025-11-18 14:01:20.176752,561.0,354.0,92.0,149.0
5606,4,CAM002,71,1.899662676940113,1515,True,3778898b-349e-4f75-8ea8-ae7872429588,Westbound,2025-11-18 14:01:20.131789,254.0,369.0,107.0,98.0
5605,2,CAM002,57,1.8351461516562626,1515,True,3778898b-349e-4f75-8ea8-ae7872429588,Westbound,2025-11-18 14:01:20.087595,401.0,320.0,231.0,220.0
5604,8,CAM002,55,2.0045361099511827,1515,True,3778898b-349e-4f75-8ea8-ae7872429588,Westbound,2025-11-18 14:01:20.048575,2.0,0.0,140.0,537.0
5603,2,CAM001,65,1.790806086294607,1560,True,34bbee35-39af-49b9-ab65-c313c776cd74,Eastbound,2025-11-18 14:01:18.240985,526.0,271.0,100.0,209.0
5602,5,CAM001,61,1.9919203281253641,1560,True,34bbee35-39af-49b9-ab65-c313c776cd74,Eastbound,2025-11-18 14:01:18.238056,149.0,347.0,51.0,73.0
5601,4,CAM001,59,1.8953278813822256,1560,True,34bbee35-39af-49b9-ab65-c313c776cd74,Eastbound,2025-11-18 14:01:18.234550,293.0,329.0,97.0,104.0
5600,7,CAM001,57,1.690236365748304,1560,True,34bbee35-39af-49b9-ab65-c313c776cd74,Eastbound,2025-11-18 14:01:18.232597,621.0,327.0,172.0,153.0
5599,3,CAM001,43,1.9668895789832617,1560,True,34bbee35-39af-49b9-ab65-c313c776cd74,Eastbound,2025-11-18 14:01:18.230643,447.0,339.0,76.0,131.0
5598,1,CAM001,32,2.0008559675318365,1560,True,34bbee35-39af-49b9-ab65-c313c776cd74,Eastbound,2025-11-18 14:01:18.227707,183.0,328.0,130.0,116.0
5597,7,CAM002,89,1.6863692355499842,1510,True,3778898b-349e-4f75-8ea8-ae7872429588,Westbound,2025-11-18 14:01:14.837462,563.0,354.0,89.0,149.0
5596,4,CAM002,71,1.7961417886000346,1510,True,3778898b-349e-4f75-8ea8-ae7872429588,Westbound,2025-11-18 14:01:14.835467,255.0,370.0,133.0,127.0
5595,2,CAM002,57,1.8017852962712675,1510,True,3778898b-349e-4f75-8ea8-ae7872429588,Westbound,2025-11-18 14:01:14.832983,403.0,316.0,234.0,224.0
5594,8,CAM002,55,2.0121519261046066,1510,True,3778898b-349e-4f75-8ea8-ae7872429588,Westbound,2025-11-18 14:01:14.831030,1.0,0.0,139.0,537.0
5593,9,CAM001,69,1.9870685953262157,1555,True,34bbee35-39af-49b9-ab65-c313c776cd74,Eastbound,2025-11-18 14:01:13.325577,366.0,349.0,82.0,125.0
5592,2,CAM001,65,1.7875867371842409,1555,True,34bbee35-39af-49b9-ab65-c313c776cd74,Eastbound,2025-11-18 14:01:13.323085,535.0,277.0,105.0,203.0
5591,5,CAM001,61,2.0223594097074016,1555,True,34bbee35-39af-49b9-ab65-c313c776cd74,Eastbound,2025-11-18 14:01:13.320603,148.0,347.0,53.0,73.0
5590,4,CAM001,59,1.7037749299986837,1555,True,34bbee35-39af-49b9-ab65-c313c776cd74,Eastbound,2025-11-18 14:01:13.317672,292.0,328.0,91.0,105.0
5589,7,CAM001,57,1.7227044311649595,1555,True,34bbee35-39af-49b9-ab65-c313c776cd74,Eastbound,2025-11-18 14:01:13.315709,628.0,328.0,170.0,152.0
5588,3,CAM001,43,2.00172818348646,1555,True,34bbee35-39af-49b9-ab65-c313c776cd74,Eastbound,2025-11-18 14:01:13.313724,447.0,338.0,79.0,134.0
5587,1,CAM001,32,1.747924182352297,1555,True,34bbee35-39af-49b9-ab65-c313c776cd74,Eastbound,2025-11-18 14:01:13.309776,181.0,328.0,133.0,116.0
5586,7,CAM002,89,1.5628727754089242,1505,True,3778898b-349e-4f75-8ea8-ae7872429588,Westbound,2025-11-18 14:01:09.380398,568.0,354.0,85.0,148.0
5585,4,CAM002,71,1.6667222188292836,1505,True,3778898b-349e-4f75-8ea8-ae7872429588,Westbound,2025-11-18 14:01:09.378405,253.0,368.0,151.0,147.0
5584,2,CAM002,57,1.7273587569163165,1505,True,3778898b-349e-4f75-8ea8-ae7872429588,Westbound,2025-11-18 14:01:09.373884,405.0,316.0,236.0,224.0
5583,1,CAM001,66,1.897824960251336,1550,True,34bbee35-39af-49b9-ab65-c313c776cd74,Eastbound,2025-11-18 14:01:07.842892,259.0,322.0,48.0,64.0
5582,2,CAM001,65,1.7887196493454183,1550,True,34bbee35-39af-49b9-ab65-c313c776cd74,Eastbound,2025-11-18 14:01:07.840930,541.0,286.0,111.0,194.0
5581,5,CAM001,61,1.9368940792132454,1550,True,34bbee35-39af-49b9-ab65-c313c776cd74,Eastbound,2025-11-18 14:01:07.838443,146.0,348.0,56.0,72.0
5580,4,CAM001,59,2.012308743099474,1550,True,34bbee35-39af-49b9-ab65-c313c776cd74,Eastbound,2025-11-18 14:01:07.836482,291.0,327.0,89.0,106.0
5579,7,CAM001,57,1.7146271909289128,1550,True,34bbee35-39af-49b9-ab65-c313c776cd74,Eastbound,2025-11-18 14:01:07.832438,624.0,326.0,169.0,154.0
5578,3,CAM001,43,1.9685506858466095,1550,True,34bbee35-39af-49b9-ab65-c313c776cd74,Eastbound,2025-11-18 14:01:07.830476,441.0,337.0,82.0,135.0
5577,8,CAM001,32,1.8196657285206903,1550,True,34bbee35-39af-49b9-ab65-c313c776cd74,Eastbound,2025-11-18 14:01:07.827517,181.0,328.0,134.0,116.0
5576,3,CAM002,92,1.711576964063187,1500,True,3778898b-349e-4f75-8ea8-ae7872429588,Westbound,2025-11-18 14:01:04.239994,342.0,382.0,115.0,157.0
5575,7,CAM002,89,1.6382519123068413,1500,True,3778898b-349e-4f75-8ea8-ae7872429588,Westbound,2025-11-18 14:01:04.235756,573.0,352.0,84.0,150.0
5574,4,CAM002,82,1.7191938942237408,1500,True,3778898b-349e-4f75-8ea8-ae7872429588,Westbound,2025-11-18 14:01:04.232694,247.0,368.0,109.0,165.0
5573,8,CAM002,71,1.6956255706218264,1500,True,3778898b-349e-4f75-8ea8-ae7872429588,Westbound,2025-11-18 14:01:04.230632,252.0,364.0,107.0,104.0
5572,2,CAM002,57,1.737366436651052,1500,True,3778898b-349e-4f75-8ea8-ae7872429588,Westbound,2025-11-18 14:01:04.228426,412.0,324.0,237.0,216.0
5571,9,CAM001,67,1.8838242524574993,1545,True,34bbee35-39af-49b9-ab65-c313c776cd74,Eastbound,2025-11-18 14:01:02.864641,414.0,336.0,43.0,85.0
5570,1,CAM001,66,1.8744612401540706,1545,True,34bbee35-39af-49b9-ab65-c313c776cd74,Eastbound,2025-11-18 14:01:02.861703,259.0,312.0,46.0,64.0
5569,2,CAM001,65,1.793084519559213,1545,True,34bbee35-39af-49b9-ab65-c313c776cd74,Eastbound,2025-11-18 14:01:02.857969,531.0,277.0,130.0,203.0
5568,5,CAM001,61,2.031279248619881,1545,True,34bbee35-39af-49b9-ab65-c313c776cd74,Eastbound,2025-11-18 14:01:02.855886,148.0,349.0,57.0,72.0
5567,4,CAM001,59,1.7455506940979888,1545,True,34bbee35-39af-49b9-ab65-c313c776cd74,Eastbound,2025-11-18 14:01:02.853281,296.0,328.0,82.0,105.0
5566,7,CAM001,57,1.7169480778451607,1545,True,34bbee35-39af-49b9-ab65-c313c776cd74,Eastbound,2025-11-18 14:01:02.852304,626.0,325.0,166.0,155.0
5565,3,CAM001,43,1.711565254864476,1545,True,34bbee35-39af-49b9-ab65-c313c776cd74,Eastbound,2025-11-18 14:01:02.849241,440.0,338.0,76.0,133.0
5564,8,CAM001,32,2.0025662821106796,1545,True,34bbee35-39af-49b9-ab65-c313c776cd74,Eastbound,2025-11-18 14:01:02.844685,179.0,329.0,137.0,114.0
5563,3,CAM002,92,1.7181656027589651,1495,True,3778898b-349e-4f75-8ea8-ae7872429588,Westbound,2025-11-18 14:00:59.411129,343.0,383.0,118.0,156.0
5562,7,CAM002,89,1.555445476808417,1495,True,3778898b-349e-4f75-8ea8-ae7872429588,Westbound,2025-11-18 14:00:59.409173,573.0,354.0,84.0,145.0
5561,4,CAM002,82,1.766009108173125,1495,True,3778898b-349e-4f75-8ea8-ae7872429588,Westbound,2025-11-18 14:00:59.405424,249.0,368.0,109.0,166.0
5560,2,CAM002,57,1.769009140979691,1495,True,3778898b-349e-4f75-8ea8-ae7872429588,Westbound,2025-11-18 14:00:59.403793,433.0,340.0,228.0,200.0
5559,9,CAM001,67,1.4092550027270698,1540,True,34bbee35-39af-49b9-ab65-c313c776cd74,Eastbound,2025-11-18 14:00:57.892872,412.0,337.0,47.0,83.0
5558,1,CAM001,66,1.9051050704880916,1540,True,34bbee35-39af-49b9-ab65-c313c776cd74,Eastbound,2025-11-18 14:00:57.890618,258.0,319.0,49.0,75.0
5557,2,CAM001,65,1.7700269102749382,1540,True,34bbee35-39af-49b9-ab65-c313c776cd74,Eastbound,2025-11-18 14:00:57.889639,525.0,287.0,140.0,193.0
5556,5,CAM001,61,1.2931243922122886,1540,True,34bbee35-39af-49b9-ab65-c313c776cd74,Eastbound,2025-11-18 14:00:57.888665,147.0,348.0,60.0,72.0
5555,4,CAM001,59,1.5685573158665578,1540,True,34bbee35-39af-49b9-ab65-c313c776cd74,Eastbound,2025-11-18 14:00:57.885702,299.0,329.0,87.0,108.0
5554,7,CAM001,57,1.961224825904709,1540,True,34bbee35-39af-49b9-ab65-c313c776cd74,Eastbound,2025-11-18 14:00:57.883459,643.0,327.0,156.0,153.0
5553,3,CAM001,43,1.9856865044581047,1540,True,34bbee35-39af-49b9-ab65-c313c776cd74,Eastbound,2025-11-18 14:00:57.879863,448.0,335.0,76.0,136.0
5552,8,CAM001,32,1.9193386252296543,1540,True,34bbee35-39af-49b9-ab65-c313c776cd74,Eastbound,2025-11-18 14:00:57.877913,170.0,328.0,141.0,114.0
5551,5,CAM002,92,1.9806976806593157,1490,True,3778898b-349e-4f75-8ea8-ae7872429588,Westbound,2025-11-18 14:00:55.005399,346.0,383.0,122.0,156.0
5550,9,CAM002,89,1.5650253303192616,1490,True,3778898b-349e-4f75-8ea8-ae7872429588,Westbound,2025-11-18 14:00:55.002299,576.0,359.0,78.0,136.0
5549,4,CAM002,82,2.020155896958013,1490,True,3778898b-349e-4f75-8ea8-ae7872429588,Westbound,2025-11-18 14:00:55.000371,248.0,368.0,110.0,168.0
5548,2,CAM002,57,1.708567078443628,1490,True,3778898b-349e-4f75-8ea8-ae7872429588,Westbound,2025-11-18 14:00:54.997435,471.0,360.0,198.0,180.0
5547,1,CAM001,66,1.8446582828676379,1535,True,34bbee35-39af-49b9-ab65-c313c776cd74,Eastbound,2025-11-18 14:00:53.953303,246.0,302.0,77.0,108.0
5546,2,CAM001,65,1.7853367496024997,1535,True,34bbee35-39af-49b9-ab65-c313c776cd74,Eastbound,2025-11-18 14:00:53.950421,539.0,326.0,117.0,154.0
5545,7,CAM001,57,1.9798406079997117,1535,True,34bbee35-39af-49b9-ab65-c313c776cd74,Eastbound,2025-11-18 14:00:53.947982,643.0,326.0,168.0,154.0
5544,3,CAM001,43,1.9866840869219966,1535,True,34bbee35-39af-49b9-ab65-c313c776cd74,Eastbound,2025-11-18 14:00:53.944945,446.0,331.0,81.0,142.0
5543,8,CAM001,32,1.9415656240396406,1535,True,34bbee35-39af-49b9-ab65-c313c776cd74,Eastbound,2025-11-18 14:00:53.940525,157.0,328.0,128.0,112.0
5542,5,CAM002,92,1.7549116257679434,1485,True,3778898b-349e-4f75-8ea8-ae7872429588,Westbound,2025-11-18 14:00:50.435403,353.0,384.0,118.0,154.0
5541,3,CAM002,82,1.4557567768662607,1485,True,3778898b-349e-4f75-8ea8-ae7872429588,Westbound,2025-11-18 14:00:50.426543,257.0,367.0,105.0,169.0
5540,1,CAM002,71,1.8670287567190869,1485,True,3778898b-349e-4f75-8ea8-ae7872429588,Westbound,2025-11-18 14:00:50.423066,254.0,364.0,107.0,103.0
5539,2,CAM002,57,1.7023702277846817,1485,True,3778898b-349e-4f75-8ea8-ae7872429588,Westbound,2025-11-18 14:00:50.419157,484.0,363.0,177.0,177.0
5538,9,CAM001,67,1.9848188910674311,1530,True,34bbee35-39af-49b9-ab65-c313c776cd74,Eastbound,2025-11-18 14:00:48.991324,407.0,338.0,47.0,80.0
5537,1,CAM001,66,1.755659814938312,1530,True,34bbee35-39af-49b9-ab65-c313c776cd74,Eastbound,2025-11-18 14:00:48.989373,246.0,304.0,110.0,133.0
5536,2,CAM001,65,1.7227599492312062,1530,True,34bbee35-39af-49b9-ab65-c313c776cd74,Eastbound,2025-11-18 14:00:48.987417,547.0,340.0,104.0,140.0
5535,4,CAM001,61,2.0304082226494007,1530,True,34bbee35-39af-49b9-ab65-c313c776cd74,Eastbound,2025-11-18 14:00:48.985411,151.0,346.0,59.0,69.0
5534,5,CAM001,59,1.8270932215751106,1530,True,34bbee35-39af-49b9-ab65-c313c776cd74,Eastbound,2025-11-18 14:00:48.983903,352.0,345.0,107.0,130.0
5533,7,CAM001,57,1.962043843650075,1530,True,34bbee35-39af-49b9-ab65-c313c776cd74,Eastbound,2025-11-18 14:00:48.981953,622.0,323.0,172.0,157.0
5532,3,CAM001,43,1.9900138516406085,1530,True,34bbee35-39af-49b9-ab65-c313c776cd74,Eastbound,2025-11-18 14:00:48.979022,445.0,333.0,83.0,139.0
5531,8,CAM001,32,1.6641562135739765,1530,True,34bbee35-39af-49b9-ab65-c313c776cd74,Eastbound,2025-11-18 14:00:48.975552,161.0,313.0,138.0,127.0
5530,5,CAM002,92,1.7818469710071736,1480,True,3778898b-349e-4f75-8ea8-ae7872429588,Westbound,2025-11-18 14:00:45.678616,354.0,385.0,113.0,152.0
5529,1,CAM002,71,1.9993874258746756,1480,True,3778898b-349e-4f75-8ea8-ae7872429588,Westbound,2025-11-18 14:00:45.676664,255.0,363.0,106.0,105.0
5528,2,CAM002,57,1.6770567107032188,1480,True,3778898b-349e-4f75-8ea8-ae7872429588,Westbound,2025-11-18 14:00:45.674152,476.0,334.0,173.0,206.0
5527,9,CAM001,67,2.0140053403805487,1525,True,34bbee35-39af-49b9-ab65-c313c776cd74,Eastbound,2025-11-18 14:00:44.427137,409.0,338.0,45.0,78.0
5526,2,CAM001,65,1.6251262359694185,1525,True,34bbee35-39af-49b9-ab65-c313c776cd74,Eastbound,2025-11-18 14:00:44.424168,547.0,332.0,101.0,148.0
5525,4,CAM001,61,2.036322841629568,1525,True,34bbee35-39af-49b9-ab65-c313c776cd74,Eastbound,2025-11-18 14:00:44.421193,152.0,346.0,57.0,69.0
5524,5,CAM001,59,1.6999078506975116,1525,True,34bbee35-39af-49b9-ab65-c313c776cd74,Eastbound,2025-11-18 14:00:44.418266,345.0,342.0,103.0,130.0
5523,7,CAM001,57,1.9919190104166233,1525,True,34bbee35-39af-49b9-ab65-c313c776cd74,Eastbound,2025-11-18 14:00:44.413802,630.0,323.0,159.0,157.0
5522,3,CAM001,43,1.9069206461598989,1525,True,34bbee35-39af-49b9-ab65-c313c776cd74,Eastbound,2025-11-18 14:00:44.411840,445.0,337.0,83.0,133.0
5521,5,CAM002,92,1.972974904852655,1475,True,3778898b-349e-4f75-8ea8-ae7872429588,Westbound,2025-11-18 14:00:41.520848,347.0,385.0,117.0,155.0
5520,1,CAM002,71,1.9620730357703657,1475,True,3778898b-349e-4f75-8ea8-ae7872429588,Westbound,2025-11-18 14:00:41.517348,260.0,363.0,99.0,104.0
5519,2,CAM002,57,1.536589940437701,1475,True,3778898b-349e-4f75-8ea8-ae7872429588,Westbound,2025-11-18 14:00:41.514380,469.0,293.0,173.0,247.0
5518,9,CAM001,67,2.0177818012298605,1520,True,34bbee35-39af-49b9-ab65-c313c776cd74,Eastbound,2025-11-18 14:00:40.125443,411.0,338.0,43.0,76.0
5517,2,CAM001,65,1.9684569011586088,1520,True,34bbee35-39af-49b9-ab65-c313c776cd74,Eastbound,2025-11-18 14:00:40.122481,550.0,313.0,110.0,166.0
5516,4,CAM001,61,1.4922480099386592,1520,True,34bbee35-39af-49b9-ab65-c313c776cd74,Eastbound,2025-11-18 14:00:40.121505,152.0,347.0,55.0,69.0
5515,7,CAM001,57,2.023995123483781,1520,True,34bbee35-39af-49b9-ab65-c313c776cd74,Eastbound,2025-11-18 14:00:40.118037,647.0,322.0,152.0,158.0
5514,3,CAM001,43,2.0224728656064825,1520,True,34bbee35-39af-49b9-ab65-c313c776cd74,Eastbound,2025-11-18 14:00:40.116108,447.0,343.0,79.0,127.0
5513,4,CAM002,71,1.7937453097545346,1470,True,3778898b-349e-4f75-8ea8-ae7872429588,Westbound,2025-11-18 14:00:36.251728,267.0,363.0,109.0,131.0
5512,8,CAM002,55,1.6765702421607451,1470,True,3778898b-349e-4f75-8ea8-ae7872429588,Westbound,2025-11-18 14:00:36.247904,5.0,0.0,258.0,528.0
5511,9,CAM001,67,1.6317059263694125,1515,True,34bbee35-39af-49b9-ab65-c313c776cd74,Eastbound,2025-11-18 14:00:34.603897,413.0,338.0,40.0,77.0
5510,2,CAM001,65,1.9811670706985087,1515,True,34bbee35-39af-49b9-ab65-c313c776cd74,Eastbound,2025-11-18 14:00:34.601905,563.0,316.0,112.0,163.0
5509,8,CAM001,61,1.5077503114185409,1515,True,34bbee35-39af-49b9-ab65-c313c776cd74,Eastbound,2025-11-18 14:00:34.599953,151.0,349.0,55.0,70.0
5508,7,CAM001,57,2.0163022447592445,1515,True,34bbee35-39af-49b9-ab65-c313c776cd74,Eastbound,2025-11-18 14:00:34.597962,650.0,322.0,150.0,158.0
5507,3,CAM001,43,1.9361174314691274,1515,True,34bbee35-39af-49b9-ab65-c313c776cd74,Eastbound,2025-11-18 14:00:34.595085,437.0,339.0,87.0,132.0
5506,4,CAM002,71,1.6892528275007068,1465,True,3778898b-349e-4f75-8ea8-ae7872429588,Westbound,2025-11-18 14:00:30.912078,270.0,364.0,116.0,167.0
5505,9,CAM002,57,1.5411084653180547,1465,True,3778898b-349e-4f75-8ea8-ae7872429588,Westbound,2025-11-18 14:00:30.910124,462.0,278.0,112.0,262.0
5504,8,CAM002,55,1.9817708539815282,1465,True,3778898b-349e-4f75-8ea8-ae7872429588,Westbound,2025-11-18 14:00:30.906219,13.0,0.0,248.0,528.0
5503,9,CAM001,65,1.8833701431991376,1510,True,34bbee35-39af-49b9-ab65-c313c776cd74,Eastbound,2025-11-18 14:00:29.243334,569.0,323.0,108.0,157.0
5502,5,CAM001,59,1.9997085203956377,1510,True,34bbee35-39af-49b9-ab65-c313c776cd74,Eastbound,2025-11-18 14:00:29.239866,227.0,302.0,104.0,135.0
5501,7,CAM001,57,1.9825516627551771,1510,True,34bbee35-39af-49b9-ab65-c313c776cd74,Eastbound,2025-11-18 14:00:29.236970,651.0,321.0,151.0,159.0
5500,3,CAM001,43,2.014543615891423,1510,True,34bbee35-39af-49b9-ab65-c313c776cd74,Eastbound,2025-11-18 14:00:29.234972,426.0,331.0,90.0,141.0
5499,1,CAM001,32,1.6342380051855228,1510,True,34bbee35-39af-49b9-ab65-c313c776cd74,Eastbound,2025-11-18 14:00:29.230944,187.0,307.0,155.0,131.0
5498,2,CAM002,85,1.6440768388368836,1460,True,3778898b-349e-4f75-8ea8-ae7872429588,Westbound,2025-11-18 14:00:25.360577,531.0,433.0,77.0,104.0
5497,7,CAM002,82,1.6868451456692508,1460,True,3778898b-349e-4f75-8ea8-ae7872429588,Westbound,2025-11-18 14:00:25.354136,569.0,357.0,86.0,144.0
5496,1,CAM002,71,1.746494858292408,1460,True,3778898b-349e-4f75-8ea8-ae7872429588,Westbound,2025-11-18 14:00:25.350227,261.0,365.0,95.0,158.0
5495,8,CAM002,55,1.959676320944636,1460,True,3778898b-349e-4f75-8ea8-ae7872429588,Westbound,2025-11-18 14:00:25.348277,12.0,0.0,234.0,528.0
5494,9,CAM001,67,1.9973754632271636,1505,True,34bbee35-39af-49b9-ab65-c313c776cd74,Eastbound,2025-11-18 14:00:23.461797,418.0,338.0,39.0,79.0
5493,1,CAM001,66,2.0253295182855875,1505,True,34bbee35-39af-49b9-ab65-c313c776cd74,Eastbound,2025-11-18 14:00:23.459844,341.0,345.0,116.0,132.0
5492,2,CAM001,65,1.573914872432494,1505,True,34bbee35-39af-49b9-ab65-c313c776cd74,Eastbound,2025-11-18 14:00:23.456915,575.0,324.0,104.0,155.0
5491,4,CAM001,61,2.027096476171676,1505,True,34bbee35-39af-49b9-ab65-c313c776cd74,Eastbound,2025-11-18 14:00:23.454908,150.0,349.0,55.0,71.0
5490,5,CAM001,59,1.9694594389847497,1505,True,34bbee35-39af-49b9-ab65-c313c776cd74,Eastbound,2025-11-18 14:00:23.452424,236.0,301.0,97.0,135.0
5489,7,CAM001,57,1.6992040309879308,1505,True,34bbee35-39af-49b9-ab65-c313c776cd74,Eastbound,2025-11-18 14:00:23.449495,647.0,320.0,155.0,160.0
5488,3,CAM001,43,1.4894656145901866,1505,True,34bbee35-39af-49b9-ab65-c313c776cd74,Eastbound,2025-11-18 14:00:23.445076,437.0,335.0,78.0,136.0
5487,2,CAM002,85,1.686940536550235,1455,True,3778898b-349e-4f75-8ea8-ae7872429588,Westbound,2025-11-18 14:00:19.576841,515.0,407.0,98.0,131.0
5486,7,CAM002,82,1.7096627347345457,1455,True,3778898b-349e-4f75-8ea8-ae7872429588,Westbound,2025-11-18 14:00:19.573871,569.0,357.0,87.0,144.0
5485,3,CAM002,71,1.7167062050345807,1455,True,3778898b-349e-4f75-8ea8-ae7872429588,Westbound,2025-11-18 14:00:19.570899,261.0,368.0,91.0,168.0
5484,8,CAM002,55,1.6512312028564935,1455,True,3778898b-349e-4f75-8ea8-ae7872429588,Westbound,2025-11-18 14:00:19.567970,9.0,0.0,225.0,532.0
5483,9,CAM001,67,2.0075359754670616,1500,True,34bbee35-39af-49b9-ab65-c313c776cd74,Eastbound,2025-11-18 14:00:17.693966,419.0,337.0,39.0,80.0
5482,1,CAM001,66,2.0064973355129,1500,True,34bbee35-39af-49b9-ab65-c313c776cd74,Eastbound,2025-11-18 14:00:17.691041,343.0,345.0,114.0,132.0
5481,8,CAM001,61,1.6489098732193115,1500,True,34bbee35-39af-49b9-ab65-c313c776cd74,Eastbound,2025-11-18 14:00:17.688108,149.0,349.0,57.0,71.0
5480,5,CAM001,59,1.979811346238267,1500,True,34bbee35-39af-49b9-ab65-c313c776cd74,Eastbound,2025-11-18 14:00:17.685095,246.0,302.0,95.0,134.0
5479,7,CAM001,57,1.7202445391286318,1500,True,34bbee35-39af-49b9-ab65-c313c776cd74,Eastbound,2025-11-18 14:00:17.681636,647.0,323.0,148.0,157.0
5478,4,CAM001,50,2.005005129094702,1500,True,34bbee35-39af-49b9-ab65-c313c776cd74,Eastbound,2025-11-18 14:00:17.678662,108.0,354.0,53.0,77.0
5477,2,CAM001,43,1.7775209963697876,1500,True,34bbee35-39af-49b9-ab65-c313c776cd74,Eastbound,2025-11-18 14:00:17.675723,452.0,342.0,72.0,127.0
5476,3,CAM001,32,1.7371200292357187,1500,True,34bbee35-39af-49b9-ab65-c313c776cd74,Eastbound,2025-11-18 14:00:17.672231,184.0,306.0,159.0,134.0
5475,2,CAM002,85,1.818471163448055,1450,True,3778898b-349e-4f75-8ea8-ae7872429588,Westbound,2025-11-18 14:00:13.179017,493.0,368.0,121.0,170.0
5474,7,CAM002,82,1.6080879520429388,1450,True,3778898b-349e-4f75-8ea8-ae7872429588,Westbound,2025-11-18 14:00:13.134989,569.0,358.0,88.0,144.0
5473,3,CAM002,71,1.7218240955689121,1450,True,3778898b-349e-4f75-8ea8-ae7872429588,Westbound,2025-11-18 14:00:13.103868,264.0,377.0,78.0,161.0
5472,1,CAM002,57,1.813701235623996,1450,True,3778898b-349e-4f75-8ea8-ae7872429588,Westbound,2025-11-18 14:00:13.072991,447.0,388.0,57.0,151.0
5471,8,CAM002,55,1.7325561610944993,1450,True,3778898b-349e-4f75-8ea8-ae7872429588,Westbound,2025-11-18 14:00:13.044914,3.0,0.0,220.0,531.0
5470,1,CAM001,66,1.751886798017209,1495,True,34bbee35-39af-49b9-ab65-c313c776cd74,Eastbound,2025-11-18 14:00:10.899209,346.0,342.0,111.0,134.0
5469,8,CAM001,61,1.5296801635080164,1495,True,34bbee35-39af-49b9-ab65-c313c776cd74,Eastbound,2025-11-18 14:00:10.896280,146.0,348.0,61.0,71.0
5468,5,CAM001,59,2.017393687960803,1495,True,34bbee35-39af-49b9-ab65-c313c776cd74,Eastbound,2025-11-18 14:00:10.892784,248.0,305.0,92.0,131.0
5467,7,CAM001,57,1.997809771117769,1495,True,34bbee35-39af-49b9-ab65-c313c776cd74,Eastbound,2025-11-18 14:00:10.889857,652.0,324.0,142.0,156.0
5466,4,CAM001,50,2.0157414837299497,1495,True,34bbee35-39af-49b9-ab65-c313c776cd74,Eastbound,2025-11-18 14:00:10.885948,107.0,354.0,54.0,77.0
5465,2,CAM001,43,1.7443946488523059,1495,True,34bbee35-39af-49b9-ab65-c313c776cd74,Eastbound,2025-11-18 14:00:10.883456,448.0,340.0,77.0,130.0
5464,3,CAM001,32,1.541804848646228,1495,True,34bbee35-39af-49b9-ab65-c313c776cd74,Eastbound,2025-11-18 14:00:10.879576,182.0,307.0,162.0,132.0
5463,2,CAM002,85,1.8068614288586038,1445,True,3778898b-349e-4f75-8ea8-ae7872429588,Westbound,2025-11-18 14:00:06.981121,488.0,368.0,113.0,169.0
5462,9,CAM002,82,2.018410113357688,1445,True,3778898b-349e-4f75-8ea8-ae7872429588,Westbound,2025-11-18 14:00:06.972727,567.0,359.0,91.0,143.0
5461,3,CAM002,71,1.8435202472557626,1445,True,3778898b-349e-4f75-8ea8-ae7872429588,Westbound,2025-11-18 14:00:06.967837,262.0,389.0,62.0,149.0
5460,1,CAM002,57,1.6943204409141328,1445,True,3778898b-349e-4f75-8ea8-ae7872429588,Westbound,2025-11-18 14:00:06.963292,446.0,389.0,55.0,149.0
5459,8,CAM002,55,2.0265816517831152,1445,True,3778898b-349e-4f75-8ea8-ae7872429588,Westbound,2025-11-18 14:00:06.943564,1.0,0.0,217.0,530.0
5458,1,CAM001,66,1.992589513533944,1490,True,34bbee35-39af-49b9-ab65-c313c776cd74,Eastbound,2025-11-18 14:00:05.018606,348.0,339.0,105.0,137.0
5457,5,CAM001,59,1.9817889829923905,1490,True,34bbee35-39af-49b9-ab65-c313c776cd74,Eastbound,2025-11-18 14:00:05.016654,250.0,303.0,91.0,133.0
5456,7,CAM001,57,1.9336444027826316,1490,True,34bbee35-39af-49b9-ab65-c313c776cd74,Eastbound,2025-11-18 14:00:05.013180,649.0,330.0,147.0,150.0
5455,4,CAM001,50,1.8330692818120378,1490,True,34bbee35-39af-49b9-ab65-c313c776cd74,Eastbound,2025-11-18 14:00:05.010242,105.0,355.0,56.0,77.0
5454,2,CAM001,43,1.6555508425035472,1490,True,34bbee35-39af-49b9-ab65-c313c776cd74,Eastbound,2025-11-18 14:00:05.006780,444.0,338.0,82.0,132.0
5453,2,CAM002,85,1.9777152511469667,1440,True,3778898b-349e-4f75-8ea8-ae7872429588,Westbound,2025-11-18 14:00:01.370883,483.0,369.0,106.0,170.0
5452,9,CAM002,82,1.9636930540490452,1440,True,3778898b-349e-4f75-8ea8-ae7872429588,Westbound,2025-11-18 14:00:01.367959,567.0,359.0,91.0,144.0
5451,3,CAM002,71,1.7323710343755814,1440,True,3778898b-349e-4f75-8ea8-ae7872429588,Westbound,2025-11-18 14:00:01.365995,240.0,376.0,60.0,154.0
5450,1,CAM002,57,1.7901675258226244,1440,True,3778898b-349e-4f75-8ea8-ae7872429588,Westbound,2025-11-18 14:00:01.361500,437.0,392.0,52.0,141.0
5449,8,CAM002,55,2.0006132284483327,1440,True,3778898b-349e-4f75-8ea8-ae7872429588,Westbound,2025-11-18 14:00:01.358533,2.0,0.0,215.0,532.0
5448,1,CAM001,66,1.7803688783044112,1485,True,34bbee35-39af-49b9-ab65-c313c776cd74,Eastbound,2025-11-18 13:59:59.707553,352.0,341.0,100.0,136.0
5447,4,CAM001,61,2.0057403267154106,1485,True,34bbee35-39af-49b9-ab65-c313c776cd74,Eastbound,2025-11-18 13:59:59.704615,150.0,347.0,61.0,69.0
5446,5,CAM001,59,1.949042486523534,1485,True,34bbee35-39af-49b9-ab65-c313c776cd74,Eastbound,2025-11-18 13:59:59.702586,253.0,303.0,89.0,133.0
5445,7,CAM001,57,1.7417221283320525,1485,True,34bbee35-39af-49b9-ab65-c313c776cd74,Eastbound,2025-11-18 13:59:59.699656,639.0,337.0,144.0,143.0
5444,3,CAM001,32,1.7045656033331047,1485,True,34bbee35-39af-49b9-ab65-c313c776cd74,Eastbound,2025-11-18 13:59:59.696725,188.0,321.0,145.0,117.0
5443,2,CAM002,85,1.99361518399253,1435,True,3778898b-349e-4f75-8ea8-ae7872429588,Westbound,2025-11-18 13:59:55.567679,476.0,365.0,107.0,174.0
5442,9,CAM002,82,1.8219834484286757,1435,True,3778898b-349e-4f75-8ea8-ae7872429588,Westbound,2025-11-18 13:59:55.563202,571.0,358.0,93.0,145.0
5441,3,CAM002,71,1.6062389465499294,1435,True,3778898b-349e-4f75-8ea8-ae7872429588,Westbound,2025-11-18 13:59:55.562224,245.0,374.0,72.0,157.0
5440,1,CAM002,57,1.6751475057420515,1435,True,3778898b-349e-4f75-8ea8-ae7872429588,Westbound,2025-11-18 13:59:55.559297,434.0,392.0,59.0,142.0
5439,8,CAM002,55,1.6926391987403124,1435,True,3778898b-349e-4f75-8ea8-ae7872429588,Westbound,2025-11-18 13:59:55.555828,0.0,0.0,214.0,533.0
5438,1,CAM001,66,1.711875862586838,1480,True,34bbee35-39af-49b9-ab65-c313c776cd74,Eastbound,2025-11-18 13:59:53.834914,360.0,345.0,98.0,131.0
5437,7,CAM001,65,1.981966886157111,1480,True,34bbee35-39af-49b9-ab65-c313c776cd74,Eastbound,2025-11-18 13:59:53.832931,706.0,338.0,71.0,107.0
5436,8,CAM001,61,1.6655212567989086,1480,True,34bbee35-39af-49b9-ab65-c313c776cd74,Eastbound,2025-11-18 13:59:53.820620,150.0,347.0,60.0,69.0
5435,5,CAM001,59,1.9717837236874876,1480,True,34bbee35-39af-49b9-ab65-c313c776cd74,Eastbound,2025-11-18 13:59:53.817690,255.0,304.0,88.0,132.0
5434,9,CAM001,57,1.7920015225579222,1480,True,34bbee35-39af-49b9-ab65-c313c776cd74,Eastbound,2025-11-18 13:59:53.814712,591.0,337.0,145.0,143.0
5433,4,CAM001,50,1.967214189154565,1480,True,34bbee35-39af-49b9-ab65-c313c776cd74,Eastbound,2025-11-18 13:59:53.806363,103.0,356.0,58.0,77.0
5432,3,CAM001,32,1.910771079527298,1480,True,34bbee35-39af-49b9-ab65-c313c776cd74,Eastbound,2025-11-18 13:59:53.801884,188.0,314.0,147.0,124.0
5431,1,CAM002,89,1.9290408060548518,1430,True,3778898b-349e-4f75-8ea8-ae7872429588,Westbound,2025-11-18 13:59:50.770942,234.0,196.0,261.0,343.0
5430,2,CAM002,85,1.999001600345189,1430,True,3778898b-349e-4f75-8ea8-ae7872429588,Westbound,2025-11-18 13:59:50.768457,473.0,360.0,111.0,179.0
5429,9,CAM002,82,1.8434704774155126,1430,True,3778898b-349e-4f75-8ea8-ae7872429588,Westbound,2025-11-18 13:59:50.765526,573.0,358.0,94.0,146.0
5428,7,CAM001,65,1.9710274939912797,1475,True,34bbee35-39af-49b9-ab65-c313c776cd74,Eastbound,2025-11-18 13:59:49.307437,709.0,338.0,67.0,111.0
5427,5,CAM001,59,1.725498182844222,1475,True,34bbee35-39af-49b9-ab65-c313c776cd74,Eastbound,2025-11-18 13:59:49.305484,253.0,303.0,91.0,132.0
5426,9,CAM001,57,1.7466894714133474,1475,True,34bbee35-39af-49b9-ab65-c313c776cd74,Eastbound,2025-11-18 13:59:49.302991,593.0,325.0,138.0,155.0
5425,4,CAM001,50,1.9125308683654296,1475,True,34bbee35-39af-49b9-ab65-c313c776cd74,Eastbound,2025-11-18 13:59:49.300053,101.0,356.0,61.0,77.0
5424,3,CAM001,32,1.9497591248928057,1475,True,34bbee35-39af-49b9-ab65-c313c776cd74,Eastbound,2025-11-18 13:59:49.297569,184.0,304.0,159.0,136.0
5423,1,CAM002,89,1.7555282517548167,1425,True,3778898b-349e-4f75-8ea8-ae7872429588,Westbound,2025-11-18 13:59:45.577972,213.0,188.0,267.0,350.0
5422,2,CAM002,85,1.827782048422172,1425,True,3778898b-349e-4f75-8ea8-ae7872429588,Westbound,2025-11-18 13:59:45.575466,474.0,359.0,115.0,181.0
5421,9,CAM002,82,1.7590300116003228,1425,True,3778898b-349e-4f75-8ea8-ae7872429588,Westbound,2025-11-18 13:59:45.571518,578.0,357.0,97.0,148.0
5420,8,CAM002,55,2.0030329046054502,1425,True,3778898b-349e-4f75-8ea8-ae7872429588,Westbound,2025-11-18 13:59:45.569564,0.0,0.0,213.0,529.0
5419,1,CAM001,66,1.802600524878064,1470,True,34bbee35-39af-49b9-ab65-c313c776cd74,Eastbound,2025-11-18 13:59:43.734791,365.0,345.0,100.0,131.0
5418,7,CAM001,65,1.926809102711624,1470,True,34bbee35-39af-49b9-ab65-c313c776cd74,Eastbound,2025-11-18 13:59:43.732304,710.0,339.0,68.0,124.0
5417,5,CAM001,61,2.002697425555456,1470,True,34bbee35-39af-49b9-ab65-c313c776cd74,Eastbound,2025-11-18 13:59:43.729335,148.0,347.0,57.0,68.0
5416,3,CAM001,60,1.9355297207552493,1470,True,34bbee35-39af-49b9-ab65-c313c776cd74,Eastbound,2025-11-18 13:59:43.726406,175.0,341.0,94.0,107.0
5415,9,CAM001,57,1.9643724873790473,1470,True,34bbee35-39af-49b9-ab65-c313c776cd74,Eastbound,2025-11-18 13:59:43.722935,591.0,294.0,136.0,186.0
5414,4,CAM001,50,1.9549276686580666,1470,True,34bbee35-39af-49b9-ab65-c313c776cd74,Eastbound,2025-11-18 13:59:43.720973,96.0,355.0,62.0,78.0
5413,2,CAM001,43,1.8024220352206612,1470,True,34bbee35-39af-49b9-ab65-c313c776cd74,Eastbound,2025-11-18 13:59:43.715551,445.0,339.0,81.0,131.0
5412,4,CAM002,90,1.7278162986990362,1420,True,3778898b-349e-4f75-8ea8-ae7872429588,Westbound,2025-11-18 13:59:39.110982,0.0,2.0,137.0,530.0
5411,3,CAM002,89,1.4856316549250015,1420,True,3778898b-349e-4f75-8ea8-ae7872429588,Westbound,2025-11-18 13:59:39.107067,215.0,182.0,254.0,356.0
5410,2,CAM002,85,1.798090992092269,1420,True,3778898b-349e-4f75-8ea8-ae7872429588,Westbound,2025-11-18 13:59:39.105560,479.0,362.0,115.0,178.0
5409,1,CAM002,57,1.762363012286694,1420,True,3778898b-349e-4f75-8ea8-ae7872429588,Westbound,2025-11-18 13:59:39.103568,431.0,390.0,68.0,150.0
5408,8,CAM002,55,1.5806935873277952,1420,True,3778898b-349e-4f75-8ea8-ae7872429588,Westbound,2025-11-18 13:59:39.100632,0.0,0.0,213.0,529.0
5407,7,CAM001,65,2.0089045375054306,1465,True,34bbee35-39af-49b9-ab65-c313c776cd74,Eastbound,2025-11-18 13:59:37.061798,707.0,339.0,72.0,139.0
5406,8,CAM001,61,1.6891228064354136,1465,True,34bbee35-39af-49b9-ab65-c313c776cd74,Eastbound,2025-11-18 13:59:37.059091,151.0,346.0,57.0,71.0
5405,3,CAM001,60,1.366909560330992,1465,True,34bbee35-39af-49b9-ab65-c313c776cd74,Eastbound,2025-11-18 13:59:37.057507,183.0,340.0,95.0,107.0
5404,9,CAM001,57,1.9898314838472522,1465,True,34bbee35-39af-49b9-ab65-c313c776cd74,Eastbound,2025-11-18 13:59:37.054459,591.0,266.0,133.0,213.0
5403,4,CAM001,50,1.423725418523156,1465,True,34bbee35-39af-49b9-ab65-c313c776cd74,Eastbound,2025-11-18 13:59:37.051974,100.0,354.0,61.0,78.0
5402,2,CAM001,43,1.6191108349759322,1465,True,34bbee35-39af-49b9-ab65-c313c776cd74,Eastbound,2025-11-18 13:59:37.049061,442.0,338.0,84.0,133.0
5401,5,CAM001,32,2.0215539070450412,1465,True,34bbee35-39af-49b9-ab65-c313c776cd74,Eastbound,2025-11-18 13:59:36.986411,198.0,321.0,144.0,116.0
5400,3,CAM002,89,1.8831297908944329,1415,True,3778898b-349e-4f75-8ea8-ae7872429588,Westbound,2025-11-18 13:59:33.388845,213.0,180.0,238.0,359.0
5399,2,CAM002,85,1.753239791995222,1415,True,3778898b-349e-4f75-8ea8-ae7872429588,Westbound,2025-11-18 13:59:33.355198,485.0,371.0,109.0,169.0
5398,1,CAM002,57,1.620080765108408,1415,True,3778898b-349e-4f75-8ea8-ae7872429588,Westbound,2025-11-18 13:59:33.336963,412.0,388.0,84.0,152.0
5397,7,CAM001,65,2.0095558074486735,1460,True,34bbee35-39af-49b9-ab65-c313c776cd74,Eastbound,2025-11-18 13:59:31.962928,710.0,337.0,66.0,137.0
5396,9,CAM001,57,1.9730788409621325,1460,True,34bbee35-39af-49b9-ab65-c313c776cd74,Eastbound,2025-11-18 13:59:31.946642,595.0,255.0,130.0,224.0
5395,2,CAM001,43,1.703228422772816,1460,True,34bbee35-39af-49b9-ab65-c313c776cd74,Eastbound,2025-11-18 13:59:31.915474,426.0,330.0,92.0,144.0
5394,5,CAM001,32,1.9978446054454064,1460,True,34bbee35-39af-49b9-ab65-c313c776cd74,Eastbound,2025-11-18 13:59:31.894261,202.0,319.0,142.0,118.0
5393,3,CAM002,89,1.900813404066408,1410,True,3778898b-349e-4f75-8ea8-ae7872429588,Westbound,2025-11-18 13:59:28.344206,181.0,173.0,217.0,365.0
5392,2,CAM002,85,1.6999889639479147,1410,True,3778898b-349e-4f75-8ea8-ae7872429588,Westbound,2025-11-18 13:59:28.342218,476.0,376.0,108.0,165.0
5391,9,CAM002,71,1.6377676923089406,1410,True,3778898b-349e-4f75-8ea8-ae7872429588,Westbound,2025-11-18 13:59:28.339281,493.0,326.0,106.0,214.0
5390,4,CAM002,55,1.9865983540459462,1410,True,3778898b-349e-4f75-8ea8-ae7872429588,Westbound,2025-11-18 13:59:28.336351,0.0,0.0,216.0,530.0
5389,7,CAM001,65,1.9508700912320744,1455,True,34bbee35-39af-49b9-ab65-c313c776cd74,Eastbound,2025-11-18 13:59:26.604559,717.0,339.0,60.0,134.0
5388,8,CAM001,61,1.9833042370333722,1455,True,34bbee35-39af-49b9-ab65-c313c776cd74,Eastbound,2025-11-18 13:59:26.601594,175.0,325.0,96.0,123.0
5387,1,CAM001,60,2.003122947695103,1455,True,34bbee35-39af-49b9-ab65-c313c776cd74,Eastbound,2025-11-18 13:59:26.597690,268.0,337.0,89.0,100.0
5386,9,CAM001,57,1.3540561874762307,1455,True,34bbee35-39af-49b9-ab65-c313c776cd74,Eastbound,2025-11-18 13:59:26.594210,592.0,247.0,140.0,233.0
5385,2,CAM001,43,1.9852772142060808,1455,True,34bbee35-39af-49b9-ab65-c313c776cd74,Eastbound,2025-11-18 13:59:26.590275,425.0,332.0,92.0,142.0
5384,5,CAM001,32,1.5738424332664902,1455,True,34bbee35-39af-49b9-ab65-c313c776cd74,Eastbound,2025-11-18 13:59:26.582862,206.0,317.0,138.0,120.0
5383,3,CAM002,89,1.6159452796056852,1405,True,3778898b-349e-4f75-8ea8-ae7872429588,Westbound,2025-11-18 13:59:22.565430,150.0,163.0,193.0,376.0
5382,2,CAM002,85,1.813678427733144,1405,True,3778898b-349e-4f75-8ea8-ae7872429588,Westbound,2025-11-18 13:59:22.562913,421.0,383.0,104.0,157.0
5381,1,CAM002,77,1.8059130623053565,1405,True,3778898b-349e-4f75-8ea8-ae7872429588,Westbound,2025-11-18 13:59:22.558028,257.0,360.0,86.0,136.0
5380,5,CAM002,76,1.9848964926019868,1405,True,3778898b-349e-4f75-8ea8-ae7872429588,Westbound,2025-11-18 13:59:22.554103,346.0,385.0,105.0,155.0
5379,9,CAM002,71,1.9635255750884244,1405,True,3778898b-349e-4f75-8ea8-ae7872429588,Westbound,2025-11-18 13:59:22.551086,492.0,341.0,105.0,199.0
5378,7,CAM001,65,1.953829522073439,1450,True,34bbee35-39af-49b9-ab65-c313c776cd74,Eastbound,2025-11-18 13:59:20.927525,724.0,342.0,58.0,132.0
5377,4,CAM001,61,1.6137026584149097,1450,True,34bbee35-39af-49b9-ab65-c313c776cd74,Eastbound,2025-11-18 13:59:20.922997,184.0,326.0,98.0,123.0
5376,1,CAM001,60,1.8211867886213309,1450,True,34bbee35-39af-49b9-ab65-c313c776cd74,Eastbound,2025-11-18 13:59:20.920069,273.0,336.0,88.0,100.0
5375,5,CAM001,59,1.3869474332176603,1450,True,34bbee35-39af-49b9-ab65-c313c776cd74,Eastbound,2025-11-18 13:59:20.917145,252.0,328.0,48.0,68.0
5374,8,CAM001,50,1.9806175643683948,1450,True,34bbee35-39af-49b9-ab65-c313c776cd74,Eastbound,2025-11-18 13:59:20.914134,147.0,348.0,59.0,75.0
5373,2,CAM001,43,1.8040526254976328,1450,True,34bbee35-39af-49b9-ab65-c313c776cd74,Eastbound,2025-11-18 13:59:20.910672,422.0,335.0,90.0,137.0
5372,3,CAM001,32,1.9769732959638584,1450,True,34bbee35-39af-49b9-ab65-c313c776cd74,Eastbound,2025-11-18 13:59:20.906765,180.0,325.0,135.0,119.0
5371,4,CAM002,89,1.7792841663696246,1400,True,3778898b-349e-4f75-8ea8-ae7872429588,Westbound,2025-11-18 13:59:16.823393,134.0,155.0,181.0,383.0
5370,2,CAM002,85,1.7545732653963664,1400,True,3778898b-349e-4f75-8ea8-ae7872429588,Westbound,2025-11-18 13:59:16.812976,429.0,384.0,87.0,151.0
5369,9,CAM002,82,1.9552098754244576,1400,True,3778898b-349e-4f75-8ea8-ae7872429588,Westbound,2025-11-18 13:59:16.806071,585.0,354.0,90.0,153.0
5368,1,CAM002,77,1.72539411608143,1400,True,3778898b-349e-4f75-8ea8-ae7872429588,Westbound,2025-11-18 13:59:16.780363,266.0,362.0,75.0,133.0
5367,5,CAM002,76,1.71190506259102,1400,True,3778898b-349e-4f75-8ea8-ae7872429588,Westbound,2025-11-18 13:59:16.777433,347.0,386.0,107.0,154.0
5366,7,CAM002,71,1.5313879123002507,1400,True,3778898b-349e-4f75-8ea8-ae7872429588,Westbound,2025-11-18 13:59:16.771509,490.0,365.0,99.0,175.0
5365,3,CAM002,57,1.793733858286382,1400,True,3778898b-349e-4f75-8ea8-ae7872429588,Westbound,2025-11-18 13:59:16.760111,248.0,365.0,104.0,171.0
5364,8,CAM002,55,1.7065861203989612,1400,True,3778898b-349e-4f75-8ea8-ae7872429588,Westbound,2025-11-18 13:59:16.749265,0.0,0.0,217.0,527.0
5363,1,CAM001,60,1.5576935356182096,1445,True,34bbee35-39af-49b9-ab65-c313c776cd74,Eastbound,2025-11-18 13:59:14.047788,280.0,333.0,90.0,101.0
5362,4,CAM001,59,1.5380737588359294,1445,True,34bbee35-39af-49b9-ab65-c313c776cd74,Eastbound,2025-11-18 13:59:14.045637,253.0,327.0,51.0,69.0
5361,8,CAM001,50,1.4659643596988918,1445,True,34bbee35-39af-49b9-ab65-c313c776cd74,Eastbound,2025-11-18 13:59:14.042254,147.0,348.0,59.0,74.0
5360,2,CAM001,43,1.6484237365457237,1445,True,34bbee35-39af-49b9-ab65-c313c776cd74,Eastbound,2025-11-18 13:59:14.039326,413.0,333.0,93.0,138.0
5359,3,CAM001,32,1.6567751291094597,1445,True,34bbee35-39af-49b9-ab65-c313c776cd74,Eastbound,2025-11-18 13:59:14.036395,176.0,325.0,137.0,117.0
5358,9,CAM002,82,1.9423527973282988,1395,True,3778898b-349e-4f75-8ea8-ae7872429588,Westbound,2025-11-18 13:59:08.593041,580.0,356.0,86.0,148.0
5357,5,CAM002,76,2.016482635346432,1395,True,3778898b-349e-4f75-8ea8-ae7872429588,Westbound,2025-11-18 13:59:08.590075,350.0,387.0,105.0,153.0
5356,2,CAM002,71,1.750612336461563,1395,True,3778898b-349e-4f75-8ea8-ae7872429588,Westbound,2025-11-18 13:59:08.588122,481.0,366.0,99.0,174.0
5355,3,CAM002,57,1.725012277845888,1395,True,3778898b-349e-4f75-8ea8-ae7872429588,Westbound,2025-11-18 13:59:08.585183,248.0,365.0,104.0,167.0
5354,8,CAM002,55,1.9785164774515576,1395,True,3778898b-349e-4f75-8ea8-ae7872429588,Westbound,2025-11-18 13:59:08.582665,6.0,0.0,215.0,528.0
5353,1,CAM001,60,1.990403486526449,1440,True,34bbee35-39af-49b9-ab65-c313c776cd74,Eastbound,2025-11-18 13:59:06.938094,285.0,330.0,93.0,104.0
5352,4,CAM001,59,1.9643564659507788,1440,True,34bbee35-39af-49b9-ab65-c313c776cd74,Eastbound,2025-11-18 13:59:06.936142,257.0,327.0,51.0,67.0
5351,2,CAM001,43,1.7384809269309285,1440,True,34bbee35-39af-49b9-ab65-c313c776cd74,Eastbound,2025-11-18 13:59:06.934109,417.0,331.0,89.0,142.0
5350,3,CAM001,32,1.7517070912089094,1440,True,34bbee35-39af-49b9-ab65-c313c776cd74,Eastbound,2025-11-18 13:59:06.928697,173.0,323.0,133.0,118.0
5349,9,CAM002,82,1.9951773268918136,1390,True,3778898b-349e-4f75-8ea8-ae7872429588,Westbound,2025-11-18 13:59:03.147256,574.0,352.0,88.0,150.0
5348,5,CAM002,76,2.0210116466102406,1390,True,3778898b-349e-4f75-8ea8-ae7872429588,Westbound,2025-11-18 13:59:03.145299,348.0,387.0,106.0,153.0
5347,2,CAM002,71,1.8205281885922053,1390,True,3778898b-349e-4f75-8ea8-ae7872429588,Westbound,2025-11-18 13:59:03.142323,472.0,360.0,102.0,179.0
5346,3,CAM002,57,1.7443595187154939,1390,True,3778898b-349e-4f75-8ea8-ae7872429588,Westbound,2025-11-18 13:59:03.139383,250.0,365.0,100.0,158.0
5345,8,CAM002,55,1.995814964920769,1390,True,3778898b-349e-4f75-8ea8-ae7872429588,Westbound,2025-11-18 13:59:03.136898,6.0,0.0,208.0,529.0
5344,1,CAM001,60,1.9998132947328984,1435,True,34bbee35-39af-49b9-ab65-c313c776cd74,Eastbound,2025-11-18 13:59:01.584916,291.0,332.0,90.0,102.0
5343,4,CAM001,59,1.9769733026490084,1435,True,34bbee35-39af-49b9-ab65-c313c776cd74,Eastbound,2025-11-18 13:59:01.582404,260.0,327.0,48.0,65.0
5342,2,CAM001,43,1.6830899613088077,1435,True,34bbee35-39af-49b9-ab65-c313c776cd74,Eastbound,2025-11-18 13:59:01.580897,438.0,333.0,83.0,139.0
5341,3,CAM001,32,1.6823991710055854,1435,True,34bbee35-39af-49b9-ab65-c313c776cd74,Eastbound,2025-11-18 13:59:01.576989,174.0,321.0,130.0,121.0
5340,9,CAM002,82,2.0063609605186286,1385,True,3778898b-349e-4f75-8ea8-ae7872429588,Westbound,2025-11-18 13:58:58.262693,569.0,352.0,89.0,151.0
5339,5,CAM002,76,1.7908967336650807,1385,True,3778898b-349e-4f75-8ea8-ae7872429588,Westbound,2025-11-18 13:58:58.225227,348.0,386.0,107.0,154.0
5338,2,CAM002,71,1.7853155102854787,1385,True,3778898b-349e-4f75-8ea8-ae7872429588,Westbound,2025-11-18 13:58:58.193161,469.0,365.0,99.0,173.0
5337,3,CAM002,57,1.7100921654228534,1385,True,3778898b-349e-4f75-8ea8-ae7872429588,Westbound,2025-11-18 13:58:58.159171,251.0,364.0,97.0,153.0
5336,8,CAM002,55,1.4610221433308501,1385,True,3778898b-349e-4f75-8ea8-ae7872429588,Westbound,2025-11-18 13:58:58.124159,2.0,1.0,203.0,531.0
5335,5,CAM001,61,1.8238746485873192,1430,True,34bbee35-39af-49b9-ab65-c313c776cd74,Eastbound,2025-11-18 13:58:56.460871,366.0,344.0,98.0,121.0
5334,1,CAM001,60,1.9629200163108427,1430,True,34bbee35-39af-49b9-ab65-c313c776cd74,Eastbound,2025-11-18 13:58:56.457934,292.0,329.0,91.0,105.0
5333,8,CAM001,59,2.0047909264086745,1430,True,34bbee35-39af-49b9-ab65-c313c776cd74,Eastbound,2025-11-18 13:58:56.449556,262.0,328.0,48.0,65.0
5332,4,CAM001,50,2.0279567903627234,1430,True,34bbee35-39af-49b9-ab65-c313c776cd74,Eastbound,2025-11-18 13:58:56.446085,150.0,348.0,56.0,69.0
5331,7,CAM001,49,2.018771873624351,1430,True,34bbee35-39af-49b9-ab65-c313c776cd74,Eastbound,2025-11-18 13:58:56.443115,421.0,336.0,40.0,81.0
5330,2,CAM001,43,1.830756986591658,1430,True,34bbee35-39af-49b9-ab65-c313c776cd74,Eastbound,2025-11-18 13:58:56.439210,449.0,338.0,81.0,132.0
5329,3,CAM001,32,1.745138715177705,1430,True,34bbee35-39af-49b9-ab65-c313c776cd74,Eastbound,2025-11-18 13:58:56.435741,182.0,322.0,122.0,121.0
5328,7,CAM002,85,1.8616216243904802,1380,True,3778898b-349e-4f75-8ea8-ae7872429588,Westbound,2025-11-18 13:58:52.692614,442.0,388.0,37.0,72.0
5327,9,CAM002,82,2.0099743187971573,1380,True,3778898b-349e-4f75-8ea8-ae7872429588,Westbound,2025-11-18 13:58:52.690658,566.0,353.0,90.0,151.0
5326,5,CAM002,76,1.8217237476540835,1380,True,3778898b-349e-4f75-8ea8-ae7872429588,Westbound,2025-11-18 13:58:52.687729,347.0,385.0,109.0,154.0
5325,2,CAM002,71,1.79080920856038,1380,True,3778898b-349e-4f75-8ea8-ae7872429588,Westbound,2025-11-18 13:58:52.685767,468.0,372.0,98.0,166.0
5324,3,CAM002,57,1.7204214998325773,1380,True,3778898b-349e-4f75-8ea8-ae7872429588,Westbound,2025-11-18 13:58:52.682326,249.0,363.0,99.0,157.0
5323,5,CAM001,61,1.802061010224763,1425,True,34bbee35-39af-49b9-ab65-c313c776cd74,Eastbound,2025-11-18 13:58:51.334142,362.0,344.0,101.0,124.0
5322,1,CAM001,60,1.9566576044429473,1425,True,34bbee35-39af-49b9-ab65-c313c776cd74,Eastbound,2025-11-18 13:58:51.331659,290.0,327.0,90.0,107.0
5321,8,CAM001,59,1.6097527310227302,1425,True,34bbee35-39af-49b9-ab65-c313c776cd74,Eastbound,2025-11-18 13:58:51.327691,263.0,329.0,49.0,64.0
5320,4,CAM001,50,2.0214467463231096,1425,True,34bbee35-39af-49b9-ab65-c313c776cd74,Eastbound,2025-11-18 13:58:51.323776,149.0,347.0,58.0,71.0
5319,7,CAM001,49,1.8707351282551357,1425,True,34bbee35-39af-49b9-ab65-c313c776cd74,Eastbound,2025-11-18 13:58:51.320312,420.0,336.0,42.0,81.0
5318,2,CAM001,43,1.8049494771943155,1425,True,34bbee35-39af-49b9-ab65-c313c776cd74,Eastbound,2025-11-18 13:58:51.316841,452.0,344.0,78.0,126.0
5317,3,CAM001,32,1.740526359888879,1425,True,34bbee35-39af-49b9-ab65-c313c776cd74,Eastbound,2025-11-18 13:58:51.313902,189.0,323.0,116.0,122.0
5316,7,CAM002,85,1.8714512155183414,1375,True,3778898b-349e-4f75-8ea8-ae7872429588,Westbound,2025-11-18 13:58:47.359832,441.0,388.0,40.0,74.0
5315,9,CAM002,82,1.999625771048073,1375,True,3778898b-349e-4f75-8ea8-ae7872429588,Westbound,2025-11-18 13:58:47.356860,566.0,354.0,91.0,148.0
5314,1,CAM002,77,1.8558381163865874,1375,True,3778898b-349e-4f75-8ea8-ae7872429588,Westbound,2025-11-18 13:58:47.353923,335.0,386.0,46.0,90.0
5313,5,CAM002,76,1.8813449864798728,1375,True,3778898b-349e-4f75-8ea8-ae7872429588,Westbound,2025-11-18 13:58:47.350472,348.0,384.0,108.0,154.0
5312,2,CAM002,71,1.8712932922327659,1375,True,3778898b-349e-4f75-8ea8-ae7872429588,Westbound,2025-11-18 13:58:47.346985,469.0,375.0,98.0,163.0
5311,3,CAM002,57,1.7976240297283628,1375,True,3778898b-349e-4f75-8ea8-ae7872429588,Westbound,2025-11-18 13:58:47.343037,247.0,362.0,104.0,159.0
5310,8,CAM002,55,2.007732905229186,1375,True,3778898b-349e-4f75-8ea8-ae7872429588,Westbound,2025-11-18 13:58:47.340106,2.0,0.0,210.0,532.0
5309,5,CAM001,61,1.844002013584918,1420,True,34bbee35-39af-49b9-ab65-c313c776cd74,Eastbound,2025-11-18 13:58:45.385808,356.0,345.0,107.0,128.0
5308,1,CAM001,60,1.8156341259976483,1420,True,34bbee35-39af-49b9-ab65-c313c776cd74,Eastbound,2025-11-18 13:58:45.383848,278.0,331.0,93.0,104.0
5307,4,CAM001,50,1.9799533974159458,1420,True,34bbee35-39af-49b9-ab65-c313c776cd74,Eastbound,2025-11-18 13:58:45.382339,147.0,346.0,63.0,75.0
5306,7,CAM001,49,1.8779409242209726,1420,True,34bbee35-39af-49b9-ab65-c313c776cd74,Eastbound,2025-11-18 13:58:45.380387,420.0,336.0,42.0,80.0
5305,2,CAM001,43,1.8513958060690237,1420,True,34bbee35-39af-49b9-ab65-c313c776cd74,Eastbound,2025-11-18 13:58:45.377849,452.0,344.0,77.0,126.0
5304,3,CAM001,32,1.733453366995193,1420,True,34bbee35-39af-49b9-ab65-c313c776cd74,Eastbound,2025-11-18 13:58:45.373904,188.0,324.0,105.0,122.0
5303,7,CAM002,85,1.8610918272743504,1370,True,3778898b-349e-4f75-8ea8-ae7872429588,Westbound,2025-11-18 13:58:40.611087,440.0,389.0,42.0,74.0
5302,9,CAM002,82,2.002974568152887,1370,True,3778898b-349e-4f75-8ea8-ae7872429588,Westbound,2025-11-18 13:58:40.607623,566.0,359.0,89.0,142.0
5301,1,CAM002,77,1.8499076337930271,1370,True,3778898b-349e-4f75-8ea8-ae7872429588,Westbound,2025-11-18 13:58:40.603706,334.0,386.0,47.0,90.0
5300,5,CAM002,76,1.8779725405051175,1370,True,3778898b-349e-4f75-8ea8-ae7872429588,Westbound,2025-11-18 13:58:40.598742,348.0,384.0,108.0,153.0
5299,2,CAM002,71,1.8759817367388705,1370,True,3778898b-349e-4f75-8ea8-ae7872429588,Westbound,2025-11-18 13:58:40.596790,469.0,378.0,98.0,161.0
5298,3,CAM002,57,1.781868550586442,1370,True,3778898b-349e-4f75-8ea8-ae7872429588,Westbound,2025-11-18 13:58:40.591356,243.0,361.0,112.0,162.0
5297,8,CAM002,55,2.0033847097431696,1370,True,3778898b-349e-4f75-8ea8-ae7872429588,Westbound,2025-11-18 13:58:40.588859,4.0,0.0,207.0,530.0
5296,5,CAM001,61,1.8203360795464465,1415,True,34bbee35-39af-49b9-ab65-c313c776cd74,Eastbound,2025-11-18 13:58:38.400964,354.0,346.0,109.0,127.0
5295,1,CAM001,60,1.8281235349384624,1415,True,34bbee35-39af-49b9-ab65-c313c776cd74,Eastbound,2025-11-18 13:58:38.399011,265.0,330.0,100.0,107.0
5294,4,CAM001,50,1.9708917743602137,1415,True,34bbee35-39af-49b9-ab65-c313c776cd74,Eastbound,2025-11-18 13:58:38.397059,142.0,345.0,70.0,83.0
5293,7,CAM001,49,1.8590442570199166,1415,True,34bbee35-39af-49b9-ab65-c313c776cd74,Eastbound,2025-11-18 13:58:38.394121,419.0,336.0,42.0,79.0
5292,2,CAM001,43,1.8178931801505593,1415,True,34bbee35-39af-49b9-ab65-c313c776cd74,Eastbound,2025-11-18 13:58:38.391613,452.0,344.0,77.0,126.0
5291,3,CAM001,32,1.6481105300307437,1415,True,34bbee35-39af-49b9-ab65-c313c776cd74,Eastbound,2025-11-18 13:58:38.386729,175.0,325.0,109.0,124.0
5290,7,CAM002,85,1.8688936020662636,1365,True,3778898b-349e-4f75-8ea8-ae7872429588,Westbound,2025-11-18 13:58:33.631441,440.0,390.0,41.0,71.0
5289,9,CAM002,82,1.9911290562542063,1365,True,3778898b-349e-4f75-8ea8-ae7872429588,Westbound,2025-11-18 13:58:33.628471,565.0,360.0,92.0,144.0
5288,1,CAM002,77,1.8190244880466966,1365,True,3778898b-349e-4f75-8ea8-ae7872429588,Westbound,2025-11-18 13:58:33.625544,333.0,385.0,48.0,91.0
5287,5,CAM002,76,1.8748824908908275,1365,True,3778898b-349e-4f75-8ea8-ae7872429588,Westbound,2025-11-18 13:58:33.622074,346.0,384.0,110.0,154.0
5286,2,CAM002,71,1.8708273922402383,1365,True,3778898b-349e-4f75-8ea8-ae7872429588,Westbound,2025-11-18 13:58:33.620122,468.0,378.0,102.0,162.0
5285,3,CAM002,57,1.7596600525299995,1365,True,3778898b-349e-4f75-8ea8-ae7872429588,Westbound,2025-11-18 13:58:33.617627,236.0,363.0,123.0,161.0
5284,8,CAM002,55,2.0224031503884983,1365,True,3778898b-349e-4f75-8ea8-ae7872429588,Westbound,2025-11-18 13:58:33.614704,7.0,0.0,200.0,528.0
5283,5,CAM001,61,1.836678592594228,1410,True,34bbee35-39af-49b9-ab65-c313c776cd74,Eastbound,2025-11-18 13:58:31.432628,350.0,346.0,113.0,128.0
5282,1,CAM001,60,1.7744653501789573,1410,True,34bbee35-39af-49b9-ab65-c313c776cd74,Eastbound,2025-11-18 13:58:31.428723,261.0,333.0,98.0,103.0
5281,4,CAM001,50,1.908307660491914,1410,True,34bbee35-39af-49b9-ab65-c313c776cd74,Eastbound,2025-11-18 13:58:31.425785,143.0,346.0,69.0,80.0
5280,7,CAM001,49,1.8314722839519764,1410,True,34bbee35-39af-49b9-ab65-c313c776cd74,Eastbound,2025-11-18 13:58:31.421773,420.0,336.0,41.0,78.0
5279,2,CAM001,43,1.812388271075765,1410,True,34bbee35-39af-49b9-ab65-c313c776cd74,Eastbound,2025-11-18 13:58:31.420798,452.0,343.0,76.0,127.0
5278,3,CAM001,32,1.731920415016609,1410,True,34bbee35-39af-49b9-ab65-c313c776cd74,Eastbound,2025-11-18 13:58:31.415915,178.0,344.0,98.0,108.0
5277,7,CAM002,85,1.5853391737697764,1360,True,3778898b-349e-4f75-8ea8-ae7872429588,Westbound,2025-11-18 13:58:27.277752,440.0,389.0,41.0,73.0
5276,9,CAM002,82,1.9216127390418083,1360,True,3778898b-349e-4f75-8ea8-ae7872429588,Westbound,2025-11-18 13:58:27.254494,568.0,356.0,100.0,150.0
5275,1,CAM002,77,1.7636717749690813,1360,True,3778898b-349e-4f75-8ea8-ae7872429588,Westbound,2025-11-18 13:58:27.227764,332.0,384.0,50.0,87.0
5274,5,CAM002,76,1.86582863060247,1360,True,3778898b-349e-4f75-8ea8-ae7872429588,Westbound,2025-11-18 13:58:27.207102,343.0,383.0,114.0,156.0
5273,2,CAM002,71,1.843794320623336,1360,True,3778898b-349e-4f75-8ea8-ae7872429588,Westbound,2025-11-18 13:58:27.186344,458.0,380.0,109.0,160.0
5272,3,CAM002,57,1.7624601985387658,1360,True,3778898b-349e-4f75-8ea8-ae7872429588,Westbound,2025-11-18 13:58:27.160703,238.0,365.0,122.0,138.0
5271,8,CAM002,55,1.7029918781039084,1360,True,3778898b-349e-4f75-8ea8-ae7872429588,Westbound,2025-11-18 13:58:27.136524,7.0,0.0,193.0,525.0
5270,5,CAM001,61,1.8038211700240112,1405,True,34bbee35-39af-49b9-ab65-c313c776cd74,Eastbound,2025-11-18 13:58:25.236243,346.0,347.0,117.0,127.0
5269,3,CAM001,60,1.7074735234246747,1405,True,34bbee35-39af-49b9-ab65-c313c776cd74,Eastbound,2025-11-18 13:58:25.233749,262.0,336.0,89.0,99.0
5268,4,CAM001,50,1.986975536727942,1405,True,34bbee35-39af-49b9-ab65-c313c776cd74,Eastbound,2025-11-18 13:58:25.231763,149.0,347.0,61.0,70.0
5267,1,CAM001,49,1.6233997237768993,1405,True,34bbee35-39af-49b9-ab65-c313c776cd74,Eastbound,2025-11-18 13:58:25.228833,419.0,336.0,42.0,77.0
5266,2,CAM001,43,1.819239849363859,1405,True,34bbee35-39af-49b9-ab65-c313c776cd74,Eastbound,2025-11-18 13:58:25.226881,451.0,342.0,77.0,128.0
5265,8,CAM001,32,1.5060508413205502,1405,True,34bbee35-39af-49b9-ab65-c313c776cd74,Eastbound,2025-11-18 13:58:25.221411,174.0,343.0,108.0,108.0
5264,9,CAM002,82,1.6416252004042378,1355,True,3778898b-349e-4f75-8ea8-ae7872429588,Westbound,2025-11-18 13:58:21.306603,577.0,346.0,109.0,162.0
5263,1,CAM002,77,1.6493699200752212,1355,True,3778898b-349e-4f75-8ea8-ae7872429588,Westbound,2025-11-18 13:58:21.303665,327.0,384.0,53.0,82.0
5262,5,CAM002,76,1.831247493303491,1355,True,3778898b-349e-4f75-8ea8-ae7872429588,Westbound,2025-11-18 13:58:21.302158,342.0,384.0,118.0,156.0
5261,2,CAM002,71,1.8253514053603765,1355,True,3778898b-349e-4f75-8ea8-ae7872429588,Westbound,2025-11-18 13:58:21.299220,449.0,382.0,102.0,157.0
5260,3,CAM002,57,1.628826750797907,1355,True,3778898b-349e-4f75-8ea8-ae7872429588,Westbound,2025-11-18 13:58:21.294780,256.0,361.0,96.0,106.0
5259,8,CAM002,55,2.0128710813670008,1355,True,3778898b-349e-4f75-8ea8-ae7872429588,Westbound,2025-11-18 13:58:21.290834,7.0,0.0,185.0,524.0
5258,5,CAM001,61,1.7008447818238157,1400,True,34bbee35-39af-49b9-ab65-c313c776cd74,Eastbound,2025-11-18 13:58:19.553733,341.0,346.0,123.0,128.0
5257,9,CAM001,58,2.032936883372827,1400,True,34bbee35-39af-49b9-ab65-c313c776cd74,Eastbound,2025-11-18 13:58:19.549756,572.0,304.0,111.0,176.0
5256,7,CAM001,53,1.9999320266449268,1400,True,34bbee35-39af-49b9-ab65-c313c776cd74,Eastbound,2025-11-18 13:58:19.543739,682.0,332.0,100.0,148.0
5255,4,CAM001,50,1.9803146940060485,1400,True,34bbee35-39af-49b9-ab65-c313c776cd74,Eastbound,2025-11-18 13:58:19.537316,149.0,347.0,62.0,71.0
5254,3,CAM001,49,1.6069849586782399,1400,True,34bbee35-39af-49b9-ab65-c313c776cd74,Eastbound,2025-11-18 13:58:19.529901,419.0,336.0,41.0,78.0
5253,2,CAM001,43,1.7894560651318412,1400,True,34bbee35-39af-49b9-ab65-c313c776cd74,Eastbound,2025-11-18 13:58:19.525450,451.0,340.0,77.0,131.0
5252,1,CAM002,85,2.0003295548562106,1350,True,3778898b-349e-4f75-8ea8-ae7872429588,Westbound,2025-11-18 13:58:16.217235,443.0,384.0,39.0,69.0
5251,5,CAM002,76,2.0044100362349737,1350,True,3778898b-349e-4f75-8ea8-ae7872429588,Westbound,2025-11-18 13:58:16.214308,342.0,386.0,119.0,154.0
5250,2,CAM002,71,1.843031198570781,1350,True,3778898b-349e-4f75-8ea8-ae7872429588,Westbound,2025-11-18 13:58:16.211288,460.0,379.0,92.0,160.0
5249,3,CAM002,57,1.8696630228846103,1350,True,3778898b-349e-4f75-8ea8-ae7872429588,Westbound,2025-11-18 13:58:16.208356,263.0,357.0,98.0,110.0
5248,8,CAM002,55,2.0248726387562623,1350,True,3778898b-349e-4f75-8ea8-ae7872429588,Westbound,2025-11-18 13:58:16.205429,5.0,0.0,181.0,530.0
5247,3,CAM001,62,1.786690729228519,1395,True,34bbee35-39af-49b9-ab65-c313c776cd74,Eastbound,2025-11-18 13:58:14.325312,250.0,304.0,68.0,136.0
5246,9,CAM001,58,1.9702347698389477,1395,True,34bbee35-39af-49b9-ab65-c313c776cd74,Eastbound,2025-11-18 13:58:14.321843,569.0,304.0,116.0,176.0
5245,7,CAM001,53,1.9651791691124598,1395,True,34bbee35-39af-49b9-ab65-c313c776cd74,Eastbound,2025-11-18 13:58:14.319889,684.0,333.0,103.0,146.0
5244,4,CAM001,50,2.0001255387558747,1395,True,34bbee35-39af-49b9-ab65-c313c776cd74,Eastbound,2025-11-18 13:58:14.316951,150.0,348.0,62.0,70.0
5243,2,CAM001,43,1.6943971693403337,1395,True,34bbee35-39af-49b9-ab65-c313c776cd74,Eastbound,2025-11-18 13:58:14.313480,449.0,337.0,80.0,134.0
5242,1,CAM002,85,1.843982505765592,1345,True,3778898b-349e-4f75-8ea8-ae7872429588,Westbound,2025-11-18 13:58:10.753677,444.0,385.0,37.0,70.0
5241,4,CAM002,77,1.593218261532021,1345,True,3778898b-349e-4f75-8ea8-ae7872429588,Westbound,2025-11-18 13:58:10.751142,234.0,362.0,117.0,178.0
5240,5,CAM002,76,1.856794392435508,1345,True,3778898b-349e-4f75-8ea8-ae7872429588,Westbound,2025-11-18 13:58:10.749190,344.0,385.0,120.0,154.0
5239,2,CAM002,71,1.856781320021367,1345,True,3778898b-349e-4f75-8ea8-ae7872429588,Westbound,2025-11-18 13:58:10.746261,474.0,377.0,90.0,163.0
5238,3,CAM002,57,1.761872050469198,1345,True,3778898b-349e-4f75-8ea8-ae7872429588,Westbound,2025-11-18 13:58:10.743322,269.0,357.0,87.0,112.0
5237,8,CAM002,55,2.0078122215448997,1345,True,3778898b-349e-4f75-8ea8-ae7872429588,Westbound,2025-11-18 13:58:10.740311,3.0,0.0,176.0,531.0
5236,5,CAM001,61,1.8503287714682624,1390,True,34bbee35-39af-49b9-ab65-c313c776cd74,Eastbound,2025-11-18 13:58:08.957498,336.0,348.0,124.0,129.0
5235,9,CAM001,58,1.9670826169662092,1390,True,34bbee35-39af-49b9-ab65-c313c776cd74,Eastbound,2025-11-18 13:58:08.954571,571.0,306.0,118.0,174.0
5234,7,CAM001,53,1.9899675292164702,1390,True,34bbee35-39af-49b9-ab65-c313c776cd74,Eastbound,2025-11-18 13:58:08.951599,688.0,335.0,101.0,143.0
5233,4,CAM001,50,1.9721596446412724,1390,True,34bbee35-39af-49b9-ab65-c313c776cd74,Eastbound,2025-11-18 13:58:08.949648,150.0,348.0,62.0,69.0
5232,1,CAM001,49,1.9068418857225735,1390,True,34bbee35-39af-49b9-ab65-c313c776cd74,Eastbound,2025-11-18 13:58:08.947154,418.0,336.0,41.0,79.0
5231,2,CAM001,43,1.773096970998386,1390,True,34bbee35-39af-49b9-ab65-c313c776cd74,Eastbound,2025-11-18 13:58:08.943239,451.0,343.0,77.0,126.0
5230,1,CAM002,85,1.799874907594624,1340,True,3778898b-349e-4f75-8ea8-ae7872429588,Westbound,2025-11-18 13:58:05.016503,443.0,386.0,37.0,74.0
5229,3,CAM002,77,1.661341349117554,1340,True,3778898b-349e-4f75-8ea8-ae7872429588,Westbound,2025-11-18 13:58:05.014536,238.0,359.0,112.0,181.0
5228,5,CAM002,76,1.8203127797892302,1340,True,3778898b-349e-4f75-8ea8-ae7872429588,Westbound,2025-11-18 13:58:05.012542,344.0,383.0,124.0,154.0
5227,2,CAM002,71,1.8028713125084814,1340,True,3778898b-349e-4f75-8ea8-ae7872429588,Westbound,2025-11-18 13:58:05.009068,474.0,377.0,88.0,161.0
5226,8,CAM001,60,2.010905830213322,1385,True,34bbee35-39af-49b9-ab65-c313c776cd74,Eastbound,2025-11-18 13:58:03.540442,272.0,334.0,87.0,101.0
5225,9,CAM001,58,1.9959708466085464,1385,True,34bbee35-39af-49b9-ab65-c313c776cd74,Eastbound,2025-11-18 13:58:03.537467,566.0,307.0,124.0,173.0
5224,7,CAM001,53,1.9486596897138457,1385,True,34bbee35-39af-49b9-ab65-c313c776cd74,Eastbound,2025-11-18 13:58:03.535514,690.0,335.0,95.0,145.0
5223,4,CAM001,50,1.9965749121668876,1385,True,34bbee35-39af-49b9-ab65-c313c776cd74,Eastbound,2025-11-18 13:58:03.532043,151.0,347.0,61.0,69.0
5222,1,CAM001,49,1.8374519847757118,1385,True,34bbee35-39af-49b9-ab65-c313c776cd74,Eastbound,2025-11-18 13:58:03.530098,417.0,337.0,41.0,77.0
5221,5,CAM001,43,1.7702489260576946,1385,True,34bbee35-39af-49b9-ab65-c313c776cd74,Eastbound,2025-11-18 13:58:03.528097,450.0,343.0,77.0,126.0
5220,3,CAM001,32,1.7319038121814965,1385,True,34bbee35-39af-49b9-ab65-c313c776cd74,Eastbound,2025-11-18 13:58:03.524190,187.0,329.0,121.0,114.0
5219,3,CAM002,77,1.582880023896683,1335,True,3778898b-349e-4f75-8ea8-ae7872429588,Westbound,2025-11-18 13:58:00.222364,245.0,355.0,105.0,185.0
5218,5,CAM002,76,1.6594273662485375,1335,True,3778898b-349e-4f75-8ea8-ae7872429588,Westbound,2025-11-18 13:58:00.218457,346.0,384.0,126.0,154.0
5217,2,CAM002,71,2.0156273978358374,1335,True,3778898b-349e-4f75-8ea8-ae7872429588,Westbound,2025-11-18 13:58:00.215528,472.0,378.0,86.0,159.0
5216,8,CAM001,60,1.9383695037740152,1380,True,34bbee35-39af-49b9-ab65-c313c776cd74,Eastbound,2025-11-18 13:57:59.014421,274.0,336.0,87.0,100.0
5215,9,CAM001,58,1.9842348841410615,1380,True,34bbee35-39af-49b9-ab65-c313c776cd74,Eastbound,2025-11-18 13:57:59.010939,549.0,307.0,141.0,172.0
5214,7,CAM001,53,1.9750585300201036,1380,True,34bbee35-39af-49b9-ab65-c313c776cd74,Eastbound,2025-11-18 13:57:59.008452,686.0,332.0,99.0,148.0
5213,4,CAM001,50,2.0081964875342697,1380,True,34bbee35-39af-49b9-ab65-c313c776cd74,Eastbound,2025-11-18 13:57:59.005523,150.0,346.0,61.0,70.0
5212,1,CAM001,49,1.9828707103404248,1380,True,34bbee35-39af-49b9-ab65-c313c776cd74,Eastbound,2025-11-18 13:57:59.001560,417.0,338.0,40.0,75.0
5211,5,CAM001,43,1.7875924767384546,1380,True,34bbee35-39af-49b9-ab65-c313c776cd74,Eastbound,2025-11-18 13:57:58.999068,448.0,342.0,76.0,127.0
5210,3,CAM001,32,1.707387730708341,1380,True,34bbee35-39af-49b9-ab65-c313c776cd74,Eastbound,2025-11-18 13:57:58.996138,186.0,327.0,121.0,117.0
5209,5,CAM002,76,1.7045453196957625,1330,True,3778898b-349e-4f75-8ea8-ae7872429588,Westbound,2025-11-18 13:57:55.659007,348.0,385.0,127.0,154.0
5208,2,CAM002,71,1.6150023113102523,1330,True,3778898b-349e-4f75-8ea8-ae7872429588,Westbound,2025-11-18 13:57:55.656075,471.0,379.0,88.0,158.0
5207,8,CAM002,57,1.761459388098523,1330,True,3778898b-349e-4f75-8ea8-ae7872429588,Westbound,2025-11-18 13:57:55.653138,263.0,359.0,104.0,148.0
5206,2,CAM001,58,1.562559281954486,1375,True,34bbee35-39af-49b9-ab65-c313c776cd74,Eastbound,2025-11-18 13:57:54.375996,526.0,306.0,135.0,171.0
5205,9,CAM001,57,2.039236801069825,1375,True,34bbee35-39af-49b9-ab65-c313c776cd74,Eastbound,2025-11-18 13:57:54.372479,576.0,306.0,99.0,163.0
5204,7,CAM001,53,1.9240190125344416,1375,True,34bbee35-39af-49b9-ab65-c313c776cd74,Eastbound,2025-11-18 13:57:54.369548,677.0,327.0,102.0,152.0
5203,4,CAM001,50,1.7843752086882068,1375,True,34bbee35-39af-49b9-ab65-c313c776cd74,Eastbound,2025-11-18 13:57:54.367595,149.0,346.0,61.0,72.0
5202,1,CAM001,49,1.5391386612574336,1375,True,34bbee35-39af-49b9-ab65-c313c776cd74,Eastbound,2025-11-18 13:57:54.364127,419.0,337.0,38.0,76.0
5201,5,CAM001,43,1.5711470828383143,1375,True,34bbee35-39af-49b9-ab65-c313c776cd74,Eastbound,2025-11-18 13:57:54.363141,447.0,339.0,76.0,131.0
5200,3,CAM001,32,1.9863887051794051,1375,True,34bbee35-39af-49b9-ab65-c313c776cd74,Eastbound,2025-11-18 13:57:54.359196,185.0,323.0,122.0,122.0
5199,5,CAM002,76,2.0050737303940016,1325,True,3778898b-349e-4f75-8ea8-ae7872429588,Westbound,2025-11-18 13:57:51.488321,350.0,384.0,128.0,155.0
5198,2,CAM002,71,1.7647129730734141,1325,True,3778898b-349e-4f75-8ea8-ae7872429588,Westbound,2025-11-18 13:57:51.486369,469.0,379.0,92.0,157.0
5197,8,CAM002,57,1.9645319500312417,1325,True,3778898b-349e-4f75-8ea8-ae7872429588,Westbound,2025-11-18 13:57:51.483431,263.0,365.0,105.0,142.0
5196,9,CAM001,57,1.9932387105620708,1370,True,34bbee35-39af-49b9-ab65-c313c776cd74,Eastbound,2025-11-18 13:57:50.534201,576.0,306.0,98.0,161.0
5195,7,CAM001,53,1.9132932365150208,1370,True,34bbee35-39af-49b9-ab65-c313c776cd74,Eastbound,2025-11-18 13:57:50.531234,682.0,330.0,100.0,150.0
5194,4,CAM001,50,2.005403217041273,1370,True,34bbee35-39af-49b9-ab65-c313c776cd74,Eastbound,2025-11-18 13:57:50.529271,140.0,339.0,81.0,96.0
5193,1,CAM001,46,1.5997372833911938,1370,True,34bbee35-39af-49b9-ab65-c313c776cd74,Eastbound,2025-11-18 13:57:50.526310,257.0,327.0,54.0,66.0
5192,2,CAM001,43,1.7623363795931601,1370,True,34bbee35-39af-49b9-ab65-c313c776cd74,Eastbound,2025-11-18 13:57:50.524357,448.0,336.0,81.0,135.0
5191,3,CAM001,32,1.9667986576751932,1370,True,34bbee35-39af-49b9-ab65-c313c776cd74,Eastbound,2025-11-18 13:57:50.521863,186.0,321.0,121.0,122.0
5190,5,CAM002,76,1.9980052635784895,1320,True,3778898b-349e-4f75-8ea8-ae7872429588,Westbound,2025-11-18 13:57:48.258965,354.0,385.0,124.0,154.0
5189,2,CAM002,71,1.737279894257794,1320,True,3778898b-349e-4f75-8ea8-ae7872429588,Westbound,2025-11-18 13:57:48.218587,467.0,378.0,100.0,159.0
5188,8,CAM002,57,2.017459977449626,1320,True,3778898b-349e-4f75-8ea8-ae7872429588,Westbound,2025-11-18 13:57:48.181010,268.0,376.0,99.0,130.0
5187,9,CAM001,57,1.9657193191554436,1365,True,34bbee35-39af-49b9-ab65-c313c776cd74,Eastbound,2025-11-18 13:57:47.128054,576.0,306.0,95.0,162.0
5186,7,CAM001,53,1.898381165343964,1365,True,34bbee35-39af-49b9-ab65-c313c776cd74,Eastbound,2025-11-18 13:57:47.125126,692.0,333.0,97.0,147.0
5185,4,CAM001,50,1.9670351706824438,1365,True,34bbee35-39af-49b9-ab65-c313c776cd74,Eastbound,2025-11-18 13:57:47.123163,144.0,342.0,76.0,88.0
5184,1,CAM001,49,2.0076808331144282,1365,True,34bbee35-39af-49b9-ab65-c313c776cd74,Eastbound,2025-11-18 13:57:47.120680,424.0,336.0,39.0,78.0
5183,2,CAM001,43,1.7869212858101247,1365,True,34bbee35-39af-49b9-ab65-c313c776cd74,Eastbound,2025-11-18 13:57:47.118719,449.0,339.0,81.0,131.0
5182,3,CAM001,32,2.024427562897679,1365,True,34bbee35-39af-49b9-ab65-c313c776cd74,Eastbound,2025-11-18 13:57:47.115253,187.0,320.0,118.0,124.0
5181,1,CAM002,77,1.6489303357377945,1315,True,3778898b-349e-4f75-8ea8-ae7872429588,Westbound,2025-11-18 13:57:44.127181,419.0,383.0,68.0,153.0
5180,5,CAM002,76,1.8180785398263175,1315,True,3778898b-349e-4f75-8ea8-ae7872429588,Westbound,2025-11-18 13:57:44.124249,355.0,386.0,118.0,153.0
5179,2,CAM002,71,1.7774962006117359,1315,True,3778898b-349e-4f75-8ea8-ae7872429588,Westbound,2025-11-18 13:57:44.119227,465.0,371.0,112.0,168.0
5178,8,CAM002,57,1.8170676003088282,1315,True,3778898b-349e-4f75-8ea8-ae7872429588,Westbound,2025-11-18 13:57:44.115321,271.0,378.0,96.0,127.0
5177,5,CAM001,58,1.8283099096229902,1360,True,34bbee35-39af-49b9-ab65-c313c776cd74,Eastbound,2025-11-18 13:57:42.604008,364.0,336.0,107.0,141.0
5176,9,CAM001,57,2.0115634692081654,1360,True,34bbee35-39af-49b9-ab65-c313c776cd74,Eastbound,2025-11-18 13:57:42.599552,573.0,307.0,100.0,173.0
5175,7,CAM001,53,1.9303415977991714,1360,True,34bbee35-39af-49b9-ab65-c313c776cd74,Eastbound,2025-11-18 13:57:42.595111,696.0,334.0,95.0,146.0
5174,4,CAM001,50,1.329211790087369,1360,True,34bbee35-39af-49b9-ab65-c313c776cd74,Eastbound,2025-11-18 13:57:42.593150,149.0,345.0,68.0,78.0
5173,1,CAM001,49,1.9390621661441274,1360,True,34bbee35-39af-49b9-ab65-c313c776cd74,Eastbound,2025-11-18 13:57:42.588201,424.0,337.0,42.0,78.0
5172,8,CAM001,46,1.8627008109271403,1360,True,34bbee35-39af-49b9-ab65-c313c776cd74,Eastbound,2025-11-18 13:57:42.584295,288.0,331.0,88.0,107.0
5171,2,CAM001,43,1.8254595209207682,1360,True,34bbee35-39af-49b9-ab65-c313c776cd74,Eastbound,2025-11-18 13:57:42.580828,452.0,344.0,78.0,126.0
5170,3,CAM001,32,1.9486152303423614,1360,True,34bbee35-39af-49b9-ab65-c313c776cd74,Eastbound,2025-11-18 13:57:42.577858,198.0,321.0,111.0,122.0
5169,4,CAM002,77,1.517729431335248,1310,True,3778898b-349e-4f75-8ea8-ae7872429588,Westbound,2025-11-18 13:57:39.173986,416.0,384.0,73.0,146.0
5168,5,CAM002,76,1.7857284070477686,1310,True,3778898b-349e-4f75-8ea8-ae7872429588,Westbound,2025-11-18 13:57:39.172964,349.0,384.0,118.0,155.0
5167,2,CAM002,71,1.6935997164033005,1310,True,3778898b-349e-4f75-8ea8-ae7872429588,Westbound,2025-11-18 13:57:39.170440,464.0,364.0,122.0,175.0
5166,8,CAM002,57,1.7148188448190895,1310,True,3778898b-349e-4f75-8ea8-ae7872429588,Westbound,2025-11-18 13:57:39.168541,269.0,370.0,99.0,136.0
5165,5,CAM001,58,1.816402690078251,1355,True,34bbee35-39af-49b9-ab65-c313c776cd74,Eastbound,2025-11-18 13:57:38.023340,360.0,338.0,114.0,137.0
5164,9,CAM001,57,1.9461100319989233,1355,True,34bbee35-39af-49b9-ab65-c313c776cd74,Eastbound,2025-11-18 13:57:38.020341,572.0,301.0,101.0,179.0
5163,7,CAM001,53,1.9487031431108273,1355,True,34bbee35-39af-49b9-ab65-c313c776cd74,Eastbound,2025-11-18 13:57:38.018388,695.0,336.0,100.0,144.0
5162,1,CAM001,49,2.028277172696812,1355,True,34bbee35-39af-49b9-ab65-c313c776cd74,Eastbound,2025-11-18 13:57:38.016433,428.0,337.0,45.0,81.0
5161,8,CAM001,46,1.7920800249833782,1355,True,34bbee35-39af-49b9-ab65-c313c776cd74,Eastbound,2025-11-18 13:57:38.014363,291.0,331.0,85.0,106.0
5160,2,CAM001,43,1.7605996436046079,1355,True,34bbee35-39af-49b9-ab65-c313c776cd74,Eastbound,2025-11-18 13:57:38.011790,453.0,343.0,79.0,127.0
5159,3,CAM001,32,2.0131581036097064,1355,True,34bbee35-39af-49b9-ab65-c313c776cd74,Eastbound,2025-11-18 13:57:38.009895,211.0,322.0,111.0,115.0
5158,5,CAM002,76,1.8513877852728842,1305,True,3778898b-349e-4f75-8ea8-ae7872429588,Westbound,2025-11-18 13:57:35.009854,350.0,383.0,114.0,155.0
5157,2,CAM002,71,1.7919934483970321,1305,True,3778898b-349e-4f75-8ea8-ae7872429588,Westbound,2025-11-18 13:57:35.006921,466.0,361.0,123.0,178.0
5156,8,CAM002,57,1.8242554341020658,1305,True,3778898b-349e-4f75-8ea8-ae7872429588,Westbound,2025-11-18 13:57:35.004960,263.0,357.0,111.0,149.0
5155,5,CAM001,58,1.7454462177842034,1350,True,34bbee35-39af-49b9-ab65-c313c776cd74,Eastbound,2025-11-18 13:57:33.371882,348.0,341.0,121.0,129.0
5154,9,CAM001,57,1.9670895194317168,1350,True,34bbee35-39af-49b9-ab65-c313c776cd74,Eastbound,2025-11-18 13:57:33.368958,572.0,299.0,101.0,181.0
5153,7,CAM001,53,1.9709631968592654,1350,True,34bbee35-39af-49b9-ab65-c313c776cd74,Eastbound,2025-11-18 13:57:33.366999,674.0,331.0,113.0,149.0
5152,4,CAM001,50,2.023908652279788,1350,True,34bbee35-39af-49b9-ab65-c313c776cd74,Eastbound,2025-11-18 13:57:33.364114,149.0,345.0,69.0,77.0
5151,1,CAM001,49,2.0219377180025715,1350,True,34bbee35-39af-49b9-ab65-c313c776cd74,Eastbound,2025-11-18 13:57:33.361523,428.0,337.0,45.0,79.0
5150,8,CAM001,46,1.7782789885375359,1350,True,34bbee35-39af-49b9-ab65-c313c776cd74,Eastbound,2025-11-18 13:57:33.357614,296.0,336.0,77.0,98.0
5149,2,CAM001,43,1.7178071275047286,1350,True,34bbee35-39af-49b9-ab65-c313c776cd74,Eastbound,2025-11-18 13:57:33.355662,454.0,341.0,79.0,129.0
5148,3,CAM001,32,1.9446338670774983,1350,True,34bbee35-39af-49b9-ab65-c313c776cd74,Eastbound,2025-11-18 13:57:33.352163,198.0,324.0,124.0,115.0
5147,5,CAM002,76,1.768221606249404,1300,True,3778898b-349e-4f75-8ea8-ae7872429588,Westbound,2025-11-18 13:57:30.138861,347.0,383.0,112.0,153.0
5146,2,CAM002,71,1.7215564586507344,1300,True,3778898b-349e-4f75-8ea8-ae7872429588,Westbound,2025-11-18 13:57:30.136907,466.0,361.0,120.0,177.0
5145,8,CAM002,57,1.727741076435229,1300,True,3778898b-349e-4f75-8ea8-ae7872429588,Westbound,2025-11-18 13:57:30.134952,263.0,361.0,112.0,144.0
5144,7,CAM001,53,1.950204014172516,1345,True,34bbee35-39af-49b9-ab65-c313c776cd74,Eastbound,2025-11-18 13:57:28.932728,663.0,328.0,118.0,152.0
5143,4,CAM001,50,1.9968181749479976,1345,True,34bbee35-39af-49b9-ab65-c313c776cd74,Eastbound,2025-11-18 13:57:28.929727,150.0,346.0,66.0,73.0
5142,1,CAM001,49,2.0020086216373603,1345,True,34bbee35-39af-49b9-ab65-c313c776cd74,Eastbound,2025-11-18 13:57:28.926766,429.0,337.0,44.0,78.0
5141,8,CAM001,46,1.648157937151562,1345,True,34bbee35-39af-49b9-ab65-c313c776cd74,Eastbound,2025-11-18 13:57:28.923825,295.0,340.0,77.0,92.0
5140,2,CAM001,43,1.8140542493645326,1345,True,34bbee35-39af-49b9-ab65-c313c776cd74,Eastbound,2025-11-18 13:57:28.921328,455.0,340.0,80.0,131.0
5139,3,CAM001,32,1.983438749684519,1345,True,34bbee35-39af-49b9-ab65-c313c776cd74,Eastbound,2025-11-18 13:57:28.917860,182.0,326.0,131.0,116.0
5138,1,CAM002,77,1.8795829785438198,1295,True,3778898b-349e-4f75-8ea8-ae7872429588,Westbound,2025-11-18 13:57:26.205929,434.0,384.0,38.0,71.0
5137,5,CAM002,76,1.9950421565139957,1295,True,3778898b-349e-4f75-8ea8-ae7872429588,Westbound,2025-11-18 13:57:26.202993,348.0,384.0,110.0,154.0
5136,2,CAM002,71,1.760289071768654,1295,True,3778898b-349e-4f75-8ea8-ae7872429588,Westbound,2025-11-18 13:57:26.200941,464.0,362.0,119.0,175.0
5135,8,CAM002,57,1.7759071268886526,1295,True,3778898b-349e-4f75-8ea8-ae7872429588,Westbound,2025-11-18 13:57:26.197035,262.0,369.0,110.0,135.0
5134,7,CAM001,53,1.9610340473294914,1340,True,34bbee35-39af-49b9-ab65-c313c776cd74,Eastbound,2025-11-18 13:57:25.024097,665.0,332.0,119.0,148.0
5133,4,CAM001,50,2.016098332391385,1340,True,34bbee35-39af-49b9-ab65-c313c776cd74,Eastbound,2025-11-18 13:57:25.019570,153.0,347.0,59.0,68.0
5132,1,CAM001,49,1.9026317768218666,1340,True,34bbee35-39af-49b9-ab65-c313c776cd74,Eastbound,2025-11-18 13:57:25.017009,429.0,337.0,45.0,78.0
5131,8,CAM001,46,1.8157116020098376,1340,True,34bbee35-39af-49b9-ab65-c313c776cd74,Eastbound,2025-11-18 13:57:25.014054,296.0,330.0,87.0,103.0
5130,2,CAM001,43,1.8104086136516828,1340,True,34bbee35-39af-49b9-ab65-c313c776cd74,Eastbound,2025-11-18 13:57:25.011036,459.0,340.0,78.0,130.0
5129,3,CAM001,32,1.9836755939320225,1340,True,34bbee35-39af-49b9-ab65-c313c776cd74,Eastbound,2025-11-18 13:57:25.008054,184.0,330.0,126.0,111.0
5128,1,CAM002,77,1.9193708268940153,1290,True,3778898b-349e-4f75-8ea8-ae7872429588,Westbound,2025-11-18 13:57:21.970689,434.0,384.0,39.0,72.0
5127,5,CAM002,76,2.0149138398680955,1290,True,3778898b-349e-4f75-8ea8-ae7872429588,Westbound,2025-11-18 13:57:21.968197,353.0,385.0,108.0,155.0
5126,2,CAM002,71,1.8177708181633945,1290,True,3778898b-349e-4f75-8ea8-ae7872429588,Westbound,2025-11-18 13:57:21.966245,468.0,361.0,119.0,177.0
5125,8,CAM002,57,1.8518369228404552,1290,True,3778898b-349e-4f75-8ea8-ae7872429588,Westbound,2025-11-18 13:57:21.963089,257.0,369.0,119.0,138.0
5124,7,CAM001,53,1.9890506411313271,1335,True,34bbee35-39af-49b9-ab65-c313c776cd74,Eastbound,2025-11-18 13:57:20.026785,653.0,328.0,124.0,152.0
5123,4,CAM001,50,2.016129753820246,1335,True,34bbee35-39af-49b9-ab65-c313c776cd74,Eastbound,2025-11-18 13:57:20.023860,152.0,346.0,57.0,69.0
5122,1,CAM001,49,1.9065859621047017,1335,True,34bbee35-39af-49b9-ab65-c313c776cd74,Eastbound,2025-11-18 13:57:20.019800,428.0,337.0,46.0,78.0
5121,8,CAM001,46,1.8235820773968756,1335,True,34bbee35-39af-49b9-ab65-c313c776cd74,Eastbound,2025-11-18 13:57:20.016872,293.0,330.0,89.0,105.0
5120,2,CAM001,43,1.9711530410914015,1335,True,34bbee35-39af-49b9-ab65-c313c776cd74,Eastbound,2025-11-18 13:57:20.014910,465.0,340.0,77.0,129.0
5119,3,CAM001,32,1.9728661578662157,1335,True,34bbee35-39af-49b9-ab65-c313c776cd74,Eastbound,2025-11-18 13:57:20.008962,179.0,329.0,129.0,113.0
5118,1,CAM002,77,1.9145591988991388,1285,True,3778898b-349e-4f75-8ea8-ae7872429588,Westbound,2025-11-18 13:57:15.108509,435.0,384.0,40.0,73.0
5117,5,CAM002,76,1.9912826571170414,1285,True,3778898b-349e-4f75-8ea8-ae7872429588,Westbound,2025-11-18 13:57:15.104601,354.0,385.0,105.0,154.0
5116,2,CAM002,71,1.7863237628427064,1285,True,3778898b-349e-4f75-8ea8-ae7872429588,Westbound,2025-11-18 13:57:15.102639,472.0,359.0,121.0,181.0
5115,8,CAM002,57,1.8003504573896154,1285,True,3778898b-349e-4f75-8ea8-ae7872429588,Westbound,2025-11-18 13:57:15.100157,255.0,368.0,118.0,126.0
5114,6,CAM002,55,1.9240898324034033,1285,True,3778898b-349e-4f75-8ea8-ae7872429588,Westbound,2025-11-18 13:57:15.096689,6.0,0.0,360.0,537.0
5113,7,CAM001,53,2.00606525637265,1330,True,34bbee35-39af-49b9-ab65-c313c776cd74,Eastbound,2025-11-18 13:57:12.805872,644.0,320.0,127.0,160.0
5112,4,CAM001,50,2.0191493895753068,1330,True,34bbee35-39af-49b9-ab65-c313c776cd74,Eastbound,2025-11-18 13:57:12.802922,150.0,346.0,58.0,70.0
5111,1,CAM001,49,1.898580804727909,1330,True,34bbee35-39af-49b9-ab65-c313c776cd74,Eastbound,2025-11-18 13:57:12.800438,428.0,338.0,46.0,76.0
5110,8,CAM001,46,1.9176050758909733,1330,True,34bbee35-39af-49b9-ab65-c313c776cd74,Eastbound,2025-11-18 13:57:12.797465,290.0,331.0,86.0,104.0
5109,2,CAM001,43,1.7371797241912852,1330,True,34bbee35-39af-49b9-ab65-c313c776cd74,Eastbound,2025-11-18 13:57:12.795514,465.0,340.0,78.0,129.0
5108,3,CAM001,32,1.9790212251841552,1330,True,34bbee35-39af-49b9-ab65-c313c776cd74,Eastbound,2025-11-18 13:57:12.789579,174.0,327.0,131.0,114.0
5107,1,CAM002,77,1.8786851694889093,1280,True,3778898b-349e-4f75-8ea8-ae7872429588,Westbound,2025-11-18 13:57:09.396699,435.0,384.0,41.0,72.0
5106,5,CAM002,76,2.0041405627734563,1280,True,3778898b-349e-4f75-8ea8-ae7872429588,Westbound,2025-11-18 13:57:09.393769,356.0,384.0,102.0,154.0
5105,2,CAM002,71,1.999936280273501,1280,True,3778898b-349e-4f75-8ea8-ae7872429588,Westbound,2025-11-18 13:57:09.390290,473.0,359.0,120.0,181.0
5104,6,CAM002,57,2.0071368726658854,1280,True,3778898b-349e-4f75-8ea8-ae7872429588,Westbound,2025-11-18 13:57:09.388779,264.0,365.0,94.0,101.0
5103,7,CAM001,53,1.9541116272270995,1325,True,34bbee35-39af-49b9-ab65-c313c776cd74,Eastbound,2025-11-18 13:57:08.238508,645.0,310.0,125.0,170.0
5102,4,CAM001,50,2.028947646080124,1325,True,34bbee35-39af-49b9-ab65-c313c776cd74,Eastbound,2025-11-18 13:57:08.235577,149.0,347.0,59.0,69.0
5101,1,CAM001,49,1.8675005294956462,1325,True,34bbee35-39af-49b9-ab65-c313c776cd74,Eastbound,2025-11-18 13:57:08.232639,428.0,338.0,46.0,75.0
5100,8,CAM001,46,1.9927665304355489,1325,True,34bbee35-39af-49b9-ab65-c313c776cd74,Eastbound,2025-11-18 13:57:08.228622,295.0,333.0,81.0,103.0
5099,3,CAM001,32,1.9896059530412566,1325,True,34bbee35-39af-49b9-ab65-c313c776cd74,Eastbound,2025-11-18 13:57:08.224714,170.0,327.0,132.0,113.0
5098,1,CAM002,77,1.8912820108583555,1275,True,3778898b-349e-4f75-8ea8-ae7872429588,Westbound,2025-11-18 13:57:05.515026,435.0,384.0,41.0,70.0
5097,5,CAM002,76,2.0108178658709353,1275,True,3778898b-349e-4f75-8ea8-ae7872429588,Westbound,2025-11-18 13:57:05.511509,354.0,384.0,104.0,154.0
5096,2,CAM002,71,1.7561786732674904,1275,True,3778898b-349e-4f75-8ea8-ae7872429588,Westbound,2025-11-18 13:57:05.509543,474.0,359.0,120.0,181.0
5095,6,CAM002,57,1.873874739760259,1275,True,3778898b-349e-4f75-8ea8-ae7872429588,Westbound,2025-11-18 13:57:05.506581,260.0,366.0,98.0,119.0
5094,7,CAM001,53,1.983891095852501,1320,True,34bbee35-39af-49b9-ab65-c313c776cd74,Eastbound,2025-11-18 13:57:04.208029,642.0,296.0,132.0,184.0
5093,4,CAM001,50,2.0215281946521064,1320,True,34bbee35-39af-49b9-ab65-c313c776cd74,Eastbound,2025-11-18 13:57:04.204557,149.0,347.0,59.0,69.0
5092,1,CAM001,49,1.9286670092394433,1320,True,34bbee35-39af-49b9-ab65-c313c776cd74,Eastbound,2025-11-18 13:57:04.201585,427.0,337.0,46.0,76.0
5091,8,CAM001,46,1.9876727025453245,1320,True,34bbee35-39af-49b9-ab65-c313c776cd74,Eastbound,2025-11-18 13:57:04.199630,295.0,335.0,77.0,103.0
5090,2,CAM001,43,1.8230476200272685,1320,True,34bbee35-39af-49b9-ab65-c313c776cd74,Eastbound,2025-11-18 13:57:04.196691,463.0,338.0,79.0,131.0
5089,3,CAM001,32,1.9852733913280176,1320,True,34bbee35-39af-49b9-ab65-c313c776cd74,Eastbound,2025-11-18 13:57:04.193726,171.0,329.0,130.0,111.0
5088,1,CAM002,77,1.9227729761366383,1270,True,3778898b-349e-4f75-8ea8-ae7872429588,Westbound,2025-11-18 13:57:00.590163,436.0,384.0,40.0,70.0
5087,5,CAM002,76,1.7682349207510748,1270,True,3778898b-349e-4f75-8ea8-ae7872429588,Westbound,2025-11-18 13:57:00.586694,350.0,384.0,106.0,156.0
5086,2,CAM002,71,1.8587133473820725,1270,True,3778898b-349e-4f75-8ea8-ae7872429588,Westbound,2025-11-18 13:57:00.583764,475.0,359.0,119.0,181.0
5085,3,CAM002,57,1.7732008629499034,1270,True,3778898b-349e-4f75-8ea8-ae7872429588,Westbound,2025-11-18 13:57:00.580779,235.0,366.0,128.0,155.0
5084,6,CAM002,55,1.9925032184835998,1270,True,3778898b-349e-4f75-8ea8-ae7872429588,Westbound,2025-11-18 13:57:00.578285,0.0,0.0,362.0,538.0
5083,7,CAM001,53,1.973180620935848,1315,True,34bbee35-39af-49b9-ab65-c313c776cd74,Eastbound,2025-11-18 13:56:58.390430,638.0,287.0,145.0,193.0
5082,4,CAM001,50,1.976614020772009,1315,True,34bbee35-39af-49b9-ab65-c313c776cd74,Eastbound,2025-11-18 13:56:58.387499,149.0,347.0,60.0,70.0
5081,1,CAM001,49,1.9076684901792385,1315,True,34bbee35-39af-49b9-ab65-c313c776cd74,Eastbound,2025-11-18 13:56:58.385556,427.0,337.0,46.0,76.0
5080,5,CAM001,47,2.0073264043712618,1315,True,34bbee35-39af-49b9-ab65-c313c776cd74,Eastbound,2025-11-18 13:56:58.382609,356.0,333.0,133.0,136.0
5079,8,CAM001,46,1.6946905283687295,1315,True,34bbee35-39af-49b9-ab65-c313c776cd74,Eastbound,2025-11-18 13:56:58.380624,294.0,335.0,74.0,103.0
5078,2,CAM001,43,1.7293773421245238,1315,True,34bbee35-39af-49b9-ab65-c313c776cd74,Eastbound,2025-11-18 13:56:58.377695,462.0,338.0,81.0,131.0
5077,3,CAM001,32,1.7601990302179036,1315,True,34bbee35-39af-49b9-ab65-c313c776cd74,Eastbound,2025-11-18 13:56:58.371263,171.0,328.0,131.0,113.0
5076,1,CAM002,77,1.9211734752720862,1265,True,3778898b-349e-4f75-8ea8-ae7872429588,Westbound,2025-11-18 13:56:53.469519,435.0,385.0,42.0,70.0
5075,8,CAM002,76,1.7564545021891216,1265,True,3778898b-349e-4f75-8ea8-ae7872429588,Westbound,2025-11-18 13:56:53.466592,350.0,383.0,107.0,157.0
5074,2,CAM002,71,1.8279707575141313,1265,True,3778898b-349e-4f75-8ea8-ae7872429588,Westbound,2025-11-18 13:56:53.461655,475.0,360.0,119.0,180.0
5073,3,CAM002,57,1.6886202763794502,1265,True,3778898b-349e-4f75-8ea8-ae7872429588,Westbound,2025-11-18 13:56:53.457210,222.0,365.0,124.0,158.0
5072,6,CAM002,55,1.726530965445765,1265,True,3778898b-349e-4f75-8ea8-ae7872429588,Westbound,2025-11-18 13:56:53.450324,9.0,0.0,357.0,536.0
5071,5,CAM001,54,2.0014429067590176,1310,True,34bbee35-39af-49b9-ab65-c313c776cd74,Eastbound,2025-11-18 13:56:50.895562,594.0,321.0,77.0,159.0
5070,7,CAM001,53,1.9837806257563102,1310,True,34bbee35-39af-49b9-ab65-c313c776cd74,Eastbound,2025-11-18 13:56:50.892624,647.0,284.0,144.0,196.0
5069,4,CAM001,50,2.0269063664863687,1310,True,34bbee35-39af-49b9-ab65-c313c776cd74,Eastbound,2025-11-18 13:56:50.889578,149.0,347.0,61.0,70.0
5068,1,CAM001,49,1.9207143919649565,1310,True,34bbee35-39af-49b9-ab65-c313c776cd74,Eastbound,2025-11-18 13:56:50.887615,427.0,337.0,46.0,76.0
5067,6,CAM001,47,1.5255355052563395,1310,True,34bbee35-39af-49b9-ab65-c313c776cd74,Eastbound,2025-11-18 13:56:50.884652,348.0,334.0,148.0,134.0
5066,8,CAM001,46,1.7618528007462841,1310,True,34bbee35-39af-49b9-ab65-c313c776cd74,Eastbound,2025-11-18 13:56:50.881681,290.0,333.0,77.0,105.0
5065,2,CAM001,43,1.806017368096487,1310,True,34bbee35-39af-49b9-ab65-c313c776cd74,Eastbound,2025-11-18 13:56:50.879187,454.0,337.0,82.0,133.0
5064,3,CAM001,32,2.0221191315209004,1310,True,34bbee35-39af-49b9-ab65-c313c776cd74,Eastbound,2025-11-18 13:56:50.874305,170.0,326.0,133.0,114.0
5063,1,CAM002,77,1.921697047446711,1260,True,3778898b-349e-4f75-8ea8-ae7872429588,Westbound,2025-11-18 13:56:45.067815,434.0,386.0,42.0,70.0
5062,8,CAM002,76,1.7820036964205823,1260,True,3778898b-349e-4f75-8ea8-ae7872429588,Westbound,2025-11-18 13:56:45.065330,351.0,386.0,105.0,154.0
5061,2,CAM002,71,1.8760904652447596,1260,True,3778898b-349e-4f75-8ea8-ae7872429588,Westbound,2025-11-18 13:56:45.062392,474.0,359.0,120.0,181.0
5060,6,CAM002,55,1.999020919806444,1260,True,3778898b-349e-4f75-8ea8-ae7872429588,Westbound,2025-11-18 13:56:45.058455,17.0,0.0,346.0,538.0
5059,5,CAM001,54,1.9432756253861951,1305,True,34bbee35-39af-49b9-ab65-c313c776cd74,Eastbound,2025-11-18 13:56:42.160304,609.0,328.0,64.0,152.0
5058,7,CAM001,53,1.9408122150043747,1305,True,34bbee35-39af-49b9-ab65-c313c776cd74,Eastbound,2025-11-18 13:56:42.157375,653.0,281.0,133.0,199.0
5057,4,CAM001,50,2.0294794321733476,1305,True,34bbee35-39af-49b9-ab65-c313c776cd74,Eastbound,2025-11-18 13:56:42.153448,150.0,347.0,60.0,69.0
5056,1,CAM001,49,1.7878038122663011,1305,True,34bbee35-39af-49b9-ab65-c313c776cd74,Eastbound,2025-11-18 13:56:42.149922,428.0,338.0,44.0,76.0
5055,8,CAM001,46,1.4444073117332201,1305,True,34bbee35-39af-49b9-ab65-c313c776cd74,Eastbound,2025-11-18 13:56:42.146015,284.0,332.0,85.0,106.0
5054,2,CAM001,43,1.6179205837136854,1305,True,34bbee35-39af-49b9-ab65-c313c776cd74,Eastbound,2025-11-18 13:56:42.143076,459.0,334.0,90.0,137.0
5053,3,CAM001,32,1.8739466146065087,1305,True,34bbee35-39af-49b9-ab65-c313c776cd74,Eastbound,2025-11-18 13:56:42.138638,173.0,323.0,136.0,116.0
5052,1,CAM002,77,2.033420239243256,1255,True,3778898b-349e-4f75-8ea8-ae7872429588,Westbound,2025-11-18 13:56:38.582402,433.0,386.0,43.0,70.0
5051,8,CAM002,76,1.9374852332097374,1255,True,3778898b-349e-4f75-8ea8-ae7872429588,Westbound,2025-11-18 13:56:38.579437,348.0,385.0,104.0,155.0
5050,2,CAM002,71,2.02557426910748,1255,True,3778898b-349e-4f75-8ea8-ae7872429588,Westbound,2025-11-18 13:56:38.576508,472.0,358.0,121.0,182.0
5049,6,CAM002,55,1.989464618538915,1255,True,3778898b-349e-4f75-8ea8-ae7872429588,Westbound,2025-11-18 13:56:38.572574,33.0,0.0,323.0,538.0
5048,5,CAM001,54,1.9800180358487005,1300,True,34bbee35-39af-49b9-ab65-c313c776cd74,Eastbound,2025-11-18 13:56:37.013336,624.0,337.0,59.0,142.0
5047,7,CAM001,53,1.9967629827509685,1300,True,34bbee35-39af-49b9-ab65-c313c776cd74,Eastbound,2025-11-18 13:56:37.008888,656.0,281.0,118.0,198.0
5046,4,CAM001,50,1.969643296112893,1300,True,34bbee35-39af-49b9-ab65-c313c776cd74,Eastbound,2025-11-18 13:56:37.005414,150.0,347.0,60.0,69.0
5045,3,CAM001,32,1.9402869575054476,1300,True,34bbee35-39af-49b9-ab65-c313c776cd74,Eastbound,2025-11-18 13:56:37.001468,191.0,302.0,156.0,134.0
5044,1,CAM002,77,1.9552878843484838,1250,True,3778898b-349e-4f75-8ea8-ae7872429588,Westbound,2025-11-18 13:56:33.757343,433.0,386.0,43.0,70.0
5043,5,CAM002,76,1.5930063012972433,1250,True,3778898b-349e-4f75-8ea8-ae7872429588,Westbound,2025-11-18 13:56:33.756367,346.0,384.0,103.0,156.0
5042,2,CAM002,71,1.8406346763860915,1250,True,3778898b-349e-4f75-8ea8-ae7872429588,Westbound,2025-11-18 13:56:33.754413,472.0,359.0,121.0,181.0
5041,3,CAM002,57,2.007364611149927,1250,True,3778898b-349e-4f75-8ea8-ae7872429588,Westbound,2025-11-18 13:56:33.752362,234.0,366.0,120.0,159.0
5040,6,CAM002,55,1.9548191556492152,1250,True,3778898b-349e-4f75-8ea8-ae7872429588,Westbound,2025-11-18 13:56:33.749841,39.0,1.0,280.0,534.0
5039,7,CAM001,53,1.9634247465887749,1295,True,34bbee35-39af-49b9-ab65-c313c776cd74,Eastbound,2025-11-18 13:56:31.816118,655.0,278.0,112.0,202.0
5038,4,CAM001,50,1.9984166509919923,1295,True,34bbee35-39af-49b9-ab65-c313c776cd74,Eastbound,2025-11-18 13:56:31.814166,149.0,347.0,61.0,70.0
5037,5,CAM001,47,1.7953688581686948,1295,True,34bbee35-39af-49b9-ab65-c313c776cd74,Eastbound,2025-11-18 13:56:31.811198,337.0,336.0,149.0,129.0
5036,2,CAM001,43,1.782872419737352,1295,True,34bbee35-39af-49b9-ab65-c313c776cd74,Eastbound,2025-11-18 13:56:31.808268,536.0,294.0,125.0,186.0
5035,8,CAM001,32,1.917478507878129,1295,True,34bbee35-39af-49b9-ab65-c313c776cd74,Eastbound,2025-11-18 13:56:31.804319,185.0,304.0,141.0,134.0
5034,8,CAM002,80,1.8055861556978612,1245,True,3778898b-349e-4f75-8ea8-ae7872429588,Westbound,2025-11-18 13:56:27.259976,219.0,283.0,45.0,180.0
5033,1,CAM002,77,2.0051679270989355,1245,True,3778898b-349e-4f75-8ea8-ae7872429588,Westbound,2025-11-18 13:56:27.256817,433.0,385.0,43.0,70.0
5032,5,CAM002,76,1.7623206823083482,1245,True,3778898b-349e-4f75-8ea8-ae7872429588,Westbound,2025-11-18 13:56:27.253210,344.0,382.0,103.0,158.0
5031,3,CAM002,74,1.8951752288629153,1245,True,3778898b-349e-4f75-8ea8-ae7872429588,Westbound,2025-11-18 13:56:27.250514,250.0,365.0,106.0,104.0
5030,2,CAM002,71,1.7686052154370449,1245,True,3778898b-349e-4f75-8ea8-ae7872429588,Westbound,2025-11-18 13:56:27.247526,470.0,359.0,124.0,181.0
5029,4,CAM002,57,1.4104725419160027,1245,True,3778898b-349e-4f75-8ea8-ae7872429588,Westbound,2025-11-18 13:56:27.245402,237.0,367.0,115.0,159.0
5028,6,CAM002,55,1.8651540025001638,1245,True,3778898b-349e-4f75-8ea8-ae7872429588,Westbound,2025-11-18 13:56:27.242360,10.0,2.0,252.0,533.0
5027,7,CAM001,53,1.9530873073972126,1290,True,34bbee35-39af-49b9-ab65-c313c776cd74,Eastbound,2025-11-18 13:56:25.423720,648.0,270.0,116.0,210.0
5026,4,CAM001,50,2.031220072709903,1290,True,34bbee35-39af-49b9-ab65-c313c776cd74,Eastbound,2025-11-18 13:56:25.421168,150.0,346.0,59.0,70.0
5025,5,CAM001,47,1.820202607332845,1290,True,34bbee35-39af-49b9-ab65-c313c776cd74,Eastbound,2025-11-18 13:56:25.420157,336.0,334.0,150.0,132.0
5024,3,CAM001,46,1.909964627582717,1290,True,34bbee35-39af-49b9-ab65-c313c776cd74,Eastbound,2025-11-18 13:56:25.417228,277.0,330.0,89.0,106.0
5023,2,CAM001,43,1.752302943642224,1290,True,34bbee35-39af-49b9-ab65-c313c776cd74,Eastbound,2025-11-18 13:56:25.414300,553.0,302.0,109.0,178.0
5022,8,CAM001,32,1.8645375045060457,1290,True,34bbee35-39af-49b9-ab65-c313c776cd74,Eastbound,2025-11-18 13:56:25.410820,171.0,313.0,131.0,127.0
5021,1,CAM002,77,1.9182372418030622,1240,True,3778898b-349e-4f75-8ea8-ae7872429588,Westbound,2025-11-18 13:56:21.293965,434.0,385.0,43.0,69.0
5020,5,CAM002,76,1.8048173768385256,1240,True,3778898b-349e-4f75-8ea8-ae7872429588,Westbound,2025-11-18 13:56:21.292004,342.0,383.0,104.0,157.0
5019,3,CAM002,74,1.9306064443139954,1240,True,3778898b-349e-4f75-8ea8-ae7872429588,Westbound,2025-11-18 13:56:21.289042,251.0,366.0,106.0,103.0
5018,2,CAM002,71,1.8283145116976292,1240,True,3778898b-349e-4f75-8ea8-ae7872429588,Westbound,2025-11-18 13:56:21.287089,470.0,360.0,127.0,180.0
5017,7,CAM001,53,1.9919944417876325,1285,True,34bbee35-39af-49b9-ab65-c313c776cd74,Eastbound,2025-11-18 13:56:19.478852,639.0,257.0,127.0,223.0
5016,4,CAM001,50,2.017842941989783,1285,True,34bbee35-39af-49b9-ab65-c313c776cd74,Eastbound,2025-11-18 13:56:19.475923,151.0,346.0,57.0,70.0
5015,1,CAM001,49,1.922075923122108,1285,True,34bbee35-39af-49b9-ab65-c313c776cd74,Eastbound,2025-11-18 13:56:19.473961,428.0,338.0,45.0,80.0
5014,5,CAM001,47,1.5931642719267078,1285,True,34bbee35-39af-49b9-ab65-c313c776cd74,Eastbound,2025-11-18 13:56:19.470461,334.0,329.0,149.0,140.0
5013,3,CAM001,46,1.893815072859823,1285,True,34bbee35-39af-49b9-ab65-c313c776cd74,Eastbound,2025-11-18 13:56:19.469484,275.0,329.0,91.0,106.0
5012,2,CAM001,43,1.6514614204475508,1285,True,34bbee35-39af-49b9-ab65-c313c776cd74,Eastbound,2025-11-18 13:56:19.466556,578.0,314.0,88.0,166.0
5011,8,CAM001,32,1.9317564771013942,1285,True,34bbee35-39af-49b9-ab65-c313c776cd74,Eastbound,2025-11-18 13:56:19.463617,178.0,316.0,122.0,122.0
5010,1,CAM002,77,1.780167864338329,1235,True,3778898b-349e-4f75-8ea8-ae7872429588,Westbound,2025-11-18 13:56:15.023947,434.0,384.0,44.0,71.0
5009,8,CAM002,76,1.4142958998961883,1235,True,3778898b-349e-4f75-8ea8-ae7872429588,Westbound,2025-11-18 13:56:15.022970,347.0,384.0,99.0,156.0
5008,3,CAM002,74,1.9438356062598054,1235,True,3778898b-349e-4f75-8ea8-ae7872429588,Westbound,2025-11-18 13:56:15.019994,252.0,367.0,104.0,100.0
5007,2,CAM002,71,2.012301023398125,1235,True,3778898b-349e-4f75-8ea8-ae7872429588,Westbound,2025-11-18 13:56:15.018012,470.0,364.0,128.0,176.0
5006,6,CAM002,55,1.9966070758499912,1235,True,3778898b-349e-4f75-8ea8-ae7872429588,Westbound,2025-11-18 13:56:15.015082,13.0,0.0,248.0,529.0
5005,5,CAM002,38,1.9900795090615615,1235,True,3778898b-349e-4f75-8ea8-ae7872429588,Westbound,2025-11-18 13:56:15.013158,352.0,382.0,174.0,158.0
5004,7,CAM001,53,1.9685755452659786,1280,True,34bbee35-39af-49b9-ab65-c313c776cd74,Eastbound,2025-11-18 13:56:13.077414,633.0,259.0,130.0,221.0
5003,4,CAM001,50,1.5650910052817373,1280,True,34bbee35-39af-49b9-ab65-c313c776cd74,Eastbound,2025-11-18 13:56:13.075906,153.0,346.0,53.0,69.0
5002,1,CAM001,49,1.9735645095975087,1280,True,34bbee35-39af-49b9-ab65-c313c776cd74,Eastbound,2025-11-18 13:56:13.072960,428.0,338.0,48.0,82.0
5001,3,CAM001,46,1.883851685578916,1280,True,34bbee35-39af-49b9-ab65-c313c776cd74,Eastbound,2025-11-18 13:56:13.070968,273.0,328.0,94.0,106.0
5000,8,CAM001,32,1.900007135781782,1280,True,34bbee35-39af-49b9-ab65-c313c776cd74,Eastbound,2025-11-18 13:56:13.068038,174.0,311.0,137.0,129.0
4999,5,CAM002,76,1.9961984095725154,1230,True,3778898b-349e-4f75-8ea8-ae7872429588,Westbound,2025-11-18 13:56:08.932794,357.0,383.0,98.0,157.0
4998,3,CAM002,74,1.796895450683443,1230,True,3778898b-349e-4f75-8ea8-ae7872429588,Westbound,2025-11-18 13:56:08.928758,252.0,368.0,108.0,104.0
4997,2,CAM002,71,1.9851114660812772,1230,True,3778898b-349e-4f75-8ea8-ae7872429588,Westbound,2025-11-18 13:56:08.926805,476.0,372.0,125.0,168.0
4996,4,CAM002,57,2.013166741399948,1230,True,3778898b-349e-4f75-8ea8-ae7872429588,Westbound,2025-11-18 13:56:08.923874,247.0,371.0,118.0,165.0
4995,6,CAM002,55,1.6779427309838588,1230,True,3778898b-349e-4f75-8ea8-ae7872429588,Westbound,2025-11-18 13:56:08.920897,3.0,0.0,239.0,530.0
4994,1,CAM002,38,1.270695837187859,1230,True,3778898b-349e-4f75-8ea8-ae7872429588,Westbound,2025-11-18 13:56:08.917908,356.0,381.0,172.0,159.0
4993,1,CAM001,49,1.9020831689446964,1275,True,34bbee35-39af-49b9-ab65-c313c776cd74,Eastbound,2025-11-18 13:56:07.530687,428.0,338.0,48.0,81.0
4992,3,CAM001,46,1.9912658245857624,1275,True,34bbee35-39af-49b9-ab65-c313c776cd74,Eastbound,2025-11-18 13:56:07.528695,274.0,329.0,94.0,105.0
4991,8,CAM001,32,2.0052558478673865,1275,True,34bbee35-39af-49b9-ab65-c313c776cd74,Eastbound,2025-11-18 13:56:07.525767,178.0,325.0,129.0,119.0
4990,5,CAM002,76,1.5590181632800457,1225,True,3778898b-349e-4f75-8ea8-ae7872429588,Westbound,2025-11-18 13:56:05.083170,351.0,382.0,107.0,158.0
4989,4,CAM002,74,2.008405355997715,1225,True,3778898b-349e-4f75-8ea8-ae7872429588,Westbound,2025-11-18 13:56:05.079654,252.0,369.0,178.0,171.0
4988,2,CAM002,71,1.998067381761141,1225,True,3778898b-349e-4f75-8ea8-ae7872429588,Westbound,2025-11-18 13:56:05.074768,490.0,380.0,113.0,160.0
4987,3,CAM002,57,1.6581808734516588,1225,True,3778898b-349e-4f75-8ea8-ae7872429588,Westbound,2025-11-18 13:56:05.071763,242.0,371.0,127.0,167.0
4986,6,CAM001,50,1.9900226147745999,1270,True,34bbee35-39af-49b9-ab65-c313c776cd74,Eastbound,2025-11-18 13:56:03.771996,147.0,342.0,53.0,73.0
4985,5,CAM001,49,2.0008233554990853,1270,True,34bbee35-39af-49b9-ab65-c313c776cd74,Eastbound,2025-11-18 13:56:03.770001,427.0,337.0,44.0,79.0
4984,3,CAM001,46,1.9686555247996962,1270,True,34bbee35-39af-49b9-ab65-c313c776cd74,Eastbound,2025-11-18 13:56:03.768048,277.0,330.0,92.0,104.0
4983,7,CAM001,43,1.9620699221471034,1270,True,34bbee35-39af-49b9-ab65-c313c776cd74,Eastbound,2025-11-18 13:56:03.766087,687.0,341.0,70.0,139.0
4982,8,CAM001,32,1.981832300090132,1270,True,34bbee35-39af-49b9-ab65-c313c776cd74,Eastbound,2025-11-18 13:56:03.761626,179.0,326.0,131.0,118.0
4981,4,CAM002,74,1.7758293372624314,1220,True,3778898b-349e-4f75-8ea8-ae7872429588,Westbound,2025-11-18 13:56:00.224648,251.0,368.0,177.0,172.0
4980,7,CAM002,71,1.5965294647668378,1220,True,3778898b-349e-4f75-8ea8-ae7872429588,Westbound,2025-11-18 13:56:00.221711,505.0,382.0,101.0,157.0
4979,1,CAM002,55,2.004934399947269,1220,True,3778898b-349e-4f75-8ea8-ae7872429588,Westbound,2025-11-18 13:56:00.219726,7.0,0.0,242.0,535.0
4978,2,CAM002,38,1.7480728798003171,1220,True,3778898b-349e-4f75-8ea8-ae7872429588,Westbound,2025-11-18 13:56:00.217774,378.0,372.0,180.0,168.0
4977,4,CAM001,51,1.7738951240250882,1265,True,34bbee35-39af-49b9-ab65-c313c776cd74,Eastbound,2025-11-18 13:55:58.535018,353.0,349.0,102.0,131.0
4976,6,CAM001,50,1.9836362980348836,1265,True,34bbee35-39af-49b9-ab65-c313c776cd74,Eastbound,2025-11-18 13:55:58.533013,148.0,343.0,53.0,72.0
4975,5,CAM001,49,1.9844039561366231,1265,True,34bbee35-39af-49b9-ab65-c313c776cd74,Eastbound,2025-11-18 13:55:58.530908,427.0,337.0,44.0,82.0
4974,3,CAM001,46,1.9991731561804282,1265,True,34bbee35-39af-49b9-ab65-c313c776cd74,Eastbound,2025-11-18 13:55:58.528913,275.0,328.0,94.0,106.0
4973,2,CAM001,45,1.7487840124028038,1265,True,34bbee35-39af-49b9-ab65-c313c776cd74,Eastbound,2025-11-18 13:55:58.526960,440.0,372.0,59.0,100.0
4972,7,CAM001,43,1.943535958104441,1265,True,34bbee35-39af-49b9-ab65-c313c776cd74,Eastbound,2025-11-18 13:55:58.524999,682.0,326.0,77.0,154.0
4971,8,CAM001,32,1.9748974482733266,1265,True,34bbee35-39af-49b9-ab65-c313c776cd74,Eastbound,2025-11-18 13:55:58.522507,179.0,328.0,131.0,115.0
4970,5,CAM002,77,1.895077975710848,1215,True,3778898b-349e-4f75-8ea8-ae7872429588,Westbound,2025-11-18 13:55:54.493556,431.0,384.0,44.0,71.0
4969,4,CAM002,76,1.842750522407892,1215,True,3778898b-349e-4f75-8ea8-ae7872429588,Westbound,2025-11-18 13:55:54.489597,337.0,379.0,112.0,161.0
4968,8,CAM002,74,1.673852414217104,1215,True,3778898b-349e-4f75-8ea8-ae7872429588,Westbound,2025-11-18 13:55:54.487613,250.0,367.0,180.0,173.0
4967,1,CAM002,55,1.9916523370050183,1215,True,3778898b-349e-4f75-8ea8-ae7872429588,Westbound,2025-11-18 13:55:54.484682,9.0,0.0,232.0,535.0
4966,2,CAM002,38,1.729863914798125,1215,True,3778898b-349e-4f75-8ea8-ae7872429588,Westbound,2025-11-18 13:55:54.481745,425.0,375.0,145.0,165.0
4965,4,CAM001,49,1.4132821313224588,1260,True,34bbee35-39af-49b9-ab65-c313c776cd74,Eastbound,2025-11-18 13:55:52.559790,429.0,336.0,45.0,86.0
4964,3,CAM001,46,2.002826385898105,1260,True,34bbee35-39af-49b9-ab65-c313c776cd74,Eastbound,2025-11-18 13:55:52.558813,273.0,328.0,94.0,105.0
4963,5,CAM001,45,1.7991921129604327,1260,True,34bbee35-39af-49b9-ab65-c313c776cd74,Eastbound,2025-11-18 13:55:52.556312,441.0,374.0,59.0,98.0
4962,7,CAM001,43,1.8196889517985826,1260,True,34bbee35-39af-49b9-ab65-c313c776cd74,Eastbound,2025-11-18 13:55:52.553382,669.0,288.0,91.0,192.0
4961,8,CAM001,32,1.4231138186268135,1260,True,34bbee35-39af-49b9-ab65-c313c776cd74,Eastbound,2025-11-18 13:55:52.550892,177.0,329.0,135.0,113.0
4960,5,CAM002,77,1.9121841116504752,1210,True,3778898b-349e-4f75-8ea8-ae7872429588,Westbound,2025-11-18 13:55:48.449845,430.0,385.0,42.0,72.0
4959,4,CAM002,76,2.00210902772445,1210,True,3778898b-349e-4f75-8ea8-ae7872429588,Westbound,2025-11-18 13:55:48.447859,335.0,381.0,112.0,159.0
4958,8,CAM002,74,1.613135375252794,1210,True,3778898b-349e-4f75-8ea8-ae7872429588,Westbound,2025-11-18 13:55:48.443997,261.0,367.0,169.0,173.0
4957,7,CAM002,71,1.7320530871922641,1210,True,3778898b-349e-4f75-8ea8-ae7872429588,Westbound,2025-11-18 13:55:48.441402,568.0,350.0,97.0,154.0
4956,3,CAM002,57,1.7698137602828166,1210,True,3778898b-349e-4f75-8ea8-ae7872429588,Westbound,2025-11-18 13:55:48.437467,233.0,371.0,137.0,173.0
4955,1,CAM002,55,2.0218440111994096,1210,True,3778898b-349e-4f75-8ea8-ae7872429588,Westbound,2025-11-18 13:55:48.434528,5.0,0.0,225.0,533.0
4954,2,CAM002,38,1.9766656290927234,1210,True,3778898b-349e-4f75-8ea8-ae7872429588,Westbound,2025-11-18 13:55:48.429921,473.0,378.0,131.0,162.0
4953,3,CAM001,46,1.7198780896043515,1255,True,34bbee35-39af-49b9-ab65-c313c776cd74,Eastbound,2025-11-18 13:55:46.267074,271.0,329.0,93.0,102.0
4952,5,CAM001,45,1.8493075314900462,1255,True,34bbee35-39af-49b9-ab65-c313c776cd74,Eastbound,2025-11-18 13:55:46.263527,450.0,384.0,54.0,90.0
4951,7,CAM001,43,1.6649535985383985,1255,True,34bbee35-39af-49b9-ab65-c313c776cd74,Eastbound,2025-11-18 13:55:46.259907,653.0,258.0,107.0,222.0
4950,5,CAM002,77,1.618192065790409,1205,True,3778898b-349e-4f75-8ea8-ae7872429588,Westbound,2025-11-18 13:55:40.947725,429.0,386.0,40.0,72.0
4949,4,CAM002,76,2.012420568832539,1205,True,3778898b-349e-4f75-8ea8-ae7872429588,Westbound,2025-11-18 13:55:40.943809,330.0,385.0,112.0,155.0
4948,7,CAM002,71,1.4593043190767678,1205,True,3778898b-349e-4f75-8ea8-ae7872429588,Westbound,2025-11-18 13:55:40.941317,560.0,340.0,101.0,165.0
4947,3,CAM002,57,1.471904976434499,1205,True,3778898b-349e-4f75-8ea8-ae7872429588,Westbound,2025-11-18 13:55:40.938296,236.0,369.0,130.0,149.0
4946,1,CAM002,55,2.001883210450084,1205,True,3778898b-349e-4f75-8ea8-ae7872429588,Westbound,2025-11-18 13:55:40.935365,9.0,0.0,217.0,534.0
4945,2,CAM002,38,1.5869703330650085,1205,True,3778898b-349e-4f75-8ea8-ae7872429588,Westbound,2025-11-18 13:55:40.931440,465.0,375.0,133.0,164.0
4944,2,CAM001,49,1.7043507830130453,1250,True,34bbee35-39af-49b9-ab65-c313c776cd74,Eastbound,2025-11-18 13:55:38.337992,469.0,333.0,69.0,134.0
4943,3,CAM001,46,1.8801959377987938,1250,True,34bbee35-39af-49b9-ab65-c313c776cd74,Eastbound,2025-11-18 13:55:38.336038,269.0,330.0,93.0,101.0
4942,5,CAM001,45,1.8054667672082803,1250,True,34bbee35-39af-49b9-ab65-c313c776cd74,Eastbound,2025-11-18 13:55:38.333103,443.0,381.0,63.0,90.0
4941,7,CAM001,43,1.7232199750435695,1250,True,34bbee35-39af-49b9-ab65-c313c776cd74,Eastbound,2025-11-18 13:55:38.328140,649.0,257.0,111.0,223.0
4940,8,CAM001,32,2.004992682256757,1250,True,34bbee35-39af-49b9-ab65-c313c776cd74,Eastbound,2025-11-18 13:55:38.325210,172.0,330.0,134.0,112.0
4939,4,CAM002,76,1.9584555007434001,1200,True,3778898b-349e-4f75-8ea8-ae7872429588,Westbound,2025-11-18 13:55:29.410177,331.0,385.0,118.0,155.0
4938,7,CAM002,71,1.7351440939732012,1200,True,3778898b-349e-4f75-8ea8-ae7872429588,Westbound,2025-11-18 13:55:29.407200,548.0,332.0,110.0,177.0
4937,3,CAM002,57,1.9052976383017617,1200,True,3778898b-349e-4f75-8ea8-ae7872429588,Westbound,2025-11-18 13:55:29.404142,249.0,368.0,105.0,112.0
4936,1,CAM002,55,2.0101060146343377,1200,True,3778898b-349e-4f75-8ea8-ae7872429588,Westbound,2025-11-18 13:55:29.401203,4.0,0.0,210.0,535.0
4935,2,CAM002,38,1.8192548712458347,1200,True,3778898b-349e-4f75-8ea8-ae7872429588,Westbound,2025-11-18 13:55:29.397695,459.0,372.0,133.0,166.0
4934,5,CAM001,49,1.9249241405295012,1245,True,34bbee35-39af-49b9-ab65-c313c776cd74,Eastbound,2025-11-18 13:55:28.221403,472.0,335.0,69.0,135.0
4933,3,CAM001,46,1.8914200910097227,1245,True,34bbee35-39af-49b9-ab65-c313c776cd74,Eastbound,2025-11-18 13:55:28.218428,265.0,328.0,99.0,102.0
4932,7,CAM001,43,1.718384522308164,1245,True,34bbee35-39af-49b9-ab65-c313c776cd74,Eastbound,2025-11-18 13:55:28.214966,649.0,256.0,115.0,224.0
4931,8,CAM001,32,1.9769226306657184,1245,True,34bbee35-39af-49b9-ab65-c313c776cd74,Eastbound,2025-11-18 13:55:28.212069,174.0,329.0,133.0,113.0
4930,2,CAM001,2,1.794742959204291,1245,True,34bbee35-39af-49b9-ab65-c313c776cd74,Eastbound,2025-11-18 13:55:28.207064,576.0,323.0,101.0,157.0
4929,5,CAM002,76,1.7735464551926945,1195,True,3778898b-349e-4f75-8ea8-ae7872429588,Westbound,2025-11-18 13:55:19.039076,337.0,385.0,120.0,155.0
4928,4,CAM002,74,1.9767972325610608,1195,True,3778898b-349e-4f75-8ea8-ae7872429588,Westbound,2025-11-18 13:55:19.036102,257.0,367.0,164.0,173.0
4927,7,CAM002,71,1.7140504476026062,1195,True,3778898b-349e-4f75-8ea8-ae7872429588,Westbound,2025-11-18 13:55:19.033142,552.0,346.0,104.0,164.0
4926,3,CAM002,57,1.8545083481691504,1195,True,3778898b-349e-4f75-8ea8-ae7872429588,Westbound,2025-11-18 13:55:19.029668,251.0,368.0,107.0,112.0
4925,1,CAM002,55,1.5340436875727566,1195,True,3778898b-349e-4f75-8ea8-ae7872429588,Westbound,2025-11-18 13:55:19.026728,0.0,0.0,206.0,531.0
4924,2,CAM002,38,1.802910696344847,1195,True,3778898b-349e-4f75-8ea8-ae7872429588,Westbound,2025-11-18 13:55:19.022277,460.0,367.0,133.0,170.0
4923,5,CAM001,49,1.5299697039038702,1240,True,34bbee35-39af-49b9-ab65-c313c776cd74,Eastbound,2025-11-18 13:55:17.666193,478.0,340.0,69.0,133.0
4922,3,CAM001,46,1.9721305198825154,1240,True,34bbee35-39af-49b9-ab65-c313c776cd74,Eastbound,2025-11-18 13:55:17.663257,263.0,333.0,103.0,98.0
4921,7,CAM001,43,1.677063584471005,1240,True,34bbee35-39af-49b9-ab65-c313c776cd74,Eastbound,2025-11-18 13:55:17.660287,652.0,257.0,112.0,223.0
4920,8,CAM001,32,1.9807290743649348,1240,True,34bbee35-39af-49b9-ab65-c313c776cd74,Eastbound,2025-11-18 13:55:17.657792,173.0,329.0,137.0,112.0
4919,2,CAM001,2,1.6960904460061945,1240,True,34bbee35-39af-49b9-ab65-c313c776cd74,Eastbound,2025-11-18 13:55:17.653877,579.0,322.0,96.0,158.0
4918,5,CAM002,76,1.9411726708517416,1190,True,3778898b-349e-4f75-8ea8-ae7872429588,Westbound,2025-11-18 13:55:11.331041,339.0,385.0,129.0,155.0
4917,4,CAM002,74,1.977652524638495,1190,True,3778898b-349e-4f75-8ea8-ae7872429588,Westbound,2025-11-18 13:55:11.328015,259.0,367.0,156.0,173.0
4916,7,CAM002,71,1.7152705483562376,1190,True,3778898b-349e-4f75-8ea8-ae7872429588,Westbound,2025-11-18 13:55:11.325085,554.0,353.0,99.0,153.0
4915,2,CAM002,38,1.8590710337514245,1190,True,3778898b-349e-4f75-8ea8-ae7872429588,Westbound,2025-11-18 13:55:11.321162,465.0,369.0,136.0,169.0
4914,2,CAM001,49,1.8211685593862068,1235,True,34bbee35-39af-49b9-ab65-c313c776cd74,Eastbound,2025-11-18 13:55:10.174892,480.0,343.0,68.0,129.0
4913,3,CAM001,46,1.9111750886267627,1235,True,34bbee35-39af-49b9-ab65-c313c776cd74,Eastbound,2025-11-18 13:55:10.168008,265.0,333.0,119.0,102.0
4912,1,CAM001,45,2.0163575018024855,1235,True,34bbee35-39af-49b9-ab65-c313c776cd74,Eastbound,2025-11-18 13:55:10.159624,402.0,331.0,72.0,96.0
4911,7,CAM001,43,1.7128050931788819,1235,True,34bbee35-39af-49b9-ab65-c313c776cd74,Eastbound,2025-11-18 13:55:10.129531,650.0,259.0,109.0,221.0
4910,8,CAM001,32,2.014548599572617,1235,True,34bbee35-39af-49b9-ab65-c313c776cd74,Eastbound,2025-11-18 13:55:10.083121,171.0,330.0,137.0,111.0
4909,3,CAM002,74,1.7349751968543796,1185,True,3778898b-349e-4f75-8ea8-ae7872429588,Westbound,2025-11-18 13:55:03.177654,256.0,367.0,144.0,173.0
4908,7,CAM002,71,1.7064367331351005,1185,True,3778898b-349e-4f75-8ea8-ae7872429588,Westbound,2025-11-18 13:55:03.173751,555.0,355.0,101.0,152.0
4907,2,CAM002,38,1.6628733713188395,1185,True,3778898b-349e-4f75-8ea8-ae7872429588,Westbound,2025-11-18 13:55:03.170875,458.0,369.0,145.0,168.0
4906,3,CAM001,46,1.734878558473358,1230,True,34bbee35-39af-49b9-ab65-c313c776cd74,Eastbound,2025-11-18 13:55:02.694897,280.0,332.0,123.0,107.0
4905,2,CAM001,45,1.4426115276304141,1230,True,34bbee35-39af-49b9-ab65-c313c776cd74,Eastbound,2025-11-18 13:55:02.690956,401.0,330.0,73.0,96.0
4904,4,CAM001,44,1.9556633544486146,1230,True,34bbee35-39af-49b9-ab65-c313c776cd74,Eastbound,2025-11-18 13:55:02.683484,265.0,325.0,52.0,65.0
4903,7,CAM001,43,1.6880043682334722,1230,True,34bbee35-39af-49b9-ab65-c313c776cd74,Eastbound,2025-11-18 13:55:02.680996,650.0,259.0,107.0,221.0
4902,8,CAM001,32,1.603356260601268,1230,True,34bbee35-39af-49b9-ab65-c313c776cd74,Eastbound,2025-11-18 13:55:02.661747,171.0,330.0,140.0,112.0
4901,4,CAM002,74,1.6416773536568932,1180,True,3778898b-349e-4f75-8ea8-ae7872429588,Westbound,2025-11-18 13:54:56.801915,258.0,369.0,137.0,171.0
4900,7,CAM002,71,1.6800147337390845,1180,True,3778898b-349e-4f75-8ea8-ae7872429588,Westbound,2025-11-18 13:54:56.799922,556.0,354.0,99.0,152.0
4899,3,CAM002,57,1.9133772617879943,1180,True,3778898b-349e-4f75-8ea8-ae7872429588,Westbound,2025-11-18 13:54:56.796992,250.0,367.0,105.0,109.0
4898,2,CAM002,38,1.8173621938172733,1180,True,3778898b-349e-4f75-8ea8-ae7872429588,Westbound,2025-11-18 13:54:56.779239,446.0,367.0,155.0,171.0
4897,3,CAM001,46,1.8238716596804547,1225,True,34bbee35-39af-49b9-ab65-c313c776cd74,Eastbound,2025-11-18 13:54:56.164597,281.0,333.0,124.0,106.0
4896,4,CAM001,44,1.6970116561793211,1225,True,34bbee35-39af-49b9-ab65-c313c776cd74,Eastbound,2025-11-18 13:54:56.160632,264.0,325.0,53.0,65.0
4895,7,CAM001,43,2.0153333771539508,1225,True,34bbee35-39af-49b9-ab65-c313c776cd74,Eastbound,2025-11-18 13:54:56.158149,648.0,255.0,109.0,225.0
4894,2,CAM001,2,1.7656261237290085,1225,True,34bbee35-39af-49b9-ab65-c313c776cd74,Eastbound,2025-11-18 13:54:56.153263,579.0,311.0,100.0,169.0
4893,4,CAM002,74,1.5317235723551959,1175,True,3778898b-349e-4f75-8ea8-ae7872429588,Westbound,2025-11-18 13:54:48.524717,326.0,390.0,119.0,150.0
4892,3,CAM002,57,1.9733189203225465,1175,True,3778898b-349e-4f75-8ea8-ae7872429588,Westbound,2025-11-18 13:54:48.521772,249.0,368.0,106.0,108.0
4891,5,CAM002,55,1.9223856544743634,1175,True,3778898b-349e-4f75-8ea8-ae7872429588,Westbound,2025-11-18 13:54:48.518801,3.0,0.0,214.0,535.0
4890,2,CAM002,38,1.7532673755793216,1175,True,3778898b-349e-4f75-8ea8-ae7872429588,Westbound,2025-11-18 13:54:48.515863,439.0,368.0,159.0,172.0
4889,4,CAM001,44,1.4030236322739364,1220,True,34bbee35-39af-49b9-ab65-c313c776cd74,Eastbound,2025-11-18 13:54:47.507636,263.0,325.0,54.0,65.0
4888,7,CAM001,43,2.0025410192281123,1220,True,34bbee35-39af-49b9-ab65-c313c776cd74,Eastbound,2025-11-18 13:54:47.504706,648.0,255.0,111.0,225.0
4887,8,CAM001,32,2.0355441135813903,1220,True,34bbee35-39af-49b9-ab65-c313c776cd74,Eastbound,2025-11-18 13:54:47.501768,170.0,329.0,137.0,110.0
4886,2,CAM001,2,1.5524917899042654,1220,True,34bbee35-39af-49b9-ab65-c313c776cd74,Eastbound,2025-11-18 13:54:47.499258,572.0,313.0,100.0,166.0
4885,4,CAM002,74,2.008048555723388,1170,True,3778898b-349e-4f75-8ea8-ae7872429588,Westbound,2025-11-18 13:54:43.056363,323.0,390.0,124.0,150.0
4884,7,CAM002,71,1.8015557330445642,1170,True,3778898b-349e-4f75-8ea8-ae7872429588,Westbound,2025-11-18 13:54:43.053424,557.0,354.0,99.0,151.0
4883,3,CAM002,57,1.9974061268644283,1170,True,3778898b-349e-4f75-8ea8-ae7872429588,Westbound,2025-11-18 13:54:43.051439,247.0,370.0,103.0,105.0
4882,2,CAM002,38,2.0199069933635556,1170,True,3778898b-349e-4f75-8ea8-ae7872429588,Westbound,2025-11-18 13:54:43.047962,441.0,371.0,154.0,167.0
4881,7,CAM001,43,1.6357622009533914,1215,True,34bbee35-39af-49b9-ab65-c313c776cd74,Eastbound,2025-11-18 13:54:42.395224,647.0,257.0,111.0,223.0
4880,8,CAM001,32,1.951882054597211,1215,True,34bbee35-39af-49b9-ab65-c313c776cd74,Eastbound,2025-11-18 13:54:42.383929,167.0,330.0,136.0,110.0
4879,4,CAM002,74,1.749277875486393,1165,True,3778898b-349e-4f75-8ea8-ae7872429588,Westbound,2025-11-18 13:54:34.747853,327.0,389.0,138.0,151.0
4878,7,CAM002,71,1.7836919141436693,1165,True,3778898b-349e-4f75-8ea8-ae7872429588,Westbound,2025-11-18 13:54:34.745322,556.0,353.0,99.0,151.0
4877,3,CAM002,57,1.9178808620160763,1165,True,3778898b-349e-4f75-8ea8-ae7872429588,Westbound,2025-11-18 13:54:34.743336,245.0,369.0,109.0,106.0
4876,5,CAM002,55,2.0037023262980886,1165,True,3778898b-349e-4f75-8ea8-ae7872429588,Westbound,2025-11-18 13:54:34.740398,2.0,0.0,222.0,535.0
4875,2,CAM002,38,2.013267392450794,1165,True,3778898b-349e-4f75-8ea8-ae7872429588,Westbound,2025-11-18 13:54:34.737398,442.0,371.0,152.0,167.0
4874,3,CAM001,47,1.9033793418653562,1210,True,34bbee35-39af-49b9-ab65-c313c776cd74,Eastbound,2025-11-18 13:54:33.515657,280.0,332.0,124.0,105.0
4873,4,CAM001,45,1.7322138078199936,1210,True,34bbee35-39af-49b9-ab65-c313c776cd74,Eastbound,2025-11-18 13:54:33.512623,400.0,328.0,71.0,91.0
4872,7,CAM001,43,1.71560494145981,1210,True,34bbee35-39af-49b9-ab65-c313c776cd74,Eastbound,2025-11-18 13:54:33.510662,648.0,259.0,108.0,221.0
4871,8,CAM001,32,1.9746451393858389,1210,True,34bbee35-39af-49b9-ab65-c313c776cd74,Eastbound,2025-11-18 13:54:33.506222,170.0,330.0,129.0,112.0
4870,4,CAM002,74,1.732742484560138,1160,True,3778898b-349e-4f75-8ea8-ae7872429588,Westbound,2025-11-18 13:54:25.319284,348.0,388.0,127.0,152.0
4869,7,CAM002,71,1.7826324111668495,1160,True,3778898b-349e-4f75-8ea8-ae7872429588,Westbound,2025-11-18 13:54:25.316314,556.0,352.0,97.0,150.0
4868,3,CAM002,57,1.822390677799094,1160,True,3778898b-349e-4f75-8ea8-ae7872429588,Westbound,2025-11-18 13:54:25.313385,247.0,366.0,145.0,132.0
4867,5,CAM002,55,2.0240732365490097,1160,True,3778898b-349e-4f75-8ea8-ae7872429588,Westbound,2025-11-18 13:54:25.310440,0.0,0.0,220.0,534.0
4866,2,CAM002,38,2.0206014826753815,1160,True,3778898b-349e-4f75-8ea8-ae7872429588,Westbound,2025-11-18 13:54:25.290528,442.0,371.0,153.0,169.0
4865,4,CAM001,45,1.7025380109749584,1205,True,34bbee35-39af-49b9-ab65-c313c776cd74,Eastbound,2025-11-18 13:54:24.146090,401.0,328.0,69.0,91.0
4864,7,CAM001,43,1.6987981655003612,1205,True,34bbee35-39af-49b9-ab65-c313c776cd74,Eastbound,2025-11-18 13:54:24.142140,650.0,258.0,108.0,222.0
4863,8,CAM001,32,2.0201288657733403,1205,True,34bbee35-39af-49b9-ab65-c313c776cd74,Eastbound,2025-11-18 13:54:24.137691,180.0,330.0,127.0,112.0
4862,4,CAM002,74,1.7119753102812474,1155,True,3778898b-349e-4f75-8ea8-ae7872429588,Westbound,2025-11-18 13:54:15.784340,334.0,387.0,121.0,153.0
4861,7,CAM002,71,1.7443137975914524,1155,True,3778898b-349e-4f75-8ea8-ae7872429588,Westbound,2025-11-18 13:54:15.781194,557.0,352.0,97.0,150.0
4860,3,CAM002,57,1.7640706752454642,1155,True,3778898b-349e-4f75-8ea8-ae7872429588,Westbound,2025-11-18 13:54:15.777800,258.0,367.0,187.0,174.0
4859,5,CAM002,55,1.6146666791636297,1155,True,3778898b-349e-4f75-8ea8-ae7872429588,Westbound,2025-11-18 13:54:15.775726,0.0,0.0,218.0,533.0
4858,2,CAM002,38,1.8422640703809432,1155,True,3778898b-349e-4f75-8ea8-ae7872429588,Westbound,2025-11-18 13:54:15.770339,443.0,372.0,152.0,168.0
4857,4,CAM001,45,1.7384526704106085,1200,True,34bbee35-39af-49b9-ab65-c313c776cd74,Eastbound,2025-11-18 13:54:14.525988,402.0,328.0,67.0,92.0
4856,7,CAM001,43,1.690745925493494,1200,True,34bbee35-39af-49b9-ab65-c313c776cd74,Eastbound,2025-11-18 13:54:14.523058,663.0,280.0,97.0,200.0
4855,3,CAM001,35,1.7520821502247865,1200,True,34bbee35-39af-49b9-ab65-c313c776cd74,Eastbound,2025-11-18 13:54:14.520120,315.0,331.0,83.0,109.0
4854,8,CAM001,32,1.9849424200900763,1200,True,34bbee35-39af-49b9-ab65-c313c776cd74,Eastbound,2025-11-18 13:54:14.518135,181.0,329.0,127.0,114.0
4853,2,CAM001,2,1.820371974423281,1200,True,34bbee35-39af-49b9-ab65-c313c776cd74,Eastbound,2025-11-18 13:54:14.511305,472.0,342.0,78.0,128.0
4852,4,CAM002,74,1.6793397086444446,1150,True,3778898b-349e-4f75-8ea8-ae7872429588,Westbound,2025-11-18 13:54:07.986326,324.0,389.0,128.0,150.0
4851,7,CAM002,71,1.745555707984277,1150,True,3778898b-349e-4f75-8ea8-ae7872429588,Westbound,2025-11-18 13:54:07.983397,556.0,352.0,97.0,152.0
4850,3,CAM002,57,1.6059169229233126,1150,True,3778898b-349e-4f75-8ea8-ae7872429588,Westbound,2025-11-18 13:54:07.979918,259.0,368.0,179.0,174.0
4849,2,CAM002,38,1.8401213311979376,1150,True,3778898b-349e-4f75-8ea8-ae7872429588,Westbound,2025-11-18 13:54:07.976009,447.0,373.0,149.0,166.0
4848,4,CAM001,45,1.6908375841125076,1195,True,34bbee35-39af-49b9-ab65-c313c776cd74,Eastbound,2025-11-18 13:54:07.268047,403.0,329.0,65.0,94.0
4847,1,CAM001,44,1.9100815755289213,1195,True,34bbee35-39af-49b9-ab65-c313c776cd74,Eastbound,2025-11-18 13:54:07.265115,264.0,331.0,49.0,72.0
4846,7,CAM001,43,1.6439595928709785,1195,True,34bbee35-39af-49b9-ab65-c313c776cd74,Eastbound,2025-11-18 13:54:07.261983,673.0,300.0,93.0,180.0
4845,3,CAM001,35,1.2642126674129286,1195,True,34bbee35-39af-49b9-ab65-c313c776cd74,Eastbound,2025-11-18 13:54:07.258514,321.0,330.0,70.0,109.0
4844,8,CAM001,32,2.0320030786000056,1195,True,34bbee35-39af-49b9-ab65-c313c776cd74,Eastbound,2025-11-18 13:54:07.255586,179.0,329.0,131.0,115.0
4843,2,CAM001,2,1.8216618855836615,1195,True,34bbee35-39af-49b9-ab65-c313c776cd74,Eastbound,2025-11-18 13:54:07.244105,471.0,341.0,78.0,130.0
4842,7,CAM002,71,1.7884757096367965,1145,True,3778898b-349e-4f75-8ea8-ae7872429588,Westbound,2025-11-18 13:54:01.508939,555.0,352.0,98.0,152.0
4841,4,CAM002,57,1.7207191635161982,1145,True,3778898b-349e-4f75-8ea8-ae7872429588,Westbound,2025-11-18 13:54:01.506009,258.0,367.0,145.0,151.0
4840,2,CAM002,38,1.9008363089705054,1145,True,3778898b-349e-4f75-8ea8-ae7872429588,Westbound,2025-11-18 13:54:01.501108,450.0,373.0,146.0,166.0
4839,4,CAM001,45,1.7906878019785488,1190,True,34bbee35-39af-49b9-ab65-c313c776cd74,Eastbound,2025-11-18 13:54:01.069844,411.0,331.0,53.0,87.0
4838,1,CAM001,44,1.95387778109265,1190,True,34bbee35-39af-49b9-ab65-c313c776cd74,Eastbound,2025-11-18 13:54:01.066345,259.0,330.0,58.0,92.0
4837,7,CAM001,43,1.6408803461649741,1190,True,34bbee35-39af-49b9-ab65-c313c776cd74,Eastbound,2025-11-18 13:54:01.050864,650.0,267.0,116.0,213.0
4836,8,CAM001,32,1.7905197995988107,1190,True,34bbee35-39af-49b9-ab65-c313c776cd74,Eastbound,2025-11-18 13:54:01.046294,178.0,328.0,134.0,115.0
4835,2,CAM001,2,1.726497041117715,1190,True,34bbee35-39af-49b9-ab65-c313c776cd74,Eastbound,2025-11-18 13:54:01.042225,470.0,341.0,79.0,130.0
4834,4,CAM002,74,1.7726708362691852,1140,True,3778898b-349e-4f75-8ea8-ae7872429588,Westbound,2025-11-18 13:53:53.409679,333.0,390.0,127.0,144.0
4833,7,CAM002,71,1.758999790277784,1140,True,3778898b-349e-4f75-8ea8-ae7872429588,Westbound,2025-11-18 13:53:53.385256,552.0,354.0,96.0,150.0
4832,8,CAM002,57,1.8767936015238382,1140,True,3778898b-349e-4f75-8ea8-ae7872429588,Westbound,2025-11-18 13:53:53.381349,251.0,366.0,103.0,110.0
4831,5,CAM002,55,2.021745847345848,1140,True,3778898b-349e-4f75-8ea8-ae7872429588,Westbound,2025-11-18 13:53:53.378197,0.0,0.0,227.0,531.0
4830,2,CAM002,38,1.871670161969121,1140,True,3778898b-349e-4f75-8ea8-ae7872429588,Westbound,2025-11-18 13:53:53.373662,450.0,372.0,144.0,167.0
4829,4,CAM001,45,1.7108401510553632,1185,True,34bbee35-39af-49b9-ab65-c313c776cd74,Eastbound,2025-11-18 13:53:52.304526,413.0,332.0,49.0,88.0
4828,1,CAM001,44,2.004533066282216,1185,True,34bbee35-39af-49b9-ab65-c313c776cd74,Eastbound,2025-11-18 13:53:52.302572,256.0,330.0,62.0,94.0
4827,7,CAM001,43,1.7037816841183813,1185,True,34bbee35-39af-49b9-ab65-c313c776cd74,Eastbound,2025-11-18 13:53:52.299628,650.0,274.0,116.0,206.0
4826,3,CAM001,42,1.998985339093736,1185,True,34bbee35-39af-49b9-ab65-c313c776cd74,Eastbound,2025-11-18 13:53:52.295641,148.0,350.0,51.0,73.0
4825,8,CAM001,32,1.832981701950228,1185,True,34bbee35-39af-49b9-ab65-c313c776cd74,Eastbound,2025-11-18 13:53:52.288746,175.0,327.0,139.0,115.0
4824,2,CAM001,2,1.8319457672056412,1185,True,34bbee35-39af-49b9-ab65-c313c776cd74,Eastbound,2025-11-18 13:53:52.248532,473.0,342.0,77.0,128.0
4823,4,CAM002,74,1.7882167514161473,1135,True,3778898b-349e-4f75-8ea8-ae7872429588,Westbound,2025-11-18 13:53:43.420800,334.0,389.0,124.0,146.0
4822,7,CAM002,71,1.638605878618859,1135,True,3778898b-349e-4f75-8ea8-ae7872429588,Westbound,2025-11-18 13:53:43.417802,550.0,359.0,103.0,148.0
4821,8,CAM002,57,1.8504121742060164,1135,True,3778898b-349e-4f75-8ea8-ae7872429588,Westbound,2025-11-18 13:53:43.414825,250.0,366.0,103.0,110.0
4820,5,CAM002,55,2.033240476876924,1135,True,3778898b-349e-4f75-8ea8-ae7872429588,Westbound,2025-11-18 13:53:43.411856,3.0,0.0,223.0,526.0
4819,2,CAM002,38,1.8454874453572607,1135,True,3778898b-349e-4f75-8ea8-ae7872429588,Westbound,2025-11-18 13:53:43.408347,451.0,371.0,140.0,168.0
4818,4,CAM001,45,1.487130717809957,1180,True,34bbee35-39af-49b9-ab65-c313c776cd74,Eastbound,2025-11-18 13:53:42.337585,424.0,333.0,40.0,89.0
4817,1,CAM001,44,1.9814347011838498,1180,True,34bbee35-39af-49b9-ab65-c313c776cd74,Eastbound,2025-11-18 13:53:42.334653,257.0,328.0,66.0,97.0
4816,7,CAM001,43,1.9621182620716309,1180,True,34bbee35-39af-49b9-ab65-c313c776cd74,Eastbound,2025-11-18 13:53:42.331727,651.0,277.0,114.0,203.0
4815,3,CAM001,42,1.525606369398132,1180,True,34bbee35-39af-49b9-ab65-c313c776cd74,Eastbound,2025-11-18 13:53:42.328654,147.0,349.0,53.0,73.0
4814,8,CAM001,32,1.7813509540006198,1180,True,34bbee35-39af-49b9-ab65-c313c776cd74,Eastbound,2025-11-18 13:53:42.325651,166.0,327.0,145.0,114.0
4813,2,CAM001,2,1.7993174794045894,1180,True,34bbee35-39af-49b9-ab65-c313c776cd74,Eastbound,2025-11-18 13:53:42.306638,472.0,342.0,77.0,129.0
4812,4,CAM002,74,2.0132320941660335,1130,True,3778898b-349e-4f75-8ea8-ae7872429588,Westbound,2025-11-18 13:53:34.898669,334.0,388.0,120.0,147.0
4811,8,CAM002,57,1.8602926424232402,1130,True,3778898b-349e-4f75-8ea8-ae7872429588,Westbound,2025-11-18 13:53:34.894718,251.0,366.0,101.0,109.0
4810,5,CAM002,55,2.001792223105768,1130,True,3778898b-349e-4f75-8ea8-ae7872429588,Westbound,2025-11-18 13:53:34.891784,2.0,0.0,221.0,529.0
4809,2,CAM002,38,1.8556023096416925,1130,True,3778898b-349e-4f75-8ea8-ae7872429588,Westbound,2025-11-18 13:53:34.887316,456.0,371.0,132.0,168.0
4808,1,CAM001,44,2.0091287994458766,1175,True,34bbee35-39af-49b9-ab65-c313c776cd74,Eastbound,2025-11-18 13:53:33.849736,258.0,327.0,67.0,97.0
4807,7,CAM001,43,2.0190245871435315,1175,True,34bbee35-39af-49b9-ab65-c313c776cd74,Eastbound,2025-11-18 13:53:33.847254,651.0,278.0,113.0,202.0
4806,8,CAM001,32,1.7732878934885872,1175,True,34bbee35-39af-49b9-ab65-c313c776cd74,Eastbound,2025-11-18 13:53:33.843348,160.0,329.0,136.0,112.0
4805,2,CAM001,2,1.7722058855321832,1175,True,34bbee35-39af-49b9-ab65-c313c776cd74,Eastbound,2025-11-18 13:53:33.839389,469.0,342.0,78.0,130.0
4804,4,CAM002,74,1.8092300056889112,1125,True,3778898b-349e-4f75-8ea8-ae7872429588,Westbound,2025-11-18 13:53:25.807234,334.0,388.0,116.0,147.0
4803,8,CAM002,57,1.8678174929834181,1125,True,3778898b-349e-4f75-8ea8-ae7872429588,Westbound,2025-11-18 13:53:25.804294,251.0,366.0,101.0,109.0
4802,5,CAM002,55,1.9950916945700126,1125,True,3778898b-349e-4f75-8ea8-ae7872429588,Westbound,2025-11-18 13:53:25.801252,0.0,0.0,222.0,532.0
4801,2,CAM002,38,1.8754503699581744,1125,True,3778898b-349e-4f75-8ea8-ae7872429588,Westbound,2025-11-18 13:53:25.799254,459.0,370.0,118.0,166.0
4800,1,CAM001,44,1.9835193567606753,1170,True,34bbee35-39af-49b9-ab65-c313c776cd74,Eastbound,2025-11-18 13:53:24.829258,257.0,328.0,67.0,95.0
4799,7,CAM001,43,1.9829514676278197,1170,True,34bbee35-39af-49b9-ab65-c313c776cd74,Eastbound,2025-11-18 13:53:24.826215,647.0,272.0,116.0,208.0
4798,3,CAM001,42,2.0254826654606353,1170,True,34bbee35-39af-49b9-ab65-c313c776cd74,Eastbound,2025-11-18 13:53:24.823285,147.0,348.0,52.0,72.0
4797,4,CAM001,35,1.7742694160885846,1170,True,34bbee35-39af-49b9-ab65-c313c776cd74,Eastbound,2025-11-18 13:53:24.820343,311.0,324.0,63.0,111.0
4796,8,CAM001,32,1.789813683384901,1170,True,34bbee35-39af-49b9-ab65-c313c776cd74,Eastbound,2025-11-18 13:53:24.817849,173.0,329.0,123.0,113.0
4795,2,CAM001,2,1.7284051674946048,1170,True,34bbee35-39af-49b9-ab65-c313c776cd74,Eastbound,2025-11-18 13:53:24.805327,464.0,341.0,81.0,130.0
4794,4,CAM002,74,1.8029083280399274,1120,True,3778898b-349e-4f75-8ea8-ae7872429588,Westbound,2025-11-18 13:53:16.761918,335.0,389.0,111.0,147.0
4793,8,CAM002,57,1.8697064536471675,1120,True,3778898b-349e-4f75-8ea8-ae7872429588,Westbound,2025-11-18 13:53:16.759539,252.0,367.0,99.0,108.0
4792,5,CAM002,55,2.0020539803071347,1120,True,3778898b-349e-4f75-8ea8-ae7872429588,Westbound,2025-11-18 13:53:16.758363,3.0,0.0,217.0,529.0
4791,2,CAM002,38,2.0207973879531806,1120,True,3778898b-349e-4f75-8ea8-ae7872429588,Westbound,2025-11-18 13:53:16.751365,451.0,368.0,113.0,166.0
4790,1,CAM001,44,2.017918852414943,1165,True,34bbee35-39af-49b9-ab65-c313c776cd74,Eastbound,2025-11-18 13:53:15.798141,260.0,330.0,66.0,94.0
4789,7,CAM001,43,1.9894289837335277,1165,True,34bbee35-39af-49b9-ab65-c313c776cd74,Eastbound,2025-11-18 13:53:15.795211,638.0,263.0,122.0,217.0
4788,3,CAM001,42,1.9580971535483693,1165,True,34bbee35-39af-49b9-ab65-c313c776cd74,Eastbound,2025-11-18 13:53:15.792245,146.0,349.0,54.0,70.0
4787,4,CAM001,35,1.6013114813717473,1165,True,34bbee35-39af-49b9-ab65-c313c776cd74,Eastbound,2025-11-18 13:53:15.789263,312.0,323.0,64.0,112.0
4786,8,CAM001,32,1.6620679142807533,1165,True,34bbee35-39af-49b9-ab65-c313c776cd74,Eastbound,2025-11-18 13:53:15.785839,186.0,328.0,118.0,115.0
4785,4,CAM002,74,1.5876364103964649,1115,True,3778898b-349e-4f75-8ea8-ae7872429588,Westbound,2025-11-18 13:53:09.694452,333.0,390.0,108.0,147.0
4784,8,CAM002,57,1.8421150088113518,1115,True,3778898b-349e-4f75-8ea8-ae7872429588,Westbound,2025-11-18 13:53:09.691513,252.0,368.0,98.0,108.0
4783,2,CAM002,38,1.8095929517590272,1115,True,3778898b-349e-4f75-8ea8-ae7872429588,Westbound,2025-11-18 13:53:09.688259,451.0,369.0,111.0,166.0
4782,4,CAM001,44,1.6806779801447818,1160,True,34bbee35-39af-49b9-ab65-c313c776cd74,Eastbound,2025-11-18 13:53:09.149706,262.0,331.0,64.0,93.0
4781,7,CAM001,43,1.919214052491952,1160,True,34bbee35-39af-49b9-ab65-c313c776cd74,Eastbound,2025-11-18 13:53:09.146225,637.0,276.0,118.0,204.0
4780,3,CAM001,42,1.9726241327876497,1160,True,34bbee35-39af-49b9-ab65-c313c776cd74,Eastbound,2025-11-18 13:53:09.142319,147.0,349.0,53.0,70.0
4779,5,CAM001,37,1.9551604989832512,1160,True,34bbee35-39af-49b9-ab65-c313c776cd74,Eastbound,2025-11-18 13:53:09.137837,249.0,301.0,58.0,64.0
4778,8,CAM001,35,2.0027184641780593,1160,True,34bbee35-39af-49b9-ab65-c313c776cd74,Eastbound,2025-11-18 13:53:09.130994,314.0,322.0,63.0,113.0
4777,1,CAM001,32,1.9261659645081615,1160,True,34bbee35-39af-49b9-ab65-c313c776cd74,Eastbound,2025-11-18 13:53:09.124120,188.0,328.0,115.0,115.0
4776,2,CAM001,2,1.7470329699653944,1160,True,34bbee35-39af-49b9-ab65-c313c776cd74,Eastbound,2025-11-18 13:53:09.117138,449.0,336.0,85.0,134.0
4775,8,CAM002,57,1.921816998364304,1110,True,3778898b-349e-4f75-8ea8-ae7872429588,Westbound,2025-11-18 13:53:02.607256,250.0,368.0,100.0,110.0
4774,2,CAM002,38,1.8563491491022241,1110,True,3778898b-349e-4f75-8ea8-ae7872429588,Westbound,2025-11-18 13:53:02.604360,445.0,374.0,105.0,162.0
4773,9,CAM001,45,1.8746346727292134,1155,True,34bbee35-39af-49b9-ab65-c313c776cd74,Eastbound,2025-11-18 13:53:02.157913,620.0,341.0,55.0,139.0
4772,4,CAM001,44,2.0001150236499234,1155,True,34bbee35-39af-49b9-ab65-c313c776cd74,Eastbound,2025-11-18 13:53:02.154941,264.0,332.0,59.0,91.0
4771,7,CAM001,43,2.0084368550938034,1155,True,34bbee35-39af-49b9-ab65-c313c776cd74,Eastbound,2025-11-18 13:53:02.152009,645.0,297.0,103.0,183.0
4770,3,CAM001,42,1.7061073171821264,1155,True,34bbee35-39af-49b9-ab65-c313c776cd74,Eastbound,2025-11-18 13:53:02.149071,148.0,349.0,54.0,69.0
4769,5,CAM001,37,2.0016918674275352,1155,True,34bbee35-39af-49b9-ab65-c313c776cd74,Eastbound,2025-11-18 13:53:02.145602,255.0,301.0,51.0,65.0
4768,8,CAM001,35,1.8616283230120867,1155,True,34bbee35-39af-49b9-ab65-c313c776cd74,Eastbound,2025-11-18 13:53:02.142139,311.0,323.0,60.0,110.0
4767,1,CAM001,32,1.9533193406540728,1155,True,34bbee35-39af-49b9-ab65-c313c776cd74,Eastbound,2025-11-18 13:53:02.139198,182.0,330.0,112.0,115.0
4766,2,CAM001,2,1.8427948988977898,1155,True,34bbee35-39af-49b9-ab65-c313c776cd74,Eastbound,2025-11-18 13:53:02.135250,447.0,336.0,86.0,135.0
4765,8,CAM002,57,1.6693838349786654,1105,True,3778898b-349e-4f75-8ea8-ae7872429588,Westbound,2025-11-18 13:52:54.409006,250.0,367.0,100.0,110.0
4764,2,CAM002,38,1.4878694929849503,1105,True,3778898b-349e-4f75-8ea8-ae7872429588,Westbound,2025-11-18 13:52:54.406610,443.0,378.0,98.0,158.0
4763,4,CAM001,44,1.9935532810826055,1150,True,34bbee35-39af-49b9-ab65-c313c776cd74,Eastbound,2025-11-18 13:52:53.912636,263.0,333.0,56.0,88.0
4762,7,CAM001,43,1.971494448142342,1150,True,34bbee35-39af-49b9-ab65-c313c776cd74,Eastbound,2025-11-18 13:52:53.909677,642.0,291.0,105.0,189.0
4761,3,CAM001,42,1.966835263369469,1150,True,34bbee35-39af-49b9-ab65-c313c776cd74,Eastbound,2025-11-18 13:52:53.906705,151.0,350.0,51.0,67.0
4760,5,CAM001,37,1.664379619083003,1150,True,34bbee35-39af-49b9-ab65-c313c776cd74,Eastbound,2025-11-18 13:52:53.904712,260.0,301.0,46.0,66.0
4759,8,CAM001,35,1.9669548763753641,1150,True,34bbee35-39af-49b9-ab65-c313c776cd74,Eastbound,2025-11-18 13:52:53.902760,307.0,321.0,58.0,111.0
4758,1,CAM001,32,1.9495708392686744,1150,True,34bbee35-39af-49b9-ab65-c313c776cd74,Eastbound,2025-11-18 13:52:53.899829,173.0,331.0,120.0,115.0
4757,2,CAM001,2,1.9822736587649838,1150,True,34bbee35-39af-49b9-ab65-c313c776cd74,Eastbound,2025-11-18 13:52:53.895375,448.0,338.0,83.0,134.0
4756,5,CAM002,65,1.9956742885734682,1100,True,3778898b-349e-4f75-8ea8-ae7872429588,Westbound,2025-11-18 13:52:49.286454,438.0,391.0,46.0,65.0
4755,4,CAM001,44,1.9606929471867194,1145,True,34bbee35-39af-49b9-ab65-c313c776cd74,Eastbound,2025-11-18 13:52:49.051710,263.0,332.0,56.0,89.0
4754,7,CAM001,43,1.9723139624054233,1145,True,34bbee35-39af-49b9-ab65-c313c776cd74,Eastbound,2025-11-18 13:52:49.049755,639.0,285.0,103.0,195.0
4753,3,CAM001,42,2.0091502396591996,1145,True,34bbee35-39af-49b9-ab65-c313c776cd74,Eastbound,2025-11-18 13:52:49.047234,150.0,351.0,49.0,66.0
4752,8,CAM001,35,2.019909851667813,1145,True,34bbee35-39af-49b9-ab65-c313c776cd74,Eastbound,2025-11-18 13:52:49.043732,307.0,315.0,62.0,119.0
4751,1,CAM001,32,2.0174544406211865,1145,True,34bbee35-39af-49b9-ab65-c313c776cd74,Eastbound,2025-11-18 13:52:49.041778,182.0,327.0,125.0,117.0
4750,2,CAM001,2,2.0041218245753476,1145,True,34bbee35-39af-49b9-ab65-c313c776cd74,Eastbound,2025-11-18 13:52:49.037755,452.0,340.0,80.0,130.0
4749,5,CAM002,65,1.5958443206541981,1095,True,3778898b-349e-4f75-8ea8-ae7872429588,Westbound,2025-11-18 13:52:43.621737,430.0,390.0,52.0,72.0
4748,8,CAM002,57,1.9150949091900933,1095,True,3778898b-349e-4f75-8ea8-ae7872429588,Westbound,2025-11-18 13:52:43.619787,252.0,365.0,101.0,111.0
4747,7,CAM002,38,1.7761377291405693,1095,True,3778898b-349e-4f75-8ea8-ae7872429588,Westbound,2025-11-18 13:52:43.617270,556.0,364.0,104.0,171.0
4746,4,CAM001,44,1.9868784507968882,1140,True,34bbee35-39af-49b9-ab65-c313c776cd74,Eastbound,2025-11-18 13:52:43.184660,260.0,329.0,56.0,91.0
4745,7,CAM001,43,1.7516802890247347,1140,True,34bbee35-39af-49b9-ab65-c313c776cd74,Eastbound,2025-11-18 13:52:43.168837,635.0,277.0,105.0,203.0
4744,3,CAM001,42,2.003589640589696,1140,True,34bbee35-39af-49b9-ab65-c313c776cd74,Eastbound,2025-11-18 13:52:43.165315,150.0,350.0,50.0,66.0
4743,8,CAM001,35,1.9148847422665491,1140,True,34bbee35-39af-49b9-ab65-c313c776cd74,Eastbound,2025-11-18 13:52:43.163362,306.0,315.0,64.0,119.0
4742,1,CAM001,32,1.9900635392712536,1140,True,34bbee35-39af-49b9-ab65-c313c776cd74,Eastbound,2025-11-18 13:52:43.160432,183.0,327.0,124.0,116.0
4741,2,CAM001,2,1.9672117643010232,1140,True,34bbee35-39af-49b9-ab65-c313c776cd74,Eastbound,2025-11-18 13:52:43.144618,454.0,340.0,80.0,130.0
4740,8,CAM002,57,1.9260088568666185,1090,True,3778898b-349e-4f75-8ea8-ae7872429588,Westbound,2025-11-18 13:52:35.635456,253.0,365.0,100.0,111.0
4739,5,CAM002,55,2.021909532465905,1090,True,3778898b-349e-4f75-8ea8-ae7872429588,Westbound,2025-11-18 13:52:35.632527,3.0,0.0,223.0,531.0
4738,7,CAM002,38,1.7409339720791233,1090,True,3778898b-349e-4f75-8ea8-ae7872429588,Westbound,2025-11-18 13:52:35.629558,556.0,359.0,103.0,163.0
4737,4,CAM001,44,1.9464539641557608,1135,True,34bbee35-39af-49b9-ab65-c313c776cd74,Eastbound,2025-11-18 13:52:34.692255,258.0,329.0,54.0,89.0
4736,7,CAM001,43,1.7059638810052884,1135,True,34bbee35-39af-49b9-ab65-c313c776cd74,Eastbound,2025-11-18 13:52:34.690295,626.0,270.0,109.0,210.0
4735,3,CAM001,42,2.01149720735272,1135,True,34bbee35-39af-49b9-ab65-c313c776cd74,Eastbound,2025-11-18 13:52:34.688335,151.0,350.0,50.0,68.0
4734,8,CAM001,35,1.9151395907073978,1135,True,34bbee35-39af-49b9-ab65-c313c776cd74,Eastbound,2025-11-18 13:52:34.684340,303.0,315.0,68.0,118.0
4733,1,CAM001,32,1.987313153477538,1135,True,34bbee35-39af-49b9-ab65-c313c776cd74,Eastbound,2025-11-18 13:52:34.681409,184.0,327.0,121.0,116.0
4732,2,CAM001,2,1.9771625431586939,1135,True,34bbee35-39af-49b9-ab65-c313c776cd74,Eastbound,2025-11-18 13:52:34.652358,452.0,338.0,83.0,133.0
4731,4,CAM002,65,1.763264421193416,1085,True,3778898b-349e-4f75-8ea8-ae7872429588,Westbound,2025-11-18 13:52:26.370541,328.0,389.0,112.0,151.0
4730,8,CAM002,57,1.9150218901706406,1085,True,3778898b-349e-4f75-8ea8-ae7872429588,Westbound,2025-11-18 13:52:26.367066,256.0,366.0,94.0,111.0
4729,5,CAM002,55,1.7310210475169376,1085,True,3778898b-349e-4f75-8ea8-ae7872429588,Westbound,2025-11-18 13:52:26.364129,2.0,0.0,219.0,529.0
4728,7,CAM002,38,1.7537900996761462,1085,True,3778898b-349e-4f75-8ea8-ae7872429588,Westbound,2025-11-18 13:52:26.357671,559.0,353.0,98.0,151.0
4727,4,CAM001,44,1.7042443465031576,1130,True,34bbee35-39af-49b9-ab65-c313c776cd74,Eastbound,2025-11-18 13:52:25.215643,261.0,329.0,48.0,88.0
4726,7,CAM001,43,1.7366185621607637,1130,True,34bbee35-39af-49b9-ab65-c313c776cd74,Eastbound,2025-11-18 13:52:25.208475,614.0,259.0,122.0,221.0
4725,3,CAM001,42,2.0036686248564224,1130,True,34bbee35-39af-49b9-ab65-c313c776cd74,Eastbound,2025-11-18 13:52:25.205514,151.0,351.0,49.0,68.0
4724,5,CAM001,37,1.6811640817054203,1130,True,34bbee35-39af-49b9-ab65-c313c776cd74,Eastbound,2025-11-18 13:52:25.202585,268.0,302.0,45.0,70.0
4723,8,CAM001,35,1.9088562025716809,1130,True,34bbee35-39af-49b9-ab65-c313c776cd74,Eastbound,2025-11-18 13:52:25.198630,304.0,318.0,69.0,114.0
4722,1,CAM001,32,2.0002167022974557,1130,True,34bbee35-39af-49b9-ab65-c313c776cd74,Eastbound,2025-11-18 13:52:25.195166,185.0,327.0,120.0,116.0
4721,2,CAM001,2,2.008923294595661,1130,True,34bbee35-39af-49b9-ab65-c313c776cd74,Eastbound,2025-11-18 13:52:25.191251,445.0,335.0,87.0,137.0
4720,4,CAM002,65,1.579400363956696,1080,True,3778898b-349e-4f75-8ea8-ae7872429588,Westbound,2025-11-18 13:52:18.376055,327.0,390.0,114.0,150.0
4719,1,CAM002,57,1.7176196698038642,1080,True,3778898b-349e-4f75-8ea8-ae7872429588,Westbound,2025-11-18 13:52:18.373125,260.0,368.0,83.0,109.0
4718,7,CAM002,38,1.7057432281263512,1080,True,3778898b-349e-4f75-8ea8-ae7872429588,Westbound,2025-11-18 13:52:18.371173,558.0,353.0,101.0,151.0
4717,2,CAM002,31,1.7086682048342583,1080,True,3778898b-349e-4f75-8ea8-ae7872429588,Westbound,2025-11-18 13:52:18.367212,476.0,372.0,137.0,167.0
4716,4,CAM001,44,2.0048802941472452,1125,True,34bbee35-39af-49b9-ab65-c313c776cd74,Eastbound,2025-11-18 13:52:17.668357,270.0,330.0,50.0,94.0
4715,7,CAM001,43,1.7272966736955195,1125,True,34bbee35-39af-49b9-ab65-c313c776cd74,Eastbound,2025-11-18 13:52:17.665397,611.0,255.0,126.0,225.0
4714,3,CAM001,42,2.01340354766195,1125,True,34bbee35-39af-49b9-ab65-c313c776cd74,Eastbound,2025-11-18 13:52:17.641797,150.0,351.0,49.0,67.0
4713,5,CAM001,37,1.354000569579138,1125,True,34bbee35-39af-49b9-ab65-c313c776cd74,Eastbound,2025-11-18 13:52:17.639314,264.0,304.0,53.0,69.0
4712,8,CAM001,35,1.9958804583452805,1125,True,34bbee35-39af-49b9-ab65-c313c776cd74,Eastbound,2025-11-18 13:52:17.623089,305.0,322.0,69.0,111.0
4711,1,CAM001,32,2.020371756527655,1125,True,34bbee35-39af-49b9-ab65-c313c776cd74,Eastbound,2025-11-18 13:52:17.620071,188.0,328.0,115.0,115.0
4710,2,CAM001,2,1.8159804042733219,1125,True,34bbee35-39af-49b9-ab65-c313c776cd74,Eastbound,2025-11-18 13:52:17.616606,445.0,336.0,85.0,137.0
4709,7,CAM002,38,1.7447451150195226,1075,True,3778898b-349e-4f75-8ea8-ae7872429588,Westbound,2025-11-18 13:52:11.760186,551.0,354.0,105.0,152.0
4708,2,CAM002,31,1.7239648636670366,1075,True,3778898b-349e-4f75-8ea8-ae7872429588,Westbound,2025-11-18 13:52:11.756675,460.0,371.0,151.0,168.0
4707,4,CAM001,44,1.9823055741282294,1120,True,34bbee35-39af-49b9-ab65-c313c776cd74,Eastbound,2025-11-18 13:52:11.368215,269.0,327.0,47.0,95.0
4706,7,CAM001,43,1.5929389247493417,1120,True,34bbee35-39af-49b9-ab65-c313c776cd74,Eastbound,2025-11-18 13:52:11.366099,608.0,245.0,127.0,235.0
4705,3,CAM001,42,1.2564421998295416,1120,True,34bbee35-39af-49b9-ab65-c313c776cd74,Eastbound,2025-11-18 13:52:11.363166,152.0,351.0,45.0,66.0
4704,8,CAM001,35,2.0002537403281737,1120,True,34bbee35-39af-49b9-ab65-c313c776cd74,Eastbound,2025-11-18 13:52:11.360245,303.0,328.0,70.0,107.0
4703,1,CAM001,32,1.943203193810882,1120,True,34bbee35-39af-49b9-ab65-c313c776cd74,Eastbound,2025-11-18 13:52:11.356703,187.0,320.0,116.0,124.0
4702,2,CAM001,2,1.7578046331965307,1120,True,34bbee35-39af-49b9-ab65-c313c776cd74,Eastbound,2025-11-18 13:52:11.351298,446.0,336.0,85.0,137.0
4701,1,CAM002,57,1.884097735330635,1070,True,3778898b-349e-4f75-8ea8-ae7872429588,Westbound,2025-11-18 13:52:06.036241,249.0,377.0,69.0,97.0
4700,7,CAM002,38,1.9750110725390098,1070,True,3778898b-349e-4f75-8ea8-ae7872429588,Westbound,2025-11-18 13:52:06.032296,551.0,355.0,101.0,152.0
4699,2,CAM002,31,1.8361200573361858,1070,True,3778898b-349e-4f75-8ea8-ae7872429588,Westbound,2025-11-18 13:52:06.026788,444.0,370.0,156.0,169.0
4698,8,CAM001,35,1.9481088680811982,1115,True,34bbee35-39af-49b9-ab65-c313c776cd74,Eastbound,2025-11-18 13:52:05.469192,295.0,331.0,77.0,105.0
4697,1,CAM001,32,1.7547542732644428,1115,True,34bbee35-39af-49b9-ab65-c313c776cd74,Eastbound,2025-11-18 13:52:05.466159,174.0,297.0,135.0,147.0
4696,2,CAM001,2,1.8122090203932422,1115,True,34bbee35-39af-49b9-ab65-c313c776cd74,Eastbound,2025-11-18 13:52:05.462238,448.0,335.0,85.0,138.0
4695,1,CAM002,57,1.6623621382147622,1065,True,3778898b-349e-4f75-8ea8-ae7872429588,Westbound,2025-11-18 13:51:57.815160,246.0,376.0,78.0,103.0
4694,5,CAM002,55,2.003773093122128,1065,True,3778898b-349e-4f75-8ea8-ae7872429588,Westbound,2025-11-18 13:51:57.812224,2.0,0.0,227.0,525.0
4693,7,CAM002,38,1.787803313132349,1065,True,3778898b-349e-4f75-8ea8-ae7872429588,Westbound,2025-11-18 13:51:57.809267,557.0,353.0,100.0,151.0
4692,2,CAM002,31,1.8892438270695113,1065,True,3778898b-349e-4f75-8ea8-ae7872429588,Westbound,2025-11-18 13:51:57.782152,443.0,371.0,156.0,168.0
4691,7,CAM001,43,1.723768421257666,1110,True,34bbee35-39af-49b9-ab65-c313c776cd74,Eastbound,2025-11-18 13:51:56.664686,607.0,244.0,114.0,236.0
4690,4,CAM001,42,1.980675832002466,1110,True,34bbee35-39af-49b9-ab65-c313c776cd74,Eastbound,2025-11-18 13:51:56.661756,150.0,351.0,45.0,67.0
4689,1,CAM001,35,1.979341140901341,1110,True,34bbee35-39af-49b9-ab65-c313c776cd74,Eastbound,2025-11-18 13:51:56.658830,291.0,336.0,75.0,98.0
4688,2,CAM001,2,1.796388294735711,1110,True,34bbee35-39af-49b9-ab65-c313c776cd74,Eastbound,2025-11-18 13:51:56.653860,448.0,334.0,85.0,138.0
4687,8,CAM002,65,1.9615565447413967,1060,True,3778898b-349e-4f75-8ea8-ae7872429588,Westbound,2025-11-18 13:51:48.638673,331.0,390.0,117.0,149.0
4686,5,CAM002,55,1.9986771541445252,1060,True,3778898b-349e-4f75-8ea8-ae7872429588,Westbound,2025-11-18 13:51:48.636183,3.0,0.0,224.0,527.0
4685,7,CAM002,38,1.833251866009155,1060,True,3778898b-349e-4f75-8ea8-ae7872429588,Westbound,2025-11-18 13:51:48.632713,557.0,353.0,99.0,150.0
4684,2,CAM002,31,1.8809463298715123,1060,True,3778898b-349e-4f75-8ea8-ae7872429588,Westbound,2025-11-18 13:51:48.615489,443.0,372.0,155.0,167.0
4683,7,CAM001,43,1.78634739923564,1105,True,34bbee35-39af-49b9-ab65-c313c776cd74,Eastbound,2025-11-18 13:51:47.500940,592.0,245.0,111.0,234.0
4682,4,CAM001,42,2.020152529483272,1105,True,34bbee35-39af-49b9-ab65-c313c776cd74,Eastbound,2025-11-18 13:51:47.494049,151.0,351.0,43.0,67.0
4681,1,CAM001,35,1.9828640660106267,1105,True,34bbee35-39af-49b9-ab65-c313c776cd74,Eastbound,2025-11-18 13:51:47.492067,289.0,335.0,71.0,99.0
4680,2,CAM001,2,1.7829644014532207,1105,True,34bbee35-39af-49b9-ab65-c313c776cd74,Eastbound,2025-11-18 13:51:47.471776,448.0,336.0,84.0,136.0
4679,8,CAM002,65,1.5197718954056745,1055,True,3778898b-349e-4f75-8ea8-ae7872429588,Westbound,2025-11-18 13:51:39.849842,324.0,390.0,133.0,148.0
4678,5,CAM002,55,1.9599422748531468,1055,True,3778898b-349e-4f75-8ea8-ae7872429588,Westbound,2025-11-18 13:51:39.846872,0.0,0.0,225.0,535.0
4677,7,CAM002,38,2.0270817323593397,1055,True,3778898b-349e-4f75-8ea8-ae7872429588,Westbound,2025-11-18 13:51:39.843401,558.0,355.0,97.0,148.0
4676,2,CAM002,31,1.7964146179066953,1055,True,3778898b-349e-4f75-8ea8-ae7872429588,Westbound,2025-11-18 13:51:39.839496,443.0,372.0,155.0,167.0
4675,4,CAM001,42,1.4947967087874892,1100,True,34bbee35-39af-49b9-ab65-c313c776cd74,Eastbound,2025-11-18 13:51:38.638932,156.0,350.0,36.0,69.0
4674,3,CAM001,37,1.9469153341829202,1100,True,34bbee35-39af-49b9-ab65-c313c776cd74,Eastbound,2025-11-18 13:51:38.635962,257.0,329.0,54.0,65.0
4673,8,CAM001,35,1.9528593541571186,1100,True,34bbee35-39af-49b9-ab65-c313c776cd74,Eastbound,2025-11-18 13:51:38.632490,295.0,334.0,66.0,101.0
4672,2,CAM001,2,1.7839585854593198,1100,True,34bbee35-39af-49b9-ab65-c313c776cd74,Eastbound,2025-11-18 13:51:38.629560,451.0,339.0,80.0,132.0
4671,4,CAM002,57,1.965793751319852,1050,True,3778898b-349e-4f75-8ea8-ae7872429588,Westbound,2025-11-18 13:51:32.350711,241.0,365.0,138.0,178.0
4670,5,CAM002,55,2.0157205234233104,1050,True,3778898b-349e-4f75-8ea8-ae7872429588,Westbound,2025-11-18 13:51:32.347829,0.0,0.0,226.0,533.0
4669,7,CAM002,38,1.9398127267164136,1050,True,3778898b-349e-4f75-8ea8-ae7872429588,Westbound,2025-11-18 13:51:32.344308,557.0,354.0,99.0,150.0
4668,2,CAM002,31,1.8774629580620608,1050,True,3778898b-349e-4f75-8ea8-ae7872429588,Westbound,2025-11-18 13:51:32.341417,443.0,374.0,153.0,164.0
4667,3,CAM001,37,1.8077920234213563,1095,True,34bbee35-39af-49b9-ab65-c313c776cd74,Eastbound,2025-11-18 13:51:31.150738,257.0,329.0,54.0,64.0
4666,8,CAM001,35,1.9767056159484717,1095,True,34bbee35-39af-49b9-ab65-c313c776cd74,Eastbound,2025-11-18 13:51:31.147790,301.0,333.0,67.0,103.0
4665,1,CAM001,32,1.992279080333277,1095,True,34bbee35-39af-49b9-ab65-c313c776cd74,Eastbound,2025-11-18 13:51:31.144799,184.0,330.0,122.0,113.0
4664,2,CAM001,2,1.800981653031572,1095,True,34bbee35-39af-49b9-ab65-c313c776cd74,Eastbound,2025-11-18 13:51:31.139893,453.0,339.0,78.0,132.0
4663,3,CAM002,65,2.026642811950297,1045,True,3778898b-349e-4f75-8ea8-ae7872429588,Westbound,2025-11-18 13:51:23.173576,330.0,390.0,136.0,144.0
4662,4,CAM002,57,1.7108332866617453,1045,True,3778898b-349e-4f75-8ea8-ae7872429588,Westbound,2025-11-18 13:51:23.170645,240.0,366.0,134.0,149.0
4661,5,CAM002,55,2.01268584336818,1045,True,3778898b-349e-4f75-8ea8-ae7872429588,Westbound,2025-11-18 13:51:23.168695,3.0,0.0,223.0,531.0
4660,7,CAM002,38,1.778259547467957,1045,True,3778898b-349e-4f75-8ea8-ae7872429588,Westbound,2025-11-18 13:51:23.166199,558.0,354.0,97.0,150.0
4659,2,CAM002,31,1.8867614909743042,1045,True,3778898b-349e-4f75-8ea8-ae7872429588,Westbound,2025-11-18 13:51:23.162252,443.0,373.0,153.0,165.0
4658,7,CAM001,43,1.7358591523978455,1090,True,34bbee35-39af-49b9-ab65-c313c776cd74,Eastbound,2025-11-18 13:51:21.805182,557.0,243.0,119.0,237.0
4657,8,CAM001,37,2.010879896055031,1090,True,34bbee35-39af-49b9-ab65-c313c776cd74,Eastbound,2025-11-18 13:51:21.803229,257.0,328.0,55.0,64.0
4656,4,CAM001,35,1.8937366789687773,1090,True,34bbee35-39af-49b9-ab65-c313c776cd74,Eastbound,2025-11-18 13:51:21.800299,296.0,332.0,71.0,103.0
4655,1,CAM001,32,2.0232028629933057,1090,True,34bbee35-39af-49b9-ab65-c313c776cd74,Eastbound,2025-11-18 13:51:21.797355,186.0,329.0,117.0,114.0
4654,2,CAM001,2,1.806135186778391,1090,True,34bbee35-39af-49b9-ab65-c313c776cd74,Eastbound,2025-11-18 13:51:21.794270,452.0,336.0,78.0,135.0
4653,3,CAM002,65,2.0151117784917485,1040,True,3778898b-349e-4f75-8ea8-ae7872429588,Westbound,2025-11-18 13:51:13.229253,330.0,389.0,136.0,144.0
4652,4,CAM002,57,1.9304346411303028,1040,True,3778898b-349e-4f75-8ea8-ae7872429588,Westbound,2025-11-18 13:51:13.227344,252.0,367.0,101.0,108.0
4651,5,CAM002,55,1.9956301414532245,1040,True,3778898b-349e-4f75-8ea8-ae7872429588,Westbound,2025-11-18 13:51:13.224804,1.0,0.0,222.0,533.0
4650,7,CAM002,38,2.0199343180006273,1040,True,3778898b-349e-4f75-8ea8-ae7872429588,Westbound,2025-11-18 13:51:13.221336,557.0,355.0,97.0,150.0
4649,2,CAM002,31,1.8844637076644952,1040,True,3778898b-349e-4f75-8ea8-ae7872429588,Westbound,2025-11-18 13:51:13.218397,442.0,373.0,155.0,166.0
4648,8,CAM001,37,2.003056581173293,1085,True,34bbee35-39af-49b9-ab65-c313c776cd74,Eastbound,2025-11-18 13:51:12.011405,256.0,328.0,58.0,65.0
4647,4,CAM001,35,1.8729157270263406,1085,True,34bbee35-39af-49b9-ab65-c313c776cd74,Eastbound,2025-11-18 13:51:12.008420,299.0,332.0,67.0,102.0
4646,1,CAM001,32,2.016078193181537,1085,True,34bbee35-39af-49b9-ab65-c313c776cd74,Eastbound,2025-11-18 13:51:12.004943,189.0,329.0,111.0,115.0
4645,2,CAM001,2,1.7671322579976594,1085,True,34bbee35-39af-49b9-ab65-c313c776cd74,Eastbound,2025-11-18 13:51:12.001039,456.0,337.0,75.0,133.0
4644,3,CAM002,65,1.7654754552682634,1035,True,3778898b-349e-4f75-8ea8-ae7872429588,Westbound,2025-11-18 13:51:03.401996,330.0,387.0,135.0,145.0
4643,4,CAM002,57,1.9321518397509876,1035,True,3778898b-349e-4f75-8ea8-ae7872429588,Westbound,2025-11-18 13:51:03.399060,252.0,367.0,101.0,109.0
4642,5,CAM002,55,2.0268549864571774,1035,True,3778898b-349e-4f75-8ea8-ae7872429588,Westbound,2025-11-18 13:51:03.379229,1.0,0.0,220.0,531.0
4641,7,CAM002,38,2.006066105188162,1035,True,3778898b-349e-4f75-8ea8-ae7872429588,Westbound,2025-11-18 13:51:03.358345,555.0,354.0,99.0,150.0
4640,2,CAM002,31,1.8841347512050712,1035,True,3778898b-349e-4f75-8ea8-ae7872429588,Westbound,2025-11-18 13:51:03.176495,443.0,373.0,154.0,166.0
4639,8,CAM001,42,2.0044656016315496,1080,True,34bbee35-39af-49b9-ab65-c313c776cd74,Eastbound,2025-11-18 13:51:02.075829,244.0,304.0,63.0,131.0
4638,3,CAM001,37,1.5086281057232906,1080,True,34bbee35-39af-49b9-ab65-c313c776cd74,Eastbound,2025-11-18 13:51:02.074849,254.0,328.0,63.0,67.0
4637,4,CAM001,35,1.881771611480007,1080,True,34bbee35-39af-49b9-ab65-c313c776cd74,Eastbound,2025-11-18 13:51:02.071884,301.0,331.0,70.0,104.0
4636,1,CAM001,32,1.9013094902645349,1080,True,34bbee35-39af-49b9-ab65-c313c776cd74,Eastbound,2025-11-18 13:51:02.056146,184.0,328.0,100.0,117.0
4635,2,CAM001,2,1.8119146319015154,1080,True,34bbee35-39af-49b9-ab65-c313c776cd74,Eastbound,2025-11-18 13:51:02.037383,458.0,339.0,75.0,131.0
4634,3,CAM002,65,1.9938590100654199,1030,True,3778898b-349e-4f75-8ea8-ae7872429588,Westbound,2025-11-18 13:50:53.943053,331.0,388.0,133.0,145.0
4633,4,CAM002,57,1.9342618365688937,1030,True,3778898b-349e-4f75-8ea8-ae7872429588,Westbound,2025-11-18 13:50:53.940124,252.0,367.0,101.0,108.0
4632,5,CAM002,55,2.024515439930303,1030,True,3778898b-349e-4f75-8ea8-ae7872429588,Westbound,2025-11-18 13:50:53.937178,3.0,0.0,218.0,531.0
4631,7,CAM002,38,2.0244839395016276,1030,True,3778898b-349e-4f75-8ea8-ae7872429588,Westbound,2025-11-18 13:50:53.934127,557.0,354.0,99.0,148.0
4630,2,CAM002,31,1.8813279874443807,1030,True,3778898b-349e-4f75-8ea8-ae7872429588,Westbound,2025-11-18 13:50:53.930220,442.0,373.0,155.0,166.0
4629,8,CAM001,42,1.9477339717229165,1075,True,34bbee35-39af-49b9-ab65-c313c776cd74,Eastbound,2025-11-18 13:50:52.759145,245.0,302.0,62.0,134.0
4628,4,CAM001,35,1.9118558336047933,1075,True,34bbee35-39af-49b9-ab65-c313c776cd74,Eastbound,2025-11-18 13:50:52.757183,295.0,324.0,75.0,109.0
4627,1,CAM001,32,1.9733007867557002,1075,True,34bbee35-39af-49b9-ab65-c313c776cd74,Eastbound,2025-11-18 13:50:52.754222,163.0,328.0,109.0,119.0
4626,2,CAM001,2,1.8056610421769572,1075,True,34bbee35-39af-49b9-ab65-c313c776cd74,Eastbound,2025-11-18 13:50:52.749262,457.0,340.0,76.0,131.0
4625,3,CAM002,65,1.7191161614467723,1025,True,3778898b-349e-4f75-8ea8-ae7872429588,Westbound,2025-11-18 13:50:44.169028,330.0,389.0,132.0,145.0
4624,4,CAM002,57,1.920149198829361,1025,True,3778898b-349e-4f75-8ea8-ae7872429588,Westbound,2025-11-18 13:50:44.166043,251.0,366.0,100.0,109.0
4623,5,CAM002,55,1.8040703044370963,1025,True,3778898b-349e-4f75-8ea8-ae7872429588,Westbound,2025-11-18 13:50:44.164061,5.0,0.0,214.0,532.0
4622,7,CAM002,38,2.024094492863817,1025,True,3778898b-349e-4f75-8ea8-ae7872429588,Westbound,2025-11-18 13:50:44.161131,557.0,354.0,98.0,148.0
4621,2,CAM002,31,1.8718000689297982,1025,True,3778898b-349e-4f75-8ea8-ae7872429588,Westbound,2025-11-18 13:50:44.157216,442.0,372.0,155.0,166.0
4620,5,CAM001,42,1.667814751569466,1070,True,34bbee35-39af-49b9-ab65-c313c776cd74,Eastbound,2025-11-18 13:50:43.038028,245.0,301.0,63.0,135.0
4619,8,CAM001,38,2.0189319484636976,1070,True,34bbee35-39af-49b9-ab65-c313c776cd74,Eastbound,2025-11-18 13:50:43.025963,148.0,349.0,49.0,70.0
4618,3,CAM001,37,1.6765078512367002,1070,True,34bbee35-39af-49b9-ab65-c313c776cd74,Eastbound,2025-11-18 13:50:43.008681,252.0,326.0,66.0,69.0
4617,4,CAM001,35,1.8704135339625811,1070,True,34bbee35-39af-49b9-ab65-c313c776cd74,Eastbound,2025-11-18 13:50:43.003684,300.0,327.0,73.0,106.0
4616,1,CAM001,32,1.9621048540377517,1070,True,34bbee35-39af-49b9-ab65-c313c776cd74,Eastbound,2025-11-18 13:50:42.999887,167.0,331.0,124.0,116.0
4615,2,CAM001,2,1.8022956913084756,1070,True,34bbee35-39af-49b9-ab65-c313c776cd74,Eastbound,2025-11-18 13:50:42.997180,456.0,342.0,76.0,129.0
4614,3,CAM002,65,2.0257883538453814,1020,True,3778898b-349e-4f75-8ea8-ae7872429588,Westbound,2025-11-18 13:50:34.620540,330.0,389.0,131.0,145.0
4613,4,CAM002,57,1.9147120447217063,1020,True,3778898b-349e-4f75-8ea8-ae7872429588,Westbound,2025-11-18 13:50:34.617582,249.0,366.0,103.0,110.0
4612,5,CAM002,55,1.6860851172155007,1020,True,3778898b-349e-4f75-8ea8-ae7872429588,Westbound,2025-11-18 13:50:34.615095,2.0,0.0,208.0,533.0
4611,7,CAM002,38,2.0354938212503653,1020,True,3778898b-349e-4f75-8ea8-ae7872429588,Westbound,2025-11-18 13:50:34.612650,557.0,353.0,98.0,149.0
4610,2,CAM002,31,1.8675566737933151,1020,True,3778898b-349e-4f75-8ea8-ae7872429588,Westbound,2025-11-18 13:50:34.583750,443.0,372.0,153.0,165.0
4609,8,CAM001,38,2.008593590269701,1065,True,34bbee35-39af-49b9-ab65-c313c776cd74,Eastbound,2025-11-18 13:50:33.501017,148.0,349.0,49.0,70.0
4608,5,CAM001,37,1.997388833250289,1065,True,34bbee35-39af-49b9-ab65-c313c776cd74,Eastbound,2025-11-18 13:50:33.485128,252.0,326.0,66.0,68.0
4607,4,CAM001,35,1.826511252598063,1065,True,34bbee35-39af-49b9-ab65-c313c776cd74,Eastbound,2025-11-18 13:50:33.482195,303.0,332.0,74.0,102.0
4606,1,CAM001,32,2.0299636952141373,1065,True,34bbee35-39af-49b9-ab65-c313c776cd74,Eastbound,2025-11-18 13:50:33.478243,183.0,330.0,126.0,114.0
4605,2,CAM001,2,1.7706943857921307,1065,True,34bbee35-39af-49b9-ab65-c313c776cd74,Eastbound,2025-11-18 13:50:33.459314,456.0,342.0,76.0,128.0
4604,5,CAM002,65,1.7689538855665494,1015,True,3778898b-349e-4f75-8ea8-ae7872429588,Westbound,2025-11-18 13:50:27.818566,331.0,388.0,130.0,146.0
4603,4,CAM002,57,1.9259541407638328,1015,True,3778898b-349e-4f75-8ea8-ae7872429588,Westbound,2025-11-18 13:50:27.816603,251.0,366.0,103.0,109.0
4602,7,CAM002,38,2.0190136851129217,1015,True,3778898b-349e-4f75-8ea8-ae7872429588,Westbound,2025-11-18 13:50:27.812657,557.0,354.0,98.0,150.0
4601,2,CAM002,31,1.8757046214322293,1015,True,3778898b-349e-4f75-8ea8-ae7872429588,Westbound,2025-11-18 13:50:27.810049,443.0,372.0,153.0,165.0
4600,8,CAM001,38,1.471628941641078,1060,True,34bbee35-39af-49b9-ab65-c313c776cd74,Eastbound,2025-11-18 13:50:27.280689,150.0,348.0,51.0,71.0
4599,5,CAM001,37,1.6486340422237318,1060,True,34bbee35-39af-49b9-ab65-c313c776cd74,Eastbound,2025-11-18 13:50:27.278622,251.0,327.0,66.0,67.0
4598,4,CAM001,35,1.9043773600262055,1060,True,34bbee35-39af-49b9-ab65-c313c776cd74,Eastbound,2025-11-18 13:50:27.276624,296.0,329.0,76.0,105.0
4597,1,CAM001,32,1.534443620225554,1060,True,34bbee35-39af-49b9-ab65-c313c776cd74,Eastbound,2025-11-18 13:50:27.275075,172.0,320.0,135.0,122.0
4596,2,CAM001,2,1.7913075899804054,1060,True,34bbee35-39af-49b9-ab65-c313c776cd74,Eastbound,2025-11-18 13:50:27.271207,456.0,342.0,76.0,128.0
4595,5,CAM002,65,2.0148293051907187,1010,True,3778898b-349e-4f75-8ea8-ae7872429588,Westbound,2025-11-18 13:50:20.053857,332.0,387.0,129.0,147.0
4594,4,CAM002,57,1.8882537182682384,1010,True,3778898b-349e-4f75-8ea8-ae7872429588,Westbound,2025-11-18 13:50:20.050927,250.0,365.0,104.0,109.0
4593,3,CAM002,55,1.7321642585044594,1010,True,3778898b-349e-4f75-8ea8-ae7872429588,Westbound,2025-11-18 13:50:20.046464,3.0,0.0,207.0,532.0
4592,7,CAM002,38,2.0401074585726584,1010,True,3778898b-349e-4f75-8ea8-ae7872429588,Westbound,2025-11-18 13:50:20.044488,558.0,356.0,97.0,149.0
4591,2,CAM002,31,1.7823924887259872,1010,True,3778898b-349e-4f75-8ea8-ae7872429588,Westbound,2025-11-18 13:50:20.039604,443.0,371.0,154.0,166.0
4590,4,CAM001,35,1.8929148935137778,1055,True,34bbee35-39af-49b9-ab65-c313c776cd74,Eastbound,2025-11-18 13:50:19.132272,297.0,331.0,75.0,104.0
4589,2,CAM001,2,1.7740027017889342,1055,True,34bbee35-39af-49b9-ab65-c313c776cd74,Eastbound,2025-11-18 13:50:19.123768,455.0,342.0,76.0,128.0
4588,5,CAM002,65,1.586550225358266,1005,True,3778898b-349e-4f75-8ea8-ae7872429588,Westbound,2025-11-18 13:50:14.094623,332.0,387.0,125.0,148.0
4587,4,CAM002,57,1.8998091527821839,1005,True,3778898b-349e-4f75-8ea8-ae7872429588,Westbound,2025-11-18 13:50:14.074566,251.0,366.0,103.0,108.0
4586,7,CAM002,38,2.036292241679311,1005,True,3778898b-349e-4f75-8ea8-ae7872429588,Westbound,2025-11-18 13:50:14.071643,558.0,356.0,97.0,149.0
4585,2,CAM002,31,1.808098562676744,1005,True,3778898b-349e-4f75-8ea8-ae7872429588,Westbound,2025-11-18 13:50:14.054016,443.0,370.0,155.0,168.0
4584,8,CAM001,42,2.028073280156957,1050,True,34bbee35-39af-49b9-ab65-c313c776cd74,Eastbound,2025-11-18 13:50:13.575096,247.0,304.0,60.0,132.0
4583,1,CAM001,38,1.999619740335783,1050,True,34bbee35-39af-49b9-ab65-c313c776cd74,Eastbound,2025-11-18 13:50:13.572971,182.0,330.0,84.0,115.0
4582,4,CAM001,35,1.8861663905326425,1050,True,34bbee35-39af-49b9-ab65-c313c776cd74,Eastbound,2025-11-18 13:50:13.570038,302.0,332.0,71.0,103.0
4581,3,CAM001,32,1.4149270131985296,1050,True,34bbee35-39af-49b9-ab65-c313c776cd74,Eastbound,2025-11-18 13:50:13.567470,163.0,304.0,134.0,137.0
4580,2,CAM001,2,1.7980860004463706,1050,True,34bbee35-39af-49b9-ab65-c313c776cd74,Eastbound,2025-11-18 13:50:13.564409,455.0,342.0,76.0,128.0
4579,3,CAM002,65,2.011693512114852,1000,True,3778898b-349e-4f75-8ea8-ae7872429588,Westbound,2025-11-18 13:50:07.877476,331.0,387.0,124.0,148.0
4578,4,CAM002,57,1.925299971592088,1000,True,3778898b-349e-4f75-8ea8-ae7872429588,Westbound,2025-11-18 13:50:07.874866,251.0,366.0,103.0,108.0
4577,7,CAM002,38,2.0032236134732386,1000,True,3778898b-349e-4f75-8ea8-ae7872429588,Westbound,2025-11-18 13:50:07.861422,558.0,355.0,97.0,150.0
4576,2,CAM002,31,1.8655490298931972,1000,True,3778898b-349e-4f75-8ea8-ae7872429588,Westbound,2025-11-18 13:50:07.855439,442.0,369.0,157.0,170.0
4575,8,CAM001,42,1.993499467677582,1045,True,34bbee35-39af-49b9-ab65-c313c776cd74,Eastbound,2025-11-18 13:50:07.289426,247.0,302.0,61.0,134.0
4574,1,CAM001,38,2.0112209399206766,1045,True,34bbee35-39af-49b9-ab65-c313c776cd74,Eastbound,2025-11-18 13:50:07.275393,182.0,330.0,83.0,115.0
4573,4,CAM001,35,1.8961478561221083,1045,True,34bbee35-39af-49b9-ab65-c313c776cd74,Eastbound,2025-11-18 13:50:07.269450,303.0,329.0,76.0,105.0
4572,2,CAM001,2,1.7891029832275145,1045,True,34bbee35-39af-49b9-ab65-c313c776cd74,Eastbound,2025-11-18 13:50:07.261279,455.0,341.0,77.0,129.0
4571,3,CAM002,65,1.710172637539867,995,True,3778898b-349e-4f75-8ea8-ae7872429588,Westbound,2025-11-18 13:49:59.052444,333.0,388.0,119.0,148.0
4570,4,CAM002,57,1.9238396154169917,995,True,3778898b-349e-4f75-8ea8-ae7872429588,Westbound,2025-11-18 13:49:59.031410,251.0,366.0,103.0,108.0
4569,5,CAM002,55,1.8344631071339677,995,True,3778898b-349e-4f75-8ea8-ae7872429588,Westbound,2025-11-18 13:49:59.027428,0.0,0.0,217.0,535.0
4568,7,CAM002,38,1.8992364157729065,995,True,3778898b-349e-4f75-8ea8-ae7872429588,Westbound,2025-11-18 13:49:59.023912,558.0,354.0,97.0,151.0
4567,2,CAM002,31,1.8880282042982786,995,True,3778898b-349e-4f75-8ea8-ae7872429588,Westbound,2025-11-18 13:49:59.017440,442.0,369.0,158.0,169.0
4566,3,CAM001,42,1.4658434208466589,1040,True,34bbee35-39af-49b9-ab65-c313c776cd74,Eastbound,2025-11-18 13:49:58.074329,246.0,300.0,62.0,136.0
4565,5,CAM001,38,1.6494799929705557,1040,True,34bbee35-39af-49b9-ab65-c313c776cd74,Eastbound,2025-11-18 13:49:58.071426,182.0,331.0,81.0,114.0
4564,8,CAM001,37,2.024825574957921,1040,True,34bbee35-39af-49b9-ab65-c313c776cd74,Eastbound,2025-11-18 13:49:58.068349,252.0,330.0,66.0,67.0
4563,4,CAM001,35,1.8886392157624776,1040,True,34bbee35-39af-49b9-ab65-c313c776cd74,Eastbound,2025-11-18 13:49:58.064805,295.0,332.0,81.0,103.0
4562,1,CAM001,32,2.0043237103007256,1040,True,34bbee35-39af-49b9-ab65-c313c776cd74,Eastbound,2025-11-18 13:49:58.062851,194.0,330.0,108.0,113.0
4561,7,CAM001,14,1.8655581839631776,1040,True,34bbee35-39af-49b9-ab65-c313c776cd74,Eastbound,2025-11-18 13:49:58.058897,588.0,324.0,89.0,156.0
4560,2,CAM001,2,1.7283786436269248,1040,True,34bbee35-39af-49b9-ab65-c313c776cd74,Eastbound,2025-11-18 13:49:58.054624,454.0,339.0,78.0,131.0
4559,3,CAM002,65,1.8166572733804982,990,True,3778898b-349e-4f75-8ea8-ae7872429588,Westbound,2025-11-18 13:49:50.170742,328.0,390.0,120.0,147.0
4558,4,CAM002,57,1.938838648486633,990,True,3778898b-349e-4f75-8ea8-ae7872429588,Westbound,2025-11-18 13:49:50.167805,251.0,368.0,101.0,106.0
4557,5,CAM002,55,1.7697304289960878,990,True,3778898b-349e-4f75-8ea8-ae7872429588,Westbound,2025-11-18 13:49:50.162832,0.0,0.0,216.0,534.0
4556,7,CAM002,38,1.9170900782714981,990,True,3778898b-349e-4f75-8ea8-ae7872429588,Westbound,2025-11-18 13:49:50.159940,559.0,352.0,96.0,152.0
4555,2,CAM002,31,2.019315961988715,990,True,3778898b-349e-4f75-8ea8-ae7872429588,Westbound,2025-11-18 13:49:50.142238,442.0,372.0,155.0,166.0
4554,8,CAM001,42,1.9708397164297458,1035,True,34bbee35-39af-49b9-ab65-c313c776cd74,Eastbound,2025-11-18 13:49:49.106946,244.0,299.0,62.0,137.0
4553,5,CAM001,37,1.5655160650549858,1035,True,34bbee35-39af-49b9-ab65-c313c776cd74,Eastbound,2025-11-18 13:49:49.103395,252.0,329.0,66.0,67.0
4552,4,CAM001,35,1.8674280116936357,1035,True,34bbee35-39af-49b9-ab65-c313c776cd74,Eastbound,2025-11-18 13:49:49.100424,292.0,334.0,77.0,102.0
4551,1,CAM001,32,1.8887091029188183,1035,True,34bbee35-39af-49b9-ab65-c313c776cd74,Eastbound,2025-11-18 13:49:49.096954,187.0,329.0,99.0,115.0
4550,7,CAM001,14,1.8356975071062027,1035,True,34bbee35-39af-49b9-ab65-c313c776cd74,Eastbound,2025-11-18 13:49:49.093982,590.0,325.0,92.0,155.0
4549,3,CAM001,2,1.7757146149287046,1035,True,34bbee35-39af-49b9-ab65-c313c776cd74,Eastbound,2025-11-18 13:49:49.069178,453.0,338.0,80.0,132.0
4548,3,CAM002,65,2.00464314903601,985,True,3778898b-349e-4f75-8ea8-ae7872429588,Westbound,2025-11-18 13:49:40.374823,331.0,390.0,120.0,147.0
4547,4,CAM002,57,1.9260698627071986,985,True,3778898b-349e-4f75-8ea8-ae7872429588,Westbound,2025-11-18 13:49:40.371884,251.0,367.0,101.0,107.0
4546,5,CAM002,55,1.7835062112992475,985,True,3778898b-349e-4f75-8ea8-ae7872429588,Westbound,2025-11-18 13:49:40.367938,1.0,0.0,214.0,534.0
4545,7,CAM002,38,1.8996885718322094,985,True,3778898b-349e-4f75-8ea8-ae7872429588,Westbound,2025-11-18 13:49:40.364469,558.0,350.0,98.0,154.0
4544,2,CAM002,31,1.8693243537453146,985,True,3778898b-349e-4f75-8ea8-ae7872429588,Westbound,2025-11-18 13:49:40.361529,442.0,373.0,155.0,165.0
4543,5,CAM001,42,1.7321240576211157,1030,True,34bbee35-39af-49b9-ab65-c313c776cd74,Eastbound,2025-11-18 13:49:39.400055,245.0,299.0,62.0,137.0
4542,4,CAM001,35,1.886397141970662,1030,True,34bbee35-39af-49b9-ab65-c313c776cd74,Eastbound,2025-11-18 13:49:39.398098,296.0,329.0,82.0,107.0
4541,1,CAM001,32,1.9746684823894216,1030,True,34bbee35-39af-49b9-ab65-c313c776cd74,Eastbound,2025-11-18 13:49:39.396101,169.0,328.0,102.0,116.0
4540,7,CAM001,14,1.8472346989236679,1030,True,34bbee35-39af-49b9-ab65-c313c776cd74,Eastbound,2025-11-18 13:49:39.394496,594.0,327.0,93.0,153.0
4539,2,CAM001,2,1.8017339240680854,1030,True,34bbee35-39af-49b9-ab65-c313c776cd74,Eastbound,2025-11-18 13:49:39.391558,454.0,339.0,79.0,131.0
4538,3,CAM002,65,2.023373627894398,980,True,3778898b-349e-4f75-8ea8-ae7872429588,Westbound,2025-11-18 13:49:31.401800,333.0,389.0,119.0,149.0
4537,4,CAM002,57,1.9376806821561545,980,True,3778898b-349e-4f75-8ea8-ae7872429588,Westbound,2025-11-18 13:49:31.398879,251.0,367.0,101.0,108.0
4536,5,CAM002,55,1.8061085423279748,980,True,3778898b-349e-4f75-8ea8-ae7872429588,Westbound,2025-11-18 13:49:31.395793,0.0,0.0,213.0,534.0
4535,7,CAM002,38,1.9232837765090265,980,True,3778898b-349e-4f75-8ea8-ae7872429588,Westbound,2025-11-18 13:49:31.393290,557.0,351.0,99.0,154.0
4534,2,CAM002,31,1.8860597408108688,980,True,3778898b-349e-4f75-8ea8-ae7872429588,Westbound,2025-11-18 13:49:31.389334,442.0,373.0,155.0,165.0
4533,5,CAM001,42,1.7295350148135624,1025,True,34bbee35-39af-49b9-ab65-c313c776cd74,Eastbound,2025-11-18 13:49:30.306000,243.0,299.0,63.0,137.0
4532,4,CAM001,35,1.900167392010608,1025,True,34bbee35-39af-49b9-ab65-c313c776cd74,Eastbound,2025-11-18 13:49:30.303489,293.0,328.0,90.0,107.0
4531,1,CAM001,32,2.013945731711078,1025,True,34bbee35-39af-49b9-ab65-c313c776cd74,Eastbound,2025-11-18 13:49:30.300559,164.0,327.0,112.0,116.0
4530,7,CAM001,14,1.853006692714881,1025,True,34bbee35-39af-49b9-ab65-c313c776cd74,Eastbound,2025-11-18 13:49:30.297669,594.0,329.0,92.0,151.0
4529,2,CAM001,2,1.8224355155071912,1025,True,34bbee35-39af-49b9-ab65-c313c776cd74,Eastbound,2025-11-18 13:49:30.287663,451.0,337.0,83.0,134.0
4528,3,CAM002,65,1.7220322318153634,975,True,3778898b-349e-4f75-8ea8-ae7872429588,Westbound,2025-11-18 13:49:22.456705,333.0,389.0,118.0,149.0
4527,4,CAM002,57,1.9316366976885966,975,True,3778898b-349e-4f75-8ea8-ae7872429588,Westbound,2025-11-18 13:49:22.455723,251.0,366.0,101.0,110.0
4526,5,CAM002,55,1.809764827947998,975,True,3778898b-349e-4f75-8ea8-ae7872429588,Westbound,2025-11-18 13:49:22.453584,1.0,0.0,212.0,534.0
4525,7,CAM002,38,1.9207114487939618,975,True,3778898b-349e-4f75-8ea8-ae7872429588,Westbound,2025-11-18 13:49:22.424781,557.0,351.0,99.0,153.0
4524,2,CAM002,31,1.8882842346602402,975,True,3778898b-349e-4f75-8ea8-ae7872429588,Westbound,2025-11-18 13:49:22.421837,443.0,373.0,154.0,165.0
4523,5,CAM001,42,1.637714768356303,1020,True,34bbee35-39af-49b9-ab65-c313c776cd74,Eastbound,2025-11-18 13:49:21.313691,247.0,300.0,62.0,135.0
4522,8,CAM001,38,2.0262623460972526,1020,True,34bbee35-39af-49b9-ab65-c313c776cd74,Eastbound,2025-11-18 13:49:21.293857,149.0,350.0,50.0,71.0
4521,3,CAM001,37,1.7009569819333548,1020,True,34bbee35-39af-49b9-ab65-c313c776cd74,Eastbound,2025-11-18 13:49:21.290841,253.0,329.0,65.0,67.0
4520,4,CAM001,35,1.8939757600208054,1020,True,34bbee35-39af-49b9-ab65-c313c776cd74,Eastbound,2025-11-18 13:49:21.287878,286.0,333.0,95.0,102.0
4519,1,CAM001,32,1.9495477332914313,1020,True,34bbee35-39af-49b9-ab65-c313c776cd74,Eastbound,2025-11-18 13:49:21.284300,164.0,328.0,131.0,115.0
4518,7,CAM001,14,1.8586464734233163,1020,True,34bbee35-39af-49b9-ab65-c313c776cd74,Eastbound,2025-11-18 13:49:21.280836,594.0,329.0,91.0,150.0
4517,2,CAM001,2,1.8301981049507914,1020,True,34bbee35-39af-49b9-ab65-c313c776cd74,Eastbound,2025-11-18 13:49:21.276868,447.0,335.0,85.0,137.0
4516,3,CAM002,65,1.6948054116335274,970,True,3778898b-349e-4f75-8ea8-ae7872429588,Westbound,2025-11-18 13:49:13.081681,333.0,389.0,115.0,149.0
4515,4,CAM002,57,1.9433446032667374,970,True,3778898b-349e-4f75-8ea8-ae7872429588,Westbound,2025-11-18 13:49:13.079201,251.0,366.0,102.0,110.0
4514,5,CAM002,55,2.0253695631821462,970,True,3778898b-349e-4f75-8ea8-ae7872429588,Westbound,2025-11-18 13:49:13.077226,2.0,0.0,211.0,534.0
4513,7,CAM002,38,1.9117396789382572,970,True,3778898b-349e-4f75-8ea8-ae7872429588,Westbound,2025-11-18 13:49:13.075259,557.0,350.0,99.0,152.0
4512,2,CAM002,31,1.8763660003122216,970,True,3778898b-349e-4f75-8ea8-ae7872429588,Westbound,2025-11-18 13:49:13.062821,442.0,372.0,156.0,166.0
4511,8,CAM001,38,1.9621546641186944,1015,True,34bbee35-39af-49b9-ab65-c313c776cd74,Eastbound,2025-11-18 13:49:12.073111,149.0,350.0,50.0,70.0
4510,3,CAM001,37,1.6299795983037997,1015,True,34bbee35-39af-49b9-ab65-c313c776cd74,Eastbound,2025-11-18 13:49:12.070182,253.0,328.0,65.0,68.0
4509,4,CAM001,35,1.8941688836735915,1015,True,34bbee35-39af-49b9-ab65-c313c776cd74,Eastbound,2025-11-18 13:49:12.068228,282.0,336.0,95.0,99.0
4508,1,CAM001,32,1.993950634428469,1015,True,34bbee35-39af-49b9-ab65-c313c776cd74,Eastbound,2025-11-18 13:49:12.065294,178.0,330.0,136.0,113.0
4507,7,CAM001,14,1.8499528353125696,1015,True,34bbee35-39af-49b9-ab65-c313c776cd74,Eastbound,2025-11-18 13:49:12.060328,593.0,326.0,93.0,152.0
4506,2,CAM001,2,1.8315313238844184,1015,True,34bbee35-39af-49b9-ab65-c313c776cd74,Eastbound,2025-11-18 13:49:12.045605,448.0,335.0,85.0,137.0
4505,4,CAM002,57,1.9442370330726253,965,True,3778898b-349e-4f75-8ea8-ae7872429588,Westbound,2025-11-18 13:49:03.567172,252.0,366.0,101.0,109.0
4504,5,CAM002,55,1.9998266563001008,965,True,3778898b-349e-4f75-8ea8-ae7872429588,Westbound,2025-11-18 13:49:03.564199,2.0,0.0,209.0,534.0
4503,7,CAM002,38,1.895273036006511,965,True,3778898b-349e-4f75-8ea8-ae7872429588,Westbound,2025-11-18 13:49:03.561269,557.0,352.0,99.0,152.0
4502,2,CAM002,31,1.8848972885532378,965,True,3778898b-349e-4f75-8ea8-ae7872429588,Westbound,2025-11-18 13:49:03.557322,442.0,371.0,156.0,167.0
4501,8,CAM001,38,1.484497686728758,1010,True,34bbee35-39af-49b9-ab65-c313c776cd74,Eastbound,2025-11-18 13:49:02.624555,151.0,350.0,48.0,69.0
4500,3,CAM001,37,2.0270191902240318,1010,True,34bbee35-39af-49b9-ab65-c313c776cd74,Eastbound,2025-11-18 13:49:02.622635,253.0,327.0,65.0,69.0
4499,4,CAM001,35,1.906864449183835,1010,True,34bbee35-39af-49b9-ab65-c313c776cd74,Eastbound,2025-11-18 13:49:02.619709,284.0,336.0,94.0,100.0
4498,1,CAM001,32,2.0162702423770638,1010,True,34bbee35-39af-49b9-ab65-c313c776cd74,Eastbound,2025-11-18 13:49:02.616720,176.0,330.0,142.0,113.0
4497,7,CAM001,14,1.8451168866820655,1010,True,34bbee35-39af-49b9-ab65-c313c776cd74,Eastbound,2025-11-18 13:49:02.613679,594.0,328.0,92.0,151.0
4496,2,CAM001,2,1.81972004356936,1010,True,34bbee35-39af-49b9-ab65-c313c776cd74,Eastbound,2025-11-18 13:49:02.598434,447.0,334.0,87.0,139.0
4495,4,CAM002,57,1.943347660204218,960,True,3778898b-349e-4f75-8ea8-ae7872429588,Westbound,2025-11-18 13:48:55.639143,252.0,365.0,101.0,110.0
4494,5,CAM002,55,2.003411202654859,960,True,3778898b-349e-4f75-8ea8-ae7872429588,Westbound,2025-11-18 13:48:55.636199,2.0,0.0,205.0,531.0
4493,7,CAM002,38,1.9105769538035247,960,True,3778898b-349e-4f75-8ea8-ae7872429588,Westbound,2025-11-18 13:48:55.632731,557.0,355.0,99.0,149.0
4492,2,CAM002,31,1.880322899812638,960,True,3778898b-349e-4f75-8ea8-ae7872429588,Westbound,2025-11-18 13:48:55.629264,442.0,372.0,156.0,165.0
4491,3,CAM001,37,2.027711703738557,1005,True,34bbee35-39af-49b9-ab65-c313c776cd74,Eastbound,2025-11-18 13:48:54.753649,254.0,328.0,63.0,67.0
4490,4,CAM001,35,1.8932400808394445,1005,True,34bbee35-39af-49b9-ab65-c313c776cd74,Eastbound,2025-11-18 13:48:54.752680,283.0,336.0,93.0,100.0
4489,1,CAM001,32,1.49769020113483,1005,True,34bbee35-39af-49b9-ab65-c313c776cd74,Eastbound,2025-11-18 13:48:54.750719,165.0,330.0,152.0,114.0
4488,7,CAM001,14,1.840775879656381,1005,True,34bbee35-39af-49b9-ab65-c313c776cd74,Eastbound,2025-11-18 13:48:54.748746,594.0,329.0,92.0,151.0
4487,2,CAM001,2,1.7951081379938545,1005,True,34bbee35-39af-49b9-ab65-c313c776cd74,Eastbound,2025-11-18 13:48:54.708172,446.0,335.0,89.0,138.0
4486,4,CAM002,57,1.9013001966473133,955,True,3778898b-349e-4f75-8ea8-ae7872429588,Westbound,2025-11-18 13:48:47.911986,251.0,365.0,103.0,110.0
4485,5,CAM002,55,1.6580472333510121,955,True,3778898b-349e-4f75-8ea8-ae7872429588,Westbound,2025-11-18 13:48:47.910035,0.0,0.0,202.0,531.0
4484,7,CAM002,38,1.8822347184764143,955,True,3778898b-349e-4f75-8ea8-ae7872429588,Westbound,2025-11-18 13:48:47.907104,558.0,354.0,98.0,150.0
4483,2,CAM002,31,1.7667030490161888,955,True,3778898b-349e-4f75-8ea8-ae7872429588,Westbound,2025-11-18 13:48:47.903595,443.0,373.0,154.0,164.0
4482,3,CAM001,37,1.9987525392440597,1000,True,34bbee35-39af-49b9-ab65-c313c776cd74,Eastbound,2025-11-18 13:48:46.953005,255.0,329.0,61.0,66.0
4481,4,CAM001,35,1.878364377576706,1000,True,34bbee35-39af-49b9-ab65-c313c776cd74,Eastbound,2025-11-18 13:48:46.950131,283.0,336.0,91.0,99.0
4480,7,CAM001,14,1.8458427208018793,1000,True,34bbee35-39af-49b9-ab65-c313c776cd74,Eastbound,2025-11-18 13:48:46.947113,594.0,330.0,91.0,149.0
4479,2,CAM001,2,1.810375396015383,1000,True,34bbee35-39af-49b9-ab65-c313c776cd74,Eastbound,2025-11-18 13:48:46.943628,447.0,338.0,85.0,135.0
4478,4,CAM002,57,1.9207279323337723,950,True,3778898b-349e-4f75-8ea8-ae7872429588,Westbound,2025-11-18 13:48:41.494927,252.0,366.0,102.0,109.0
4477,7,CAM002,38,1.8759860665267691,950,True,3778898b-349e-4f75-8ea8-ae7872429588,Westbound,2025-11-18 13:48:41.492946,558.0,354.0,98.0,150.0
4476,2,CAM002,31,1.8124827975344202,950,True,3778898b-349e-4f75-8ea8-ae7872429588,Westbound,2025-11-18 13:48:41.490036,443.0,372.0,155.0,165.0
4475,5,CAM001,42,2.0306464769311376,995,True,34bbee35-39af-49b9-ab65-c313c776cd74,Eastbound,2025-11-18 13:48:41.172413,427.0,337.0,35.0,80.0
4474,8,CAM001,38,2.031859547898519,995,True,34bbee35-39af-49b9-ab65-c313c776cd74,Eastbound,2025-11-18 13:48:41.167999,150.0,350.0,48.0,72.0
4473,3,CAM001,37,1.8989362136802534,995,True,34bbee35-39af-49b9-ab65-c313c776cd74,Eastbound,2025-11-18 13:48:41.162487,255.0,329.0,60.0,65.0
4472,4,CAM001,35,1.8922660226991064,995,True,34bbee35-39af-49b9-ab65-c313c776cd74,Eastbound,2025-11-18 13:48:41.156627,285.0,338.0,87.0,97.0
4471,1,CAM001,23,2.0228393946338947,995,True,34bbee35-39af-49b9-ab65-c313c776cd74,Eastbound,2025-11-18 13:48:41.154125,186.0,299.0,116.0,144.0
4470,7,CAM001,14,1.8622437277605437,995,True,34bbee35-39af-49b9-ab65-c313c776cd74,Eastbound,2025-11-18 13:48:41.148248,593.0,329.0,92.0,150.0
4469,2,CAM001,2,1.8325133742835007,995,True,34bbee35-39af-49b9-ab65-c313c776cd74,Eastbound,2025-11-18 13:48:41.143770,449.0,338.0,83.0,134.0
4468,4,CAM002,57,1.7591911236789328,945,True,3778898b-349e-4f75-8ea8-ae7872429588,Westbound,2025-11-18 13:48:34.734754,253.0,366.0,100.0,109.0
4467,7,CAM002,38,1.8855904975562234,945,True,3778898b-349e-4f75-8ea8-ae7872429588,Westbound,2025-11-18 13:48:34.732731,557.0,350.0,99.0,154.0
4466,2,CAM002,31,1.8097732433200093,945,True,3778898b-349e-4f75-8ea8-ae7872429588,Westbound,2025-11-18 13:48:34.730791,442.0,371.0,155.0,165.0
4465,8,CAM001,38,1.5910857821990079,990,True,34bbee35-39af-49b9-ab65-c313c776cd74,Eastbound,2025-11-18 13:48:34.263233,150.0,350.0,48.0,71.0
4464,3,CAM001,37,2.0360604180231126,990,True,34bbee35-39af-49b9-ab65-c313c776cd74,Eastbound,2025-11-18 13:48:34.260332,258.0,329.0,59.0,64.0
4463,4,CAM001,35,1.9962740480331402,990,True,34bbee35-39af-49b9-ab65-c313c776cd74,Eastbound,2025-11-18 13:48:34.257400,285.0,339.0,86.0,97.0
4462,1,CAM001,23,1.284151951790461,990,True,34bbee35-39af-49b9-ab65-c313c776cd74,Eastbound,2025-11-18 13:48:34.255417,196.0,299.0,100.0,143.0
4461,7,CAM001,14,1.8509886521409638,990,True,34bbee35-39af-49b9-ab65-c313c776cd74,Eastbound,2025-11-18 13:48:34.252888,593.0,328.0,93.0,152.0
4460,2,CAM001,2,1.8045944432261614,990,True,34bbee35-39af-49b9-ab65-c313c776cd74,Eastbound,2025-11-18 13:48:34.248969,449.0,337.0,85.0,135.0
4459,8,CAM002,57,1.7790385396750976,940,True,3778898b-349e-4f75-8ea8-ae7872429588,Westbound,2025-11-18 13:48:28.798624,253.0,365.0,99.0,110.0
4458,7,CAM002,38,1.8728079206928427,940,True,3778898b-349e-4f75-8ea8-ae7872429588,Westbound,2025-11-18 13:48:28.795670,555.0,347.0,103.0,158.0
4457,2,CAM002,31,1.7715712539244715,940,True,3778898b-349e-4f75-8ea8-ae7872429588,Westbound,2025-11-18 13:48:28.791612,442.0,372.0,156.0,165.0
4456,3,CAM001,37,2.0210594607574537,985,True,34bbee35-39af-49b9-ab65-c313c776cd74,Eastbound,2025-11-18 13:48:28.391077,258.0,328.0,59.0,66.0
4455,4,CAM001,35,1.9624540451966526,985,True,34bbee35-39af-49b9-ab65-c313c776cd74,Eastbound,2025-11-18 13:48:28.388150,285.0,337.0,85.0,99.0
4454,5,CAM001,32,2.0117498810183414,985,True,34bbee35-39af-49b9-ab65-c313c776cd74,Eastbound,2025-11-18 13:48:28.373224,159.0,329.0,141.0,112.0
4453,7,CAM001,14,1.8616350357597347,985,True,34bbee35-39af-49b9-ab65-c313c776cd74,Eastbound,2025-11-18 13:48:28.370267,594.0,330.0,92.0,150.0
4452,2,CAM001,2,1.8308679107726318,985,True,34bbee35-39af-49b9-ab65-c313c776cd74,Eastbound,2025-11-18 13:48:28.355861,447.0,335.0,87.0,138.0
4451,4,CAM002,62,1.7275892114470335,935,True,3778898b-349e-4f75-8ea8-ae7872429588,Westbound,2025-11-18 13:48:23.059494,328.0,388.0,115.0,148.0
4450,7,CAM002,38,1.8766043049862093,935,True,3778898b-349e-4f75-8ea8-ae7872429588,Westbound,2025-11-18 13:48:23.056497,557.0,351.0,100.0,153.0
4449,2,CAM002,31,1.8121081483128576,935,True,3778898b-349e-4f75-8ea8-ae7872429588,Westbound,2025-11-18 13:48:23.048102,443.0,373.0,155.0,165.0
4448,8,CAM001,38,2.0005529479591933,980,True,34bbee35-39af-49b9-ab65-c313c776cd74,Eastbound,2025-11-18 13:48:22.610035,149.0,350.0,45.0,68.0
4447,3,CAM001,37,2.024387233064694,980,True,34bbee35-39af-49b9-ab65-c313c776cd74,Eastbound,2025-11-18 13:48:22.607495,257.0,328.0,60.0,66.0
4446,4,CAM001,35,1.5837774867953804,980,True,34bbee35-39af-49b9-ab65-c313c776cd74,Eastbound,2025-11-18 13:48:22.599584,293.0,336.0,72.0,99.0
4445,5,CAM001,32,1.958286606117558,980,True,34bbee35-39af-49b9-ab65-c313c776cd74,Eastbound,2025-11-18 13:48:22.596626,171.0,328.0,130.0,114.0
4444,7,CAM001,14,1.8311334632252234,980,True,34bbee35-39af-49b9-ab65-c313c776cd74,Eastbound,2025-11-18 13:48:22.593160,594.0,331.0,92.0,149.0
4443,2,CAM001,2,1.761875063363516,980,True,34bbee35-39af-49b9-ab65-c313c776cd74,Eastbound,2025-11-18 13:48:22.568573,447.0,335.0,86.0,138.0
4442,4,CAM002,62,1.737088247364216,930,True,3778898b-349e-4f75-8ea8-ae7872429588,Westbound,2025-11-18 13:48:16.967416,327.0,388.0,118.0,149.0
4441,7,CAM002,38,1.8879211115178498,930,True,3778898b-349e-4f75-8ea8-ae7872429588,Westbound,2025-11-18 13:48:16.965465,558.0,355.0,98.0,151.0
4440,2,CAM002,31,1.8178513802397793,930,True,3778898b-349e-4f75-8ea8-ae7872429588,Westbound,2025-11-18 13:48:16.962463,442.0,372.0,155.0,166.0
4439,8,CAM001,38,1.4842004608006194,975,True,34bbee35-39af-49b9-ab65-c313c776cd74,Eastbound,2025-11-18 13:48:16.455507,151.0,348.0,48.0,72.0
4438,3,CAM001,37,2.025293084507243,975,True,34bbee35-39af-49b9-ab65-c313c776cd74,Eastbound,2025-11-18 13:48:16.453019,257.0,327.0,60.0,66.0
4437,5,CAM001,32,1.7895197899393849,975,True,34bbee35-39af-49b9-ab65-c313c776cd74,Eastbound,2025-11-18 13:48:16.451067,169.0,324.0,144.0,131.0
4436,7,CAM001,14,1.8667138990501915,975,True,34bbee35-39af-49b9-ab65-c313c776cd74,Eastbound,2025-11-18 13:48:16.448137,593.0,331.0,92.0,149.0
4435,2,CAM001,2,1.7734715127162355,975,True,34bbee35-39af-49b9-ab65-c313c776cd74,Eastbound,2025-11-18 13:48:16.445642,448.0,336.0,84.0,136.0
4434,8,CAM002,62,1.9475261928068672,925,True,3778898b-349e-4f75-8ea8-ae7872429588,Westbound,2025-11-18 13:48:11.367601,326.0,388.0,122.0,150.0
4433,7,CAM002,38,1.887157351183022,925,True,3778898b-349e-4f75-8ea8-ae7872429588,Westbound,2025-11-18 13:48:11.363587,558.0,355.0,98.0,151.0
4432,2,CAM002,31,1.8114859086086434,925,True,3778898b-349e-4f75-8ea8-ae7872429588,Westbound,2025-11-18 13:48:11.342165,442.0,372.0,156.0,166.0
4431,3,CAM001,37,1.982247727293976,970,True,34bbee35-39af-49b9-ab65-c313c776cd74,Eastbound,2025-11-18 13:48:10.954503,257.0,327.0,60.0,66.0
4430,4,CAM001,35,1.9780058663979263,970,True,34bbee35-39af-49b9-ab65-c313c776cd74,Eastbound,2025-11-18 13:48:10.952431,314.0,332.0,69.0,103.0
4429,7,CAM001,14,1.866806666315445,970,True,34bbee35-39af-49b9-ab65-c313c776cd74,Eastbound,2025-11-18 13:48:10.949501,592.0,329.0,94.0,151.0
4428,2,CAM001,2,1.7989238294396162,970,True,34bbee35-39af-49b9-ab65-c313c776cd74,Eastbound,2025-11-18 13:48:10.944598,450.0,338.0,81.0,132.0
4427,4,CAM002,62,1.725722605021021,920,True,3778898b-349e-4f75-8ea8-ae7872429588,Westbound,2025-11-18 13:48:05.234462,328.0,388.0,125.0,149.0
4426,8,CAM002,57,1.8916664694947407,920,True,3778898b-349e-4f75-8ea8-ae7872429588,Westbound,2025-11-18 13:48:05.231919,252.0,366.0,98.0,110.0
4425,7,CAM002,38,1.8910719242613343,920,True,3778898b-349e-4f75-8ea8-ae7872429588,Westbound,2025-11-18 13:48:05.228991,558.0,353.0,98.0,151.0
4424,2,CAM002,31,1.8385572110904156,920,True,3778898b-349e-4f75-8ea8-ae7872429588,Westbound,2025-11-18 13:48:05.218659,443.0,372.0,155.0,166.0
4423,5,CAM001,38,1.998360272795963,965,True,34bbee35-39af-49b9-ab65-c313c776cd74,Eastbound,2025-11-18 13:48:04.659019,181.0,326.0,78.0,121.0
4422,3,CAM001,37,1.6343334378576269,965,True,34bbee35-39af-49b9-ab65-c313c776cd74,Eastbound,2025-11-18 13:48:04.645748,259.0,327.0,57.0,67.0
4421,4,CAM001,35,1.7372420035036318,965,True,34bbee35-39af-49b9-ab65-c313c776cd74,Eastbound,2025-11-18 13:48:04.642247,311.0,330.0,72.0,105.0
4420,8,CAM001,23,1.8275031395019754,965,True,34bbee35-39af-49b9-ab65-c313c776cd74,Eastbound,2025-11-18 13:48:04.639316,233.0,303.0,84.0,133.0
4419,7,CAM001,14,1.850363780960892,965,True,34bbee35-39af-49b9-ab65-c313c776cd74,Eastbound,2025-11-18 13:48:04.636393,592.0,329.0,94.0,150.0
4418,2,CAM001,2,1.803458286139868,965,True,34bbee35-39af-49b9-ab65-c313c776cd74,Eastbound,2025-11-18 13:48:04.629798,451.0,338.0,80.0,132.0
4417,4,CAM002,62,1.7470272963980695,915,True,3778898b-349e-4f75-8ea8-ae7872429588,Westbound,2025-11-18 13:47:57.940121,331.0,388.0,125.0,148.0
4416,8,CAM002,57,1.8350331340915513,915,True,3778898b-349e-4f75-8ea8-ae7872429588,Westbound,2025-11-18 13:47:57.937196,252.0,366.0,97.0,110.0
4415,7,CAM002,38,1.8932638161265065,915,True,3778898b-349e-4f75-8ea8-ae7872429588,Westbound,2025-11-18 13:47:57.934192,557.0,352.0,99.0,150.0
4414,2,CAM002,31,1.8210364561562973,915,True,3778898b-349e-4f75-8ea8-ae7872429588,Westbound,2025-11-18 13:47:57.931228,443.0,372.0,156.0,166.0
4413,3,CAM001,40,2.0177276244602833,960,True,34bbee35-39af-49b9-ab65-c313c776cd74,Eastbound,2025-11-18 13:47:57.302580,150.0,351.0,48.0,72.0
4412,5,CAM001,38,2.019811794121497,960,True,34bbee35-39af-49b9-ab65-c313c776cd74,Eastbound,2025-11-18 13:47:57.298086,180.0,326.0,79.0,120.0
4411,4,CAM001,35,1.74905175841005,960,True,34bbee35-39af-49b9-ab65-c313c776cd74,Eastbound,2025-11-18 13:47:57.294161,303.0,328.0,77.0,106.0
4410,8,CAM001,23,2.0145328751177054,960,True,34bbee35-39af-49b9-ab65-c313c776cd74,Eastbound,2025-11-18 13:47:57.290160,228.0,303.0,93.0,133.0
4409,7,CAM001,14,1.8882793584923419,960,True,34bbee35-39af-49b9-ab65-c313c776cd74,Eastbound,2025-11-18 13:47:57.286251,593.0,330.0,92.0,149.0
4408,2,CAM001,2,1.833613180618523,960,True,34bbee35-39af-49b9-ab65-c313c776cd74,Eastbound,2025-11-18 13:47:57.281728,451.0,338.0,79.0,132.0
4407,4,CAM002,62,1.7509660016115542,910,True,3778898b-349e-4f75-8ea8-ae7872429588,Westbound,2025-11-18 13:47:50.702087,330.0,388.0,126.0,148.0
4406,8,CAM002,57,1.8755435508950318,910,True,3778898b-349e-4f75-8ea8-ae7872429588,Westbound,2025-11-18 13:47:50.699132,246.0,364.0,98.0,112.0
4405,7,CAM002,38,1.9147681596362602,910,True,3778898b-349e-4f75-8ea8-ae7872429588,Westbound,2025-11-18 13:47:50.696159,558.0,353.0,97.0,149.0
4404,2,CAM002,31,1.8397773004349587,910,True,3778898b-349e-4f75-8ea8-ae7872429588,Westbound,2025-11-18 13:47:50.691694,444.0,372.0,154.0,166.0
4403,5,CAM001,38,1.9953489141334506,955,True,34bbee35-39af-49b9-ab65-c313c776cd74,Eastbound,2025-11-18 13:47:50.077278,180.0,326.0,80.0,119.0
4402,4,CAM001,35,1.7840033628243528,955,True,34bbee35-39af-49b9-ab65-c313c776cd74,Eastbound,2025-11-18 13:47:50.074290,294.0,325.0,80.0,108.0
4401,8,CAM001,23,1.883363612632259,955,True,34bbee35-39af-49b9-ab65-c313c776cd74,Eastbound,2025-11-18 13:47:50.071747,220.0,303.0,111.0,133.0
4400,7,CAM001,14,1.8705728233634675,955,True,34bbee35-39af-49b9-ab65-c313c776cd74,Eastbound,2025-11-18 13:47:50.067867,593.0,330.0,92.0,149.0
4399,2,CAM001,2,1.8369064853485177,955,True,34bbee35-39af-49b9-ab65-c313c776cd74,Eastbound,2025-11-18 13:47:50.064833,453.0,339.0,77.0,131.0
4398,4,CAM002,62,1.761311502232469,905,True,3778898b-349e-4f75-8ea8-ae7872429588,Westbound,2025-11-18 13:47:43.349255,332.0,389.0,126.0,147.0
4397,8,CAM002,57,1.8608803982288804,905,True,3778898b-349e-4f75-8ea8-ae7872429588,Westbound,2025-11-18 13:47:43.344401,248.0,369.0,95.0,107.0
4396,7,CAM002,38,1.9150559672206837,905,True,3778898b-349e-4f75-8ea8-ae7872429588,Westbound,2025-11-18 13:47:43.341758,558.0,351.0,97.0,151.0
4395,2,CAM002,31,1.82917458884192,905,True,3778898b-349e-4f75-8ea8-ae7872429588,Westbound,2025-11-18 13:47:43.337854,443.0,371.0,155.0,166.0
4394,5,CAM001,38,1.8305884527208653,950,True,34bbee35-39af-49b9-ab65-c313c776cd74,Eastbound,2025-11-18 13:47:42.692814,177.0,327.0,81.0,117.0
4393,4,CAM001,35,1.6249041839670997,950,True,34bbee35-39af-49b9-ab65-c313c776cd74,Eastbound,2025-11-18 13:47:42.690853,291.0,325.0,85.0,109.0
4392,8,CAM001,23,1.7328406423478446,950,True,34bbee35-39af-49b9-ab65-c313c776cd74,Eastbound,2025-11-18 13:47:42.684936,194.0,310.0,135.0,127.0
4391,7,CAM001,14,1.8536470786125538,950,True,34bbee35-39af-49b9-ab65-c313c776cd74,Eastbound,2025-11-18 13:47:42.681442,593.0,329.0,92.0,149.0
4390,2,CAM001,2,1.797927882770452,950,True,34bbee35-39af-49b9-ab65-c313c776cd74,Eastbound,2025-11-18 13:47:42.676951,455.0,340.0,76.0,130.0
4389,4,CAM002,62,1.593805176174677,900,True,3778898b-349e-4f75-8ea8-ae7872429588,Westbound,2025-11-18 13:47:36.798650,336.0,389.0,119.0,148.0
4388,7,CAM002,38,1.901425376100311,900,True,3778898b-349e-4f75-8ea8-ae7872429588,Westbound,2025-11-18 13:47:36.795157,558.0,350.0,97.0,153.0
4387,2,CAM002,31,1.8598801718192788,900,True,3778898b-349e-4f75-8ea8-ae7872429588,Westbound,2025-11-18 13:47:36.792138,443.0,371.0,155.0,166.0
4386,8,CAM001,37,2.0146523635406246,945,True,34bbee35-39af-49b9-ab65-c313c776cd74,Eastbound,2025-11-18 13:47:36.296979,257.0,327.0,57.0,67.0
4385,4,CAM001,35,1.9986416049278024,945,True,34bbee35-39af-49b9-ab65-c313c776cd74,Eastbound,2025-11-18 13:47:36.278305,288.0,334.0,80.0,101.0
4384,5,CAM001,23,1.9833756012635921,945,True,34bbee35-39af-49b9-ab65-c313c776cd74,Eastbound,2025-11-18 13:47:36.272852,175.0,324.0,130.0,118.0
4383,7,CAM001,14,1.84514942781825,945,True,34bbee35-39af-49b9-ab65-c313c776cd74,Eastbound,2025-11-18 13:47:36.268947,593.0,327.0,92.0,151.0
4382,2,CAM001,2,1.8089540564144677,945,True,34bbee35-39af-49b9-ab65-c313c776cd74,Eastbound,2025-11-18 13:47:36.265982,456.0,340.0,76.0,130.0
4381,3,CAM002,55,1.8519612455855547,895,True,3778898b-349e-4f75-8ea8-ae7872429588,Westbound,2025-11-18 13:47:29.252673,63.0,27.0,273.0,501.0
4380,4,CAM002,54,1.8610303424008088,895,True,3778898b-349e-4f75-8ea8-ae7872429588,Westbound,2025-11-18 13:47:29.250589,432.0,390.0,41.0,64.0
4379,7,CAM002,38,1.8959986303953633,895,True,3778898b-349e-4f75-8ea8-ae7872429588,Westbound,2025-11-18 13:47:29.246687,559.0,350.0,97.0,155.0
4378,2,CAM002,31,1.8699554172081607,895,True,3778898b-349e-4f75-8ea8-ae7872429588,Westbound,2025-11-18 13:47:29.243126,443.0,372.0,156.0,166.0
4377,8,CAM001,37,1.976421166498901,940,True,34bbee35-39af-49b9-ab65-c313c776cd74,Eastbound,2025-11-18 13:47:28.231597,256.0,328.0,58.0,65.0
4376,4,CAM001,35,1.7888263698438773,940,True,34bbee35-39af-49b9-ab65-c313c776cd74,Eastbound,2025-11-18 13:47:28.228668,285.0,334.0,81.0,101.0
4375,5,CAM001,23,2.000972641935633,940,True,34bbee35-39af-49b9-ab65-c313c776cd74,Eastbound,2025-11-18 13:47:28.225705,182.0,328.0,126.0,116.0
4374,7,CAM001,14,1.8518924440629352,940,True,34bbee35-39af-49b9-ab65-c313c776cd74,Eastbound,2025-11-18 13:47:28.222235,593.0,325.0,92.0,153.0
4373,2,CAM001,2,1.7944234302568711,940,True,34bbee35-39af-49b9-ab65-c313c776cd74,Eastbound,2025-11-18 13:47:28.218315,456.0,340.0,76.0,130.0
4372,6,CAM002,63,1.7920799382093455,890,True,3778898b-349e-4f75-8ea8-ae7872429588,Westbound,2025-11-18 13:47:19.472071,0.0,0.0,213.0,522.0
4371,3,CAM002,55,1.7581697871508273,890,True,3778898b-349e-4f75-8ea8-ae7872429588,Westbound,2025-11-18 13:47:19.468599,129.0,41.0,267.0,488.0
4370,4,CAM002,54,1.8453214695934952,890,True,3778898b-349e-4f75-8ea8-ae7872429588,Westbound,2025-11-18 13:47:19.466646,432.0,390.0,41.0,64.0
4369,7,CAM002,38,1.91641460126917,890,True,3778898b-349e-4f75-8ea8-ae7872429588,Westbound,2025-11-18 13:47:19.463708,558.0,348.0,99.0,157.0
4368,2,CAM002,31,1.8660220440273327,890,True,3778898b-349e-4f75-8ea8-ae7872429588,Westbound,2025-11-18 13:47:19.460715,444.0,373.0,155.0,165.0
4367,6,CAM001,39,1.726940462941108,935,True,34bbee35-39af-49b9-ab65-c313c776cd74,Eastbound,2025-11-18 13:47:17.928573,87.0,328.0,75.0,105.0
4366,8,CAM001,38,2.0225608969885553,935,True,34bbee35-39af-49b9-ab65-c313c776cd74,Eastbound,2025-11-18 13:47:17.925644,148.0,348.0,52.0,75.0
4365,3,CAM001,37,1.6398854417588444,935,True,34bbee35-39af-49b9-ab65-c313c776cd74,Eastbound,2025-11-18 13:47:17.922673,254.0,328.0,60.0,65.0
4364,4,CAM001,35,2.01063506617559,935,True,34bbee35-39af-49b9-ab65-c313c776cd74,Eastbound,2025-11-18 13:47:17.919703,285.0,335.0,80.0,101.0
4363,5,CAM001,23,1.9969005412473229,935,True,34bbee35-39af-49b9-ab65-c313c776cd74,Eastbound,2025-11-18 13:47:17.917747,183.0,328.0,124.0,115.0
4362,7,CAM001,14,1.8595268759876824,935,True,34bbee35-39af-49b9-ab65-c313c776cd74,Eastbound,2025-11-18 13:47:17.914816,593.0,326.0,93.0,153.0
4361,2,CAM001,2,1.8369933670512864,935,True,34bbee35-39af-49b9-ab65-c313c776cd74,Eastbound,2025-11-18 13:47:17.911716,455.0,341.0,77.0,129.0
4360,5,CAM002,62,1.7332466269582487,885,True,3778898b-349e-4f75-8ea8-ae7872429588,Westbound,2025-11-18 13:47:06.661102,316.0,388.0,121.0,152.0
4359,3,CAM002,55,1.735834947598092,885,True,3778898b-349e-4f75-8ea8-ae7872429588,Westbound,2025-11-18 13:47:06.657634,93.0,18.0,309.0,515.0
4358,4,CAM002,54,1.8705371689369141,885,True,3778898b-349e-4f75-8ea8-ae7872429588,Westbound,2025-11-18 13:47:06.654662,433.0,390.0,41.0,64.0
4357,7,CAM002,38,1.9124644897927225,885,True,3778898b-349e-4f75-8ea8-ae7872429588,Westbound,2025-11-18 13:47:06.650213,558.0,348.0,99.0,155.0
4356,2,CAM002,31,1.86860160512493,885,True,3778898b-349e-4f75-8ea8-ae7872429588,Westbound,2025-11-18 13:47:06.647286,443.0,372.0,154.0,165.0
4355,6,CAM001,39,2.0271239191361197,930,True,34bbee35-39af-49b9-ab65-c313c776cd74,Eastbound,2025-11-18 13:47:05.368387,87.0,328.0,75.0,105.0
4354,8,CAM001,38,1.9966648533156999,930,True,34bbee35-39af-49b9-ab65-c313c776cd74,Eastbound,2025-11-18 13:47:05.365458,148.0,349.0,52.0,72.0
4353,3,CAM001,37,1.6219026988859684,930,True,34bbee35-39af-49b9-ab65-c313c776cd74,Eastbound,2025-11-18 13:47:05.361967,250.0,328.0,63.0,66.0
4352,4,CAM001,35,1.787749171393017,930,True,34bbee35-39af-49b9-ab65-c313c776cd74,Eastbound,2025-11-18 13:47:05.359975,285.0,335.0,80.0,102.0
4351,5,CAM001,23,1.676244220858794,930,True,34bbee35-39af-49b9-ab65-c313c776cd74,Eastbound,2025-11-18 13:47:05.356512,186.0,329.0,120.0,113.0
4350,7,CAM001,14,1.8579499100591435,930,True,34bbee35-39af-49b9-ab65-c313c776cd74,Eastbound,2025-11-18 13:47:05.354563,594.0,328.0,91.0,151.0
4349,2,CAM001,2,1.8339506227179885,930,True,34bbee35-39af-49b9-ab65-c313c776cd74,Eastbound,2025-11-18 13:47:05.351591,455.0,341.0,77.0,129.0
4348,3,CAM002,55,1.8014311967088052,880,True,3778898b-349e-4f75-8ea8-ae7872429588,Westbound,2025-11-18 13:46:56.014472,20.0,0.0,333.0,530.0
4347,4,CAM002,54,1.7662441438950238,880,True,3778898b-349e-4f75-8ea8-ae7872429588,Westbound,2025-11-18 13:46:56.010976,432.0,390.0,42.0,64.0
4346,7,CAM002,38,1.8739331856384598,880,True,3778898b-349e-4f75-8ea8-ae7872429588,Westbound,2025-11-18 13:46:56.008043,558.0,351.0,97.0,152.0
4345,2,CAM002,31,1.7914805652238766,880,True,3778898b-349e-4f75-8ea8-ae7872429588,Westbound,2025-11-18 13:46:56.004559,443.0,372.0,154.0,165.0
4344,8,CAM001,38,2.0230058542769083,925,True,34bbee35-39af-49b9-ab65-c313c776cd74,Eastbound,2025-11-18 13:46:54.777021,149.0,349.0,50.0,69.0
4343,4,CAM001,35,1.7508559587073165,925,True,34bbee35-39af-49b9-ab65-c313c776cd74,Eastbound,2025-11-18 13:46:54.775070,284.0,334.0,82.0,103.0
4342,5,CAM001,23,2.0150767001858707,925,True,34bbee35-39af-49b9-ab65-c313c776cd74,Eastbound,2025-11-18 13:46:54.772102,189.0,329.0,115.0,114.0
4341,7,CAM001,14,1.8431425546079474,925,True,34bbee35-39af-49b9-ab65-c313c776cd74,Eastbound,2025-11-18 13:46:54.770151,594.0,327.0,91.0,151.0
4340,2,CAM001,2,1.8057532957284566,925,True,34bbee35-39af-49b9-ab65-c313c776cd74,Eastbound,2025-11-18 13:46:54.766203,452.0,340.0,79.0,130.0
4339,3,CAM002,55,1.979196118730809,875,True,3778898b-349e-4f75-8ea8-ae7872429588,Westbound,2025-11-18 13:46:49.691489,0.0,0.0,337.0,531.0
4338,4,CAM002,54,1.8108855294944388,875,True,3778898b-349e-4f75-8ea8-ae7872429588,Westbound,2025-11-18 13:46:49.687582,429.0,389.0,46.0,66.0
4337,7,CAM002,38,1.8985341908027349,875,True,3778898b-349e-4f75-8ea8-ae7872429588,Westbound,2025-11-18 13:46:49.684117,558.0,352.0,96.0,152.0
4336,2,CAM002,31,1.876749792464395,875,True,3778898b-349e-4f75-8ea8-ae7872429588,Westbound,2025-11-18 13:46:49.676373,444.0,372.0,154.0,165.0
4335,4,CAM001,35,1.9852717954977954,920,True,34bbee35-39af-49b9-ab65-c313c776cd74,Eastbound,2025-11-18 13:46:48.631291,287.0,335.0,78.0,101.0
4334,5,CAM001,23,1.890442132602119,920,True,34bbee35-39af-49b9-ab65-c313c776cd74,Eastbound,2025-11-18 13:46:48.628359,194.0,330.0,102.0,114.0
4333,7,CAM001,14,1.8502490587992044,920,True,34bbee35-39af-49b9-ab65-c313c776cd74,Eastbound,2025-11-18 13:46:48.625393,594.0,326.0,92.0,153.0
4332,2,CAM001,2,1.810533433940033,920,True,34bbee35-39af-49b9-ab65-c313c776cd74,Eastbound,2025-11-18 13:46:48.621918,453.0,339.0,76.0,131.0
4331,3,CAM002,55,1.8200828426714981,870,True,3778898b-349e-4f75-8ea8-ae7872429588,Westbound,2025-11-18 13:46:40.883264,2.0,0.0,335.0,533.0
4330,7,CAM002,38,1.8340010333983015,870,True,3778898b-349e-4f75-8ea8-ae7872429588,Westbound,2025-11-18 13:46:40.880753,558.0,351.0,97.0,154.0
4329,2,CAM002,31,1.7214738236241311,870,True,3778898b-349e-4f75-8ea8-ae7872429588,Westbound,2025-11-18 13:46:40.876845,444.0,372.0,154.0,166.0
4328,4,CAM001,35,2.0046058029069695,915,True,34bbee35-39af-49b9-ab65-c313c776cd74,Eastbound,2025-11-18 13:46:39.677167,292.0,336.0,74.0,99.0
4327,5,CAM001,25,2.0060020952327937,915,True,34bbee35-39af-49b9-ab65-c313c776cd74,Eastbound,2025-11-18 13:46:39.674235,191.0,306.0,103.0,136.0
4326,7,CAM001,14,1.848362296105369,915,True,34bbee35-39af-49b9-ab65-c313c776cd74,Eastbound,2025-11-18 13:46:39.671745,593.0,326.0,94.0,154.0
4325,2,CAM001,2,1.798441151745869,915,True,34bbee35-39af-49b9-ab65-c313c776cd74,Eastbound,2025-11-18 13:46:39.666827,457.0,340.0,74.0,130.0
4324,3,CAM002,55,1.8015522163976605,865,True,3778898b-349e-4f75-8ea8-ae7872429588,Westbound,2025-11-18 13:46:33.959055,1.0,0.0,335.0,531.0
4323,7,CAM002,38,1.907431102602605,865,True,3778898b-349e-4f75-8ea8-ae7872429588,Westbound,2025-11-18 13:46:33.956126,558.0,349.0,98.0,156.0
4322,2,CAM002,31,1.873192928158314,865,True,3778898b-349e-4f75-8ea8-ae7872429588,Westbound,2025-11-18 13:46:33.953254,444.0,372.0,154.0,166.0
4321,4,CAM001,35,1.982172090916634,910,True,34bbee35-39af-49b9-ab65-c313c776cd74,Eastbound,2025-11-18 13:46:32.752928,292.0,336.0,75.0,99.0
4320,5,CAM001,25,1.8983144317998522,910,True,34bbee35-39af-49b9-ab65-c313c776cd74,Eastbound,2025-11-18 13:46:32.750944,214.0,306.0,85.0,135.0
4319,3,CAM001,23,1.747841591784101,910,True,34bbee35-39af-49b9-ab65-c313c776cd74,Eastbound,2025-11-18 13:46:32.749969,173.0,332.0,94.0,112.0
4318,7,CAM001,14,1.8535925948560559,910,True,34bbee35-39af-49b9-ab65-c313c776cd74,Eastbound,2025-11-18 13:46:32.748014,593.0,327.0,93.0,153.0
4317,2,CAM001,2,1.801525724750006,910,True,34bbee35-39af-49b9-ab65-c313c776cd74,Eastbound,2025-11-18 13:46:32.745046,458.0,340.0,73.0,130.0
4316,3,CAM002,55,1.798264738460561,860,True,3778898b-349e-4f75-8ea8-ae7872429588,Westbound,2025-11-18 13:46:24.282847,8.0,0.0,325.0,528.0
4315,7,CAM002,38,1.9049078408897866,860,True,3778898b-349e-4f75-8ea8-ae7872429588,Westbound,2025-11-18 13:46:24.279888,558.0,349.0,97.0,155.0
4314,2,CAM002,31,1.8791702298099664,860,True,3778898b-349e-4f75-8ea8-ae7872429588,Westbound,2025-11-18 13:46:24.271475,444.0,371.0,155.0,167.0
4313,4,CAM001,35,2.0059333126799226,905,True,34bbee35-39af-49b9-ab65-c313c776cd74,Eastbound,2025-11-18 13:46:23.183604,294.0,338.0,73.0,96.0
4312,5,CAM001,25,2.006600357943882,905,True,34bbee35-39af-49b9-ab65-c313c776cd74,Eastbound,2025-11-18 13:46:23.180612,234.0,305.0,87.0,134.0
4311,3,CAM001,23,1.738226571538509,905,True,34bbee35-39af-49b9-ab65-c313c776cd74,Eastbound,2025-11-18 13:46:23.178659,168.0,331.0,102.0,113.0
4310,7,CAM001,14,1.8461551290562737,905,True,34bbee35-39af-49b9-ab65-c313c776cd74,Eastbound,2025-11-18 13:46:23.175656,593.0,329.0,92.0,151.0
4309,2,CAM001,2,1.8182989909379697,905,True,34bbee35-39af-49b9-ab65-c313c776cd74,Eastbound,2025-11-18 13:46:23.171158,458.0,340.0,74.0,130.0
4308,3,CAM002,55,1.799760502274803,855,True,3778898b-349e-4f75-8ea8-ae7872429588,Westbound,2025-11-18 13:46:14.577552,2.0,0.0,323.0,533.0
4307,7,CAM002,38,1.9195207891918185,855,True,3778898b-349e-4f75-8ea8-ae7872429588,Westbound,2025-11-18 13:46:14.575599,558.0,349.0,97.0,154.0
4306,2,CAM002,31,1.8592857916036145,855,True,3778898b-349e-4f75-8ea8-ae7872429588,Westbound,2025-11-18 13:46:14.571154,444.0,372.0,155.0,166.0
4305,4,CAM001,35,1.9736793533517607,900,True,34bbee35-39af-49b9-ab65-c313c776cd74,Eastbound,2025-11-18 13:46:13.411425,291.0,336.0,75.0,99.0
4304,5,CAM001,25,1.8073261246754853,900,True,34bbee35-39af-49b9-ab65-c313c776cd74,Eastbound,2025-11-18 13:46:13.408496,236.0,313.0,87.0,110.0
4303,3,CAM001,23,1.7055634921941236,900,True,34bbee35-39af-49b9-ab65-c313c776cd74,Eastbound,2025-11-18 13:46:13.405567,168.0,330.0,117.0,114.0
4302,7,CAM001,14,1.8452966402737088,900,True,34bbee35-39af-49b9-ab65-c313c776cd74,Eastbound,2025-11-18 13:46:13.402598,594.0,329.0,91.0,150.0
4301,2,CAM001,2,1.8217246926753834,900,True,34bbee35-39af-49b9-ab65-c313c776cd74,Eastbound,2025-11-18 13:46:13.400121,458.0,340.0,75.0,130.0
4300,3,CAM002,55,1.8449631656388086,850,True,3778898b-349e-4f75-8ea8-ae7872429588,Westbound,2025-11-18 13:46:04.972339,1.0,0.0,324.0,536.0
4299,5,CAM002,54,1.77335307121777,850,True,3778898b-349e-4f75-8ea8-ae7872429588,Westbound,2025-11-18 13:46:04.969383,322.0,387.0,109.0,148.0
4298,7,CAM002,38,1.8962966758697075,850,True,3778898b-349e-4f75-8ea8-ae7872429588,Westbound,2025-11-18 13:46:04.966447,558.0,349.0,98.0,154.0
4297,2,CAM002,31,1.8880185593209737,850,True,3778898b-349e-4f75-8ea8-ae7872429588,Westbound,2025-11-18 13:46:04.962504,445.0,373.0,153.0,165.0
4296,4,CAM001,35,1.993817582977807,895,True,34bbee35-39af-49b9-ab65-c313c776cd74,Eastbound,2025-11-18 13:46:03.665414,287.0,335.0,77.0,102.0
4295,5,CAM001,25,1.5219857771482783,895,True,34bbee35-39af-49b9-ab65-c313c776cd74,Eastbound,2025-11-18 13:46:03.663435,255.0,328.0,56.0,67.0
4294,3,CAM001,23,1.7162448627123874,895,True,34bbee35-39af-49b9-ab65-c313c776cd74,Eastbound,2025-11-18 13:46:03.661451,181.0,318.0,129.0,125.0
4293,7,CAM001,14,1.8472067290412044,895,True,34bbee35-39af-49b9-ab65-c313c776cd74,Eastbound,2025-11-18 13:46:03.659499,593.0,325.0,93.0,154.0
4292,2,CAM001,2,1.8146185966277262,895,True,34bbee35-39af-49b9-ab65-c313c776cd74,Eastbound,2025-11-18 13:46:03.656505,458.0,340.0,76.0,130.0
4291,3,CAM002,55,2.011177860573149,845,True,3778898b-349e-4f75-8ea8-ae7872429588,Westbound,2025-11-18 13:45:55.147111,6.0,1.0,323.0,536.0
4290,5,CAM002,54,1.9739386563700607,845,True,3778898b-349e-4f75-8ea8-ae7872429588,Westbound,2025-11-18 13:45:55.142224,322.0,387.0,108.0,149.0
4289,4,CAM002,48,1.862530574849072,845,True,3778898b-349e-4f75-8ea8-ae7872429588,Westbound,2025-11-18 13:45:55.136301,430.0,388.0,43.0,65.0
4288,7,CAM002,38,1.8916012512089135,845,True,3778898b-349e-4f75-8ea8-ae7872429588,Westbound,2025-11-18 13:45:55.133369,557.0,350.0,99.0,154.0
4287,2,CAM002,31,1.886268172548203,845,True,3778898b-349e-4f75-8ea8-ae7872429588,Westbound,2025-11-18 13:45:55.128389,444.0,372.0,154.0,166.0
4286,4,CAM001,35,1.778179489319578,890,True,34bbee35-39af-49b9-ab65-c313c776cd74,Eastbound,2025-11-18 13:45:53.610758,288.0,336.0,77.0,101.0
4285,7,CAM001,14,1.8271635567034195,890,True,34bbee35-39af-49b9-ab65-c313c776cd74,Eastbound,2025-11-18 13:45:53.608829,593.0,325.0,93.0,155.0
4284,2,CAM001,2,1.7729913301637792,890,True,34bbee35-39af-49b9-ab65-c313c776cd74,Eastbound,2025-11-18 13:45:53.604362,455.0,341.0,79.0,129.0
4283,3,CAM002,55,2.00651729505797,840,True,3778898b-349e-4f75-8ea8-ae7872429588,Westbound,2025-11-18 13:45:45.351305,6.0,0.0,332.0,536.0
4282,5,CAM002,54,2.024072483135997,840,True,3778898b-349e-4f75-8ea8-ae7872429588,Westbound,2025-11-18 13:45:45.348412,320.0,387.0,109.0,151.0
4281,4,CAM002,48,1.8644134186977996,840,True,3778898b-349e-4f75-8ea8-ae7872429588,Westbound,2025-11-18 13:45:45.346422,430.0,388.0,43.0,65.0
4280,7,CAM002,38,1.8961400955134557,840,True,3778898b-349e-4f75-8ea8-ae7872429588,Westbound,2025-11-18 13:45:45.343423,558.0,353.0,98.0,152.0
4279,2,CAM002,31,1.880434462835722,840,True,3778898b-349e-4f75-8ea8-ae7872429588,Westbound,2025-11-18 13:45:45.339969,444.0,372.0,155.0,166.0
4278,4,CAM001,35,1.7916259935503867,885,True,34bbee35-39af-49b9-ab65-c313c776cd74,Eastbound,2025-11-18 13:45:43.314004,286.0,335.0,79.0,102.0
4277,7,CAM001,14,1.8355236141535758,885,True,34bbee35-39af-49b9-ab65-c313c776cd74,Eastbound,2025-11-18 13:45:43.311040,593.0,328.0,93.0,151.0
4276,2,CAM001,2,1.7823795352692406,885,True,34bbee35-39af-49b9-ab65-c313c776cd74,Eastbound,2025-11-18 13:45:43.293335,453.0,342.0,79.0,128.0
4275,5,CAM002,54,1.4282461362942824,835,True,3778898b-349e-4f75-8ea8-ae7872429588,Westbound,2025-11-18 13:45:35.264861,322.0,386.0,105.0,151.0
4274,4,CAM002,48,1.7268042382463755,835,True,3778898b-349e-4f75-8ea8-ae7872429588,Westbound,2025-11-18 13:45:35.262904,431.0,389.0,41.0,65.0
4273,7,CAM002,38,1.869751448090268,835,True,3778898b-349e-4f75-8ea8-ae7872429588,Westbound,2025-11-18 13:45:35.260420,558.0,353.0,99.0,152.0
4272,2,CAM002,31,1.7909247997432756,835,True,3778898b-349e-4f75-8ea8-ae7872429588,Westbound,2025-11-18 13:45:35.256960,445.0,373.0,153.0,165.0
4271,4,CAM001,35,2.0169197592634767,880,True,34bbee35-39af-49b9-ab65-c313c776cd74,Eastbound,2025-11-18 13:45:34.800638,284.0,334.0,81.0,101.0
4270,3,CAM001,25,2.024040358838523,880,True,34bbee35-39af-49b9-ab65-c313c776cd74,Eastbound,2025-11-18 13:45:34.716842,255.0,328.0,55.0,65.0
4269,5,CAM001,23,1.9737341505053945,880,True,34bbee35-39af-49b9-ab65-c313c776cd74,Eastbound,2025-11-18 13:45:34.713908,165.0,326.0,140.0,117.0
4268,7,CAM001,14,1.8390588466857265,880,True,34bbee35-39af-49b9-ab65-c313c776cd74,Eastbound,2025-11-18 13:45:34.710947,594.0,328.0,92.0,150.0
4267,2,CAM001,2,1.8172923317520242,880,True,34bbee35-39af-49b9-ab65-c313c776cd74,Eastbound,2025-11-18 13:45:34.706945,454.0,342.0,81.0,128.0
4266,7,CAM002,38,1.8577317109305507,830,True,3778898b-349e-4f75-8ea8-ae7872429588,Westbound,2025-11-18 13:45:29.780650,558.0,353.0,99.0,152.0
4265,2,CAM002,31,1.7757225763551026,830,True,3778898b-349e-4f75-8ea8-ae7872429588,Westbound,2025-11-18 13:45:29.777685,445.0,373.0,153.0,165.0
4264,4,CAM001,35,1.999800231925055,875,True,34bbee35-39af-49b9-ab65-c313c776cd74,Eastbound,2025-11-18 13:45:29.453873,282.0,334.0,83.0,101.0
4263,3,CAM001,25,2.027433211899003,875,True,34bbee35-39af-49b9-ab65-c313c776cd74,Eastbound,2025-11-18 13:45:29.451910,254.0,329.0,56.0,65.0
4262,5,CAM001,23,2.000225051063211,875,True,34bbee35-39af-49b9-ab65-c313c776cd74,Eastbound,2025-11-18 13:45:29.449404,175.0,331.0,133.0,112.0
4261,7,CAM001,14,1.8284460190966658,875,True,34bbee35-39af-49b9-ab65-c313c776cd74,Eastbound,2025-11-18 13:45:29.446312,593.0,328.0,94.0,150.0
4260,2,CAM001,2,1.7818249498879228,875,True,34bbee35-39af-49b9-ab65-c313c776cd74,Eastbound,2025-11-18 13:45:29.442282,450.0,341.0,84.0,129.0
4259,4,CAM002,48,1.7359932715953659,825,True,3778898b-349e-4f75-8ea8-ae7872429588,Westbound,2025-11-18 13:45:23.178840,431.0,390.0,42.0,65.0
4258,7,CAM002,38,1.8586748472939711,825,True,3778898b-349e-4f75-8ea8-ae7872429588,Westbound,2025-11-18 13:45:23.175909,558.0,352.0,99.0,153.0
4257,2,CAM002,31,1.7961528889362677,825,True,3778898b-349e-4f75-8ea8-ae7872429588,Westbound,2025-11-18 13:45:23.171998,445.0,372.0,153.0,166.0
4256,4,CAM001,35,1.7730213434446478,870,True,34bbee35-39af-49b9-ab65-c313c776cd74,Eastbound,2025-11-18 13:45:22.764640,282.0,336.0,82.0,98.0
4255,3,CAM001,25,1.9326314011767012,870,True,34bbee35-39af-49b9-ab65-c313c776cd74,Eastbound,2025-11-18 13:45:22.762688,254.0,329.0,56.0,65.0
4254,5,CAM001,23,2.020303558802863,870,True,34bbee35-39af-49b9-ab65-c313c776cd74,Eastbound,2025-11-18 13:45:22.758768,176.0,331.0,131.0,112.0
4253,7,CAM001,14,1.8352756319342736,870,True,34bbee35-39af-49b9-ab65-c313c776cd74,Eastbound,2025-11-18 13:45:22.756765,593.0,330.0,93.0,148.0
4252,2,CAM001,2,1.7737993607397295,870,True,34bbee35-39af-49b9-ab65-c313c776cd74,Eastbound,2025-11-18 13:45:22.751907,446.0,339.0,86.0,132.0
4251,4,CAM002,48,1.8226773901242108,820,True,3778898b-349e-4f75-8ea8-ae7872429588,Westbound,2025-11-18 13:45:17.650880,431.0,390.0,42.0,65.0
4250,7,CAM002,38,1.884400613298123,820,True,3778898b-349e-4f75-8ea8-ae7872429588,Westbound,2025-11-18 13:45:17.646970,557.0,351.0,101.0,154.0
4249,2,CAM002,31,1.8714851088588413,820,True,3778898b-349e-4f75-8ea8-ae7872429588,Westbound,2025-11-18 13:45:17.638044,445.0,372.0,153.0,167.0
4248,4,CAM001,35,1.7369519188972138,865,True,34bbee35-39af-49b9-ab65-c313c776cd74,Eastbound,2025-11-18 13:45:17.228580,284.0,338.0,78.0,96.0
4247,5,CAM001,23,1.9356564735674135,865,True,34bbee35-39af-49b9-ab65-c313c776cd74,Eastbound,2025-11-18 13:45:17.224674,176.0,331.0,131.0,111.0
4246,7,CAM001,14,1.836493777237536,865,True,34bbee35-39af-49b9-ab65-c313c776cd74,Eastbound,2025-11-18 13:45:17.221739,592.0,329.0,94.0,148.0
4245,2,CAM001,2,1.788488806749236,865,True,34bbee35-39af-49b9-ab65-c313c776cd74,Eastbound,2025-11-18 13:45:17.217739,445.0,336.0,87.0,137.0
4244,3,CAM002,55,1.6855425213624773,815,True,3778898b-349e-4f75-8ea8-ae7872429588,Westbound,2025-11-18 13:45:09.346168,42.0,5.0,355.0,524.0
4243,4,CAM002,48,1.8249122108218756,815,True,3778898b-349e-4f75-8ea8-ae7872429588,Westbound,2025-11-18 13:45:09.342640,431.0,389.0,43.0,66.0
4242,7,CAM002,38,1.9011039673843233,815,True,3778898b-349e-4f75-8ea8-ae7872429588,Westbound,2025-11-18 13:45:09.339614,558.0,352.0,101.0,152.0
4241,2,CAM002,31,1.87126686442521,815,True,3778898b-349e-4f75-8ea8-ae7872429588,Westbound,2025-11-18 13:45:09.335707,445.0,371.0,153.0,168.0
4240,4,CAM001,35,1.7536132710892376,860,True,34bbee35-39af-49b9-ab65-c313c776cd74,Eastbound,2025-11-18 13:45:08.508596,288.0,336.0,73.0,98.0
4239,5,CAM001,25,1.9625894282127367,860,True,34bbee35-39af-49b9-ab65-c313c776cd74,Eastbound,2025-11-18 13:45:08.473862,258.0,329.0,55.0,65.0
4238,3,CAM001,23,1.6960977051314774,860,True,34bbee35-39af-49b9-ab65-c313c776cd74,Eastbound,2025-11-18 13:45:08.470856,177.0,330.0,127.0,112.0
4237,7,CAM001,14,1.8488324962786395,860,True,34bbee35-39af-49b9-ab65-c313c776cd74,Eastbound,2025-11-18 13:45:08.466905,593.0,331.0,92.0,146.0
4236,2,CAM001,2,1.8134437289326122,860,True,34bbee35-39af-49b9-ab65-c313c776cd74,Eastbound,2025-11-18 13:45:08.462943,445.0,335.0,88.0,138.0
4235,3,CAM002,55,1.784482138823461,810,True,3778898b-349e-4f75-8ea8-ae7872429588,Westbound,2025-11-18 13:44:59.782793,30.0,9.0,318.0,522.0
4234,5,CAM002,54,1.6839285998213247,810,True,3778898b-349e-4f75-8ea8-ae7872429588,Westbound,2025-11-18 13:44:59.779318,327.0,385.0,105.0,152.0
4233,4,CAM002,48,1.8688251176164308,810,True,3778898b-349e-4f75-8ea8-ae7872429588,Westbound,2025-11-18 13:44:59.776389,431.0,388.0,42.0,66.0
4232,7,CAM002,38,1.891046683949281,810,True,3778898b-349e-4f75-8ea8-ae7872429588,Westbound,2025-11-18 13:44:59.773450,559.0,351.0,100.0,153.0
4231,2,CAM002,31,1.884939566232085,810,True,3778898b-349e-4f75-8ea8-ae7872429588,Westbound,2025-11-18 13:44:59.769951,444.0,369.0,154.0,169.0
4230,8,CAM001,36,1.7150878208938594,855,True,34bbee35-39af-49b9-ab65-c313c776cd74,Eastbound,2025-11-18 13:44:58.441499,150.0,351.0,49.0,67.0
4229,4,CAM001,35,1.7489401823253876,855,True,34bbee35-39af-49b9-ab65-c313c776cd74,Eastbound,2025-11-18 13:44:58.439000,300.0,332.0,65.0,101.0
4228,6,CAM001,27,2.023376881897777,855,True,34bbee35-39af-49b9-ab65-c313c776cd74,Eastbound,2025-11-18 13:44:58.436044,87.0,328.0,75.0,105.0
4227,5,CAM001,25,1.6667365799536826,855,True,34bbee35-39af-49b9-ab65-c313c776cd74,Eastbound,2025-11-18 13:44:58.433519,258.0,328.0,58.0,67.0
4226,3,CAM001,23,1.7534613791271718,855,True,34bbee35-39af-49b9-ab65-c313c776cd74,Eastbound,2025-11-18 13:44:58.430956,182.0,329.0,127.0,113.0
4225,7,CAM001,14,1.844386169475144,855,True,34bbee35-39af-49b9-ab65-c313c776cd74,Eastbound,2025-11-18 13:44:58.428450,594.0,333.0,92.0,145.0
4224,2,CAM001,2,1.816471578003255,855,True,34bbee35-39af-49b9-ab65-c313c776cd74,Eastbound,2025-11-18 13:44:58.425538,446.0,335.0,87.0,137.0
4223,3,CAM002,55,1.748228034116437,805,True,3778898b-349e-4f75-8ea8-ae7872429588,Westbound,2025-11-18 13:44:48.174245,47.0,4.0,291.0,526.0
4222,5,CAM002,54,1.7394012289881833,805,True,3778898b-349e-4f75-8ea8-ae7872429588,Westbound,2025-11-18 13:44:48.172265,327.0,385.0,105.0,152.0
4221,4,CAM002,48,1.8727286928451334,805,True,3778898b-349e-4f75-8ea8-ae7872429588,Westbound,2025-11-18 13:44:48.170246,430.0,388.0,42.0,66.0
4220,7,CAM002,38,1.9120515108619067,805,True,3778898b-349e-4f75-8ea8-ae7872429588,Westbound,2025-11-18 13:44:48.167275,557.0,350.0,103.0,155.0
4219,2,CAM002,31,1.882764122942707,805,True,3778898b-349e-4f75-8ea8-ae7872429588,Westbound,2025-11-18 13:44:48.137118,443.0,367.0,156.0,172.0
4218,8,CAM001,36,1.9760251478786803,850,True,34bbee35-39af-49b9-ab65-c313c776cd74,Eastbound,2025-11-18 13:44:47.061117,150.0,350.0,51.0,69.0
4217,4,CAM001,35,1.8334766035551515,850,True,34bbee35-39af-49b9-ab65-c313c776cd74,Eastbound,2025-11-18 13:44:47.058157,312.0,329.0,64.0,105.0
4216,6,CAM001,27,2.0066845502847483,850,True,34bbee35-39af-49b9-ab65-c313c776cd74,Eastbound,2025-11-18 13:44:47.056240,87.0,328.0,75.0,105.0
4215,5,CAM001,25,1.6694771698606714,850,True,34bbee35-39af-49b9-ab65-c313c776cd74,Eastbound,2025-11-18 13:44:47.053239,257.0,327.0,59.0,66.0
4214,3,CAM001,23,1.719592503051421,850,True,34bbee35-39af-49b9-ab65-c313c776cd74,Eastbound,2025-11-18 13:44:47.049776,183.0,328.0,127.0,114.0
4213,7,CAM001,14,1.8432312260529755,850,True,34bbee35-39af-49b9-ab65-c313c776cd74,Eastbound,2025-11-18 13:44:47.047823,595.0,334.0,91.0,144.0
4212,2,CAM001,2,1.8234535003741255,850,True,34bbee35-39af-49b9-ab65-c313c776cd74,Eastbound,2025-11-18 13:44:47.043384,449.0,336.0,85.0,135.0
4211,3,CAM002,55,1.7102985760605578,800,True,3778898b-349e-4f75-8ea8-ae7872429588,Westbound,2025-11-18 13:44:37.190258,69.0,11.0,296.0,527.0
4210,5,CAM002,54,1.7276963124699993,800,True,3778898b-349e-4f75-8ea8-ae7872429588,Westbound,2025-11-18 13:44:37.186354,328.0,385.0,105.0,152.0
4209,4,CAM002,48,1.854541909285094,800,True,3778898b-349e-4f75-8ea8-ae7872429588,Westbound,2025-11-18 13:44:37.182888,431.0,389.0,40.0,65.0
4208,7,CAM002,38,1.90284248456482,800,True,3778898b-349e-4f75-8ea8-ae7872429588,Westbound,2025-11-18 13:44:37.179925,558.0,350.0,102.0,154.0
4207,2,CAM002,31,1.8724138677632212,800,True,3778898b-349e-4f75-8ea8-ae7872429588,Westbound,2025-11-18 13:44:37.176995,443.0,368.0,156.0,171.0
4206,4,CAM001,35,1.8119912609358229,845,True,34bbee35-39af-49b9-ab65-c313c776cd74,Eastbound,2025-11-18 13:44:35.903613,313.0,330.0,65.0,105.0
4205,6,CAM001,27,1.4684221715665582,845,True,34bbee35-39af-49b9-ab65-c313c776cd74,Eastbound,2025-11-18 13:44:35.901655,87.0,327.0,75.0,106.0
4204,5,CAM001,25,1.60532429384921,845,True,34bbee35-39af-49b9-ab65-c313c776cd74,Eastbound,2025-11-18 13:44:35.899161,258.0,327.0,59.0,67.0
4203,3,CAM001,23,1.69281390434699,845,True,34bbee35-39af-49b9-ab65-c313c776cd74,Eastbound,2025-11-18 13:44:35.896230,182.0,328.0,128.0,115.0
4202,7,CAM001,14,1.844050152263931,845,True,34bbee35-39af-49b9-ab65-c313c776cd74,Eastbound,2025-11-18 13:44:35.893302,592.0,331.0,94.0,148.0
4201,2,CAM001,2,1.7994449008906224,845,True,34bbee35-39af-49b9-ab65-c313c776cd74,Eastbound,2025-11-18 13:44:35.889841,450.0,337.0,84.0,133.0
4200,3,CAM002,55,1.7476189521780923,795,True,3778898b-349e-4f75-8ea8-ae7872429588,Westbound,2025-11-18 13:44:27.526464,61.0,20.0,291.0,518.0
4199,5,CAM002,54,1.7161585465574511,795,True,3778898b-349e-4f75-8ea8-ae7872429588,Westbound,2025-11-18 13:44:27.523530,329.0,384.0,104.0,153.0
4198,4,CAM002,48,1.861745765580337,795,True,3778898b-349e-4f75-8ea8-ae7872429588,Westbound,2025-11-18 13:44:27.521037,431.0,390.0,39.0,64.0
4197,7,CAM002,38,1.9199279400543159,795,True,3778898b-349e-4f75-8ea8-ae7872429588,Westbound,2025-11-18 13:44:27.518076,559.0,352.0,101.0,152.0
4196,2,CAM002,31,1.8792717982179261,795,True,3778898b-349e-4f75-8ea8-ae7872429588,Westbound,2025-11-18 13:44:27.514137,442.0,369.0,157.0,169.0
4195,4,CAM001,35,1.8224637698401722,840,True,34bbee35-39af-49b9-ab65-c313c776cd74,Eastbound,2025-11-18 13:44:26.337051,314.0,331.0,65.0,104.0
4194,5,CAM001,25,1.63727800143045,840,True,34bbee35-39af-49b9-ab65-c313c776cd74,Eastbound,2025-11-18 13:44:26.334152,258.0,327.0,60.0,67.0
4193,3,CAM001,23,1.6688459397972335,840,True,34bbee35-39af-49b9-ab65-c313c776cd74,Eastbound,2025-11-18 13:44:26.332134,179.0,328.0,131.0,116.0
4192,7,CAM001,14,1.8519317191205584,840,True,34bbee35-39af-49b9-ab65-c313c776cd74,Eastbound,2025-11-18 13:44:26.328670,591.0,330.0,94.0,150.0
4191,2,CAM001,2,1.8081210623213044,840,True,34bbee35-39af-49b9-ab65-c313c776cd74,Eastbound,2025-11-18 13:44:26.325759,450.0,336.0,85.0,134.0
4190,3,CAM002,55,1.7567251744623136,790,True,3778898b-349e-4f75-8ea8-ae7872429588,Westbound,2025-11-18 13:44:17.715253,65.0,25.0,281.0,512.0
4189,5,CAM002,54,1.7134613544896389,790,True,3778898b-349e-4f75-8ea8-ae7872429588,Westbound,2025-11-18 13:44:17.713301,325.0,384.0,104.0,154.0
4188,4,CAM002,48,1.8201906670841483,790,True,3778898b-349e-4f75-8ea8-ae7872429588,Westbound,2025-11-18 13:44:17.709801,431.0,389.0,39.0,65.0
4187,7,CAM002,38,1.9084887082481599,790,True,3778898b-349e-4f75-8ea8-ae7872429588,Westbound,2025-11-18 13:44:17.706870,559.0,351.0,101.0,153.0
4186,2,CAM002,31,1.8754791990279152,790,True,3778898b-349e-4f75-8ea8-ae7872429588,Westbound,2025-11-18 13:44:17.702986,442.0,369.0,157.0,169.0
4185,4,CAM001,35,1.9982209562917852,835,True,34bbee35-39af-49b9-ab65-c313c776cd74,Eastbound,2025-11-18 13:44:16.487543,314.0,331.0,65.0,103.0
4184,5,CAM001,25,1.6256181337309825,835,True,34bbee35-39af-49b9-ab65-c313c776cd74,Eastbound,2025-11-18 13:44:16.483639,258.0,327.0,60.0,66.0
4183,3,CAM001,23,1.6864037391141011,835,True,34bbee35-39af-49b9-ab65-c313c776cd74,Eastbound,2025-11-18 13:44:16.480704,179.0,328.0,130.0,115.0
4182,7,CAM001,14,1.8551653934105614,835,True,34bbee35-39af-49b9-ab65-c313c776cd74,Eastbound,2025-11-18 13:44:16.478679,591.0,330.0,94.0,150.0
4181,2,CAM001,2,1.8116309429321586,835,True,34bbee35-39af-49b9-ab65-c313c776cd74,Eastbound,2025-11-18 13:44:16.474771,448.0,336.0,87.0,134.0
4180,3,CAM002,55,1.7497551667045144,785,True,3778898b-349e-4f75-8ea8-ae7872429588,Westbound,2025-11-18 13:44:08.140615,63.0,27.0,272.0,509.0
4179,5,CAM002,54,1.6932974200012378,785,True,3778898b-349e-4f75-8ea8-ae7872429588,Westbound,2025-11-18 13:44:08.138633,326.0,384.0,101.0,155.0
4178,4,CAM002,48,1.8713148344826847,785,True,3778898b-349e-4f75-8ea8-ae7872429588,Westbound,2025-11-18 13:44:08.135703,430.0,387.0,41.0,67.0
4177,7,CAM002,38,1.8917453822126598,785,True,3778898b-349e-4f75-8ea8-ae7872429588,Westbound,2025-11-18 13:44:08.132774,558.0,352.0,102.0,153.0
4176,2,CAM002,31,1.879571318640872,785,True,3778898b-349e-4f75-8ea8-ae7872429588,Westbound,2025-11-18 13:44:08.129272,442.0,370.0,159.0,169.0
4175,4,CAM001,35,1.8139096736078328,830,True,34bbee35-39af-49b9-ab65-c313c776cd74,Eastbound,2025-11-18 13:44:06.940813,314.0,331.0,65.0,102.0
4174,5,CAM001,25,1.6214339396401054,830,True,34bbee35-39af-49b9-ab65-c313c776cd74,Eastbound,2025-11-18 13:44:06.937855,258.0,327.0,60.0,66.0
4173,3,CAM001,23,1.713011796899167,830,True,34bbee35-39af-49b9-ab65-c313c776cd74,Eastbound,2025-11-18 13:44:06.934963,181.0,328.0,130.0,115.0
4172,7,CAM001,14,1.8516455101894425,830,True,34bbee35-39af-49b9-ab65-c313c776cd74,Eastbound,2025-11-18 13:44:06.931989,591.0,331.0,94.0,148.0
4171,2,CAM001,2,1.8038132731493204,830,True,34bbee35-39af-49b9-ab65-c313c776cd74,Eastbound,2025-11-18 13:44:06.929466,448.0,336.0,87.0,135.0
4170,3,CAM002,55,1.9745424020689242,780,True,3778898b-349e-4f75-8ea8-ae7872429588,Westbound,2025-11-18 13:43:57.964720,55.0,30.0,257.0,506.0
4169,5,CAM002,54,1.7522217226680503,780,True,3778898b-349e-4f75-8ea8-ae7872429588,Westbound,2025-11-18 13:43:57.961766,333.0,383.0,98.0,156.0
4168,4,CAM002,48,1.5410208457343106,780,True,3778898b-349e-4f75-8ea8-ae7872429588,Westbound,2025-11-18 13:43:57.957322,430.0,388.0,41.0,65.0
4167,7,CAM002,38,1.9047127637420649,780,True,3778898b-349e-4f75-8ea8-ae7872429588,Westbound,2025-11-18 13:43:57.954386,557.0,353.0,102.0,153.0
4166,2,CAM002,31,1.8743330380714105,780,True,3778898b-349e-4f75-8ea8-ae7872429588,Westbound,2025-11-18 13:43:57.948939,442.0,371.0,158.0,167.0
4165,5,CAM001,25,1.617387499693608,825,True,34bbee35-39af-49b9-ab65-c313c776cd74,Eastbound,2025-11-18 13:43:56.777843,258.0,328.0,60.0,65.0
4164,4,CAM001,23,1.9951007193814907,825,True,34bbee35-39af-49b9-ab65-c313c776cd74,Eastbound,2025-11-18 13:43:56.772423,179.0,328.0,132.0,115.0
4163,7,CAM001,14,1.845687265658925,825,True,34bbee35-39af-49b9-ab65-c313c776cd74,Eastbound,2025-11-18 13:43:56.769459,592.0,332.0,92.0,147.0
4162,2,CAM001,2,1.7826996990504345,825,True,34bbee35-39af-49b9-ab65-c313c776cd74,Eastbound,2025-11-18 13:43:56.763567,446.0,334.0,89.0,137.0
4161,3,CAM002,55,1.9947549459619476,775,True,3778898b-349e-4f75-8ea8-ae7872429588,Westbound,2025-11-18 13:43:48.719127,42.0,36.0,242.0,503.0
4160,5,CAM002,54,1.7972586589014201,775,True,3778898b-349e-4f75-8ea8-ae7872429588,Westbound,2025-11-18 13:43:48.715201,336.0,382.0,100.0,156.0
4159,4,CAM002,42,1.7839546719560764,775,True,3778898b-349e-4f75-8ea8-ae7872429588,Westbound,2025-11-18 13:43:48.711263,256.0,366.0,180.0,174.0
4158,7,CAM002,38,1.904777388633222,775,True,3778898b-349e-4f75-8ea8-ae7872429588,Westbound,2025-11-18 13:43:48.708749,554.0,349.0,106.0,156.0
4157,2,CAM002,31,1.8821833284176506,775,True,3778898b-349e-4f75-8ea8-ae7872429588,Westbound,2025-11-18 13:43:48.704842,442.0,373.0,157.0,165.0
4156,5,CAM001,25,1.4677464270967646,820,True,34bbee35-39af-49b9-ab65-c313c776cd74,Eastbound,2025-11-18 13:43:47.503753,259.0,328.0,59.0,65.0
4155,4,CAM001,23,1.5365256962260765,820,True,34bbee35-39af-49b9-ab65-c313c776cd74,Eastbound,2025-11-18 13:43:47.500790,167.0,319.0,142.0,123.0
4154,7,CAM001,14,1.8260599254170768,820,True,34bbee35-39af-49b9-ab65-c313c776cd74,Eastbound,2025-11-18 13:43:47.498263,596.0,334.0,88.0,145.0
4153,2,CAM001,2,1.77740282998763,820,True,34bbee35-39af-49b9-ab65-c313c776cd74,Eastbound,2025-11-18 13:43:47.494356,447.0,334.0,89.0,138.0
4152,3,CAM002,55,2.000248085765734,770,True,3778898b-349e-4f75-8ea8-ae7872429588,Westbound,2025-11-18 13:43:38.954361,36.0,46.0,229.0,492.0
4151,5,CAM002,54,2.001617825553955,770,True,3778898b-349e-4f75-8ea8-ae7872429588,Westbound,2025-11-18 13:43:38.950449,334.0,381.0,101.0,157.0
4150,4,CAM002,42,2.0031988833386416,770,True,3778898b-349e-4f75-8ea8-ae7872429588,Westbound,2025-11-18 13:43:38.947914,252.0,366.0,184.0,174.0
4149,7,CAM002,38,1.8800223982724213,770,True,3778898b-349e-4f75-8ea8-ae7872429588,Westbound,2025-11-18 13:43:38.944008,551.0,347.0,107.0,157.0
4148,2,CAM002,31,1.8771243912242206,770,True,3778898b-349e-4f75-8ea8-ae7872429588,Westbound,2025-11-18 13:43:38.941081,441.0,373.0,159.0,166.0
4147,7,CAM001,14,1.833975408777518,815,True,34bbee35-39af-49b9-ab65-c313c776cd74,Eastbound,2025-11-18 13:43:37.607490,599.0,337.0,86.0,142.0
4146,2,CAM001,2,1.7750618902917128,815,True,34bbee35-39af-49b9-ab65-c313c776cd74,Eastbound,2025-11-18 13:43:37.602073,448.0,334.0,87.0,138.0
4145,3,CAM002,55,1.9414480080218037,765,True,3778898b-349e-4f75-8ea8-ae7872429588,Westbound,2025-11-18 13:43:29.471880,38.0,52.0,206.0,483.0
4144,5,CAM002,54,2.0290446128679673,765,True,3778898b-349e-4f75-8ea8-ae7872429588,Westbound,2025-11-18 13:43:29.467894,333.0,381.0,101.0,156.0
4143,4,CAM002,42,1.9999894050135343,765,True,3778898b-349e-4f75-8ea8-ae7872429588,Westbound,2025-11-18 13:43:29.465940,249.0,366.0,184.0,174.0
4142,7,CAM002,38,1.86931736686779,765,True,3778898b-349e-4f75-8ea8-ae7872429588,Westbound,2025-11-18 13:43:29.463010,551.0,348.0,106.0,155.0
4141,2,CAM002,31,1.8699118192171147,765,True,3778898b-349e-4f75-8ea8-ae7872429588,Westbound,2025-11-18 13:43:29.459050,441.0,373.0,157.0,164.0
4140,8,CAM001,25,2.0186769711555894,810,True,34bbee35-39af-49b9-ab65-c313c776cd74,Eastbound,2025-11-18 13:43:28.260339,259.0,327.0,59.0,66.0
4139,7,CAM001,14,1.812592754830615,810,True,34bbee35-39af-49b9-ab65-c313c776cd74,Eastbound,2025-11-18 13:43:28.253914,595.0,334.0,90.0,144.0
4138,2,CAM001,2,1.829831669786234,810,True,34bbee35-39af-49b9-ab65-c313c776cd74,Eastbound,2025-11-18 13:43:28.250001,450.0,334.0,85.0,138.0
4137,3,CAM002,55,1.9383269513027066,760,True,3778898b-349e-4f75-8ea8-ae7872429588,Westbound,2025-11-18 13:43:19.674005,39.0,51.0,171.0,483.0
4136,5,CAM002,54,1.9711319865289627,760,True,3778898b-349e-4f75-8ea8-ae7872429588,Westbound,2025-11-18 13:43:19.671071,332.0,381.0,103.0,156.0
4135,8,CAM002,48,1.765992871898255,760,True,3778898b-349e-4f75-8ea8-ae7872429588,Westbound,2025-11-18 13:43:19.668582,430.0,388.0,40.0,65.0
4134,4,CAM002,42,1.7551164311419494,760,True,3778898b-349e-4f75-8ea8-ae7872429588,Westbound,2025-11-18 13:43:19.666626,248.0,366.0,185.0,174.0
4133,7,CAM002,38,1.8912305028310818,760,True,3778898b-349e-4f75-8ea8-ae7872429588,Westbound,2025-11-18 13:43:19.663165,547.0,346.0,108.0,156.0
4132,2,CAM002,31,1.8625132648640688,760,True,3778898b-349e-4f75-8ea8-ae7872429588,Westbound,2025-11-18 13:43:19.659227,441.0,373.0,155.0,163.0
4131,8,CAM001,25,1.6517568522546844,805,True,34bbee35-39af-49b9-ab65-c313c776cd74,Eastbound,2025-11-18 13:43:18.419175,259.0,328.0,60.0,65.0
4130,4,CAM001,23,1.5204052264293977,805,True,34bbee35-39af-49b9-ab65-c313c776cd74,Eastbound,2025-11-18 13:43:18.416246,164.0,327.0,151.0,116.0
4129,7,CAM001,14,1.837944965279349,805,True,34bbee35-39af-49b9-ab65-c313c776cd74,Eastbound,2025-11-18 13:43:18.413314,590.0,329.0,93.0,149.0
4128,2,CAM001,2,1.7697125897153758,805,True,34bbee35-39af-49b9-ab65-c313c776cd74,Eastbound,2025-11-18 13:43:18.409844,457.0,335.0,79.0,136.0
4127,3,CAM002,55,1.9743895109821625,755,True,3778898b-349e-4f75-8ea8-ae7872429588,Westbound,2025-11-18 13:43:10.888906,30.0,40.0,145.0,493.0
4126,5,CAM002,54,2.0100194245080036,755,True,3778898b-349e-4f75-8ea8-ae7872429588,Westbound,2025-11-18 13:43:10.885977,333.0,381.0,102.0,156.0
4125,8,CAM002,48,1.476861287311548,755,True,3778898b-349e-4f75-8ea8-ae7872429588,Westbound,2025-11-18 13:43:10.882511,430.0,388.0,40.0,65.0
4124,4,CAM002,42,2.0207957991805774,755,True,3778898b-349e-4f75-8ea8-ae7872429588,Westbound,2025-11-18 13:43:10.879020,248.0,367.0,183.0,173.0
4123,7,CAM002,38,1.8664533719048229,755,True,3778898b-349e-4f75-8ea8-ae7872429588,Westbound,2025-11-18 13:43:10.875114,546.0,345.0,109.0,156.0
4122,2,CAM002,31,1.8358781403157012,755,True,3778898b-349e-4f75-8ea8-ae7872429588,Westbound,2025-11-18 13:43:10.870226,440.0,372.0,157.0,166.0
4121,8,CAM001,25,1.988060889098132,800,True,34bbee35-39af-49b9-ab65-c313c776cd74,Eastbound,2025-11-18 13:43:09.499694,259.0,329.0,59.0,65.0
4120,7,CAM001,14,1.8013921012834349,800,True,34bbee35-39af-49b9-ab65-c313c776cd74,Eastbound,2025-11-18 13:43:09.495737,589.0,325.0,94.0,155.0
4119,2,CAM001,2,1.685517389821049,800,True,34bbee35-39af-49b9-ab65-c313c776cd74,Eastbound,2025-11-18 13:43:09.492703,462.0,335.0,80.0,135.0
4118,3,CAM002,55,1.9448441594843418,750,True,3778898b-349e-4f75-8ea8-ae7872429588,Westbound,2025-11-18 13:43:05.430752,18.0,42.0,126.0,489.0
4117,8,CAM002,54,1.6100341912272103,750,True,3778898b-349e-4f75-8ea8-ae7872429588,Westbound,2025-11-18 13:43:05.428751,331.0,382.0,104.0,155.0
4116,5,CAM002,48,1.9901097572544793,750,True,3778898b-349e-4f75-8ea8-ae7872429588,Westbound,2025-11-18 13:43:05.426801,431.0,388.0,40.0,65.0
4115,4,CAM002,42,2.024253051337866,750,True,3778898b-349e-4f75-8ea8-ae7872429588,Westbound,2025-11-18 13:43:05.423873,249.0,368.0,181.0,172.0
4114,7,CAM002,38,1.8558739566462008,750,True,3778898b-349e-4f75-8ea8-ae7872429588,Westbound,2025-11-18 13:43:05.420940,544.0,347.0,108.0,154.0
4113,2,CAM002,31,1.8275116075615174,750,True,3778898b-349e-4f75-8ea8-ae7872429588,Westbound,2025-11-18 13:43:05.418413,441.0,371.0,156.0,167.0
4112,8,CAM001,25,1.463779958153496,795,True,34bbee35-39af-49b9-ab65-c313c776cd74,Eastbound,2025-11-18 13:43:04.877615,258.0,330.0,59.0,65.0
4111,7,CAM001,14,1.8153597090986129,795,True,34bbee35-39af-49b9-ab65-c313c776cd74,Eastbound,2025-11-18 13:43:04.874686,588.0,321.0,97.0,159.0
4110,2,CAM001,2,1.7300226894760942,795,True,34bbee35-39af-49b9-ab65-c313c776cd74,Eastbound,2025-11-18 13:43:04.872732,461.0,335.0,80.0,135.0
4109,5,CAM002,48,1.591400962329107,745,True,3778898b-349e-4f75-8ea8-ae7872429588,Westbound,2025-11-18 13:43:00.726998,431.0,388.0,40.0,65.0
4108,4,CAM002,42,2.03093565011724,745,True,3778898b-349e-4f75-8ea8-ae7872429588,Westbound,2025-11-18 13:43:00.724080,248.0,367.0,183.0,173.0
4107,7,CAM002,38,1.8439662955345801,745,True,3778898b-349e-4f75-8ea8-ae7872429588,Westbound,2025-11-18 13:43:00.721581,547.0,347.0,105.0,153.0
4106,2,CAM002,31,1.7882227948550387,745,True,3778898b-349e-4f75-8ea8-ae7872429588,Westbound,2025-11-18 13:43:00.719623,441.0,370.0,156.0,167.0
4105,3,CAM001,34,1.9884488030835612,790,True,34bbee35-39af-49b9-ab65-c313c776cd74,Eastbound,2025-11-18 13:43:00.381892,150.0,347.0,49.0,70.0
4104,8,CAM001,25,1.9536809959440247,790,True,34bbee35-39af-49b9-ab65-c313c776cd74,Eastbound,2025-11-18 13:43:00.378312,259.0,330.0,58.0,65.0
4103,5,CAM001,23,1.5830335294929185,790,True,34bbee35-39af-49b9-ab65-c313c776cd74,Eastbound,2025-11-18 13:43:00.376354,164.0,326.0,145.0,117.0
4102,7,CAM001,14,1.828778455064624,790,True,34bbee35-39af-49b9-ab65-c313c776cd74,Eastbound,2025-11-18 13:43:00.373428,590.0,326.0,94.0,154.0
4101,2,CAM001,2,1.7653209405122197,790,True,34bbee35-39af-49b9-ab65-c313c776cd74,Eastbound,2025-11-18 13:43:00.370462,465.0,335.0,77.0,135.0
4100,5,CAM002,48,1.939202164888256,740,True,3778898b-349e-4f75-8ea8-ae7872429588,Westbound,2025-11-18 13:42:56.462302,430.0,388.0,40.0,65.0
4099,4,CAM002,42,1.6079537430970474,740,True,3778898b-349e-4f75-8ea8-ae7872429588,Westbound,2025-11-18 13:42:56.459818,248.0,368.0,183.0,172.0
4098,7,CAM002,38,1.8447530821939344,740,True,3778898b-349e-4f75-8ea8-ae7872429588,Westbound,2025-11-18 13:42:56.457839,548.0,346.0,102.0,155.0
4097,2,CAM002,31,1.7822717283817777,740,True,3778898b-349e-4f75-8ea8-ae7872429588,Westbound,2025-11-18 13:42:56.453931,440.0,369.0,158.0,168.0
4096,5,CAM001,33,1.8636419505275124,785,True,34bbee35-39af-49b9-ab65-c313c776cd74,Eastbound,2025-11-18 13:42:55.977729,424.0,333.0,55.0,99.0
4095,8,CAM001,25,1.9487322919227545,785,True,34bbee35-39af-49b9-ab65-c313c776cd74,Eastbound,2025-11-18 13:42:55.974800,259.0,330.0,58.0,65.0
4094,4,CAM001,23,1.607772840018463,785,True,34bbee35-39af-49b9-ab65-c313c776cd74,Eastbound,2025-11-18 13:42:55.972311,171.0,328.0,149.0,115.0
4093,7,CAM001,14,1.8102764082714267,785,True,34bbee35-39af-49b9-ab65-c313c776cd74,Eastbound,2025-11-18 13:42:55.970360,593.0,333.0,86.0,147.0
4092,2,CAM001,2,1.7593433554795213,785,True,34bbee35-39af-49b9-ab65-c313c776cd74,Eastbound,2025-11-18 13:42:55.967390,466.0,336.0,78.0,135.0
4091,5,CAM002,48,1.9532946268591171,735,True,3778898b-349e-4f75-8ea8-ae7872429588,Westbound,2025-11-18 13:42:52.285604,430.0,388.0,40.0,65.0
4090,4,CAM002,42,2.0381516621593834,735,True,3778898b-349e-4f75-8ea8-ae7872429588,Westbound,2025-11-18 13:42:52.282672,249.0,368.0,182.0,172.0
4089,7,CAM002,38,1.8232550113334134,735,True,3778898b-349e-4f75-8ea8-ae7872429588,Westbound,2025-11-18 13:42:52.279736,546.0,349.0,101.0,153.0
4088,2,CAM002,31,1.787802142441879,735,True,3778898b-349e-4f75-8ea8-ae7872429588,Westbound,2025-11-18 13:42:52.277239,440.0,369.0,158.0,169.0
4087,5,CAM001,33,1.7203533958456454,780,True,34bbee35-39af-49b9-ab65-c313c776cd74,Eastbound,2025-11-18 13:42:51.899655,415.0,332.0,52.0,101.0
4086,8,CAM001,25,2.017985820291827,780,True,34bbee35-39af-49b9-ab65-c313c776cd74,Eastbound,2025-11-18 13:42:51.897168,259.0,330.0,58.0,65.0
4085,7,CAM001,14,1.7352194625770474,780,True,34bbee35-39af-49b9-ab65-c313c776cd74,Eastbound,2025-11-18 13:42:51.894686,607.0,336.0,71.0,136.0
4084,2,CAM001,2,1.703984992452139,780,True,34bbee35-39af-49b9-ab65-c313c776cd74,Eastbound,2025-11-18 13:42:51.891757,464.0,338.0,78.0,133.0
4083,5,CAM002,48,2.016181834333763,730,True,3778898b-349e-4f75-8ea8-ae7872429588,Westbound,2025-11-18 13:42:47.403319,429.0,388.0,42.0,65.0
4082,4,CAM002,42,2.0251166563305576,730,True,3778898b-349e-4f75-8ea8-ae7872429588,Westbound,2025-11-18 13:42:47.400368,249.0,368.0,182.0,172.0
4081,7,CAM002,38,1.8510078460339787,730,True,3778898b-349e-4f75-8ea8-ae7872429588,Westbound,2025-11-18 13:42:47.397343,547.0,350.0,102.0,152.0
4080,2,CAM002,31,1.874839457741334,730,True,3778898b-349e-4f75-8ea8-ae7872429588,Westbound,2025-11-18 13:42:47.394413,439.0,369.0,159.0,170.0
4079,8,CAM001,25,2.023589802888035,775,True,34bbee35-39af-49b9-ab65-c313c776cd74,Eastbound,2025-11-18 13:42:46.708521,258.0,329.0,59.0,67.0
4078,7,CAM001,14,1.7633696852958842,775,True,34bbee35-39af-49b9-ab65-c313c776cd74,Eastbound,2025-11-18 13:42:46.704066,624.0,339.0,66.0,125.0
4077,2,CAM001,2,1.7840463843692795,775,True,34bbee35-39af-49b9-ab65-c313c776cd74,Eastbound,2025-11-18 13:42:46.699602,462.0,337.0,78.0,135.0
4076,5,CAM002,48,2.0217062251527396,725,True,3778898b-349e-4f75-8ea8-ae7872429588,Westbound,2025-11-18 13:42:40.625431,428.0,388.0,43.0,64.0
4075,4,CAM002,42,1.6988820041351307,725,True,3778898b-349e-4f75-8ea8-ae7872429588,Westbound,2025-11-18 13:42:40.622521,249.0,368.0,182.0,172.0
4074,7,CAM002,38,1.7632804823284236,725,True,3778898b-349e-4f75-8ea8-ae7872429588,Westbound,2025-11-18 13:42:40.619481,546.0,349.0,107.0,152.0
4073,2,CAM002,31,1.8140567038100295,725,True,3778898b-349e-4f75-8ea8-ae7872429588,Westbound,2025-11-18 13:42:40.616025,440.0,370.0,158.0,168.0
4072,4,CAM001,33,1.7440147121959577,770,True,34bbee35-39af-49b9-ab65-c313c776cd74,Eastbound,2025-11-18 13:42:39.947086,310.0,324.0,55.0,109.0
4071,8,CAM001,25,2.019621300421038,770,True,34bbee35-39af-49b9-ab65-c313c776cd74,Eastbound,2025-11-18 13:42:39.943182,258.0,329.0,57.0,68.0
4070,7,CAM001,14,1.9224926327267875,770,True,34bbee35-39af-49b9-ab65-c313c776cd74,Eastbound,2025-11-18 13:42:39.940250,606.0,335.0,84.0,140.0
4069,2,CAM001,2,1.7916258782897319,770,True,34bbee35-39af-49b9-ab65-c313c776cd74,Eastbound,2025-11-18 13:42:39.936254,458.0,334.0,80.0,138.0
4068,4,CAM002,42,1.7291930308594712,720,True,3778898b-349e-4f75-8ea8-ae7872429588,Westbound,2025-11-18 13:42:34.282047,248.0,366.0,183.0,173.0
4067,7,CAM002,38,1.9027255320201575,720,True,3778898b-349e-4f75-8ea8-ae7872429588,Westbound,2025-11-18 13:42:34.276105,550.0,349.0,105.0,147.0
4066,2,CAM002,31,1.8232309298840081,720,True,3778898b-349e-4f75-8ea8-ae7872429588,Westbound,2025-11-18 13:42:34.271199,440.0,371.0,157.0,167.0
4065,4,CAM001,33,1.6967154417479813,765,True,34bbee35-39af-49b9-ab65-c313c776cd74,Eastbound,2025-11-18 13:42:33.734275,309.0,323.0,56.0,110.0
4064,8,CAM001,25,1.798344626426816,765,True,34bbee35-39af-49b9-ab65-c313c776cd74,Eastbound,2025-11-18 13:42:33.731345,259.0,328.0,53.0,67.0
4063,7,CAM001,14,1.785774154406154,765,True,34bbee35-39af-49b9-ab65-c313c776cd74,Eastbound,2025-11-18 13:42:33.728383,590.0,329.0,92.0,151.0
4062,2,CAM001,2,1.7566503931788762,765,True,34bbee35-39af-49b9-ab65-c313c776cd74,Eastbound,2025-11-18 13:42:33.724915,456.0,334.0,80.0,138.0
4061,4,CAM002,42,2.0156726731433445,715,True,3778898b-349e-4f75-8ea8-ae7872429588,Westbound,2025-11-18 13:42:28.534440,248.0,366.0,183.0,172.0
4060,7,CAM002,38,1.8963775978978323,715,True,3778898b-349e-4f75-8ea8-ae7872429588,Westbound,2025-11-18 13:42:28.531511,549.0,350.0,105.0,145.0
4059,2,CAM002,31,1.8315685454903499,715,True,3778898b-349e-4f75-8ea8-ae7872429588,Westbound,2025-11-18 13:42:28.527052,438.0,369.0,161.0,171.0
4058,7,CAM001,14,1.8417305646796138,760,True,34bbee35-39af-49b9-ab65-c313c776cd74,Eastbound,2025-11-18 13:42:27.947348,597.0,336.0,89.0,144.0
4057,2,CAM001,2,1.7885944296702603,760,True,34bbee35-39af-49b9-ab65-c313c776cd74,Eastbound,2025-11-18 13:42:27.941376,456.0,335.0,79.0,137.0
4056,5,CAM002,48,1.9927194346113601,710,True,3778898b-349e-4f75-8ea8-ae7872429588,Westbound,2025-11-18 13:42:22.084878,428.0,387.0,44.0,64.0
4055,4,CAM002,42,2.026972249561903,710,True,3778898b-349e-4f75-8ea8-ae7872429588,Westbound,2025-11-18 13:42:22.080423,248.0,365.0,182.0,172.0
4054,7,CAM002,38,1.8958305656440146,710,True,3778898b-349e-4f75-8ea8-ae7872429588,Westbound,2025-11-18 13:42:22.077454,548.0,350.0,104.0,144.0
4053,2,CAM002,31,1.8412012973434837,710,True,3778898b-349e-4f75-8ea8-ae7872429588,Westbound,2025-11-18 13:42:22.073285,437.0,369.0,163.0,170.0
4052,8,CAM001,25,1.9364796990928037,755,True,34bbee35-39af-49b9-ab65-c313c776cd74,Eastbound,2025-11-18 13:42:21.316326,261.0,298.0,50.0,66.0
4051,7,CAM001,14,1.833947131075501,755,True,34bbee35-39af-49b9-ab65-c313c776cd74,Eastbound,2025-11-18 13:42:21.312840,594.0,333.0,91.0,146.0
4050,2,CAM001,2,1.7847694786396808,755,True,34bbee35-39af-49b9-ab65-c313c776cd74,Eastbound,2025-11-18 13:42:21.308979,456.0,334.0,79.0,137.0
4049,5,CAM002,48,1.5931317025307814,705,True,3778898b-349e-4f75-8ea8-ae7872429588,Westbound,2025-11-18 13:42:14.196668,421.0,386.0,54.0,65.0
4048,4,CAM002,42,1.635197873435541,705,True,3778898b-349e-4f75-8ea8-ae7872429588,Westbound,2025-11-18 13:42:14.192763,248.0,364.0,182.0,173.0
4047,7,CAM002,38,1.8985611945598109,705,True,3778898b-349e-4f75-8ea8-ae7872429588,Westbound,2025-11-18 13:42:14.188237,546.0,350.0,105.0,143.0
4046,2,CAM002,31,1.8404496622817872,705,True,3778898b-349e-4f75-8ea8-ae7872429588,Westbound,2025-11-18 13:42:14.182372,437.0,370.0,161.0,168.0
4045,8,CAM001,29,2.012659062254637,750,True,34bbee35-39af-49b9-ab65-c313c776cd74,Eastbound,2025-11-18 13:42:13.288457,255.0,331.0,56.0,74.0
4044,4,CAM001,25,1.397817778244697,750,True,34bbee35-39af-49b9-ab65-c313c776cd74,Eastbound,2025-11-18 13:42:13.284994,256.0,301.0,48.0,66.0
4043,5,CAM001,23,2.010132225878982,750,True,34bbee35-39af-49b9-ab65-c313c776cd74,Eastbound,2025-11-18 13:42:13.279128,158.0,330.0,144.0,111.0
4042,7,CAM001,14,1.8517102905335614,750,True,34bbee35-39af-49b9-ab65-c313c776cd74,Eastbound,2025-11-18 13:42:13.275146,590.0,328.0,93.0,149.0
4041,2,CAM001,2,1.7988649890796264,750,True,34bbee35-39af-49b9-ab65-c313c776cd74,Eastbound,2025-11-18 13:42:13.270261,454.0,333.0,81.0,138.0
4040,4,CAM002,42,2.0212569222288823,700,True,3778898b-349e-4f75-8ea8-ae7872429588,Westbound,2025-11-18 13:42:06.115999,248.0,364.0,182.0,172.0
4039,7,CAM002,38,1.8664243887204752,700,True,3778898b-349e-4f75-8ea8-ae7872429588,Westbound,2025-11-18 13:42:06.113072,546.0,352.0,104.0,142.0
4038,2,CAM002,31,1.8486444285366042,700,True,3778898b-349e-4f75-8ea8-ae7872429588,Westbound,2025-11-18 13:42:06.109175,437.0,370.0,160.0,168.0
4037,8,CAM001,29,1.9984674298488174,745,True,34bbee35-39af-49b9-ab65-c313c776cd74,Eastbound,2025-11-18 13:42:05.492709,256.0,331.0,54.0,70.0
4036,5,CAM001,23,1.9636305492845907,745,True,34bbee35-39af-49b9-ab65-c313c776cd74,Eastbound,2025-11-18 13:42:05.490080,164.0,330.0,137.0,111.0
4035,7,CAM001,14,1.8670069876436917,745,True,34bbee35-39af-49b9-ab65-c313c776cd74,Eastbound,2025-11-18 13:42:05.486470,590.0,328.0,92.0,150.0
4034,2,CAM001,2,1.818036165611189,745,True,34bbee35-39af-49b9-ab65-c313c776cd74,Eastbound,2025-11-18 13:42:05.480839,450.0,334.0,83.0,137.0
4033,4,CAM002,42,2.0012454212663484,695,True,3778898b-349e-4f75-8ea8-ae7872429588,Westbound,2025-11-18 13:41:57.865135,248.0,363.0,181.0,172.0
4032,7,CAM002,38,1.7312430680717739,695,True,3778898b-349e-4f75-8ea8-ae7872429588,Westbound,2025-11-18 13:41:57.862042,545.0,353.0,103.0,142.0
4031,2,CAM002,31,1.8116364730364223,695,True,3778898b-349e-4f75-8ea8-ae7872429588,Westbound,2025-11-18 13:41:57.859094,437.0,370.0,160.0,168.0
4030,8,CAM001,29,1.865926165529561,740,True,34bbee35-39af-49b9-ab65-c313c776cd74,Eastbound,2025-11-18 13:41:57.127516,256.0,320.0,51.0,67.0
4029,5,CAM001,23,1.9923627324042634,740,True,34bbee35-39af-49b9-ab65-c313c776cd74,Eastbound,2025-11-18 13:41:57.125544,172.0,330.0,131.0,111.0
4028,7,CAM001,14,2.0277491006857686,740,True,34bbee35-39af-49b9-ab65-c313c776cd74,Eastbound,2025-11-18 13:41:57.122715,591.0,328.0,91.0,152.0
4027,2,CAM001,2,1.7868865397108176,740,True,34bbee35-39af-49b9-ab65-c313c776cd74,Eastbound,2025-11-18 13:41:57.117278,448.0,335.0,83.0,137.0
4026,4,CAM002,42,2.0153665566719274,690,True,3778898b-349e-4f75-8ea8-ae7872429588,Westbound,2025-11-18 13:41:51.466557,248.0,362.0,180.0,173.0
4025,2,CAM002,31,1.812150298002505,690,True,3778898b-349e-4f75-8ea8-ae7872429588,Westbound,2025-11-18 13:41:51.462103,437.0,369.0,159.0,169.0
4024,8,CAM001,29,1.981259627006233,735,True,34bbee35-39af-49b9-ab65-c313c776cd74,Eastbound,2025-11-18 13:41:50.998174,252.0,299.0,53.0,71.0
4023,5,CAM001,23,2.020624702249563,735,True,34bbee35-39af-49b9-ab65-c313c776cd74,Eastbound,2025-11-18 13:41:50.991582,180.0,331.0,127.0,110.0
4022,7,CAM001,14,2.018190685108822,735,True,34bbee35-39af-49b9-ab65-c313c776cd74,Eastbound,2025-11-18 13:41:50.980727,593.0,328.0,89.0,152.0
4021,2,CAM001,2,1.811863329577751,735,True,34bbee35-39af-49b9-ab65-c313c776cd74,Eastbound,2025-11-18 13:41:50.969755,446.0,334.0,84.0,138.0
4020,4,CAM002,42,1.9910598031501685,685,True,3778898b-349e-4f75-8ea8-ae7872429588,Westbound,2025-11-18 13:41:44.766624,249.0,362.0,176.0,170.0
4019,7,CAM002,38,1.8808955941591705,685,True,3778898b-349e-4f75-8ea8-ae7872429588,Westbound,2025-11-18 13:41:44.763659,541.0,350.0,106.0,145.0
4018,2,CAM002,31,1.8472452445914478,685,True,3778898b-349e-4f75-8ea8-ae7872429588,Westbound,2025-11-18 13:41:44.759741,437.0,369.0,159.0,169.0
4017,8,CAM001,29,1.837694287371736,730,True,34bbee35-39af-49b9-ab65-c313c776cd74,Eastbound,2025-11-18 13:41:44.182144,253.0,309.0,53.0,71.0
4016,6,CAM001,27,1.9035166691984227,730,True,34bbee35-39af-49b9-ab65-c313c776cd74,Eastbound,2025-11-18 13:41:44.178654,85.0,327.0,72.0,105.0
4015,3,CAM001,25,2.0314973667763843,730,True,34bbee35-39af-49b9-ab65-c313c776cd74,Eastbound,2025-11-18 13:41:44.175696,148.0,348.0,49.0,69.0
4014,5,CAM001,23,1.9742173313894953,730,True,34bbee35-39af-49b9-ab65-c313c776cd74,Eastbound,2025-11-18 13:41:44.172773,179.0,330.0,131.0,112.0
4013,7,CAM001,14,1.8186405267055183,730,True,34bbee35-39af-49b9-ab65-c313c776cd74,Eastbound,2025-11-18 13:41:44.167245,601.0,333.0,81.0,145.0
4012,2,CAM001,2,1.7821344574582905,730,True,34bbee35-39af-49b9-ab65-c313c776cd74,Eastbound,2025-11-18 13:41:44.162372,448.0,334.0,83.0,137.0
4011,5,CAM002,48,1.850399528382876,680,True,3778898b-349e-4f75-8ea8-ae7872429588,Westbound,2025-11-18 13:41:37.155991,253.0,360.0,100.0,110.0
4010,4,CAM002,42,1.9305928629655245,680,True,3778898b-349e-4f75-8ea8-ae7872429588,Westbound,2025-11-18 13:41:37.154037,251.0,362.0,173.0,171.0
4009,7,CAM002,38,1.886025806220594,680,True,3778898b-349e-4f75-8ea8-ae7872429588,Westbound,2025-11-18 13:41:37.150553,541.0,349.0,106.0,146.0
4008,2,CAM002,31,1.8487961361622691,680,True,3778898b-349e-4f75-8ea8-ae7872429588,Westbound,2025-11-18 13:41:37.146579,438.0,368.0,158.0,170.0
4007,1,CAM001,31,2.027140471074665,725,True,34bbee35-39af-49b9-ab65-c313c776cd74,Eastbound,2025-11-18 13:41:36.380338,293.0,332.0,133.0,110.0
4006,8,CAM001,29,1.9948377092549578,725,True,34bbee35-39af-49b9-ab65-c313c776cd74,Eastbound,2025-11-18 13:41:36.376825,260.0,326.0,49.0,67.0
4005,3,CAM001,25,1.2391782285787472,725,True,34bbee35-39af-49b9-ab65-c313c776cd74,Eastbound,2025-11-18 13:41:36.372940,148.0,348.0,50.0,69.0
4004,5,CAM001,23,1.7865661376857214,725,True,34bbee35-39af-49b9-ab65-c313c776cd74,Eastbound,2025-11-18 13:41:36.370407,168.0,328.0,142.0,117.0
4003,7,CAM001,14,1.8124488272713934,725,True,34bbee35-39af-49b9-ab65-c313c776cd74,Eastbound,2025-11-18 13:41:36.366462,604.0,333.0,82.0,144.0
4002,2,CAM001,2,1.8185173671131263,725,True,34bbee35-39af-49b9-ab65-c313c776cd74,Eastbound,2025-11-18 13:41:36.362547,448.0,333.0,86.0,137.0
4001,5,CAM002,48,1.8179369040099511,675,True,3778898b-349e-4f75-8ea8-ae7872429588,Westbound,2025-11-18 13:41:28.934128,247.0,362.0,102.0,111.0
4000,4,CAM002,42,2.02061320618551,675,True,3778898b-349e-4f75-8ea8-ae7872429588,Westbound,2025-11-18 13:41:28.932122,252.0,362.0,178.0,176.0
3999,7,CAM002,38,1.8692413290808954,675,True,3778898b-349e-4f75-8ea8-ae7872429588,Westbound,2025-11-18 13:41:28.927339,541.0,348.0,105.0,147.0
3998,2,CAM002,31,1.8413053488801001,675,True,3778898b-349e-4f75-8ea8-ae7872429588,Westbound,2025-11-18 13:41:28.922465,438.0,368.0,158.0,169.0
3997,1,CAM001,31,1.999371520918222,720,True,34bbee35-39af-49b9-ab65-c313c776cd74,Eastbound,2025-11-18 13:41:28.133276,295.0,332.0,131.0,108.0
3996,8,CAM001,29,2.001381463346296,720,True,34bbee35-39af-49b9-ab65-c313c776cd74,Eastbound,2025-11-18 13:41:28.130323,262.0,327.0,51.0,67.0
3995,6,CAM001,27,1.9716767718834285,720,True,34bbee35-39af-49b9-ab65-c313c776cd74,Eastbound,2025-11-18 13:41:28.126806,82.0,328.0,70.0,104.0
3994,7,CAM001,14,1.8506673000938865,720,True,34bbee35-39af-49b9-ab65-c313c776cd74,Eastbound,2025-11-18 13:41:28.122899,593.0,322.0,91.0,158.0
3993,2,CAM001,2,1.82908245979964,720,True,34bbee35-39af-49b9-ab65-c313c776cd74,Eastbound,2025-11-18 13:41:28.119959,445.0,332.0,90.0,139.0
3992,4,CAM002,42,1.99007670074368,670,True,3778898b-349e-4f75-8ea8-ae7872429588,Westbound,2025-11-18 13:41:20.843424,253.0,363.0,174.0,174.0
3991,7,CAM002,38,1.8728393144634399,670,True,3778898b-349e-4f75-8ea8-ae7872429588,Westbound,2025-11-18 13:41:20.840498,541.0,344.0,104.0,150.0
3990,2,CAM002,31,1.8455397850308408,670,True,3778898b-349e-4f75-8ea8-ae7872429588,Westbound,2025-11-18 13:41:20.835983,439.0,368.0,154.0,168.0
3989,1,CAM001,31,1.9885586719912982,715,True,34bbee35-39af-49b9-ab65-c313c776cd74,Eastbound,2025-11-18 13:41:20.142960,299.0,333.0,131.0,106.0
3988,8,CAM001,29,1.9962239312180514,715,True,34bbee35-39af-49b9-ab65-c313c776cd74,Eastbound,2025-11-18 13:41:20.141005,264.0,327.0,51.0,68.0
3987,6,CAM001,25,2.0077221891002797,715,True,34bbee35-39af-49b9-ab65-c313c776cd74,Eastbound,2025-11-18 13:41:20.137026,148.0,347.0,50.0,70.0
3986,5,CAM001,23,1.9496115549132353,715,True,34bbee35-39af-49b9-ab65-c313c776cd74,Eastbound,2025-11-18 13:41:20.134096,168.0,327.0,136.0,121.0
3985,7,CAM001,14,1.84007004748582,715,True,34bbee35-39af-49b9-ab65-c313c776cd74,Eastbound,2025-11-18 13:41:20.130191,598.0,329.0,85.0,149.0
3984,2,CAM001,2,1.8291062984416322,715,True,34bbee35-39af-49b9-ab65-c313c776cd74,Eastbound,2025-11-18 13:41:20.125177,444.0,333.0,89.0,138.0
3983,5,CAM002,42,1.727281839071947,665,True,3778898b-349e-4f75-8ea8-ae7872429588,Westbound,2025-11-18 13:41:12.371854,256.0,364.0,166.0,172.0
3982,7,CAM002,38,1.8635641951203523,665,True,3778898b-349e-4f75-8ea8-ae7872429588,Westbound,2025-11-18 13:41:12.368931,542.0,344.0,102.0,149.0
3981,1,CAM002,36,1.91699675489447,665,True,3778898b-349e-4f75-8ea8-ae7872429588,Westbound,2025-11-18 13:41:12.365963,425.0,382.0,40.0,66.0
3980,2,CAM002,31,1.8701256788332719,665,True,3778898b-349e-4f75-8ea8-ae7872429588,Westbound,2025-11-18 13:41:12.361953,439.0,367.0,152.0,169.0
3979,4,CAM002,4,2.0056449185164955,665,True,3778898b-349e-4f75-8ea8-ae7872429588,Westbound,2025-11-18 13:41:12.356499,330.0,376.0,99.0,152.0
3978,1,CAM001,31,1.8801884362207688,710,True,34bbee35-39af-49b9-ab65-c313c776cd74,Eastbound,2025-11-18 13:41:11.486042,295.0,334.0,136.0,106.0
3977,8,CAM001,29,1.9542107528118484,710,True,34bbee35-39af-49b9-ab65-c313c776cd74,Eastbound,2025-11-18 13:41:11.483114,265.0,326.0,48.0,68.0
3976,6,CAM001,25,1.9432177378953928,710,True,34bbee35-39af-49b9-ab65-c313c776cd74,Eastbound,2025-11-18 13:41:11.479132,148.0,346.0,52.0,71.0
3975,5,CAM001,23,1.746388341488883,710,True,34bbee35-39af-49b9-ab65-c313c776cd74,Eastbound,2025-11-18 13:41:11.472728,179.0,325.0,134.0,119.0
3974,7,CAM001,14,1.8093859976049647,710,True,34bbee35-39af-49b9-ab65-c313c776cd74,Eastbound,2025-11-18 13:41:11.468254,607.0,340.0,78.0,135.0
3973,2,CAM001,2,1.8106217023526707,710,True,34bbee35-39af-49b9-ab65-c313c776cd74,Eastbound,2025-11-18 13:41:11.462385,447.0,334.0,85.0,137.0
3972,5,CAM002,42,1.7063392822683738,660,True,3778898b-349e-4f75-8ea8-ae7872429588,Westbound,2025-11-18 13:41:03.247082,254.0,362.0,134.0,149.0
3971,7,CAM002,38,1.871811383670564,660,True,3778898b-349e-4f75-8ea8-ae7872429588,Westbound,2025-11-18 13:41:03.243980,545.0,346.0,96.0,147.0
3970,1,CAM002,36,1.8455381452523798,660,True,3778898b-349e-4f75-8ea8-ae7872429588,Westbound,2025-11-18 13:41:03.242038,424.0,382.0,41.0,65.0
3969,2,CAM002,31,1.871667311499668,660,True,3778898b-349e-4f75-8ea8-ae7872429588,Westbound,2025-11-18 13:41:03.239091,438.0,365.0,152.0,170.0
3968,6,CAM002,4,1.621891887588828,660,True,3778898b-349e-4f75-8ea8-ae7872429588,Westbound,2025-11-18 13:41:03.234596,328.0,378.0,100.0,151.0
3967,8,CAM001,29,1.9603415724117592,705,True,34bbee35-39af-49b9-ab65-c313c776cd74,Eastbound,2025-11-18 13:41:02.448966,264.0,326.0,46.0,69.0
3966,4,CAM001,27,2.002998065250172,705,True,34bbee35-39af-49b9-ab65-c313c776cd74,Eastbound,2025-11-18 13:41:02.446464,145.0,330.0,74.0,105.0
3965,6,CAM001,25,1.6691799961817573,705,True,34bbee35-39af-49b9-ab65-c313c776cd74,Eastbound,2025-11-18 13:41:02.443519,147.0,344.0,54.0,73.0
3964,5,CAM001,23,1.864477144757357,705,True,34bbee35-39af-49b9-ab65-c313c776cd74,Eastbound,2025-11-18 13:41:02.440045,175.0,326.0,138.0,117.0
3963,7,CAM001,14,1.811910816223214,705,True,34bbee35-39af-49b9-ab65-c313c776cd74,Eastbound,2025-11-18 13:41:02.434139,602.0,338.0,83.0,138.0
3962,2,CAM001,2,1.838068048422383,705,True,34bbee35-39af-49b9-ab65-c313c776cd74,Eastbound,2025-11-18 13:41:02.430079,451.0,337.0,83.0,134.0
3961,4,CAM002,42,1.8031261153534903,655,True,3778898b-349e-4f75-8ea8-ae7872429588,Westbound,2025-11-18 13:40:53.529114,246.0,359.0,99.0,113.0
3960,7,CAM002,38,1.868827651032065,655,True,3778898b-349e-4f75-8ea8-ae7872429588,Westbound,2025-11-18 13:40:53.526063,550.0,345.0,94.0,147.0
3959,1,CAM002,36,1.8368445046114912,655,True,3778898b-349e-4f75-8ea8-ae7872429588,Westbound,2025-11-18 13:40:53.523230,424.0,382.0,40.0,64.0
3958,2,CAM002,31,1.8411282991226825,655,True,3778898b-349e-4f75-8ea8-ae7872429588,Westbound,2025-11-18 13:40:53.521059,438.0,357.0,153.0,177.0
3957,6,CAM002,4,1.8364280708660563,655,True,3778898b-349e-4f75-8ea8-ae7872429588,Westbound,2025-11-18 13:40:53.516888,326.0,380.0,99.0,149.0
3956,8,CAM001,29,1.9556276381459112,700,True,34bbee35-39af-49b9-ab65-c313c776cd74,Eastbound,2025-11-18 13:40:52.435293,262.0,327.0,45.0,69.0
3955,6,CAM001,28,1.8338005767709886,700,True,34bbee35-39af-49b9-ab65-c313c776cd74,Eastbound,2025-11-18 13:40:52.432817,350.0,347.0,74.0,88.0
3954,4,CAM001,27,1.7942339426027614,700,True,34bbee35-39af-49b9-ab65-c313c776cd74,Eastbound,2025-11-18 13:40:52.430780,145.0,331.0,75.0,104.0
3953,1,CAM001,24,1.8306881811446851,700,True,34bbee35-39af-49b9-ab65-c313c776cd74,Eastbound,2025-11-18 13:40:52.427875,284.0,339.0,80.0,96.0
3952,5,CAM001,23,1.9831179073334868,700,True,34bbee35-39af-49b9-ab65-c313c776cd74,Eastbound,2025-11-18 13:40:52.425242,172.0,326.0,136.0,114.0
3951,7,CAM001,14,1.846443742607548,700,True,34bbee35-39af-49b9-ab65-c313c776cd74,Eastbound,2025-11-18 13:40:52.423137,597.0,335.0,86.0,145.0
3950,2,CAM001,2,1.8278872142044742,700,True,34bbee35-39af-49b9-ab65-c313c776cd74,Eastbound,2025-11-18 13:40:52.419013,454.0,338.0,79.0,133.0
3949,5,CAM002,42,1.8538122611044934,650,True,3778898b-349e-4f75-8ea8-ae7872429588,Westbound,2025-11-18 13:40:43.829785,244.0,364.0,93.0,107.0
3948,7,CAM002,38,1.8685398054597122,650,True,3778898b-349e-4f75-8ea8-ae7872429588,Westbound,2025-11-18 13:40:43.825737,554.0,343.0,93.0,148.0
3947,1,CAM002,36,1.8224941451488912,650,True,3778898b-349e-4f75-8ea8-ae7872429588,Westbound,2025-11-18 13:40:43.821832,422.0,380.0,40.0,65.0
3946,2,CAM002,31,1.8337273593807941,650,True,3778898b-349e-4f75-8ea8-ae7872429588,Westbound,2025-11-18 13:40:43.817908,433.0,346.0,162.0,188.0
3945,6,CAM002,4,1.783772004123878,650,True,3778898b-349e-4f75-8ea8-ae7872429588,Westbound,2025-11-18 13:40:43.813887,321.0,377.0,102.0,154.0
3944,8,CAM001,29,1.9976014363215755,695,True,34bbee35-39af-49b9-ab65-c313c776cd74,Eastbound,2025-11-18 13:40:43.061771,261.0,327.0,43.0,71.0
3943,6,CAM001,28,1.830728667187956,695,True,34bbee35-39af-49b9-ab65-c313c776cd74,Eastbound,2025-11-18 13:40:43.058837,349.0,347.0,75.0,89.0
3942,4,CAM001,27,2.018423856679155,695,True,34bbee35-39af-49b9-ab65-c313c776cd74,Eastbound,2025-11-18 13:40:43.055311,148.0,335.0,73.0,99.0
3941,1,CAM001,24,1.8500147640208149,695,True,34bbee35-39af-49b9-ab65-c313c776cd74,Eastbound,2025-11-18 13:40:43.052384,284.0,339.0,80.0,96.0
3940,5,CAM001,23,1.8528849351216794,695,True,34bbee35-39af-49b9-ab65-c313c776cd74,Eastbound,2025-11-18 13:40:43.049448,173.0,327.0,138.0,114.0
3939,7,CAM001,14,1.845590277256309,695,True,34bbee35-39af-49b9-ab65-c313c776cd74,Eastbound,2025-11-18 13:40:43.043439,595.0,332.0,88.0,147.0
3938,2,CAM001,2,1.8147515078040486,695,True,34bbee35-39af-49b9-ab65-c313c776cd74,Eastbound,2025-11-18 13:40:43.038547,457.0,339.0,78.0,132.0
3937,5,CAM002,42,1.8275808034509424,645,True,3778898b-349e-4f75-8ea8-ae7872429588,Westbound,2025-11-18 13:40:35.614905,243.0,369.0,89.0,101.0
3936,7,CAM002,38,1.9085099569144572,645,True,3778898b-349e-4f75-8ea8-ae7872429588,Westbound,2025-11-18 13:40:35.612692,552.0,342.0,96.0,148.0
3935,1,CAM002,36,1.8642767072064692,645,True,3778898b-349e-4f75-8ea8-ae7872429588,Westbound,2025-11-18 13:40:35.609665,421.0,378.0,40.0,66.0
3934,2,CAM002,31,1.8600774174371175,645,True,3778898b-349e-4f75-8ea8-ae7872429588,Westbound,2025-11-18 13:40:35.607762,431.0,344.0,164.0,190.0
3933,6,CAM002,4,1.822501380520649,645,True,3778898b-349e-4f75-8ea8-ae7872429588,Westbound,2025-11-18 13:40:35.603119,319.0,376.0,102.0,157.0
3932,8,CAM001,29,2.0006994381480903,690,True,34bbee35-39af-49b9-ab65-c313c776cd74,Eastbound,2025-11-18 13:40:34.843542,260.0,328.0,44.0,72.0
3931,6,CAM001,28,1.6927902033010267,690,True,34bbee35-39af-49b9-ab65-c313c776cd74,Eastbound,2025-11-18 13:40:34.840605,347.0,347.0,75.0,89.0
3930,4,CAM001,27,1.2604972859778567,690,True,34bbee35-39af-49b9-ab65-c313c776cd74,Eastbound,2025-11-18 13:40:34.837664,149.0,336.0,68.0,96.0
3929,1,CAM001,24,1.7207319124618259,690,True,34bbee35-39af-49b9-ab65-c313c776cd74,Eastbound,2025-11-18 13:40:34.835155,284.0,339.0,80.0,97.0
3928,5,CAM001,23,1.8163942082286757,690,True,34bbee35-39af-49b9-ab65-c313c776cd74,Eastbound,2025-11-18 13:40:34.830698,168.0,329.0,143.0,112.0
3927,7,CAM001,14,1.7505564046577815,690,True,34bbee35-39af-49b9-ab65-c313c776cd74,Eastbound,2025-11-18 13:40:34.827759,594.0,329.0,86.0,150.0
3926,2,CAM001,2,1.7334511435468951,690,True,34bbee35-39af-49b9-ab65-c313c776cd74,Eastbound,2025-11-18 13:40:34.823796,461.0,340.0,74.0,131.0
3925,5,CAM002,42,1.825349951793724,640,True,3778898b-349e-4f75-8ea8-ae7872429588,Westbound,2025-11-18 13:40:20.572809,243.0,354.0,98.0,113.0
3924,7,CAM002,38,1.8405619039957781,640,True,3778898b-349e-4f75-8ea8-ae7872429588,Westbound,2025-11-18 13:40:20.570218,548.0,340.0,98.0,149.0
3923,1,CAM002,36,1.9139430029456785,640,True,3778898b-349e-4f75-8ea8-ae7872429588,Westbound,2025-11-18 13:40:20.566164,419.0,377.0,40.0,66.0
3922,2,CAM002,31,1.8290168993901041,640,True,3778898b-349e-4f75-8ea8-ae7872429588,Westbound,2025-11-18 13:40:20.563237,430.0,350.0,164.0,187.0
3921,6,CAM002,4,1.9559201115340525,640,True,3778898b-349e-4f75-8ea8-ae7872429588,Westbound,2025-11-18 13:40:20.537116,320.0,376.0,101.0,154.0
3920,8,CAM001,29,1.9956696647571108,685,True,34bbee35-39af-49b9-ab65-c313c776cd74,Eastbound,2025-11-18 13:40:19.721075,259.0,330.0,45.0,70.0
3919,1,CAM001,28,1.6263118739780928,685,True,34bbee35-39af-49b9-ab65-c313c776cd74,Eastbound,2025-11-18 13:40:19.719087,347.0,347.0,73.0,89.0
3918,5,CAM001,23,2.0119770503768306,685,True,34bbee35-39af-49b9-ab65-c313c776cd74,Eastbound,2025-11-18 13:40:19.715621,158.0,329.0,141.0,111.0
3917,7,CAM001,14,1.6388254455722293,685,True,34bbee35-39af-49b9-ab65-c313c776cd74,Eastbound,2025-11-18 13:40:19.679674,602.0,334.0,82.0,146.0
3916,2,CAM001,2,1.5231849863715246,685,True,34bbee35-39af-49b9-ab65-c313c776cd74,Eastbound,2025-11-18 13:40:19.675129,464.0,340.0,72.0,132.0
3915,7,CAM002,38,1.8601042394363507,635,True,3778898b-349e-4f75-8ea8-ae7872429588,Westbound,2025-11-18 13:40:10.780422,547.0,336.0,98.0,150.0
3914,1,CAM002,36,1.7995035350900166,635,True,3778898b-349e-4f75-8ea8-ae7872429588,Westbound,2025-11-18 13:40:10.777460,417.0,376.0,41.0,66.0
3913,2,CAM002,31,1.7997233070405243,635,True,3778898b-349e-4f75-8ea8-ae7872429588,Westbound,2025-11-18 13:40:10.773300,431.0,356.0,157.0,180.0
3912,6,CAM002,4,1.7801080267497373,635,True,3778898b-349e-4f75-8ea8-ae7872429588,Westbound,2025-11-18 13:40:10.770372,317.0,371.0,101.0,155.0
3911,8,CAM001,29,2.0056972517734204,680,True,34bbee35-39af-49b9-ab65-c313c776cd74,Eastbound,2025-11-18 13:40:10.054046,259.0,329.0,47.0,71.0
3910,6,CAM001,28,1.830468263916626,680,True,34bbee35-39af-49b9-ab65-c313c776cd74,Eastbound,2025-11-18 13:40:10.052078,349.0,347.0,71.0,88.0
3909,3,CAM001,27,2.0131611631213837,680,True,34bbee35-39af-49b9-ab65-c313c776cd74,Eastbound,2025-11-18 13:40:10.049145,148.0,344.0,49.0,72.0
3908,1,CAM001,24,1.8421613528299972,680,True,34bbee35-39af-49b9-ab65-c313c776cd74,Eastbound,2025-11-18 13:40:10.047179,285.0,339.0,80.0,98.0
3907,5,CAM001,23,1.957398577524885,680,True,34bbee35-39af-49b9-ab65-c313c776cd74,Eastbound,2025-11-18 13:40:10.045081,168.0,328.0,131.0,113.0
3906,7,CAM001,14,1.8209157486355814,680,True,34bbee35-39af-49b9-ab65-c313c776cd74,Eastbound,2025-11-18 13:40:10.042131,604.0,336.0,82.0,142.0
3905,2,CAM001,2,1.820787697738122,680,True,34bbee35-39af-49b9-ab65-c313c776cd74,Eastbound,2025-11-18 13:40:10.036195,465.0,341.0,73.0,131.0
3904,7,CAM002,38,1.8296018059167238,630,True,3778898b-349e-4f75-8ea8-ae7872429588,Westbound,2025-11-18 13:40:03.448202,546.0,335.0,98.0,148.0
3903,1,CAM002,36,1.7369111652997402,630,True,3778898b-349e-4f75-8ea8-ae7872429588,Westbound,2025-11-18 13:40:03.445613,417.0,375.0,42.0,65.0
3902,2,CAM002,31,1.7475109756820797,630,True,3778898b-349e-4f75-8ea8-ae7872429588,Westbound,2025-11-18 13:40:03.442703,429.0,354.0,158.0,181.0
3901,6,CAM002,4,1.6940167332391305,630,True,3778898b-349e-4f75-8ea8-ae7872429588,Westbound,2025-11-18 13:40:03.438776,316.0,366.0,102.0,158.0
3900,8,CAM001,29,2.0045988627728755,675,True,34bbee35-39af-49b9-ab65-c313c776cd74,Eastbound,2025-11-18 13:40:02.850429,261.0,329.0,45.0,67.0
3899,6,CAM001,28,2.0224793651368125,675,True,34bbee35-39af-49b9-ab65-c313c776cd74,Eastbound,2025-11-18 13:40:02.847251,352.0,348.0,69.0,86.0
3898,3,CAM001,27,1.5015221679113002,675,True,34bbee35-39af-49b9-ab65-c313c776cd74,Eastbound,2025-11-18 13:40:02.844170,148.0,344.0,49.0,71.0
3897,1,CAM001,24,2.025126314892997,675,True,34bbee35-39af-49b9-ab65-c313c776cd74,Eastbound,2025-11-18 13:40:02.841240,285.0,338.0,80.0,98.0
3896,5,CAM001,23,1.9194808946227613,675,True,34bbee35-39af-49b9-ab65-c313c776cd74,Eastbound,2025-11-18 13:40:02.837362,171.0,327.0,136.0,117.0
3895,7,CAM001,14,1.7905054530365563,675,True,34bbee35-39af-49b9-ab65-c313c776cd74,Eastbound,2025-11-18 13:40:02.833786,602.0,336.0,84.0,141.0
3894,2,CAM001,2,1.772090776653081,675,True,34bbee35-39af-49b9-ab65-c313c776cd74,Eastbound,2025-11-18 13:40:02.829861,464.0,340.0,73.0,131.0
3893,5,CAM002,42,1.8686249754754494,625,True,3778898b-349e-4f75-8ea8-ae7872429588,Westbound,2025-11-18 13:39:56.501134,238.0,345.0,98.0,113.0
3892,7,CAM002,38,1.7352036920557043,625,True,3778898b-349e-4f75-8ea8-ae7872429588,Westbound,2025-11-18 13:39:56.498199,545.0,337.0,98.0,146.0
3891,1,CAM002,36,1.8327967240714456,625,True,3778898b-349e-4f75-8ea8-ae7872429588,Westbound,2025-11-18 13:39:56.483314,414.0,372.0,41.0,65.0
3890,2,CAM002,31,1.8077370926669343,625,True,3778898b-349e-4f75-8ea8-ae7872429588,Westbound,2025-11-18 13:39:56.480364,426.0,354.0,160.0,182.0
3889,6,CAM002,4,1.7954514293045727,625,True,3778898b-349e-4f75-8ea8-ae7872429588,Westbound,2025-11-18 13:39:56.477424,314.0,367.0,105.0,163.0
3888,8,CAM001,29,1.9939615171474445,670,True,34bbee35-39af-49b9-ab65-c313c776cd74,Eastbound,2025-11-18 13:39:55.732755,262.0,329.0,43.0,66.0
3887,6,CAM001,28,1.8320331903955265,670,True,34bbee35-39af-49b9-ab65-c313c776cd74,Eastbound,2025-11-18 13:39:55.729831,353.0,348.0,68.0,87.0
3886,1,CAM001,24,1.845045912841103,670,True,34bbee35-39af-49b9-ab65-c313c776cd74,Eastbound,2025-11-18 13:39:55.726828,285.0,338.0,80.0,98.0
3885,5,CAM001,23,1.8541211990196889,670,True,34bbee35-39af-49b9-ab65-c313c776cd74,Eastbound,2025-11-18 13:39:55.724341,162.0,329.0,131.0,118.0
3884,7,CAM001,14,2.0275829400612646,670,True,34bbee35-39af-49b9-ab65-c313c776cd74,Eastbound,2025-11-18 13:39:55.721411,593.0,329.0,88.0,150.0
3883,2,CAM001,2,1.8275618472446746,670,True,34bbee35-39af-49b9-ab65-c313c776cd74,Eastbound,2025-11-18 13:39:55.718470,465.0,341.0,72.0,130.0
3882,5,CAM002,42,1.80887395634117,620,True,3778898b-349e-4f75-8ea8-ae7872429588,Westbound,2025-11-18 13:39:48.618932,235.0,344.0,99.0,113.0
3881,1,CAM002,36,1.7819575187395091,620,True,3778898b-349e-4f75-8ea8-ae7872429588,Westbound,2025-11-18 13:39:48.615435,413.0,371.0,41.0,65.0
3880,2,CAM002,31,1.778638561471619,620,True,3778898b-349e-4f75-8ea8-ae7872429588,Westbound,2025-11-18 13:39:48.613504,424.0,352.0,159.0,179.0
3879,6,CAM002,4,1.7452146442442757,620,True,3778898b-349e-4f75-8ea8-ae7872429588,Westbound,2025-11-18 13:39:48.611543,312.0,365.0,105.0,158.0
3878,6,CAM001,28,1.8310050042435917,665,True,34bbee35-39af-49b9-ab65-c313c776cd74,Eastbound,2025-11-18 13:39:47.986698,352.0,348.0,69.0,88.0
3877,3,CAM001,27,2.018922523763344,665,True,34bbee35-39af-49b9-ab65-c313c776cd74,Eastbound,2025-11-18 13:39:47.983732,148.0,344.0,50.0,70.0
3876,1,CAM001,24,2.0236625857739674,665,True,34bbee35-39af-49b9-ab65-c313c776cd74,Eastbound,2025-11-18 13:39:47.981777,285.0,338.0,80.0,99.0
3875,5,CAM001,23,1.8660134412791514,665,True,34bbee35-39af-49b9-ab65-c313c776cd74,Eastbound,2025-11-18 13:39:47.978851,169.0,312.0,127.0,134.0
3874,7,CAM001,14,1.984832120995647,665,True,34bbee35-39af-49b9-ab65-c313c776cd74,Eastbound,2025-11-18 13:39:47.975376,600.0,333.0,81.0,145.0
3873,2,CAM001,2,1.8426939184549624,665,True,34bbee35-39af-49b9-ab65-c313c776cd74,Eastbound,2025-11-18 13:39:47.973420,465.0,340.0,72.0,131.0
3872,5,CAM002,44,1.758780075435748,615,True,3778898b-349e-4f75-8ea8-ae7872429588,Westbound,2025-11-18 13:39:41.218476,231.0,346.0,176.0,183.0
3871,8,CAM002,42,1.9863890082546132,615,True,3778898b-349e-4f75-8ea8-ae7872429588,Westbound,2025-11-18 13:39:41.213564,231.0,343.0,99.0,113.0
3870,7,CAM002,38,1.8397182098926939,615,True,3778898b-349e-4f75-8ea8-ae7872429588,Westbound,2025-11-18 13:39:41.210635,537.0,317.0,111.0,165.0
3869,1,CAM002,36,1.8771227772555024,615,True,3778898b-349e-4f75-8ea8-ae7872429588,Westbound,2025-11-18 13:39:41.206723,409.0,366.0,40.0,64.0
3868,2,CAM002,31,1.839725278712422,615,True,3778898b-349e-4f75-8ea8-ae7872429588,Westbound,2025-11-18 13:39:41.200840,422.0,349.0,158.0,177.0
3867,6,CAM002,4,1.6237673822480316,615,True,3778898b-349e-4f75-8ea8-ae7872429588,Westbound,2025-11-18 13:39:41.197910,312.0,363.0,99.0,149.0
3866,6,CAM001,27,1.5221436187766744,660,True,34bbee35-39af-49b9-ab65-c313c776cd74,Eastbound,2025-11-18 13:39:40.441456,148.0,344.0,50.0,70.0
3865,1,CAM001,24,1.8379187933849663,660,True,34bbee35-39af-49b9-ab65-c313c776cd74,Eastbound,2025-11-18 13:39:40.439503,287.0,336.0,79.0,102.0
3864,5,CAM001,23,1.7180030643692934,660,True,34bbee35-39af-49b9-ab65-c313c776cd74,Eastbound,2025-11-18 13:39:40.436565,170.0,290.0,149.0,153.0
3863,7,CAM001,14,1.7923215462874045,660,True,34bbee35-39af-49b9-ab65-c313c776cd74,Eastbound,2025-11-18 13:39:40.433634,610.0,340.0,76.0,136.0
3862,2,CAM001,2,1.8341000960821758,660,True,34bbee35-39af-49b9-ab65-c313c776cd74,Eastbound,2025-11-18 13:39:40.429720,465.0,340.0,72.0,131.0
3861,8,CAM002,42,1.737175699570589,610,True,3778898b-349e-4f75-8ea8-ae7872429588,Westbound,2025-11-18 13:39:33.277086,234.0,344.0,92.0,110.0
3860,7,CAM002,38,1.843595889717341,610,True,3778898b-349e-4f75-8ea8-ae7872429588,Westbound,2025-11-18 13:39:33.274545,536.0,317.0,111.0,162.0
3859,1,CAM002,36,1.8349960915961354,610,True,3778898b-349e-4f75-8ea8-ae7872429588,Westbound,2025-11-18 13:39:33.271498,408.0,364.0,41.0,65.0
3858,2,CAM002,31,1.8190677951231318,610,True,3778898b-349e-4f75-8ea8-ae7872429588,Westbound,2025-11-18 13:39:33.268500,419.0,347.0,156.0,174.0
3857,5,CAM002,4,1.6756416472846294,610,True,3778898b-349e-4f75-8ea8-ae7872429588,Westbound,2025-11-18 13:39:33.259044,312.0,361.0,98.0,152.0
3856,6,CAM001,27,1.967804153993743,655,True,34bbee35-39af-49b9-ab65-c313c776cd74,Eastbound,2025-11-18 13:39:32.557202,148.0,346.0,49.0,70.0
3855,1,CAM001,24,1.716449420616919,655,True,34bbee35-39af-49b9-ab65-c313c776cd74,Eastbound,2025-11-18 13:39:32.553695,287.0,336.0,73.0,99.0
3854,5,CAM001,23,1.6493520333591878,655,True,34bbee35-39af-49b9-ab65-c313c776cd74,Eastbound,2025-11-18 13:39:32.551695,171.0,302.0,146.0,140.0
3853,7,CAM001,14,1.801094595337601,655,True,34bbee35-39af-49b9-ab65-c313c776cd74,Eastbound,2025-11-18 13:39:32.548695,605.0,338.0,81.0,139.0
3852,2,CAM001,2,1.8186356993488713,655,True,34bbee35-39af-49b9-ab65-c313c776cd74,Eastbound,2025-11-18 13:39:32.537767,466.0,341.0,70.0,131.0
3851,7,CAM002,38,1.834997484057866,605,True,3778898b-349e-4f75-8ea8-ae7872429588,Westbound,2025-11-18 13:39:27.071569,534.0,317.0,110.0,157.0
3850,1,CAM002,36,1.9878720018213782,605,True,3778898b-349e-4f75-8ea8-ae7872429588,Westbound,2025-11-18 13:39:27.068562,405.0,361.0,42.0,67.0
3849,2,CAM002,31,1.8354813257976976,605,True,3778898b-349e-4f75-8ea8-ae7872429588,Westbound,2025-11-18 13:39:27.065309,417.0,344.0,155.0,175.0
3848,5,CAM002,4,1.9689977428098904,605,True,3778898b-349e-4f75-8ea8-ae7872429588,Westbound,2025-11-18 13:39:27.060308,308.0,358.0,101.0,157.0
3847,6,CAM001,27,1.966739551140789,650,True,34bbee35-39af-49b9-ab65-c313c776cd74,Eastbound,2025-11-18 13:39:26.509807,148.0,349.0,50.0,70.0
3846,7,CAM001,14,1.7881915979977423,650,True,34bbee35-39af-49b9-ab65-c313c776cd74,Eastbound,2025-11-18 13:39:26.483039,599.0,335.0,85.0,145.0
3845,2,CAM001,2,1.7896994271469915,650,True,34bbee35-39af-49b9-ab65-c313c776cd74,Eastbound,2025-11-18 13:39:26.477032,467.0,342.0,70.0,131.0
3844,7,CAM002,38,1.71380447631614,600,True,3778898b-349e-4f75-8ea8-ae7872429588,Westbound,2025-11-18 13:39:21.556891,532.0,314.0,111.0,158.0
3843,6,CAM002,36,1.9628986391240746,600,True,3778898b-349e-4f75-8ea8-ae7872429588,Westbound,2025-11-18 13:39:21.553384,403.0,359.0,41.0,67.0
3842,2,CAM002,31,1.7850957637683305,600,True,3778898b-349e-4f75-8ea8-ae7872429588,Westbound,2025-11-18 13:39:21.550384,415.0,344.0,156.0,176.0
3841,5,CAM002,4,2.013496575003153,600,True,3778898b-349e-4f75-8ea8-ae7872429588,Westbound,2025-11-18 13:39:21.543896,302.0,351.0,104.0,158.0
3840,8,CAM001,24,1.8099593964983525,645,True,34bbee35-39af-49b9-ab65-c313c776cd74,Eastbound,2025-11-18 13:39:20.983734,259.0,327.0,50.0,70.0
3839,7,CAM001,14,2.0267665820859415,645,True,34bbee35-39af-49b9-ab65-c313c776cd74,Eastbound,2025-11-18 13:39:20.981735,600.0,337.0,85.0,143.0
3838,2,CAM001,2,1.800591778966609,645,True,34bbee35-39af-49b9-ab65-c313c776cd74,Eastbound,2025-11-18 13:39:20.978734,466.0,341.0,71.0,132.0
3837,6,CAM002,36,2.0056361493533896,595,True,3778898b-349e-4f75-8ea8-ae7872429588,Westbound,2025-11-18 13:39:16.430903,400.0,357.0,42.0,66.0
3836,2,CAM002,31,1.7829678134703533,595,True,3778898b-349e-4f75-8ea8-ae7872429588,Westbound,2025-11-18 13:39:16.428903,414.0,343.0,155.0,178.0
3835,5,CAM002,4,1.4489253885540019,595,True,3778898b-349e-4f75-8ea8-ae7872429588,Westbound,2025-11-18 13:39:16.422335,293.0,347.0,116.0,161.0
3834,8,CAM001,24,1.9367514468536235,640,True,34bbee35-39af-49b9-ab65-c313c776cd74,Eastbound,2025-11-18 13:39:15.991245,259.0,327.0,50.0,69.0
3833,1,CAM001,23,1.9825460031144748,640,True,34bbee35-39af-49b9-ab65-c313c776cd74,Eastbound,2025-11-18 13:39:15.986195,164.0,327.0,145.0,113.0
3832,7,CAM001,14,1.95471900630109,640,True,34bbee35-39af-49b9-ab65-c313c776cd74,Eastbound,2025-11-18 13:39:15.972053,596.0,332.0,90.0,148.0
3831,2,CAM001,2,1.8438034923203088,640,True,34bbee35-39af-49b9-ab65-c313c776cd74,Eastbound,2025-11-18 13:39:15.966129,465.0,341.0,72.0,132.0
3830,6,CAM002,42,2.0245253362728866,590,True,3778898b-349e-4f75-8ea8-ae7872429588,Westbound,2025-11-18 13:39:11.724703,220.0,328.0,94.0,116.0
3829,7,CAM002,38,1.8459730774672725,590,True,3778898b-349e-4f75-8ea8-ae7872429588,Westbound,2025-11-18 13:39:11.719668,529.0,308.0,111.0,158.0
3828,1,CAM002,36,1.6793599970238926,590,True,3778898b-349e-4f75-8ea8-ae7872429588,Westbound,2025-11-18 13:39:11.716655,399.0,356.0,41.0,66.0
3827,2,CAM002,31,1.797581062176627,590,True,3778898b-349e-4f75-8ea8-ae7872429588,Westbound,2025-11-18 13:39:11.696470,410.0,336.0,158.0,185.0
3826,8,CAM001,24,1.9938048888047504,635,True,34bbee35-39af-49b9-ab65-c313c776cd74,Eastbound,2025-11-18 13:39:11.134421,258.0,327.0,50.0,67.0
3825,1,CAM001,23,1.6686839766562809,635,True,34bbee35-39af-49b9-ab65-c313c776cd74,Eastbound,2025-11-18 13:39:11.109382,163.0,328.0,147.0,112.0
3824,7,CAM001,14,1.8050258055819857,635,True,34bbee35-39af-49b9-ab65-c313c776cd74,Eastbound,2025-11-18 13:39:11.107374,589.0,326.0,95.0,154.0
3823,2,CAM001,2,1.8082576780401585,635,True,34bbee35-39af-49b9-ab65-c313c776cd74,Eastbound,2025-11-18 13:39:11.103896,465.0,341.0,72.0,132.0
3822,6,CAM002,42,2.021297055194441,585,True,3778898b-349e-4f75-8ea8-ae7872429588,Westbound,2025-11-18 13:39:05.705646,220.0,325.0,92.0,117.0
3821,7,CAM002,38,1.8689147621180295,585,True,3778898b-349e-4f75-8ea8-ae7872429588,Westbound,2025-11-18 13:39:05.702645,526.0,307.0,111.0,160.0
3820,1,CAM002,36,1.8525965362283616,585,True,3778898b-349e-4f75-8ea8-ae7872429588,Westbound,2025-11-18 13:39:05.699644,397.0,355.0,41.0,64.0
3819,2,CAM002,31,1.8010542595015568,585,True,3778898b-349e-4f75-8ea8-ae7872429588,Westbound,2025-11-18 13:39:05.695702,404.0,330.0,165.0,189.0
3818,8,CAM001,24,2.0157031227826505,630,True,34bbee35-39af-49b9-ab65-c313c776cd74,Eastbound,2025-11-18 13:39:05.096877,258.0,327.0,50.0,69.0
3817,7,CAM001,14,1.7080426696405837,630,True,34bbee35-39af-49b9-ab65-c313c776cd74,Eastbound,2025-11-18 13:39:05.094359,592.0,330.0,91.0,150.0
3816,2,CAM001,2,1.802548975957736,630,True,34bbee35-39af-49b9-ab65-c313c776cd74,Eastbound,2025-11-18 13:39:05.090399,464.0,340.0,73.0,133.0
3815,6,CAM002,42,1.7215619785724197,580,True,3778898b-349e-4f75-8ea8-ae7872429588,Westbound,2025-11-18 13:39:00.870506,219.0,321.0,90.0,117.0
3814,7,CAM002,38,1.9864717173242092,580,True,3778898b-349e-4f75-8ea8-ae7872429588,Westbound,2025-11-18 13:39:00.867506,523.0,308.0,113.0,159.0
3813,2,CAM002,31,1.7984499049652602,580,True,3778898b-349e-4f75-8ea8-ae7872429588,Westbound,2025-11-18 13:39:00.862988,407.0,337.0,155.0,177.0
3812,8,CAM001,24,1.968327424117434,625,True,34bbee35-39af-49b9-ab65-c313c776cd74,Eastbound,2025-11-18 13:39:00.488809,258.0,327.0,50.0,69.0
3811,2,CAM001,2,1.8141451701696614,625,True,34bbee35-39af-49b9-ab65-c313c776cd74,Eastbound,2025-11-18 13:39:00.452097,464.0,341.0,74.0,132.0
3810,8,CAM002,42,1.8479659712308543,575,True,3778898b-349e-4f75-8ea8-ae7872429588,Westbound,2025-11-18 13:38:55.718343,212.0,306.0,93.0,124.0
3809,7,CAM002,38,1.844853677980335,575,True,3778898b-349e-4f75-8ea8-ae7872429588,Westbound,2025-11-18 13:38:55.714822,525.0,310.0,108.0,153.0
3808,1,CAM002,36,2.0170524692808676,575,True,3778898b-349e-4f75-8ea8-ae7872429588,Westbound,2025-11-18 13:38:55.704760,387.0,346.0,44.0,66.0
3807,2,CAM002,31,1.8547741291691109,575,True,3778898b-349e-4f75-8ea8-ae7872429588,Westbound,2025-11-18 13:38:55.696749,405.0,334.0,152.0,177.0
3806,5,CAM002,4,1.9438137454044602,575,True,3778898b-349e-4f75-8ea8-ae7872429588,Westbound,2025-11-18 13:38:55.687143,263.0,330.0,167.0,215.0
3805,8,CAM001,24,1.842177656223946,620,True,34bbee35-39af-49b9-ab65-c313c776cd74,Eastbound,2025-11-18 13:38:54.904108,260.0,327.0,48.0,67.0
3804,7,CAM001,14,1.8155372521186526,620,True,34bbee35-39af-49b9-ab65-c313c776cd74,Eastbound,2025-11-18 13:38:54.901109,593.0,331.0,90.0,149.0
3803,2,CAM001,2,1.8476679936309754,620,True,34bbee35-39af-49b9-ab65-c313c776cd74,Eastbound,2025-11-18 13:38:54.897125,463.0,341.0,74.0,131.0
3802,7,CAM002,38,1.7810576501939366,570,True,3778898b-349e-4f75-8ea8-ae7872429588,Westbound,2025-11-18 13:38:49.076425,521.0,302.0,105.0,154.0
3801,1,CAM002,36,1.9939710736298353,570,True,3778898b-349e-4f75-8ea8-ae7872429588,Westbound,2025-11-18 13:38:49.073836,386.0,343.0,43.0,66.0
3800,2,CAM002,31,1.8249013372759753,570,True,3778898b-349e-4f75-8ea8-ae7872429588,Westbound,2025-11-18 13:38:49.070799,401.0,329.0,155.0,182.0
3799,5,CAM002,4,1.5250190287375764,570,True,3778898b-349e-4f75-8ea8-ae7872429588,Westbound,2025-11-18 13:38:49.035587,269.0,329.0,176.0,210.0
3798,6,CAM001,26,2.017980590711175,615,True,34bbee35-39af-49b9-ab65-c313c776cd74,Eastbound,2025-11-18 13:38:48.444359,86.0,330.0,73.0,103.0
3797,8,CAM001,24,2.020480867002749,615,True,34bbee35-39af-49b9-ab65-c313c776cd74,Eastbound,2025-11-18 13:38:48.441360,260.0,326.0,48.0,69.0
3796,7,CAM001,14,1.7650838346521338,615,True,34bbee35-39af-49b9-ab65-c313c776cd74,Eastbound,2025-11-18 13:38:48.439394,593.0,330.0,90.0,150.0
3795,2,CAM001,2,1.82387657504592,615,True,34bbee35-39af-49b9-ab65-c313c776cd74,Eastbound,2025-11-18 13:38:48.420326,464.0,341.0,73.0,131.0
3794,7,CAM002,38,1.7600162192931206,565,True,3778898b-349e-4f75-8ea8-ae7872429588,Westbound,2025-11-18 13:38:43.647381,514.0,291.0,107.0,160.0
3793,1,CAM002,36,2.0018847023497575,565,True,3778898b-349e-4f75-8ea8-ae7872429588,Westbound,2025-11-18 13:38:43.637863,382.0,339.0,43.0,66.0
3792,2,CAM002,31,1.824737661297281,565,True,3778898b-349e-4f75-8ea8-ae7872429588,Westbound,2025-11-18 13:38:43.615807,393.0,323.0,159.0,186.0
3791,8,CAM001,24,2.009489471861419,610,True,34bbee35-39af-49b9-ab65-c313c776cd74,Eastbound,2025-11-18 13:38:43.118512,261.0,326.0,47.0,68.0
3790,5,CAM001,23,2.0119958600245025,610,True,34bbee35-39af-49b9-ab65-c313c776cd74,Eastbound,2025-11-18 13:38:43.115503,156.0,329.0,143.0,111.0
3789,7,CAM001,14,1.7304628418706296,610,True,34bbee35-39af-49b9-ab65-c313c776cd74,Eastbound,2025-11-18 13:38:43.111991,593.0,329.0,90.0,151.0
3788,2,CAM001,2,1.8617737826124734,610,True,34bbee35-39af-49b9-ab65-c313c776cd74,Eastbound,2025-11-18 13:38:43.108989,463.0,342.0,75.0,130.0
3787,7,CAM002,38,1.7231984647532745,560,True,3778898b-349e-4f75-8ea8-ae7872429588,Westbound,2025-11-18 13:38:38.573088,510.0,289.0,106.0,163.0
3786,1,CAM002,36,1.9360876297805067,560,True,3778898b-349e-4f75-8ea8-ae7872429588,Westbound,2025-11-18 13:38:38.570092,378.0,337.0,43.0,66.0
3785,2,CAM002,31,1.8666774898061462,560,True,3778898b-349e-4f75-8ea8-ae7872429588,Westbound,2025-11-18 13:38:38.566078,390.0,320.0,155.0,181.0
3784,8,CAM001,24,2.0137585656122434,605,True,34bbee35-39af-49b9-ab65-c313c776cd74,Eastbound,2025-11-18 13:38:38.129454,261.0,327.0,47.0,67.0
3783,5,CAM001,23,1.9750025083598342,605,True,34bbee35-39af-49b9-ab65-c313c776cd74,Eastbound,2025-11-18 13:38:38.126445,164.0,329.0,135.0,111.0
3782,7,CAM001,14,1.7532470108971516,605,True,34bbee35-39af-49b9-ab65-c313c776cd74,Eastbound,2025-11-18 13:38:38.123927,593.0,330.0,89.0,150.0
3781,2,CAM001,2,1.8829569166851245,605,True,34bbee35-39af-49b9-ab65-c313c776cd74,Eastbound,2025-11-18 13:38:38.120920,463.0,342.0,74.0,129.0
3780,7,CAM002,38,1.506451604180015,555,True,3778898b-349e-4f75-8ea8-ae7872429588,Westbound,2025-11-18 13:38:33.103330,507.0,288.0,104.0,165.0
3779,1,CAM002,36,1.844684280272423,555,True,3778898b-349e-4f75-8ea8-ae7872429588,Westbound,2025-11-18 13:38:33.100328,370.0,333.0,43.0,65.0
3778,2,CAM002,31,1.8322851786478425,555,True,3778898b-349e-4f75-8ea8-ae7872429588,Westbound,2025-11-18 13:38:33.091620,384.0,319.0,157.0,183.0
3777,8,CAM001,24,2.0279417428116147,600,True,34bbee35-39af-49b9-ab65-c313c776cd74,Eastbound,2025-11-18 13:38:32.655508,262.0,326.0,46.0,69.0
3776,5,CAM001,23,2.0054942619024185,600,True,34bbee35-39af-49b9-ab65-c313c776cd74,Eastbound,2025-11-18 13:38:32.652004,173.0,328.0,130.0,113.0
3775,1,CAM001,20,1.880554888225671,600,True,34bbee35-39af-49b9-ab65-c313c776cd74,Eastbound,2025-11-18 13:38:32.648004,284.0,337.0,135.0,100.0
3774,7,CAM001,14,1.5963025397140935,600,True,34bbee35-39af-49b9-ab65-c313c776cd74,Eastbound,2025-11-18 13:38:32.641443,596.0,331.0,85.0,148.0
3773,2,CAM001,2,1.8824179426882637,600,True,34bbee35-39af-49b9-ab65-c313c776cd74,Eastbound,2025-11-18 13:38:32.635084,463.0,342.0,74.0,129.0
3772,6,CAM002,38,1.8769521583859605,550,True,3778898b-349e-4f75-8ea8-ae7872429588,Westbound,2025-11-18 13:38:28.284320,506.0,280.0,100.0,161.0
3771,1,CAM002,36,1.8840534224011893,550,True,3778898b-349e-4f75-8ea8-ae7872429588,Westbound,2025-11-18 13:38:28.281812,369.0,331.0,42.0,65.0
3770,2,CAM002,31,1.837966444064982,550,True,3778898b-349e-4f75-8ea8-ae7872429588,Westbound,2025-11-18 13:38:28.276812,379.0,317.0,155.0,180.0
3769,8,CAM001,24,2.014916377037749,595,True,34bbee35-39af-49b9-ab65-c313c776cd74,Eastbound,2025-11-18 13:38:27.796064,262.0,326.0,46.0,68.0
3768,5,CAM001,23,1.9968434312887395,595,True,34bbee35-39af-49b9-ab65-c313c776cd74,Eastbound,2025-11-18 13:38:27.792547,175.0,328.0,127.0,113.0
3767,1,CAM001,20,1.8183789660805314,595,True,34bbee35-39af-49b9-ab65-c313c776cd74,Eastbound,2025-11-18 13:38:27.788589,287.0,336.0,131.0,102.0
3766,2,CAM001,2,1.8698931879787306,595,True,34bbee35-39af-49b9-ab65-c313c776cd74,Eastbound,2025-11-18 13:38:27.785018,463.0,341.0,73.0,130.0
3765,1,CAM002,36,1.7978877147507006,545,True,3778898b-349e-4f75-8ea8-ae7872429588,Westbound,2025-11-18 13:38:23.495142,364.0,326.0,42.0,64.0
3764,2,CAM002,31,1.8580724217193152,545,True,3778898b-349e-4f75-8ea8-ae7872429588,Westbound,2025-11-18 13:38:23.488589,374.0,311.0,151.0,178.0
3763,6,CAM002,4,2.0013484197020697,545,True,3778898b-349e-4f75-8ea8-ae7872429588,Westbound,2025-11-18 13:38:23.483905,481.0,304.0,118.0,136.0
3762,8,CAM001,24,1.9992494036960717,590,True,34bbee35-39af-49b9-ab65-c313c776cd74,Eastbound,2025-11-18 13:38:23.129315,264.0,325.0,44.0,67.0
3761,5,CAM001,23,1.787931716478717,590,True,34bbee35-39af-49b9-ab65-c313c776cd74,Eastbound,2025-11-18 13:38:23.126300,167.0,313.0,133.0,128.0
3760,1,CAM001,20,2.040930002815105,590,True,34bbee35-39af-49b9-ab65-c313c776cd74,Eastbound,2025-11-18 13:38:23.122784,291.0,336.0,131.0,102.0
3759,2,CAM001,2,1.8857420434492242,590,True,34bbee35-39af-49b9-ab65-c313c776cd74,Eastbound,2025-11-18 13:38:23.117784,464.0,341.0,71.0,131.0
3758,2,CAM002,31,1.8388721000701067,540,True,3778898b-349e-4f75-8ea8-ae7872429588,Westbound,2025-11-18 13:38:19.179074,368.0,304.0,154.0,183.0
3757,6,CAM002,4,1.919075735287933,540,True,3778898b-349e-4f75-8ea8-ae7872429588,Westbound,2025-11-18 13:38:19.174544,481.0,295.0,115.0,140.0
3756,8,CAM001,24,2.018076289112505,585,True,34bbee35-39af-49b9-ab65-c313c776cd74,Eastbound,2025-11-18 13:38:18.757438,265.0,323.0,45.0,68.0
3755,1,CAM001,20,1.8366438368540505,585,True,34bbee35-39af-49b9-ab65-c313c776cd74,Eastbound,2025-11-18 13:38:18.753905,290.0,335.0,131.0,104.0
3754,2,CAM001,2,1.8895973799837877,585,True,34bbee35-39af-49b9-ab65-c313c776cd74,Eastbound,2025-11-18 13:38:18.748904,466.0,341.0,71.0,132.0
3753,1,CAM002,36,1.6197072265112575,535,True,3778898b-349e-4f75-8ea8-ae7872429588,Westbound,2025-11-18 13:38:13.414811,351.0,308.0,42.0,65.0
3752,2,CAM002,31,1.8656452300204476,535,True,3778898b-349e-4f75-8ea8-ae7872429588,Westbound,2025-11-18 13:38:13.412327,361.0,292.0,159.0,184.0
3751,5,CAM002,17,1.9665427952216408,535,True,3778898b-349e-4f75-8ea8-ae7872429588,Westbound,2025-11-18 13:38:13.408857,164.0,259.0,98.0,119.0
3750,6,CAM002,4,1.9317570626717357,535,True,3778898b-349e-4f75-8ea8-ae7872429588,Westbound,2025-11-18 13:38:13.404943,478.0,284.0,116.0,138.0
3749,8,CAM001,24,2.0198699738098482,580,True,34bbee35-39af-49b9-ab65-c313c776cd74,Eastbound,2025-11-18 13:38:12.838317,264.0,324.0,47.0,68.0
3748,1,CAM001,20,2.0229175723707398,580,True,34bbee35-39af-49b9-ab65-c313c776cd74,Eastbound,2025-11-18 13:38:12.834765,290.0,333.0,131.0,107.0
3747,7,CAM001,14,2.0315437232561355,580,True,34bbee35-39af-49b9-ab65-c313c776cd74,Eastbound,2025-11-18 13:38:12.831802,609.0,340.0,77.0,136.0
3746,3,CAM001,5,1.9919633575875912,580,True,34bbee35-39af-49b9-ab65-c313c776cd74,Eastbound,2025-11-18 13:38:12.827846,149.0,343.0,52.0,71.0
3745,2,CAM001,2,1.8798088743945203,580,True,34bbee35-39af-49b9-ab65-c313c776cd74,Eastbound,2025-11-18 13:38:12.824837,465.0,340.0,72.0,133.0
3744,2,CAM002,31,1.6876038410099072,530,True,3778898b-349e-4f75-8ea8-ae7872429588,Westbound,2025-11-18 13:38:07.352010,360.0,283.0,142.0,165.0
3743,5,CAM002,17,1.753498480379806,530,True,3778898b-349e-4f75-8ea8-ae7872429588,Westbound,2025-11-18 13:38:07.349081,172.0,260.0,92.0,120.0
3742,6,CAM002,4,1.793932097601483,530,True,3778898b-349e-4f75-8ea8-ae7872429588,Westbound,2025-11-18 13:38:07.342659,484.0,284.0,102.0,128.0
3741,8,CAM001,24,2.0351883652817486,575,True,34bbee35-39af-49b9-ab65-c313c776cd74,Eastbound,2025-11-18 13:38:06.629132,264.0,325.0,48.0,67.0
3740,1,CAM001,20,2.0246808069031714,575,True,34bbee35-39af-49b9-ab65-c313c776cd74,Eastbound,2025-11-18 13:38:06.626145,289.0,332.0,133.0,108.0
3739,7,CAM001,14,1.3976282522457064,575,True,34bbee35-39af-49b9-ab65-c313c776cd74,Eastbound,2025-11-18 13:38:06.604637,607.0,339.0,80.0,138.0
3738,3,CAM001,5,1.6105175587868887,575,True,34bbee35-39af-49b9-ab65-c313c776cd74,Eastbound,2025-11-18 13:38:06.600649,149.0,344.0,51.0,71.0
3737,2,CAM001,2,2.0142133083220006,575,True,34bbee35-39af-49b9-ab65-c313c776cd74,Eastbound,2025-11-18 13:38:06.589274,465.0,340.0,71.0,132.0
3736,3,CAM002,38,1.4119492267251632,525,True,3778898b-349e-4f75-8ea8-ae7872429588,Westbound,2025-11-18 13:38:02.460328,247.0,283.0,146.0,257.0
3735,5,CAM002,36,2.0071628508938275,525,True,3778898b-349e-4f75-8ea8-ae7872429588,Westbound,2025-11-18 13:38:02.457400,343.0,286.0,42.0,65.0
3734,7,CAM002,31,1.56427554992392,525,True,3778898b-349e-4f75-8ea8-ae7872429588,Westbound,2025-11-18 13:38:02.451816,352.0,276.0,142.0,161.0
3733,6,CAM002,4,2.0012379541123746,525,True,3778898b-349e-4f75-8ea8-ae7872429588,Westbound,2025-11-18 13:38:02.449871,474.0,244.0,120.0,154.0
3732,8,CAM001,24,2.0098362567919037,570,True,34bbee35-39af-49b9-ab65-c313c776cd74,Eastbound,2025-11-18 13:38:01.886417,264.0,324.0,49.0,69.0
3731,1,CAM001,20,2.0129095227957814,570,True,34bbee35-39af-49b9-ab65-c313c776cd74,Eastbound,2025-11-18 13:38:01.882860,286.0,333.0,134.0,108.0
3730,2,CAM001,2,2.028231462797835,570,True,34bbee35-39af-49b9-ab65-c313c776cd74,Eastbound,2025-11-18 13:38:01.879889,466.0,341.0,71.0,132.0
3729,8,CAM001,24,2.0146900764491793,565,True,34bbee35-39af-49b9-ab65-c313c776cd74,Eastbound,2025-11-18 13:37:56.563404,265.0,324.0,51.0,70.0
3728,1,CAM001,20,1.9987669236911234,565,True,34bbee35-39af-49b9-ab65-c313c776cd74,Eastbound,2025-11-18 13:37:56.560441,292.0,338.0,128.0,102.0
3727,7,CAM001,14,1.7458955672000587,565,True,34bbee35-39af-49b9-ab65-c313c776cd74,Eastbound,2025-11-18 13:37:56.557544,593.0,330.0,89.0,150.0
3726,2,CAM001,2,1.864146216083899,565,True,34bbee35-39af-49b9-ab65-c313c776cd74,Eastbound,2025-11-18 13:37:56.553024,466.0,341.0,71.0,131.0
3725,5,CAM002,36,1.958932289762862,520,True,3778898b-349e-4f75-8ea8-ae7872429588,Westbound,2025-11-18 13:37:54.704574,343.0,284.0,40.0,64.0
3724,7,CAM002,34,1.7551730067278317,520,True,3778898b-349e-4f75-8ea8-ae7872429588,Westbound,2025-11-18 13:37:54.701056,575.0,270.0,114.0,142.0
3723,2,CAM002,31,1.8153901470971974,520,True,3778898b-349e-4f75-8ea8-ae7872429588,Westbound,2025-11-18 13:37:54.695556,352.0,269.0,156.0,175.0
3722,1,CAM002,4,1.4966700623356006,520,True,3778898b-349e-4f75-8ea8-ae7872429588,Westbound,2025-11-18 13:37:54.692515,472.0,242.0,120.0,154.0
3721,8,CAM001,24,1.9117435917667183,560,True,34bbee35-39af-49b9-ab65-c313c776cd74,Eastbound,2025-11-18 13:37:50.238683,265.0,325.0,51.0,68.0
3720,1,CAM001,20,1.5958648855099018,560,True,34bbee35-39af-49b9-ab65-c313c776cd74,Eastbound,2025-11-18 13:37:50.235707,301.0,341.0,119.0,98.0
3719,7,CAM001,14,1.6014584712110933,560,True,34bbee35-39af-49b9-ab65-c313c776cd74,Eastbound,2025-11-18 13:37:50.231618,596.0,331.0,84.0,148.0
3718,6,CAM001,5,2.0018069732542987,560,True,34bbee35-39af-49b9-ab65-c313c776cd74,Eastbound,2025-11-18 13:37:50.228778,148.0,344.0,52.0,73.0
3717,2,CAM001,2,1.8117535223550838,560,True,34bbee35-39af-49b9-ab65-c313c776cd74,Eastbound,2025-11-18 13:37:50.226042,466.0,340.0,70.0,132.0
3716,7,CAM002,34,1.9077467228749314,515,True,3778898b-349e-4f75-8ea8-ae7872429588,Westbound,2025-11-18 13:37:48.128256,578.0,263.0,133.0,153.0
3715,2,CAM002,31,1.826024459257177,515,True,3778898b-349e-4f75-8ea8-ae7872429588,Westbound,2025-11-18 13:37:48.124319,349.0,264.0,157.0,176.0
3714,3,CAM002,17,1.8238158501943,515,True,3778898b-349e-4f75-8ea8-ae7872429588,Westbound,2025-11-18 13:37:48.120382,234.0,270.0,107.0,147.0
3713,1,CAM002,4,1.731742017670021,515,True,3778898b-349e-4f75-8ea8-ae7872429588,Westbound,2025-11-18 13:37:48.099682,463.0,230.0,121.0,156.0
3712,8,CAM001,24,2.0209845017119323,555,True,34bbee35-39af-49b9-ab65-c313c776cd74,Eastbound,2025-11-18 13:37:42.363250,263.0,326.0,50.0,67.0
3711,3,CAM001,23,1.8382278006721589,555,True,34bbee35-39af-49b9-ab65-c313c776cd74,Eastbound,2025-11-18 13:37:42.339372,181.0,326.0,130.0,117.0
3710,1,CAM001,20,1.6988661003443706,555,True,34bbee35-39af-49b9-ab65-c313c776cd74,Eastbound,2025-11-18 13:37:42.335452,291.0,334.0,127.0,107.0
3709,6,CAM001,5,1.9459929451237057,555,True,34bbee35-39af-49b9-ab65-c313c776cd74,Eastbound,2025-11-18 13:37:42.332927,148.0,344.0,52.0,74.0
3708,2,CAM001,2,1.8173422765877505,555,True,34bbee35-39af-49b9-ab65-c313c776cd74,Eastbound,2025-11-18 13:37:42.329036,466.0,341.0,71.0,132.0
3707,5,CAM002,36,1.673723443373551,510,True,3778898b-349e-4f75-8ea8-ae7872429588,Westbound,2025-11-18 13:37:40.070841,337.0,272.0,42.0,64.0
3706,7,CAM002,34,1.9536908969852915,510,True,3778898b-349e-4f75-8ea8-ae7872429588,Westbound,2025-11-18 13:37:40.066935,585.0,250.0,148.0,167.0
3705,2,CAM002,31,1.822361318333569,510,True,3778898b-349e-4f75-8ea8-ae7872429588,Westbound,2025-11-18 13:37:40.063988,347.0,256.0,158.0,178.0
3704,3,CAM002,17,1.848019003193175,510,True,3778898b-349e-4f75-8ea8-ae7872429588,Westbound,2025-11-18 13:37:40.060955,234.0,268.0,105.0,145.0
3703,1,CAM002,4,1.6943502335388894,510,True,3778898b-349e-4f75-8ea8-ae7872429588,Westbound,2025-11-18 13:37:40.057051,462.0,236.0,120.0,147.0
3702,8,CAM001,24,1.9614410357553704,550,True,34bbee35-39af-49b9-ab65-c313c776cd74,Eastbound,2025-11-18 13:37:34.727342,263.0,325.0,49.0,69.0
3701,3,CAM001,23,1.8315173218150944,550,True,34bbee35-39af-49b9-ab65-c313c776cd74,Eastbound,2025-11-18 13:37:34.726370,181.0,326.0,130.0,117.0
3700,1,CAM001,20,1.7123817401563788,550,True,34bbee35-39af-49b9-ab65-c313c776cd74,Eastbound,2025-11-18 13:37:34.724274,288.0,333.0,130.0,111.0
3699,6,CAM001,5,2.0159046741264355,550,True,34bbee35-39af-49b9-ab65-c313c776cd74,Eastbound,2025-11-18 13:37:34.721658,148.0,344.0,53.0,74.0
3698,2,CAM001,2,1.825467052162301,550,True,34bbee35-39af-49b9-ab65-c313c776cd74,Eastbound,2025-11-18 13:37:34.719696,466.0,341.0,71.0,131.0
3697,5,CAM002,35,1.968948211060856,505,True,3778898b-349e-4f75-8ea8-ae7872429588,Westbound,2025-11-18 13:37:32.555954,147.0,216.0,109.0,130.0
3696,7,CAM002,34,1.6685876743209946,505,True,3778898b-349e-4f75-8ea8-ae7872429588,Westbound,2025-11-18 13:37:32.552483,589.0,240.0,148.0,171.0
3695,2,CAM002,31,1.807499724321117,505,True,3778898b-349e-4f75-8ea8-ae7872429588,Westbound,2025-11-18 13:37:32.549590,346.0,249.0,155.0,175.0
3694,3,CAM002,17,1.8531566245442568,505,True,3778898b-349e-4f75-8ea8-ae7872429588,Westbound,2025-11-18 13:37:32.546584,231.0,266.0,103.0,141.0
3693,1,CAM002,4,1.726149927504635,505,True,3778898b-349e-4f75-8ea8-ae7872429588,Westbound,2025-11-18 13:37:32.527020,465.0,243.0,112.0,135.0
3692,8,CAM001,24,1.9975080561898702,545,True,34bbee35-39af-49b9-ab65-c313c776cd74,Eastbound,2025-11-18 13:37:27.034847,262.0,325.0,49.0,71.0
3691,5,CAM001,23,2.0317696375640106,545,True,34bbee35-39af-49b9-ab65-c313c776cd74,Eastbound,2025-11-18 13:37:27.022388,180.0,326.0,132.0,117.0
3690,1,CAM001,20,1.6514101593804849,545,True,34bbee35-39af-49b9-ab65-c313c776cd74,Eastbound,2025-11-18 13:37:27.018838,288.0,333.0,131.0,113.0
3689,7,CAM001,14,1.5612395989704615,545,True,34bbee35-39af-49b9-ab65-c313c776cd74,Eastbound,2025-11-18 13:37:27.015873,611.0,339.0,75.0,136.0
3688,6,CAM001,5,1.7410300956726599,545,True,34bbee35-39af-49b9-ab65-c313c776cd74,Eastbound,2025-11-18 13:37:27.012899,148.0,344.0,52.0,73.0
3687,2,CAM001,2,1.8000595062899492,545,True,34bbee35-39af-49b9-ab65-c313c776cd74,Eastbound,2025-11-18 13:37:27.007971,465.0,340.0,72.0,132.0
3686,2,CAM002,31,1.7747986618082165,500,True,3778898b-349e-4f75-8ea8-ae7872429588,Westbound,2025-11-18 13:37:24.248795,343.0,243.0,153.0,174.0
3685,7,CAM002,28,1.990164376656958,500,True,3778898b-349e-4f75-8ea8-ae7872429588,Westbound,2025-11-18 13:37:24.244888,575.0,230.0,112.0,152.0
3684,6,CAM002,24,1.744996358567053,500,True,3778898b-349e-4f75-8ea8-ae7872429588,Westbound,2025-11-18 13:37:24.241417,145.0,232.0,101.0,103.0
3683,3,CAM002,17,1.8944923193855048,500,True,3778898b-349e-4f75-8ea8-ae7872429588,Westbound,2025-11-18 13:37:24.239455,227.0,262.0,99.0,142.0
3682,1,CAM002,4,1.6265170207442383,500,True,3778898b-349e-4f75-8ea8-ae7872429588,Westbound,2025-11-18 13:37:24.234000,468.0,238.0,107.0,134.0
3681,8,CAM001,24,2.0073063808642373,540,True,34bbee35-39af-49b9-ab65-c313c776cd74,Eastbound,2025-11-18 13:37:19.075534,262.0,325.0,50.0,71.0
3680,5,CAM001,23,1.9974116996749696,540,True,34bbee35-39af-49b9-ab65-c313c776cd74,Eastbound,2025-11-18 13:37:19.072059,178.0,326.0,136.0,117.0
3679,4,CAM001,20,2.00474511749457,540,True,34bbee35-39af-49b9-ab65-c313c776cd74,Eastbound,2025-11-18 13:37:19.069119,297.0,334.0,122.0,107.0
3678,1,CAM001,14,1.6015529836190838,540,True,34bbee35-39af-49b9-ab65-c313c776cd74,Eastbound,2025-11-18 13:37:19.065656,605.0,335.0,80.0,142.0
3677,6,CAM001,5,1.7427510599559082,540,True,34bbee35-39af-49b9-ab65-c313c776cd74,Eastbound,2025-11-18 13:37:19.061697,148.0,344.0,52.0,73.0
3676,2,CAM001,2,1.800629276154866,540,True,34bbee35-39af-49b9-ab65-c313c776cd74,Eastbound,2025-11-18 13:37:19.058754,466.0,341.0,70.0,132.0
3675,5,CAM002,31,1.701341066377863,495,True,3778898b-349e-4f75-8ea8-ae7872429588,Westbound,2025-11-18 13:37:16.578029,342.0,231.0,153.0,177.0
3674,7,CAM002,28,1.7262850223270467,495,True,3778898b-349e-4f75-8ea8-ae7872429588,Westbound,2025-11-18 13:37:16.573974,577.0,227.0,112.0,147.0
3673,6,CAM002,24,1.7767897738105483,495,True,3778898b-349e-4f75-8ea8-ae7872429588,Westbound,2025-11-18 13:37:16.569389,146.0,228.0,101.0,104.0
3672,3,CAM002,17,1.95580294647897,495,True,3778898b-349e-4f75-8ea8-ae7872429588,Westbound,2025-11-18 13:37:16.559923,228.0,241.0,98.0,143.0
3671,1,CAM002,4,2.0107621806018017,495,True,3778898b-349e-4f75-8ea8-ae7872429588,Westbound,2025-11-18 13:37:16.553396,459.0,212.0,110.0,141.0
3670,8,CAM001,24,1.9670410651104315,535,True,34bbee35-39af-49b9-ab65-c313c776cd74,Eastbound,2025-11-18 13:37:11.116467,262.0,325.0,49.0,72.0
3669,3,CAM001,23,1.8059803801152599,535,True,34bbee35-39af-49b9-ab65-c313c776cd74,Eastbound,2025-11-18 13:37:11.114477,175.0,326.0,142.0,117.0
3668,4,CAM001,20,2.0283773591687204,535,True,34bbee35-39af-49b9-ab65-c313c776cd74,Eastbound,2025-11-18 13:37:11.111409,296.0,334.0,123.0,107.0
3667,7,CAM001,14,1.545199075993974,535,True,34bbee35-39af-49b9-ab65-c313c776cd74,Eastbound,2025-11-18 13:37:11.108479,598.0,330.0,84.0,149.0
3666,6,CAM001,5,1.7218498567071814,535,True,34bbee35-39af-49b9-ab65-c313c776cd74,Eastbound,2025-11-18 13:37:11.105541,149.0,344.0,52.0,73.0
3665,2,CAM001,2,2.009003457953417,535,True,34bbee35-39af-49b9-ab65-c313c776cd74,Eastbound,2025-11-18 13:37:11.102034,466.0,341.0,71.0,133.0
3664,5,CAM002,31,1.9963224091552993,490,True,3778898b-349e-4f75-8ea8-ae7872429588,Westbound,2025-11-18 13:37:08.600747,342.0,224.0,153.0,177.0
3663,7,CAM002,28,1.60516467979279,490,True,3778898b-349e-4f75-8ea8-ae7872429588,Westbound,2025-11-18 13:37:08.592250,585.0,223.0,103.0,139.0
3662,6,CAM002,24,1.635311628524117,490,True,3778898b-349e-4f75-8ea8-ae7872429588,Westbound,2025-11-18 13:37:08.586258,145.0,219.0,107.0,115.0
3661,3,CAM002,17,1.8149419454615519,490,True,3778898b-349e-4f75-8ea8-ae7872429588,Westbound,2025-11-18 13:37:08.581770,228.0,237.0,100.0,147.0
3660,1,CAM002,4,1.9983363897803228,490,True,3778898b-349e-4f75-8ea8-ae7872429588,Westbound,2025-11-18 13:37:08.576234,460.0,211.0,112.0,140.0
3659,8,CAM001,24,1.9888603810314054,530,True,34bbee35-39af-49b9-ab65-c313c776cd74,Eastbound,2025-11-18 13:37:03.362442,261.0,325.0,48.0,72.0
3658,3,CAM001,23,1.607510022375151,530,True,34bbee35-39af-49b9-ab65-c313c776cd74,Eastbound,2025-11-18 13:37:03.360482,165.0,327.0,149.0,115.0
3657,4,CAM001,20,1.9776876710663658,530,True,34bbee35-39af-49b9-ab65-c313c776cd74,Eastbound,2025-11-18 13:37:03.357913,298.0,334.0,117.0,107.0
3656,6,CAM001,5,1.5474235662841098,530,True,34bbee35-39af-49b9-ab65-c313c776cd74,Eastbound,2025-11-18 13:37:03.321955,148.0,345.0,52.0,72.0
3655,2,CAM001,2,2.0085765756186347,530,True,34bbee35-39af-49b9-ab65-c313c776cd74,Eastbound,2025-11-18 13:37:03.314507,466.0,342.0,71.0,132.0
3654,5,CAM002,31,1.9588412940163316,485,True,3778898b-349e-4f75-8ea8-ae7872429588,Westbound,2025-11-18 13:37:01.363556,343.0,222.0,146.0,175.0
3653,3,CAM002,17,1.6696457388456842,485,True,3778898b-349e-4f75-8ea8-ae7872429588,Westbound,2025-11-18 13:37:01.360656,235.0,229.0,103.0,155.0
3652,1,CAM002,4,1.9778737788544174,485,True,3778898b-349e-4f75-8ea8-ae7872429588,Westbound,2025-11-18 13:37:01.358051,460.0,204.0,112.0,144.0
3651,8,CAM001,24,2.0096915497987444,525,True,34bbee35-39af-49b9-ab65-c313c776cd74,Eastbound,2025-11-18 13:36:57.105164,261.0,325.0,46.0,72.0
3650,5,CAM001,23,1.6698997411794407,525,True,34bbee35-39af-49b9-ab65-c313c776cd74,Eastbound,2025-11-18 13:36:57.101670,159.0,329.0,142.0,111.0
3649,4,CAM001,20,1.8204525534759413,525,True,34bbee35-39af-49b9-ab65-c313c776cd74,Eastbound,2025-11-18 13:36:57.098244,299.0,333.0,111.0,112.0
3648,2,CAM001,2,2.013385862267393,525,True,34bbee35-39af-49b9-ab65-c313c776cd74,Eastbound,2025-11-18 13:36:57.091122,466.0,343.0,71.0,130.0
3647,5,CAM002,31,1.7097851130399973,480,True,3778898b-349e-4f75-8ea8-ae7872429588,Westbound,2025-11-18 13:36:54.761046,334.0,227.0,147.0,183.0
3646,7,CAM002,28,1.995570538496847,480,True,3778898b-349e-4f75-8ea8-ae7872429588,Westbound,2025-11-18 13:36:54.757139,566.0,227.0,103.0,143.0
3645,4,CAM002,24,1.8103279379602097,480,True,3778898b-349e-4f75-8ea8-ae7872429588,Westbound,2025-11-18 13:36:54.754212,105.0,200.0,280.0,309.0
3644,1,CAM002,4,1.9691188208584338,480,True,3778898b-349e-4f75-8ea8-ae7872429588,Westbound,2025-11-18 13:36:54.749182,449.0,199.0,119.0,150.0
3643,8,CAM001,24,1.9882790746322676,520,True,34bbee35-39af-49b9-ab65-c313c776cd74,Eastbound,2025-11-18 13:36:48.586814,260.0,325.0,47.0,71.0
3642,5,CAM001,23,1.7064544021400452,520,True,34bbee35-39af-49b9-ab65-c313c776cd74,Eastbound,2025-11-18 13:36:48.582863,172.0,332.0,131.0,109.0
3641,4,CAM001,20,1.7603264705980939,520,True,34bbee35-39af-49b9-ab65-c313c776cd74,Eastbound,2025-11-18 13:36:48.580377,303.0,331.0,102.0,118.0
3640,3,CAM001,14,1.6195411174465209,520,True,34bbee35-39af-49b9-ab65-c313c776cd74,Eastbound,2025-11-18 13:36:48.575924,610.0,341.0,76.0,134.0
3639,6,CAM001,5,1.8062225124918245,520,True,34bbee35-39af-49b9-ab65-c313c776cd74,Eastbound,2025-11-18 13:36:48.572984,149.0,346.0,51.0,71.0
3638,2,CAM001,2,1.9716211956557532,520,True,34bbee35-39af-49b9-ab65-c313c776cd74,Eastbound,2025-11-18 13:36:48.569512,466.0,342.0,71.0,130.0
3637,1,CAM001,1,1.45640039783209,520,True,34bbee35-39af-49b9-ab65-c313c776cd74,Eastbound,2025-11-18 13:36:48.551797,287.0,335.0,93.0,100.0
3636,6,CAM002,35,1.5798248109980975,475,True,3778898b-349e-4f75-8ea8-ae7872429588,Westbound,2025-11-18 13:36:45.562836,127.0,235.0,82.0,98.0
3635,3,CAM002,34,1.6353037561298884,475,True,3778898b-349e-4f75-8ea8-ae7872429588,Westbound,2025-11-18 13:36:45.559833,597.0,209.0,167.0,170.0
3634,5,CAM002,31,1.564069729258353,475,True,3778898b-349e-4f75-8ea8-ae7872429588,Westbound,2025-11-18 13:36:45.555935,341.0,236.0,136.0,183.0
3633,7,CAM002,28,1.159107507293466,475,True,3778898b-349e-4f75-8ea8-ae7872429588,Westbound,2025-11-18 13:36:45.552815,555.0,230.0,106.0,141.0
3632,4,CAM002,24,1.6299555829842027,475,True,3778898b-349e-4f75-8ea8-ae7872429588,Westbound,2025-11-18 13:36:45.549356,104.0,209.0,300.0,302.0
3631,1,CAM002,4,1.7112129535840443,475,True,3778898b-349e-4f75-8ea8-ae7872429588,Westbound,2025-11-18 13:36:45.543876,443.0,208.0,127.0,151.0
3630,8,CAM001,24,2.0168946871815043,515,True,34bbee35-39af-49b9-ab65-c313c776cd74,Eastbound,2025-11-18 13:36:38.780985,261.0,325.0,45.0,70.0
3629,5,CAM001,23,1.7293809616861933,515,True,34bbee35-39af-49b9-ab65-c313c776cd74,Eastbound,2025-11-18 13:36:38.778056,180.0,332.0,132.0,110.0
3628,3,CAM001,14,1.3867728580038912,515,True,34bbee35-39af-49b9-ab65-c313c776cd74,Eastbound,2025-11-18 13:36:38.775116,607.0,339.0,80.0,137.0
3627,6,CAM001,5,2.0057564096850964,515,True,34bbee35-39af-49b9-ab65-c313c776cd74,Eastbound,2025-11-18 13:36:38.771611,148.0,345.0,53.0,72.0
3626,2,CAM001,2,2.0243062765815507,515,True,34bbee35-39af-49b9-ab65-c313c776cd74,Eastbound,2025-11-18 13:36:38.768681,465.0,340.0,72.0,133.0
3625,4,CAM001,1,1.6143025169582201,515,True,34bbee35-39af-49b9-ab65-c313c776cd74,Eastbound,2025-11-18 13:36:38.764764,286.0,335.0,92.0,101.0
3624,1,CAM002,36,1.9927274812734435,470,True,3778898b-349e-4f75-8ea8-ae7872429588,Westbound,2025-11-18 13:36:36.360474,370.0,264.0,71.0,109.0
3623,5,CAM002,35,1.561327167544457,470,True,3778898b-349e-4f75-8ea8-ae7872429588,Westbound,2025-11-18 13:36:36.357546,142.0,247.0,80.0,98.0
3622,3,CAM002,34,1.1610180079726047,470,True,3778898b-349e-4f75-8ea8-ae7872429588,Westbound,2025-11-18 13:36:36.353631,585.0,217.0,175.0,181.0
3621,4,CAM002,28,1.9814201905372741,470,True,3778898b-349e-4f75-8ea8-ae7872429588,Westbound,2025-11-18 13:36:36.350659,502.0,241.0,103.0,135.0
3620,8,CAM001,24,1.832707954223301,510,True,34bbee35-39af-49b9-ab65-c313c776cd74,Eastbound,2025-11-18 13:36:32.127350,261.0,325.0,45.0,69.0
3619,5,CAM001,23,1.7167287383652778,510,True,34bbee35-39af-49b9-ab65-c313c776cd74,Eastbound,2025-11-18 13:36:32.124412,175.0,332.0,139.0,110.0
3618,6,CAM001,5,1.402364438137852,510,True,34bbee35-39af-49b9-ab65-c313c776cd74,Eastbound,2025-11-18 13:36:32.121350,146.0,344.0,55.0,72.0
3617,2,CAM001,2,2.004918183046124,510,True,34bbee35-39af-49b9-ab65-c313c776cd74,Eastbound,2025-11-18 13:36:32.119364,464.0,341.0,73.0,133.0
3616,3,CAM001,1,1.8166779767620163,510,True,34bbee35-39af-49b9-ab65-c313c776cd74,Eastbound,2025-11-18 13:36:32.116430,285.0,336.0,90.0,101.0
3615,8,CAM002,33,1.74472818906914,465,True,3778898b-349e-4f75-8ea8-ae7872429588,Westbound,2025-11-18 13:36:30.410326,208.0,303.0,83.0,96.0
3614,1,CAM002,31,1.9313383504510644,465,True,3778898b-349e-4f75-8ea8-ae7872429588,Westbound,2025-11-18 13:36:30.407397,406.0,297.0,81.0,112.0
3613,4,CAM002,28,1.8911880025454113,465,True,3778898b-349e-4f75-8ea8-ae7872429588,Westbound,2025-11-18 13:36:30.402505,501.0,256.0,99.0,138.0
3612,8,CAM001,24,1.9044134735378868,505,True,34bbee35-39af-49b9-ab65-c313c776cd74,Eastbound,2025-11-18 13:36:26.814518,261.0,326.0,45.0,68.0
3611,5,CAM001,23,1.9119597714731822,505,True,34bbee35-39af-49b9-ab65-c313c776cd74,Eastbound,2025-11-18 13:36:26.811538,171.0,332.0,135.0,107.0
3610,2,CAM001,2,1.787150184418228,505,True,34bbee35-39af-49b9-ab65-c313c776cd74,Eastbound,2025-11-18 13:36:26.808608,464.0,341.0,73.0,132.0
3609,3,CAM001,1,1.7441060227183174,505,True,34bbee35-39af-49b9-ab65-c313c776cd74,Eastbound,2025-11-18 13:36:26.803718,286.0,338.0,87.0,99.0
3608,3,CAM002,31,1.8526937068820242,460,True,3778898b-349e-4f75-8ea8-ae7872429588,Westbound,2025-11-18 13:36:25.035424,415.0,314.0,64.0,92.0
3607,4,CAM002,28,1.3800398864700845,460,True,3778898b-349e-4f75-8ea8-ae7872429588,Westbound,2025-11-18 13:36:25.030826,502.0,280.0,89.0,142.0
3606,1,CAM002,17,1.9017172548844345,460,True,3778898b-349e-4f75-8ea8-ae7872429588,Westbound,2025-11-18 13:36:25.028868,556.0,294.0,108.0,156.0
3605,2,CAM002,4,1.7480076888348859,460,True,3778898b-349e-4f75-8ea8-ae7872429588,Westbound,2025-11-18 13:36:25.023865,434.0,312.0,162.0,189.0
3604,8,CAM001,24,1.9369928741377913,500,True,34bbee35-39af-49b9-ab65-c313c776cd74,Eastbound,2025-11-18 13:36:20.659054,262.0,327.0,43.0,67.0
3603,5,CAM001,23,1.9873620322778611,500,True,34bbee35-39af-49b9-ab65-c313c776cd74,Eastbound,2025-11-18 13:36:20.656051,161.0,327.0,138.0,114.0
3602,1,CAM001,14,1.8500959611642518,500,True,34bbee35-39af-49b9-ab65-c313c776cd74,Eastbound,2025-11-18 13:36:20.653043,587.0,320.0,97.0,160.0
3601,2,CAM001,2,1.8180447829607835,500,True,34bbee35-39af-49b9-ab65-c313c776cd74,Eastbound,2025-11-18 13:36:20.649535,464.0,341.0,72.0,131.0
3600,4,CAM001,1,1.6864192615610707,500,True,34bbee35-39af-49b9-ab65-c313c776cd74,Eastbound,2025-11-18 13:36:20.645526,286.0,338.0,83.0,98.0
3599,3,CAM002,31,2.0002151851980026,455,True,3778898b-349e-4f75-8ea8-ae7872429588,Westbound,2025-11-18 13:36:18.574449,426.0,337.0,44.0,65.0
3598,1,CAM002,17,1.8652571639878235,455,True,3778898b-349e-4f75-8ea8-ae7872429588,Westbound,2025-11-18 13:36:18.570928,553.0,294.0,108.0,156.0
3597,2,CAM002,4,1.826375212745979,455,True,3778898b-349e-4f75-8ea8-ae7872429588,Westbound,2025-11-18 13:36:18.567928,434.0,314.0,161.0,185.0
3596,8,CAM001,24,1.9933054684560025,495,True,34bbee35-39af-49b9-ab65-c313c776cd74,Eastbound,2025-11-18 13:36:13.222330,262.0,327.0,42.0,68.0
3595,5,CAM001,23,1.968973555564081,495,True,34bbee35-39af-49b9-ab65-c313c776cd74,Eastbound,2025-11-18 13:36:13.219332,167.0,325.0,129.0,116.0
3594,3,CAM001,20,1.865322996581907,495,True,34bbee35-39af-49b9-ab65-c313c776cd74,Eastbound,2025-11-18 13:36:13.217331,351.0,348.0,68.0,87.0
3593,1,CAM001,14,1.8499228570381971,495,True,34bbee35-39af-49b9-ab65-c313c776cd74,Eastbound,2025-11-18 13:36:13.214332,588.0,321.0,96.0,159.0
3592,2,CAM001,2,1.8410894269748788,495,True,34bbee35-39af-49b9-ab65-c313c776cd74,Eastbound,2025-11-18 13:36:13.211333,465.0,342.0,72.0,132.0
3591,4,CAM001,1,1.9918310533828618,495,True,34bbee35-39af-49b9-ab65-c313c776cd74,Eastbound,2025-11-18 13:36:13.207332,284.0,338.0,82.0,98.0
3590,3,CAM002,31,1.8124774197874598,450,True,3778898b-349e-4f75-8ea8-ae7872429588,Westbound,2025-11-18 13:36:11.107701,426.0,336.0,45.0,66.0
3589,1,CAM002,17,1.8535485813173578,450,True,3778898b-349e-4f75-8ea8-ae7872429588,Westbound,2025-11-18 13:36:11.105574,546.0,295.0,109.0,155.0
3588,2,CAM002,4,1.8379505505091869,450,True,3778898b-349e-4f75-8ea8-ae7872429588,Westbound,2025-11-18 13:36:11.101704,436.0,318.0,157.0,179.0
3587,8,CAM001,24,1.9996861034811746,490,True,34bbee35-39af-49b9-ab65-c313c776cd74,Eastbound,2025-11-18 13:36:06.186366,261.0,327.0,44.0,71.0
3586,5,CAM001,23,1.991397658753976,490,True,34bbee35-39af-49b9-ab65-c313c776cd74,Eastbound,2025-11-18 13:36:06.183367,180.0,325.0,120.0,117.0
3585,3,CAM001,20,1.8752728487008985,490,True,34bbee35-39af-49b9-ab65-c313c776cd74,Eastbound,2025-11-18 13:36:06.180357,349.0,348.0,70.0,88.0
3584,6,CAM001,19,2.0261457224941704,490,True,34bbee35-39af-49b9-ab65-c313c776cd74,Eastbound,2025-11-18 13:36:06.176353,148.0,345.0,52.0,73.0
3583,1,CAM001,14,1.8294810546648308,490,True,34bbee35-39af-49b9-ab65-c313c776cd74,Eastbound,2025-11-18 13:36:06.173354,590.0,325.0,94.0,155.0
3582,2,CAM001,2,1.8520631063369892,490,True,34bbee35-39af-49b9-ab65-c313c776cd74,Eastbound,2025-11-18 13:36:06.170354,464.0,341.0,74.0,133.0
3581,4,CAM001,1,2.0224105441186984,490,True,34bbee35-39af-49b9-ab65-c313c776cd74,Eastbound,2025-11-18 13:36:06.166352,285.0,338.0,82.0,98.0
3580,3,CAM002,31,1.8517511359700358,445,True,3778898b-349e-4f75-8ea8-ae7872429588,Westbound,2025-11-18 13:36:03.605721,426.0,336.0,44.0,66.0
3579,1,CAM002,17,1.8436897513687096,445,True,3778898b-349e-4f75-8ea8-ae7872429588,Westbound,2025-11-18 13:36:03.602684,545.0,298.0,106.0,151.0
3578,2,CAM002,4,1.81001574689606,445,True,3778898b-349e-4f75-8ea8-ae7872429588,Westbound,2025-11-18 13:36:03.596203,437.0,319.0,156.0,178.0
3577,8,CAM001,24,1.973183079785918,485,True,34bbee35-39af-49b9-ab65-c313c776cd74,Eastbound,2025-11-18 13:35:58.568090,261.0,327.0,43.0,70.0
3576,5,CAM001,23,2.0178586023352265,485,True,34bbee35-39af-49b9-ab65-c313c776cd74,Eastbound,2025-11-18 13:35:58.565089,187.0,326.0,116.0,117.0
3575,3,CAM001,20,1.8801193019823732,485,True,34bbee35-39af-49b9-ab65-c313c776cd74,Eastbound,2025-11-18 13:35:58.563089,348.0,348.0,72.0,88.0
3574,6,CAM001,19,2.016419511973853,485,True,34bbee35-39af-49b9-ab65-c313c776cd74,Eastbound,2025-11-18 13:35:58.560089,148.0,345.0,52.0,72.0
3573,1,CAM001,14,1.841402488919368,485,True,34bbee35-39af-49b9-ab65-c313c776cd74,Eastbound,2025-11-18 13:35:58.557090,591.0,327.0,93.0,153.0
3572,2,CAM001,2,1.8497868266110942,485,True,34bbee35-39af-49b9-ab65-c313c776cd74,Eastbound,2025-11-18 13:35:58.553089,464.0,341.0,74.0,133.0
3571,4,CAM001,1,2.0233089047803023,485,True,34bbee35-39af-49b9-ab65-c313c776cd74,Eastbound,2025-11-18 13:35:58.525187,284.0,337.0,83.0,100.0
3570,3,CAM002,31,1.6698373728146132,440,True,3778898b-349e-4f75-8ea8-ae7872429588,Westbound,2025-11-18 13:35:56.093184,426.0,337.0,43.0,65.0
3569,1,CAM002,17,1.8515650977032583,440,True,3778898b-349e-4f75-8ea8-ae7872429588,Westbound,2025-11-18 13:35:56.091186,549.0,302.0,101.0,146.0
3568,2,CAM002,4,1.830789041996468,440,True,3778898b-349e-4f75-8ea8-ae7872429588,Westbound,2025-11-18 13:35:56.086662,436.0,317.0,158.0,180.0
3567,8,CAM001,24,1.9774739908137378,480,True,34bbee35-39af-49b9-ab65-c313c776cd74,Eastbound,2025-11-18 13:35:51.336852,261.0,326.0,43.0,72.0
3566,5,CAM001,23,1.9749404430013004,480,True,34bbee35-39af-49b9-ab65-c313c776cd74,Eastbound,2025-11-18 13:35:51.333895,188.0,322.0,115.0,121.0
3565,3,CAM001,20,2.011313610284389,480,True,34bbee35-39af-49b9-ab65-c313c776cd74,Eastbound,2025-11-18 13:35:51.330932,350.0,348.0,72.0,87.0
3564,6,CAM001,19,1.9879018413153067,480,True,34bbee35-39af-49b9-ab65-c313c776cd74,Eastbound,2025-11-18 13:35:51.326885,149.0,345.0,50.0,72.0
3563,1,CAM001,14,1.8497151078718677,480,True,34bbee35-39af-49b9-ab65-c313c776cd74,Eastbound,2025-11-18 13:35:51.305886,586.0,319.0,98.0,161.0
3562,2,CAM001,2,1.8335540424406194,480,True,34bbee35-39af-49b9-ab65-c313c776cd74,Eastbound,2025-11-18 13:35:51.300848,464.0,341.0,74.0,133.0
3561,4,CAM001,1,1.996316329777404,480,True,34bbee35-39af-49b9-ab65-c313c776cd74,Eastbound,2025-11-18 13:35:51.294888,284.0,337.0,83.0,100.0
3560,1,CAM002,17,1.8499699802828182,435,True,3778898b-349e-4f75-8ea8-ae7872429588,Westbound,2025-11-18 13:35:48.909206,549.0,301.0,102.0,147.0
3559,2,CAM002,4,1.7980182783730854,435,True,3778898b-349e-4f75-8ea8-ae7872429588,Westbound,2025-11-18 13:35:48.905204,435.0,317.0,159.0,180.0
3558,8,CAM001,24,2.010584859068982,475,True,34bbee35-39af-49b9-ab65-c313c776cd74,Eastbound,2025-11-18 13:35:44.085669,261.0,325.0,44.0,74.0
3557,5,CAM001,23,2.023654227882585,475,True,34bbee35-39af-49b9-ab65-c313c776cd74,Eastbound,2025-11-18 13:35:44.083668,185.0,312.0,121.0,131.0
3556,3,CAM001,20,2.0243271945267667,475,True,34bbee35-39af-49b9-ab65-c313c776cd74,Eastbound,2025-11-18 13:35:44.080693,350.0,349.0,71.0,87.0
3555,6,CAM001,19,1.9790297144558162,475,True,34bbee35-39af-49b9-ab65-c313c776cd74,Eastbound,2025-11-18 13:35:44.073542,148.0,345.0,51.0,73.0
3554,1,CAM001,14,1.4881947570487504,475,True,34bbee35-39af-49b9-ab65-c313c776cd74,Eastbound,2025-11-18 13:35:44.069544,588.0,322.0,97.0,157.0
3553,2,CAM001,2,1.5246228286616075,475,True,34bbee35-39af-49b9-ab65-c313c776cd74,Eastbound,2025-11-18 13:35:44.066542,463.0,340.0,75.0,133.0
3552,4,CAM001,1,2.023040611802104,475,True,34bbee35-39af-49b9-ab65-c313c776cd74,Eastbound,2025-11-18 13:35:44.042540,285.0,338.0,81.0,98.0
3551,1,CAM002,17,1.979675432836269,430,True,3778898b-349e-4f75-8ea8-ae7872429588,Westbound,2025-11-18 13:35:42.192799,552.0,302.0,98.0,145.0
3550,2,CAM002,4,1.9789122428177002,430,True,3778898b-349e-4f75-8ea8-ae7872429588,Westbound,2025-11-18 13:35:42.188799,434.0,318.0,161.0,181.0
3549,1,CAM002,17,1.8426320276498516,425,True,3778898b-349e-4f75-8ea8-ae7872429588,Westbound,2025-11-18 13:35:35.881442,551.0,305.0,95.0,143.0
3548,2,CAM002,4,1.7942756770620856,425,True,3778898b-349e-4f75-8ea8-ae7872429588,Westbound,2025-11-18 13:35:35.877442,432.0,319.0,165.0,182.0
3547,8,CAM001,24,2.030486129333342,470,True,34bbee35-39af-49b9-ab65-c313c776cd74,Eastbound,2025-11-18 13:35:35.356958,259.0,325.0,46.0,75.0
3546,5,CAM001,23,1.9797145905000362,470,True,34bbee35-39af-49b9-ab65-c313c776cd74,Eastbound,2025-11-18 13:35:35.353961,185.0,309.0,121.0,134.0
3545,3,CAM001,20,1.770879235878677,470,True,34bbee35-39af-49b9-ab65-c313c776cd74,Eastbound,2025-11-18 13:35:35.350949,351.0,350.0,71.0,87.0
3544,6,CAM001,19,2.012904220637191,470,True,34bbee35-39af-49b9-ab65-c313c776cd74,Eastbound,2025-11-18 13:35:35.345990,149.0,345.0,50.0,72.0
3543,1,CAM001,14,2.0288476562582125,470,True,34bbee35-39af-49b9-ab65-c313c776cd74,Eastbound,2025-11-18 13:35:35.342945,591.0,330.0,92.0,149.0
3542,2,CAM001,2,1.8239180971531215,470,True,34bbee35-39af-49b9-ab65-c313c776cd74,Eastbound,2025-11-18 13:35:35.338943,463.0,340.0,73.0,132.0
3541,4,CAM001,1,2.033392021642244,470,True,34bbee35-39af-49b9-ab65-c313c776cd74,Eastbound,2025-11-18 13:35:35.330942,284.0,338.0,81.0,98.0
3540,3,CAM002,24,1.589158062384462,420,True,3778898b-349e-4f75-8ea8-ae7872429588,Westbound,2025-11-18 13:35:29.244420,250.0,323.0,226.0,217.0
3539,2,CAM002,4,1.7426018396575547,420,True,3778898b-349e-4f75-8ea8-ae7872429588,Westbound,2025-11-18 13:35:29.242508,434.0,322.0,162.0,179.0
3538,8,CAM001,24,1.9834726396501445,465,True,34bbee35-39af-49b9-ab65-c313c776cd74,Eastbound,2025-11-18 13:35:28.961634,259.0,325.0,47.0,75.0
3537,5,CAM001,23,1.9693545235016006,465,True,34bbee35-39af-49b9-ab65-c313c776cd74,Eastbound,2025-11-18 13:35:28.959214,184.0,304.0,124.0,139.0
3536,3,CAM001,20,1.6862756471586897,465,True,34bbee35-39af-49b9-ab65-c313c776cd74,Eastbound,2025-11-18 13:35:28.957214,351.0,349.0,71.0,87.0
3535,6,CAM001,19,2.028869382567131,465,True,34bbee35-39af-49b9-ab65-c313c776cd74,Eastbound,2025-11-18 13:35:28.955215,149.0,345.0,49.0,71.0
3534,1,CAM001,14,1.9975963218478232,465,True,34bbee35-39af-49b9-ab65-c313c776cd74,Eastbound,2025-11-18 13:35:28.952215,592.0,330.0,91.0,148.0
3533,2,CAM001,2,1.7754112772626272,465,True,34bbee35-39af-49b9-ab65-c313c776cd74,Eastbound,2025-11-18 13:35:28.949214,465.0,340.0,72.0,134.0
3532,4,CAM001,1,1.9926104351433485,465,True,34bbee35-39af-49b9-ab65-c313c776cd74,Eastbound,2025-11-18 13:35:28.946213,285.0,337.0,81.0,99.0
3531,4,CAM002,29,1.9516095228834087,415,True,3778898b-349e-4f75-8ea8-ae7872429588,Westbound,2025-11-18 13:35:25.208842,248.0,318.0,103.0,107.0
3530,3,CAM002,24,1.6240127693115494,415,True,3778898b-349e-4f75-8ea8-ae7872429588,Westbound,2025-11-18 13:35:25.205845,250.0,322.0,224.0,218.0
3529,2,CAM002,4,1.7578465330081887,415,True,3778898b-349e-4f75-8ea8-ae7872429588,Westbound,2025-11-18 13:35:25.199845,433.0,322.0,165.0,182.0
3528,8,CAM001,24,2.0255387210951423,460,True,34bbee35-39af-49b9-ab65-c313c776cd74,Eastbound,2025-11-18 13:35:24.878604,258.0,325.0,48.0,75.0
3527,5,CAM001,23,2.00866674118255,460,True,34bbee35-39af-49b9-ab65-c313c776cd74,Eastbound,2025-11-18 13:35:24.876603,184.0,303.0,124.0,141.0
3526,3,CAM001,20,1.7148643152155971,460,True,34bbee35-39af-49b9-ab65-c313c776cd74,Eastbound,2025-11-18 13:35:24.874604,351.0,349.0,72.0,87.0
3525,6,CAM001,19,2.016853283798851,460,True,34bbee35-39af-49b9-ab65-c313c776cd74,Eastbound,2025-11-18 13:35:24.872605,148.0,344.0,50.0,71.0
3524,1,CAM001,14,2.0366649658208833,460,True,34bbee35-39af-49b9-ab65-c313c776cd74,Eastbound,2025-11-18 13:35:24.870604,592.0,329.0,91.0,148.0
3523,2,CAM001,2,1.7875132123755375,460,True,34bbee35-39af-49b9-ab65-c313c776cd74,Eastbound,2025-11-18 13:35:24.867603,465.0,341.0,72.0,133.0
3522,4,CAM001,1,1.9231920264720692,460,True,34bbee35-39af-49b9-ab65-c313c776cd74,Eastbound,2025-11-18 13:35:24.864602,286.0,337.0,80.0,99.0
3521,4,CAM002,29,1.9485245077299538,410,True,3778898b-349e-4f75-8ea8-ae7872429588,Westbound,2025-11-18 13:35:20.837259,248.0,319.0,103.0,105.0
3520,3,CAM002,24,1.6581743745318533,410,True,3778898b-349e-4f75-8ea8-ae7872429588,Westbound,2025-11-18 13:35:20.835258,251.0,322.0,221.0,218.0
3519,2,CAM002,4,1.7463397223367187,410,True,3778898b-349e-4f75-8ea8-ae7872429588,Westbound,2025-11-18 13:35:20.832266,432.0,323.0,165.0,182.0
3518,8,CAM001,24,1.965910596342578,455,True,34bbee35-39af-49b9-ab65-c313c776cd74,Eastbound,2025-11-18 13:35:20.511732,259.0,326.0,46.0,71.0
3517,5,CAM001,23,1.9951811554429606,455,True,34bbee35-39af-49b9-ab65-c313c776cd74,Eastbound,2025-11-18 13:35:20.509733,184.0,304.0,124.0,140.0
3516,3,CAM001,20,1.6793607403780002,455,True,34bbee35-39af-49b9-ab65-c313c776cd74,Eastbound,2025-11-18 13:35:20.507734,350.0,349.0,72.0,87.0
3515,6,CAM001,19,1.9348775013365174,455,True,34bbee35-39af-49b9-ab65-c313c776cd74,Eastbound,2025-11-18 13:35:20.505733,148.0,343.0,50.0,71.0
3514,1,CAM001,14,1.993827263700276,455,True,34bbee35-39af-49b9-ab65-c313c776cd74,Eastbound,2025-11-18 13:35:20.503735,592.0,330.0,91.0,147.0
3513,2,CAM001,2,1.785236562343166,455,True,34bbee35-39af-49b9-ab65-c313c776cd74,Eastbound,2025-11-18 13:35:20.501733,465.0,342.0,72.0,132.0
3512,4,CAM001,1,1.909482134926218,455,True,34bbee35-39af-49b9-ab65-c313c776cd74,Eastbound,2025-11-18 13:35:20.485747,286.0,338.0,78.0,98.0
3511,5,CAM002,29,1.7781105200764722,405,True,3778898b-349e-4f75-8ea8-ae7872429588,Westbound,2025-11-18 13:35:16.424174,249.0,319.0,101.0,105.0
3510,4,CAM002,24,1.4317233756801238,405,True,3778898b-349e-4f75-8ea8-ae7872429588,Westbound,2025-11-18 13:35:16.420132,254.0,321.0,216.0,219.0
3509,3,CAM002,17,1.7895991806791214,405,True,3778898b-349e-4f75-8ea8-ae7872429588,Westbound,2025-11-18 13:35:16.418222,331.0,338.0,96.0,145.0
3508,2,CAM002,4,1.7163211939622027,405,True,3778898b-349e-4f75-8ea8-ae7872429588,Westbound,2025-11-18 13:35:16.414252,431.0,324.0,161.0,181.0
3507,8,CAM001,24,2.017094151550177,450,True,34bbee35-39af-49b9-ab65-c313c776cd74,Eastbound,2025-11-18 13:35:15.992201,260.0,326.0,44.0,67.0
3506,5,CAM001,23,2.004538508181597,450,True,34bbee35-39af-49b9-ab65-c313c776cd74,Eastbound,2025-11-18 13:35:15.990202,186.0,307.0,119.0,137.0
3505,3,CAM001,20,1.8583036416322716,450,True,34bbee35-39af-49b9-ab65-c313c776cd74,Eastbound,2025-11-18 13:35:15.988203,347.0,348.0,74.0,89.0
3504,6,CAM001,19,1.9927380099553968,450,True,34bbee35-39af-49b9-ab65-c313c776cd74,Eastbound,2025-11-18 13:35:15.984240,149.0,344.0,49.0,70.0
3503,1,CAM001,14,2.0412089882682003,450,True,34bbee35-39af-49b9-ab65-c313c776cd74,Eastbound,2025-11-18 13:35:15.982203,592.0,330.0,90.0,149.0
3502,2,CAM001,2,1.781716585188394,450,True,34bbee35-39af-49b9-ab65-c313c776cd74,Eastbound,2025-11-18 13:35:15.979201,465.0,342.0,72.0,132.0
3501,4,CAM001,1,1.9038563874102843,450,True,34bbee35-39af-49b9-ab65-c313c776cd74,Eastbound,2025-11-18 13:35:15.976222,286.0,337.0,78.0,100.0
3500,5,CAM002,29,1.7564080354643794,400,True,3778898b-349e-4f75-8ea8-ae7872429588,Westbound,2025-11-18 13:35:12.025483,248.0,319.0,103.0,105.0
3499,3,CAM002,24,1.645114510785229,400,True,3778898b-349e-4f75-8ea8-ae7872429588,Westbound,2025-11-18 13:35:12.023482,255.0,320.0,216.0,220.0
3498,4,CAM002,17,1.7121781849015587,400,True,3778898b-349e-4f75-8ea8-ae7872429588,Westbound,2025-11-18 13:35:12.020484,332.0,338.0,92.0,144.0
3497,2,CAM002,4,1.7654252023434414,400,True,3778898b-349e-4f75-8ea8-ae7872429588,Westbound,2025-11-18 13:35:12.017482,434.0,324.0,154.0,180.0
3496,8,CAM001,24,2.0157901119182875,445,True,34bbee35-39af-49b9-ab65-c313c776cd74,Eastbound,2025-11-18 13:35:11.575128,258.0,326.0,46.0,68.0
3495,5,CAM001,23,2.029179759564565,445,True,34bbee35-39af-49b9-ab65-c313c776cd74,Eastbound,2025-11-18 13:35:11.573133,189.0,309.0,113.0,135.0
3494,3,CAM001,20,1.6856912367779038,445,True,34bbee35-39af-49b9-ab65-c313c776cd74,Eastbound,2025-11-18 13:35:11.571163,348.0,349.0,74.0,88.0
3493,6,CAM001,19,2.011273787906926,445,True,34bbee35-39af-49b9-ab65-c313c776cd74,Eastbound,2025-11-18 13:35:11.569136,149.0,345.0,49.0,70.0
3492,1,CAM001,14,2.0091481238191773,445,True,34bbee35-39af-49b9-ab65-c313c776cd74,Eastbound,2025-11-18 13:35:11.567138,593.0,329.0,88.0,150.0
3491,2,CAM001,2,1.7906834263804488,445,True,34bbee35-39af-49b9-ab65-c313c776cd74,Eastbound,2025-11-18 13:35:11.564131,464.0,342.0,73.0,132.0
3490,4,CAM001,1,1.9111163580429353,445,True,34bbee35-39af-49b9-ab65-c313c776cd74,Eastbound,2025-11-18 13:35:11.560185,285.0,337.0,79.0,100.0
3489,3,CAM002,24,1.583471783775331,395,True,3778898b-349e-4f75-8ea8-ae7872429588,Westbound,2025-11-18 13:35:07.744372,258.0,319.0,210.0,221.0
3488,2,CAM002,4,1.7589209364581992,395,True,3778898b-349e-4f75-8ea8-ae7872429588,Westbound,2025-11-18 13:35:07.741375,441.0,324.0,144.0,179.0
3487,8,CAM001,24,1.9183719588023758,440,True,34bbee35-39af-49b9-ab65-c313c776cd74,Eastbound,2025-11-18 13:35:07.494025,258.0,327.0,46.0,68.0
3486,5,CAM001,23,2.0328101728552546,440,True,34bbee35-39af-49b9-ab65-c313c776cd74,Eastbound,2025-11-18 13:35:07.493023,193.0,308.0,106.0,137.0
3485,3,CAM001,20,1.7025479318325556,440,True,34bbee35-39af-49b9-ab65-c313c776cd74,Eastbound,2025-11-18 13:35:07.490984,350.0,350.0,75.0,86.0
3484,6,CAM001,19,1.9803393637463584,440,True,34bbee35-39af-49b9-ab65-c313c776cd74,Eastbound,2025-11-18 13:35:07.488984,147.0,346.0,51.0,73.0
3483,1,CAM001,14,2.02597281554128,440,True,34bbee35-39af-49b9-ab65-c313c776cd74,Eastbound,2025-11-18 13:35:07.486985,593.0,326.0,88.0,153.0
3482,2,CAM001,2,1.802373030735657,440,True,34bbee35-39af-49b9-ab65-c313c776cd74,Eastbound,2025-11-18 13:35:07.484985,463.0,341.0,74.0,133.0
3481,4,CAM001,1,2.0287260960550833,440,True,34bbee35-39af-49b9-ab65-c313c776cd74,Eastbound,2025-11-18 13:35:07.482023,288.0,339.0,76.0,97.0
3480,1,CAM002,25,1.820985626455023,390,True,3778898b-349e-4f75-8ea8-ae7872429588,Westbound,2025-11-18 13:35:04.114685,555.0,302.0,97.0,147.0
3479,3,CAM002,24,1.649941119366912,390,True,3778898b-349e-4f75-8ea8-ae7872429588,Westbound,2025-11-18 13:35:04.112686,253.0,319.0,201.0,221.0
3478,2,CAM002,4,1.7484025468571693,390,True,3778898b-349e-4f75-8ea8-ae7872429588,Westbound,2025-11-18 13:35:04.109684,457.0,321.0,134.0,183.0
3477,5,CAM001,23,1.9828966068624287,435,True,34bbee35-39af-49b9-ab65-c313c776cd74,Eastbound,2025-11-18 13:35:03.795608,194.0,303.0,98.0,143.0
3476,3,CAM001,20,1.7436600094794197,435,True,34bbee35-39af-49b9-ab65-c313c776cd74,Eastbound,2025-11-18 13:35:03.794610,346.0,349.0,81.0,87.0
3475,6,CAM001,19,1.9624238215608647,435,True,34bbee35-39af-49b9-ab65-c313c776cd74,Eastbound,2025-11-18 13:35:03.792586,146.0,346.0,52.0,72.0
3474,1,CAM001,14,1.8013915170073957,435,True,34bbee35-39af-49b9-ab65-c313c776cd74,Eastbound,2025-11-18 13:35:03.791587,600.0,331.0,82.0,146.0
3473,2,CAM001,2,1.8192688881058947,435,True,34bbee35-39af-49b9-ab65-c313c776cd74,Eastbound,2025-11-18 13:35:03.788588,463.0,340.0,75.0,133.0
3472,4,CAM001,1,1.8663813793379176,435,True,34bbee35-39af-49b9-ab65-c313c776cd74,Eastbound,2025-11-18 13:35:03.785601,290.0,339.0,72.0,99.0
3471,1,CAM002,25,1.8431507484775427,385,True,3778898b-349e-4f75-8ea8-ae7872429588,Westbound,2025-11-18 13:34:59.790017,554.0,303.0,98.0,145.0
3470,3,CAM002,24,1.6120766934676718,385,True,3778898b-349e-4f75-8ea8-ae7872429588,Westbound,2025-11-18 13:34:59.785016,234.0,318.0,206.0,222.0
3469,2,CAM002,4,1.7272342994222292,385,True,3778898b-349e-4f75-8ea8-ae7872429588,Westbound,2025-11-18 13:34:59.782018,469.0,312.0,147.0,191.0
3468,5,CAM001,23,1.9934664229899912,430,True,34bbee35-39af-49b9-ab65-c313c776cd74,Eastbound,2025-11-18 13:34:59.415398,192.0,296.0,96.0,148.0
3467,3,CAM001,20,2.0239769727492987,430,True,34bbee35-39af-49b9-ab65-c313c776cd74,Eastbound,2025-11-18 13:34:59.413391,338.0,348.0,84.0,88.0
3466,6,CAM001,19,1.8901215624939067,430,True,34bbee35-39af-49b9-ab65-c313c776cd74,Eastbound,2025-11-18 13:34:59.410387,145.0,342.0,59.0,78.0
3465,1,CAM001,14,1.8735695613491792,430,True,34bbee35-39af-49b9-ab65-c313c776cd74,Eastbound,2025-11-18 13:34:59.408389,609.0,340.0,76.0,135.0
3464,2,CAM001,2,1.7461043369559404,430,True,34bbee35-39af-49b9-ab65-c313c776cd74,Eastbound,2025-11-18 13:34:59.406390,464.0,341.0,75.0,131.0
3463,4,CAM001,1,2.011289011574035,430,True,34bbee35-39af-49b9-ab65-c313c776cd74,Eastbound,2025-11-18 13:34:59.403390,280.0,337.0,73.0,102.0
3462,1,CAM002,25,2.032123735118823,380,True,3778898b-349e-4f75-8ea8-ae7872429588,Westbound,2025-11-18 13:34:55.203112,552.0,303.0,101.0,145.0
3461,2,CAM002,4,1.707252457868358,380,True,3778898b-349e-4f75-8ea8-ae7872429588,Westbound,2025-11-18 13:34:55.200108,447.0,314.0,169.0,188.0
3460,5,CAM001,23,1.899542925527834,425,True,34bbee35-39af-49b9-ab65-c313c776cd74,Eastbound,2025-11-18 13:34:54.877866,194.0,295.0,86.0,147.0
3459,3,CAM001,20,1.3544392690657594,425,True,34bbee35-39af-49b9-ab65-c313c776cd74,Eastbound,2025-11-18 13:34:54.876867,337.0,347.0,85.0,90.0
3458,6,CAM001,19,1.954694077718913,425,True,34bbee35-39af-49b9-ab65-c313c776cd74,Eastbound,2025-11-18 13:34:54.873868,142.0,338.0,73.0,94.0
3457,2,CAM001,2,1.697505612424231,425,True,34bbee35-39af-49b9-ab65-c313c776cd74,Eastbound,2025-11-18 13:34:54.870865,463.0,342.0,77.0,131.0
3456,4,CAM001,1,1.8764766465621512,425,True,34bbee35-39af-49b9-ab65-c313c776cd74,Eastbound,2025-11-18 13:34:54.867865,273.0,332.0,73.0,107.0
3455,1,CAM002,25,1.998204594557653,375,True,3778898b-349e-4f75-8ea8-ae7872429588,Westbound,2025-11-18 13:34:50.719826,544.0,303.0,106.0,146.0
3454,3,CAM002,24,1.5866143927354837,375,True,3778898b-349e-4f75-8ea8-ae7872429588,Westbound,2025-11-18 13:34:50.716321,250.0,319.0,211.0,210.0
3453,4,CAM002,17,1.8393679151362163,375,True,3778898b-349e-4f75-8ea8-ae7872429588,Westbound,2025-11-18 13:34:50.712319,319.0,336.0,89.0,142.0
3452,2,CAM002,4,1.8041706722323774,375,True,3778898b-349e-4f75-8ea8-ae7872429588,Westbound,2025-11-18 13:34:50.702690,426.0,320.0,172.0,182.0
3451,5,CAM001,23,1.992414532114712,420,True,34bbee35-39af-49b9-ab65-c313c776cd74,Eastbound,2025-11-18 13:34:50.020714,186.0,297.0,83.0,145.0
3450,4,CAM001,20,1.8549830223617438,420,True,34bbee35-39af-49b9-ab65-c313c776cd74,Eastbound,2025-11-18 13:34:50.017432,334.0,345.0,89.0,94.0
3449,6,CAM001,19,2.0112428367437643,420,True,34bbee35-39af-49b9-ab65-c313c776cd74,Eastbound,2025-11-18 13:34:50.015433,139.0,335.0,77.0,99.0
3448,2,CAM001,2,1.7308300704608774,420,True,34bbee35-39af-49b9-ab65-c313c776cd74,Eastbound,2025-11-18 13:34:50.012438,455.0,340.0,83.0,134.0
3447,3,CAM001,1,1.5781628558826877,420,True,34bbee35-39af-49b9-ab65-c313c776cd74,Eastbound,2025-11-18 13:34:50.009438,259.0,326.0,79.0,113.0
3446,1,CAM002,25,1.932426467519359,370,True,3778898b-349e-4f75-8ea8-ae7872429588,Westbound,2025-11-18 13:34:45.660256,544.0,304.0,99.0,144.0
3445,4,CAM002,24,1.5918994136586548,370,True,3778898b-349e-4f75-8ea8-ae7872429588,Westbound,2025-11-18 13:34:45.655256,241.0,319.0,209.0,202.0
3444,2,CAM002,4,1.7571853930024504,370,True,3778898b-349e-4f75-8ea8-ae7872429588,Westbound,2025-11-18 13:34:45.650255,425.0,322.0,173.0,178.0
3443,3,CAM001,23,2.024835980907946,415,True,34bbee35-39af-49b9-ab65-c313c776cd74,Eastbound,2025-11-18 13:34:45.182471,184.0,303.0,83.0,138.0
3442,4,CAM001,20,2.028299429176444,415,True,34bbee35-39af-49b9-ab65-c313c776cd74,Eastbound,2025-11-18 13:34:45.178474,334.0,345.0,89.0,93.0
3441,6,CAM001,19,1.8612081613846614,415,True,34bbee35-39af-49b9-ab65-c313c776cd74,Eastbound,2025-11-18 13:34:45.174473,138.0,336.0,80.0,94.0
3440,2,CAM001,2,1.7358062808997639,415,True,34bbee35-39af-49b9-ab65-c313c776cd74,Eastbound,2025-11-18 13:34:45.170474,449.0,337.0,83.0,136.0
3439,5,CAM001,1,2.001088940352279,415,True,34bbee35-39af-49b9-ab65-c313c776cd74,Eastbound,2025-11-18 13:34:45.166476,255.0,326.0,82.0,113.0
3438,1,CAM002,25,1.7817810733018216,365,True,3778898b-349e-4f75-8ea8-ae7872429588,Westbound,2025-11-18 13:34:41.433776,554.0,305.0,97.0,141.0
3437,2,CAM002,17,1.7438595435643829,365,True,3778898b-349e-4f75-8ea8-ae7872429588,Westbound,2025-11-18 13:34:41.429689,476.0,330.0,104.0,172.0
3436,5,CAM002,4,1.3120432601287317,365,True,3778898b-349e-4f75-8ea8-ae7872429588,Westbound,2025-11-18 13:34:41.424698,426.0,323.0,169.0,174.0
3435,3,CAM001,23,1.9218659728287344,410,True,34bbee35-39af-49b9-ab65-c313c776cd74,Eastbound,2025-11-18 13:34:41.076746,183.0,316.0,86.0,136.0
3434,4,CAM001,20,1.9886828394541323,410,True,34bbee35-39af-49b9-ab65-c313c776cd74,Eastbound,2025-11-18 13:34:41.074745,340.0,347.0,82.0,86.0
3433,6,CAM001,19,2.0360541583650473,410,True,34bbee35-39af-49b9-ab65-c313c776cd74,Eastbound,2025-11-18 13:34:41.072745,150.0,343.0,61.0,69.0
3432,1,CAM001,14,1.7670059249227386,410,True,34bbee35-39af-49b9-ab65-c313c776cd74,Eastbound,2025-11-18 13:34:41.069746,609.0,341.0,78.0,134.0
3431,2,CAM001,2,1.7655424948706866,410,True,34bbee35-39af-49b9-ab65-c313c776cd74,Eastbound,2025-11-18 13:34:41.066746,455.0,340.0,78.0,132.0
3430,5,CAM001,1,1.948462338462137,410,True,34bbee35-39af-49b9-ab65-c313c776cd74,Eastbound,2025-11-18 13:34:41.057787,259.0,326.0,82.0,114.0
3429,1,CAM002,25,1.7798270791423256,360,True,3778898b-349e-4f75-8ea8-ae7872429588,Westbound,2025-11-18 13:34:37.622457,553.0,306.0,98.0,141.0
3428,5,CAM002,17,1.2151209617819823,360,True,3778898b-349e-4f75-8ea8-ae7872429588,Westbound,2025-11-18 13:34:37.617480,492.0,326.0,97.0,174.0
3427,2,CAM002,4,1.7438265825047161,360,True,3778898b-349e-4f75-8ea8-ae7872429588,Westbound,2025-11-18 13:34:37.610484,426.0,325.0,164.0,171.0
3426,3,CAM001,23,1.8758145105812256,405,True,34bbee35-39af-49b9-ab65-c313c776cd74,Eastbound,2025-11-18 13:34:37.271446,185.0,325.0,86.0,134.0
3425,4,CAM001,20,1.946584615658882,405,True,34bbee35-39af-49b9-ab65-c313c776cd74,Eastbound,2025-11-18 13:34:37.269515,345.0,349.0,77.0,81.0
3424,6,CAM001,19,1.790369553183523,405,True,34bbee35-39af-49b9-ab65-c313c776cd74,Eastbound,2025-11-18 13:34:37.267454,151.0,343.0,58.0,69.0
3423,1,CAM001,14,1.7408584816232047,405,True,34bbee35-39af-49b9-ab65-c313c776cd74,Eastbound,2025-11-18 13:34:37.265458,602.0,336.0,83.0,141.0
3422,2,CAM001,2,1.7740197179906885,405,True,34bbee35-39af-49b9-ab65-c313c776cd74,Eastbound,2025-11-18 13:34:37.261512,461.0,345.0,75.0,126.0
3421,5,CAM001,1,1.953071603311936,405,True,34bbee35-39af-49b9-ab65-c313c776cd74,Eastbound,2025-11-18 13:34:37.244502,264.0,326.0,76.0,114.0
3420,1,CAM002,25,1.7849416021657383,355,True,3778898b-349e-4f75-8ea8-ae7872429588,Westbound,2025-11-18 13:34:34.195003,547.0,305.0,103.0,143.0
3419,2,CAM002,4,1.7374570686494677,355,True,3778898b-349e-4f75-8ea8-ae7872429588,Westbound,2025-11-18 13:34:34.191053,430.0,327.0,161.0,172.0
3418,3,CAM001,23,1.993717956883233,400,True,34bbee35-39af-49b9-ab65-c313c776cd74,Eastbound,2025-11-18 13:34:33.909458,184.0,303.0,98.0,139.0
3417,4,CAM001,20,1.7156546704502995,400,True,34bbee35-39af-49b9-ab65-c313c776cd74,Eastbound,2025-11-18 13:34:33.906443,334.0,345.0,89.0,93.0
3416,1,CAM001,14,1.7585374958845439,400,True,34bbee35-39af-49b9-ab65-c313c776cd74,Eastbound,2025-11-18 13:34:33.903443,593.0,328.0,89.0,151.0
3415,2,CAM001,2,1.7451550521633845,400,True,34bbee35-39af-49b9-ab65-c313c776cd74,Eastbound,2025-11-18 13:34:33.899446,460.0,345.0,78.0,126.0
3414,5,CAM001,1,2.008309791405797,400,True,34bbee35-39af-49b9-ab65-c313c776cd74,Eastbound,2025-11-18 13:34:33.896837,261.0,326.0,72.0,113.0
3413,1,CAM002,25,1.779209053248552,350,True,3778898b-349e-4f75-8ea8-ae7872429588,Westbound,2025-11-18 13:34:30.355062,542.0,305.0,102.0,143.0
3412,2,CAM002,4,1.7223305622157716,350,True,3778898b-349e-4f75-8ea8-ae7872429588,Westbound,2025-11-18 13:34:30.353057,431.0,328.0,164.0,177.0
3411,3,CAM001,23,1.902667744022445,395,True,34bbee35-39af-49b9-ab65-c313c776cd74,Eastbound,2025-11-18 13:34:30.110211,173.0,311.0,106.0,129.0
3410,4,CAM001,20,2.0266385002727523,395,True,34bbee35-39af-49b9-ab65-c313c776cd74,Eastbound,2025-11-18 13:34:30.108223,331.0,346.0,95.0,100.0
3409,1,CAM001,14,1.7838591271901014,395,True,34bbee35-39af-49b9-ab65-c313c776cd74,Eastbound,2025-11-18 13:34:30.106145,594.0,328.0,87.0,151.0
3408,2,CAM001,2,1.7464105384057778,395,True,34bbee35-39af-49b9-ab65-c313c776cd74,Eastbound,2025-11-18 13:34:30.104142,455.0,343.0,82.0,129.0
3407,5,CAM001,1,2.022991940882773,395,True,34bbee35-39af-49b9-ab65-c313c776cd74,Eastbound,2025-11-18 13:34:30.101213,263.0,326.0,72.0,112.0
3406,1,CAM002,25,1.7495632658904843,345,True,3778898b-349e-4f75-8ea8-ae7872429588,Westbound,2025-11-18 13:34:27.074942,548.0,305.0,95.0,143.0
3405,4,CAM002,24,1.583095088588792,345,True,3778898b-349e-4f75-8ea8-ae7872429588,Westbound,2025-11-18 13:34:27.072835,250.0,320.0,224.0,219.0
3404,2,CAM002,4,1.7130149919563216,345,True,3778898b-349e-4f75-8ea8-ae7872429588,Westbound,2025-11-18 13:34:27.069880,429.0,327.0,164.0,175.0
3403,3,CAM001,23,1.9269190592241292,390,True,34bbee35-39af-49b9-ab65-c313c776cd74,Eastbound,2025-11-18 13:34:26.744989,174.0,331.0,85.0,117.0
3402,4,CAM001,20,1.72254275442345,390,True,34bbee35-39af-49b9-ab65-c313c776cd74,Eastbound,2025-11-18 13:34:26.741092,332.0,347.0,94.0,98.0
3401,6,CAM001,19,2.0361902061187975,390,True,34bbee35-39af-49b9-ab65-c313c776cd74,Eastbound,2025-11-18 13:34:26.738125,151.0,343.0,58.0,69.0
3400,1,CAM001,14,1.746031086433696,390,True,34bbee35-39af-49b9-ab65-c313c776cd74,Eastbound,2025-11-18 13:34:26.737109,602.0,333.0,79.0,144.0
3399,2,CAM001,2,1.7760107174020419,390,True,34bbee35-39af-49b9-ab65-c313c776cd74,Eastbound,2025-11-18 13:34:26.734025,449.0,340.0,86.0,133.0
3398,5,CAM001,1,2.035625112794115,390,True,34bbee35-39af-49b9-ab65-c313c776cd74,Eastbound,2025-11-18 13:34:26.730091,264.0,326.0,72.0,113.0
3397,1,CAM002,25,1.8496127492759735,340,True,3778898b-349e-4f75-8ea8-ae7872429588,Westbound,2025-11-18 13:34:23.797787,556.0,305.0,91.0,142.0
3396,4,CAM002,24,2.0126446076950204,340,True,3778898b-349e-4f75-8ea8-ae7872429588,Westbound,2025-11-18 13:34:23.794776,250.0,318.0,224.0,221.0
3395,2,CAM002,4,1.7921152188244958,340,True,3778898b-349e-4f75-8ea8-ae7872429588,Westbound,2025-11-18 13:34:23.792189,432.0,323.0,158.0,173.0
3394,3,CAM001,23,1.8677553184072564,385,True,34bbee35-39af-49b9-ab65-c313c776cd74,Eastbound,2025-11-18 13:34:23.498219,186.0,329.0,86.0,130.0
3393,6,CAM001,19,1.7399179253125292,385,True,34bbee35-39af-49b9-ab65-c313c776cd74,Eastbound,2025-11-18 13:34:23.497218,154.0,343.0,51.0,70.0
3392,1,CAM001,14,1.8146094114594704,385,True,34bbee35-39af-49b9-ab65-c313c776cd74,Eastbound,2025-11-18 13:34:23.495222,610.0,339.0,75.0,137.0
3391,2,CAM001,2,1.7266659101868604,385,True,34bbee35-39af-49b9-ab65-c313c776cd74,Eastbound,2025-11-18 13:34:23.494172,449.0,338.0,88.0,135.0
3390,5,CAM001,1,1.9738948291642116,385,True,34bbee35-39af-49b9-ab65-c313c776cd74,Eastbound,2025-11-18 13:34:23.477630,260.0,323.0,75.0,116.0
3389,1,CAM002,25,2.033040025819778,335,True,3778898b-349e-4f75-8ea8-ae7872429588,Westbound,2025-11-18 13:34:20.763495,557.0,305.0,91.0,142.0
3388,4,CAM002,24,1.5327387644834987,335,True,3778898b-349e-4f75-8ea8-ae7872429588,Westbound,2025-11-18 13:34:20.760496,253.0,318.0,218.0,222.0
3387,2,CAM002,4,1.7231340547972542,335,True,3778898b-349e-4f75-8ea8-ae7872429588,Westbound,2025-11-18 13:34:20.757495,436.0,321.0,157.0,174.0
3386,3,CAM001,23,2.013099635068351,380,True,34bbee35-39af-49b9-ab65-c313c776cd74,Eastbound,2025-11-18 13:34:20.450654,186.0,318.0,83.0,128.0
3385,2,CAM001,2,1.6935641949013347,380,True,34bbee35-39af-49b9-ab65-c313c776cd74,Eastbound,2025-11-18 13:34:20.449655,449.0,337.0,89.0,136.0
3384,5,CAM001,1,2.024790148479917,380,True,34bbee35-39af-49b9-ab65-c313c776cd74,Eastbound,2025-11-18 13:34:20.445678,254.0,318.0,79.0,122.0
3383,1,CAM002,25,1.7443692184308084,330,True,3778898b-349e-4f75-8ea8-ae7872429588,Westbound,2025-11-18 13:34:18.194898,558.0,304.0,91.0,143.0
3382,2,CAM002,4,1.7004312989764891,330,True,3778898b-349e-4f75-8ea8-ae7872429588,Westbound,2025-11-18 13:34:18.191342,434.0,321.0,159.0,175.0
3381,3,CAM001,23,1.9592579921005489,375,True,34bbee35-39af-49b9-ab65-c313c776cd74,Eastbound,2025-11-18 13:34:18.018500,187.0,324.0,78.0,123.0
3380,1,CAM001,14,1.774787312970814,375,True,34bbee35-39af-49b9-ab65-c313c776cd74,Eastbound,2025-11-18 13:34:18.016501,594.0,332.0,82.0,147.0
3379,2,CAM001,2,1.7325250404695898,375,True,34bbee35-39af-49b9-ab65-c313c776cd74,Eastbound,2025-11-18 13:34:18.014489,448.0,336.0,90.0,137.0
3378,5,CAM001,1,1.9523226872755963,375,True,34bbee35-39af-49b9-ab65-c313c776cd74,Eastbound,2025-11-18 13:34:18.011789,250.0,313.0,82.0,130.0
3377,1,CAM002,25,1.7668203879639404,325,True,3778898b-349e-4f75-8ea8-ae7872429588,Westbound,2025-11-18 13:34:15.591082,557.0,303.0,92.0,145.0
3376,2,CAM002,4,1.7689182238297783,325,True,3778898b-349e-4f75-8ea8-ae7872429588,Westbound,2025-11-18 13:34:15.588118,434.0,321.0,157.0,172.0
3375,3,CAM001,23,2.0229336472811146,370,True,34bbee35-39af-49b9-ab65-c313c776cd74,Eastbound,2025-11-18 13:34:15.439347,182.0,329.0,75.0,118.0
3374,4,CAM001,20,2.0388283928569564,370,True,34bbee35-39af-49b9-ab65-c313c776cd74,Eastbound,2025-11-18 13:34:15.436340,347.0,352.0,76.0,78.0
3373,6,CAM001,19,2.03457884861379,370,True,34bbee35-39af-49b9-ab65-c313c776cd74,Eastbound,2025-11-18 13:34:15.433372,147.0,343.0,50.0,71.0
3372,1,CAM001,14,1.766147693851526,370,True,34bbee35-39af-49b9-ab65-c313c776cd74,Eastbound,2025-11-18 13:34:15.430754,603.0,335.0,75.0,144.0
3371,2,CAM001,2,1.8122826767289937,370,True,34bbee35-39af-49b9-ab65-c313c776cd74,Eastbound,2025-11-18 13:34:15.427755,449.0,336.0,90.0,136.0
3370,5,CAM001,1,1.981293494192685,370,True,34bbee35-39af-49b9-ab65-c313c776cd74,Eastbound,2025-11-18 13:34:15.424753,240.0,300.0,90.0,139.0
3369,1,CAM002,25,1.8000613285110663,320,True,3778898b-349e-4f75-8ea8-ae7872429588,Westbound,2025-11-18 13:34:12.088031,555.0,302.0,94.0,147.0
3368,2,CAM002,4,1.821154246271814,320,True,3778898b-349e-4f75-8ea8-ae7872429588,Westbound,2025-11-18 13:34:12.084131,435.0,322.0,154.0,169.0
3367,4,CAM001,20,2.0411540824926866,365,True,34bbee35-39af-49b9-ab65-c313c776cd74,Eastbound,2025-11-18 13:34:11.885142,347.0,352.0,75.0,78.0
3366,6,CAM001,19,2.0044629359098325,365,True,34bbee35-39af-49b9-ab65-c313c776cd74,Eastbound,2025-11-18 13:34:11.884143,147.0,343.0,51.0,71.0
3365,1,CAM001,14,1.7323726683195777,365,True,34bbee35-39af-49b9-ab65-c313c776cd74,Eastbound,2025-11-18 13:34:11.882141,613.0,339.0,70.0,139.0
3364,2,CAM001,2,1.7903535986034091,365,True,34bbee35-39af-49b9-ab65-c313c776cd74,Eastbound,2025-11-18 13:34:11.879539,450.0,335.0,90.0,136.0
3363,5,CAM001,1,1.991736266481698,365,True,34bbee35-39af-49b9-ab65-c313c776cd74,Eastbound,2025-11-18 13:34:11.877597,241.0,296.0,92.0,142.0
3362,1,CAM002,25,1.8100417016361814,315,True,3778898b-349e-4f75-8ea8-ae7872429588,Westbound,2025-11-18 13:34:08.948010,554.0,300.0,96.0,148.0
3361,3,CAM002,24,2.0295808560972666,315,True,3778898b-349e-4f75-8ea8-ae7872429588,Westbound,2025-11-18 13:34:08.946009,255.0,318.0,216.0,223.0
3360,2,CAM002,4,1.8300493651517908,315,True,3778898b-349e-4f75-8ea8-ae7872429588,Westbound,2025-11-18 13:34:08.943051,435.0,322.0,153.0,170.0
3359,4,CAM001,20,1.9812171731229953,360,True,34bbee35-39af-49b9-ab65-c313c776cd74,Eastbound,2025-11-18 13:34:08.587715,343.0,349.0,79.0,84.0
3358,6,CAM001,19,1.8142926265684796,360,True,34bbee35-39af-49b9-ab65-c313c776cd74,Eastbound,2025-11-18 13:34:08.584679,147.0,343.0,52.0,71.0
3357,1,CAM001,14,1.7127881078792067,360,True,34bbee35-39af-49b9-ab65-c313c776cd74,Eastbound,2025-11-18 13:34:08.581735,616.0,339.0,68.0,137.0
3356,2,CAM001,2,1.785809403472466,360,True,34bbee35-39af-49b9-ab65-c313c776cd74,Eastbound,2025-11-18 13:34:08.579719,450.0,336.0,92.0,136.0
3355,5,CAM001,1,1.9806226532130282,360,True,34bbee35-39af-49b9-ab65-c313c776cd74,Eastbound,2025-11-18 13:34:08.576669,243.0,295.0,94.0,143.0
3354,1,CAM002,25,1.795087557120424,310,True,3778898b-349e-4f75-8ea8-ae7872429588,Westbound,2025-11-18 13:34:05.334372,554.0,301.0,97.0,146.0
3353,3,CAM002,24,2.0074256042169645,310,True,3778898b-349e-4f75-8ea8-ae7872429588,Westbound,2025-11-18 13:34:05.331395,257.0,318.0,210.0,222.0
3352,4,CAM002,22,1.852199683607193,310,True,3778898b-349e-4f75-8ea8-ae7872429588,Westbound,2025-11-18 13:34:05.328388,333.0,335.0,95.0,143.0
3351,2,CAM002,4,1.8364950698158624,310,True,3778898b-349e-4f75-8ea8-ae7872429588,Westbound,2025-11-18 13:34:05.325324,434.0,321.0,155.0,173.0
3350,4,CAM001,20,1.8238808342681465,355,True,34bbee35-39af-49b9-ab65-c313c776cd74,Eastbound,2025-11-18 13:34:04.952978,335.0,344.0,88.0,92.0
3349,1,CAM001,14,1.7278498678881535,355,True,34bbee35-39af-49b9-ab65-c313c776cd74,Eastbound,2025-11-18 13:34:04.950978,617.0,338.0,73.0,141.0
3348,2,CAM001,2,1.7887398505039436,355,True,34bbee35-39af-49b9-ab65-c313c776cd74,Eastbound,2025-11-18 13:34:04.948979,448.0,336.0,92.0,137.0
3347,5,CAM001,1,2.020203493595519,355,True,34bbee35-39af-49b9-ab65-c313c776cd74,Eastbound,2025-11-18 13:34:04.945994,243.0,294.0,96.0,144.0
3346,1,CAM002,25,1.777187032712399,305,True,3778898b-349e-4f75-8ea8-ae7872429588,Westbound,2025-11-18 13:34:01.520408,551.0,301.0,99.0,146.0
3345,3,CAM002,24,1.5878426642109724,305,True,3778898b-349e-4f75-8ea8-ae7872429588,Westbound,2025-11-18 13:34:01.517409,256.0,317.0,190.0,216.0
3344,4,CAM002,22,1.837466228275925,305,True,3778898b-349e-4f75-8ea8-ae7872429588,Westbound,2025-11-18 13:34:01.513407,330.0,335.0,97.0,145.0
3343,2,CAM002,4,1.8336971446088752,305,True,3778898b-349e-4f75-8ea8-ae7872429588,Westbound,2025-11-18 13:34:01.510407,436.0,323.0,153.0,171.0
3342,7,CAM001,22,1.9294391061656575,350,True,34bbee35-39af-49b9-ab65-c313c776cd74,Eastbound,2025-11-18 13:34:01.048181,407.0,335.0,70.0,88.0
3341,4,CAM001,20,1.819574489159537,350,True,34bbee35-39af-49b9-ab65-c313c776cd74,Eastbound,2025-11-18 13:34:01.046240,341.0,347.0,81.0,85.0
3340,6,CAM001,19,2.0225758625502226,350,True,34bbee35-39af-49b9-ab65-c313c776cd74,Eastbound,2025-11-18 13:34:01.044241,155.0,344.0,50.0,68.0
3339,1,CAM001,14,1.7564646274057574,350,True,34bbee35-39af-49b9-ab65-c313c776cd74,Eastbound,2025-11-18 13:34:01.042243,611.0,339.0,81.0,141.0
3338,5,CAM001,5,1.9757088115490464,350,True,34bbee35-39af-49b9-ab65-c313c776cd74,Eastbound,2025-11-18 13:34:01.040252,164.0,341.0,119.0,124.0
3337,2,CAM001,2,1.8343085459909492,350,True,34bbee35-39af-49b9-ab65-c313c776cd74,Eastbound,2025-11-18 13:34:01.038181,448.0,335.0,91.0,137.0
3336,3,CAM001,1,1.6682575592837359,350,True,34bbee35-39af-49b9-ab65-c313c776cd74,Eastbound,2025-11-18 13:34:01.035236,246.0,296.0,98.0,142.0
3335,1,CAM002,25,1.7715361737446056,300,True,3778898b-349e-4f75-8ea8-ae7872429588,Westbound,2025-11-18 13:33:56.892703,546.0,302.0,100.0,145.0
3334,3,CAM002,24,1.5910331225745282,300,True,3778898b-349e-4f75-8ea8-ae7872429588,Westbound,2025-11-18 13:33:56.889705,243.0,317.0,179.0,203.0
3333,4,CAM002,22,1.788771659095033,300,True,3778898b-349e-4f75-8ea8-ae7872429588,Westbound,2025-11-18 13:33:56.885705,326.0,336.0,99.0,148.0
3332,2,CAM002,4,1.838586807820426,300,True,3778898b-349e-4f75-8ea8-ae7872429588,Westbound,2025-11-18 13:33:56.882704,439.0,325.0,146.0,166.0
3331,4,CAM001,20,1.783753570333396,345,True,34bbee35-39af-49b9-ab65-c313c776cd74,Eastbound,2025-11-18 13:33:56.509457,351.0,352.0,71.0,73.0
3330,6,CAM001,19,1.8275648922013166,345,True,34bbee35-39af-49b9-ab65-c313c776cd74,Eastbound,2025-11-18 13:33:56.505417,151.0,337.0,56.0,83.0
3329,1,CAM001,14,1.7506619195651298,345,True,34bbee35-39af-49b9-ab65-c313c776cd74,Eastbound,2025-11-18 13:33:56.500415,600.0,337.0,87.0,142.0
3328,5,CAM001,5,1.8059104510526434,345,True,34bbee35-39af-49b9-ab65-c313c776cd74,Eastbound,2025-11-18 13:33:56.497457,172.0,325.0,144.0,129.0
3327,2,CAM001,2,1.8241106271037766,345,True,34bbee35-39af-49b9-ab65-c313c776cd74,Eastbound,2025-11-18 13:33:56.495416,448.0,334.0,90.0,138.0
3326,3,CAM001,1,1.2674337494777266,345,True,34bbee35-39af-49b9-ab65-c313c776cd74,Eastbound,2025-11-18 13:33:56.481518,257.0,297.0,90.0,141.0
3325,4,CAM002,22,1.7694289462473094,295,True,3778898b-349e-4f75-8ea8-ae7872429588,Westbound,2025-11-18 13:33:52.813025,327.0,337.0,98.0,147.0
3324,5,CAM002,5,1.8949579949281201,295,True,3778898b-349e-4f75-8ea8-ae7872429588,Westbound,2025-11-18 13:33:52.810034,246.0,316.0,95.0,106.0
3323,2,CAM002,4,1.819803854536457,295,True,3778898b-349e-4f75-8ea8-ae7872429588,Westbound,2025-11-18 13:33:52.807041,441.0,324.0,142.0,167.0
3322,4,CAM001,20,1.8044620634969584,340,True,34bbee35-39af-49b9-ab65-c313c776cd74,Eastbound,2025-11-18 13:33:52.512354,349.0,352.0,74.0,75.0
3321,6,CAM001,19,2.0119230462071482,340,True,34bbee35-39af-49b9-ab65-c313c776cd74,Eastbound,2025-11-18 13:33:52.509344,142.0,326.0,67.0,107.0
3320,1,CAM001,14,2.031837315031303,340,True,34bbee35-39af-49b9-ab65-c313c776cd74,Eastbound,2025-11-18 13:33:52.507339,591.0,331.0,89.0,147.0
3319,5,CAM001,5,1.7720080639425242,340,True,34bbee35-39af-49b9-ab65-c313c776cd74,Eastbound,2025-11-18 13:33:52.505344,196.0,304.0,151.0,136.0
3318,2,CAM001,2,1.8321979205272598,340,True,34bbee35-39af-49b9-ab65-c313c776cd74,Eastbound,2025-11-18 13:33:52.502337,448.0,334.0,91.0,138.0
3317,3,CAM001,1,2.001311401076404,340,True,34bbee35-39af-49b9-ab65-c313c776cd74,Eastbound,2025-11-18 13:33:52.499342,258.0,292.0,90.0,147.0
3316,3,CAM002,24,1.675931043717427,290,True,3778898b-349e-4f75-8ea8-ae7872429588,Westbound,2025-11-18 13:33:48.590756,249.0,317.0,171.0,192.0
3315,4,CAM002,22,1.8169533726621434,290,True,3778898b-349e-4f75-8ea8-ae7872429588,Westbound,2025-11-18 13:33:48.589757,330.0,336.0,94.0,145.0
3314,5,CAM002,5,1.7767496474760542,290,True,3778898b-349e-4f75-8ea8-ae7872429588,Westbound,2025-11-18 13:33:48.587756,247.0,316.0,92.0,106.0
3313,2,CAM002,4,1.8371517864988236,290,True,3778898b-349e-4f75-8ea8-ae7872429588,Westbound,2025-11-18 13:33:48.584754,440.0,323.0,135.0,167.0
3312,4,CAM001,20,1.8123222020710286,335,True,34bbee35-39af-49b9-ab65-c313c776cd74,Eastbound,2025-11-18 13:33:48.213585,342.0,350.0,84.0,82.0
3311,6,CAM001,19,1.8508449927921502,335,True,34bbee35-39af-49b9-ab65-c313c776cd74,Eastbound,2025-11-18 13:33:48.211585,142.0,331.0,62.0,95.0
3310,1,CAM001,14,2.001225041443013,335,True,34bbee35-39af-49b9-ab65-c313c776cd74,Eastbound,2025-11-18 13:33:48.209573,598.0,334.0,84.0,144.0
3309,5,CAM001,5,2.036383689653798,335,True,34bbee35-39af-49b9-ab65-c313c776cd74,Eastbound,2025-11-18 13:33:48.206515,181.0,331.0,123.0,113.0
3308,2,CAM001,2,1.896483573036658,335,True,34bbee35-39af-49b9-ab65-c313c776cd74,Eastbound,2025-11-18 13:33:48.204516,449.0,333.0,91.0,139.0
3307,3,CAM001,1,1.6466317134096615,335,True,34bbee35-39af-49b9-ab65-c313c776cd74,Eastbound,2025-11-18 13:33:48.201572,263.0,293.0,81.0,144.0
3306,3,CAM002,24,1.6066053107018798,285,True,3778898b-349e-4f75-8ea8-ae7872429588,Westbound,2025-11-18 13:33:44.762770,246.0,317.0,177.0,205.0
3305,4,CAM002,22,1.844353806251667,285,True,3778898b-349e-4f75-8ea8-ae7872429588,Westbound,2025-11-18 13:33:44.760676,332.0,335.0,92.0,144.0
3304,2,CAM002,4,1.9211564080028753,285,True,3778898b-349e-4f75-8ea8-ae7872429588,Westbound,2025-11-18 13:33:44.757755,435.0,325.0,121.0,156.0
3303,4,CAM001,20,1.8349048539692923,330,True,34bbee35-39af-49b9-ab65-c313c776cd74,Eastbound,2025-11-18 13:33:44.437241,332.0,345.0,96.0,92.0
3302,6,CAM001,19,1.9284292708445512,330,True,34bbee35-39af-49b9-ab65-c313c776cd74,Eastbound,2025-11-18 13:33:44.436238,149.0,343.0,46.0,71.0
3301,1,CAM001,14,2.0150613490276754,330,True,34bbee35-39af-49b9-ab65-c313c776cd74,Eastbound,2025-11-18 13:33:44.434240,606.0,340.0,82.0,139.0
3300,5,CAM001,5,2.014694647931562,330,True,34bbee35-39af-49b9-ab65-c313c776cd74,Eastbound,2025-11-18 13:33:44.432240,181.0,330.0,125.0,113.0
3299,2,CAM001,2,1.9185579644622806,330,True,34bbee35-39af-49b9-ab65-c313c776cd74,Eastbound,2025-11-18 13:33:44.428238,449.0,332.0,92.0,141.0
3298,3,CAM001,1,1.5693359856785416,330,True,34bbee35-39af-49b9-ab65-c313c776cd74,Eastbound,2025-11-18 13:33:44.415232,270.0,295.0,77.0,141.0
3297,3,CAM002,24,1.2175572248266462,280,True,3778898b-349e-4f75-8ea8-ae7872429588,Westbound,2025-11-18 13:33:40.423019,236.0,316.0,203.0,229.0
3296,4,CAM002,22,1.822862400786395,280,True,3778898b-349e-4f75-8ea8-ae7872429588,Westbound,2025-11-18 13:33:40.420008,333.0,335.0,87.0,145.0
3295,5,CAM002,5,1.8348475867861402,280,True,3778898b-349e-4f75-8ea8-ae7872429588,Westbound,2025-11-18 13:33:40.418011,242.0,316.0,90.0,106.0
3294,2,CAM002,4,1.880682662378539,280,True,3778898b-349e-4f75-8ea8-ae7872429588,Westbound,2025-11-18 13:33:40.414021,423.0,324.0,121.0,158.0
3293,4,CAM001,20,1.858456316434957,325,True,34bbee35-39af-49b9-ab65-c313c776cd74,Eastbound,2025-11-18 13:33:39.945349,327.0,344.0,98.0,92.0
3292,3,CAM001,19,1.8402710392354902,325,True,34bbee35-39af-49b9-ab65-c313c776cd74,Eastbound,2025-11-18 13:33:39.943349,147.0,337.0,53.0,83.0
3291,1,CAM001,14,1.979106538844702,325,True,34bbee35-39af-49b9-ab65-c313c776cd74,Eastbound,2025-11-18 13:33:39.941357,600.0,337.0,88.0,141.0
3290,5,CAM001,5,1.8474413863236356,325,True,34bbee35-39af-49b9-ab65-c313c776cd74,Eastbound,2025-11-18 13:33:39.938349,183.0,329.0,124.0,113.0
3289,2,CAM001,2,1.9190948754930424,325,True,34bbee35-39af-49b9-ab65-c313c776cd74,Eastbound,2025-11-18 13:33:39.936348,449.0,333.0,91.0,140.0
3288,3,CAM001,1,0.8573046678324951,325,True,34bbee35-39af-49b9-ab65-c313c776cd74,Eastbound,2025-11-18 13:33:39.920830,277.0,291.0,77.0,146.0
3287,4,CAM002,22,1.4534468804841492,275,True,3778898b-349e-4f75-8ea8-ae7872429588,Westbound,2025-11-18 13:33:36.298779,340.0,335.0,74.0,143.0
3286,5,CAM002,5,1.6912237778384456,275,True,3778898b-349e-4f75-8ea8-ae7872429588,Westbound,2025-11-18 13:33:36.294259,254.0,315.0,83.0,109.0
3285,2,CAM002,4,1.7777881710980834,275,True,3778898b-349e-4f75-8ea8-ae7872429588,Westbound,2025-11-18 13:33:36.282755,412.0,321.0,131.0,160.0
3284,3,CAM001,19,1.957715309737638,320,True,34bbee35-39af-49b9-ab65-c313c776cd74,Eastbound,2025-11-18 13:33:35.916075,142.0,329.0,68.0,103.0
3283,1,CAM001,14,2.0258134225495983,320,True,34bbee35-39af-49b9-ab65-c313c776cd74,Eastbound,2025-11-18 13:33:35.915074,591.0,333.0,91.0,144.0
3282,5,CAM001,5,1.9951806767438247,320,True,34bbee35-39af-49b9-ab65-c313c776cd74,Eastbound,2025-11-18 13:33:35.913073,185.0,329.0,122.0,111.0
3281,2,CAM001,2,2.0361548962613116,320,True,34bbee35-39af-49b9-ab65-c313c776cd74,Eastbound,2025-11-18 13:33:35.912075,449.0,334.0,91.0,138.0
3280,4,CAM001,1,1.9390637656004737,320,True,34bbee35-39af-49b9-ab65-c313c776cd74,Eastbound,2025-11-18 13:33:35.910086,271.0,287.0,84.0,150.0
3279,1,CAM001,14,2.0385030269741136,315,True,34bbee35-39af-49b9-ab65-c313c776cd74,Eastbound,2025-11-18 13:33:33.045568,592.0,334.0,90.0,144.0
3278,5,CAM001,5,2.030971773063336,315,True,34bbee35-39af-49b9-ab65-c313c776cd74,Eastbound,2025-11-18 13:33:33.043571,185.0,330.0,122.0,110.0
3277,2,CAM001,2,2.014168422319478,315,True,34bbee35-39af-49b9-ab65-c313c776cd74,Eastbound,2025-11-18 13:33:33.042566,449.0,333.0,90.0,139.0
3276,4,CAM001,1,1.959604442555889,315,True,34bbee35-39af-49b9-ab65-c313c776cd74,Eastbound,2025-11-18 13:33:33.039666,269.0,282.0,94.0,155.0
3275,3,CAM002,24,1.6081392791576659,265,True,3778898b-349e-4f75-8ea8-ae7872429588,Westbound,2025-11-18 13:33:30.795966,231.0,316.0,188.0,191.0
3274,4,CAM002,22,1.6894347519077997,265,True,3778898b-349e-4f75-8ea8-ae7872429588,Westbound,2025-11-18 13:33:30.793005,343.0,336.0,64.0,134.0
3273,1,CAM001,14,2.0366298193491055,310,True,34bbee35-39af-49b9-ab65-c313c776cd74,Eastbound,2025-11-18 13:33:30.421913,592.0,334.0,89.0,145.0
3272,5,CAM001,5,1.8010998382611922,310,True,34bbee35-39af-49b9-ab65-c313c776cd74,Eastbound,2025-11-18 13:33:30.419910,185.0,332.0,123.0,109.0
3271,2,CAM001,2,2.0333001034995037,310,True,34bbee35-39af-49b9-ab65-c313c776cd74,Eastbound,2025-11-18 13:33:30.417909,450.0,332.0,88.0,140.0
3270,4,CAM001,1,1.713184330693642,310,True,34bbee35-39af-49b9-ab65-c313c776cd74,Eastbound,2025-11-18 13:33:30.404878,267.0,273.0,103.0,163.0
3269,4,CAM002,22,1.4596456457005884,260,True,3778898b-349e-4f75-8ea8-ae7872429588,Westbound,2025-11-18 13:33:27.696012,341.0,335.0,54.0,139.0
3268,3,CAM002,4,1.9292911752818729,260,True,3778898b-349e-4f75-8ea8-ae7872429588,Westbound,2025-11-18 13:33:27.693009,521.0,308.0,115.0,135.0
3267,1,CAM001,14,2.0105509605183594,305,True,34bbee35-39af-49b9-ab65-c313c776cd74,Eastbound,2025-11-18 13:33:27.490943,593.0,332.0,86.0,147.0
3266,5,CAM001,5,1.9246787992865828,305,True,34bbee35-39af-49b9-ab65-c313c776cd74,Eastbound,2025-11-18 13:33:27.489944,173.0,330.0,127.0,112.0
3265,2,CAM001,2,2.005372944611658,305,True,34bbee35-39af-49b9-ab65-c313c776cd74,Eastbound,2025-11-18 13:33:27.487945,451.0,333.0,86.0,140.0
3264,4,CAM001,1,1.9233347294454808,305,True,34bbee35-39af-49b9-ab65-c313c776cd74,Eastbound,2025-11-18 13:33:27.484398,271.0,262.0,113.0,173.0
3263,1,CAM002,4,1.6789591920598346,255,True,3778898b-349e-4f75-8ea8-ae7872429588,Westbound,2025-11-18 13:33:24.810568,519.0,307.0,116.0,138.0
3262,1,CAM001,14,1.6037124724010852,300,True,34bbee35-39af-49b9-ab65-c313c776cd74,Eastbound,2025-11-18 13:33:24.549070,601.0,335.0,78.0,142.0
3261,5,CAM001,5,1.8788031215062482,300,True,34bbee35-39af-49b9-ab65-c313c776cd74,Eastbound,2025-11-18 13:33:24.543539,167.0,329.0,122.0,115.0
3260,2,CAM001,2,1.8357952439727487,300,True,34bbee35-39af-49b9-ab65-c313c776cd74,Eastbound,2025-11-18 13:33:24.539540,455.0,333.0,80.0,140.0
3259,4,CAM001,1,1.8714933301997136,300,True,34bbee35-39af-49b9-ab65-c313c776cd74,Eastbound,2025-11-18 13:33:24.536006,283.0,252.0,115.0,185.0
3258,3,CAM002,22,1.600260329055687,250,True,3778898b-349e-4f75-8ea8-ae7872429588,Westbound,2025-11-18 13:33:21.928226,243.0,326.0,76.0,213.0
3257,2,CAM002,5,1.8183995176384329,250,True,3778898b-349e-4f75-8ea8-ae7872429588,Westbound,2025-11-18 13:33:21.924909,471.0,304.0,129.0,179.0
3256,1,CAM002,4,1.7749750600483225,250,True,3778898b-349e-4f75-8ea8-ae7872429588,Westbound,2025-11-18 13:33:21.919911,520.0,307.0,116.0,141.0
3255,1,CAM001,14,1.5775550840670343,295,True,34bbee35-39af-49b9-ab65-c313c776cd74,Eastbound,2025-11-18 13:33:21.462920,612.0,340.0,71.0,135.0
3254,3,CAM001,11,1.140576069865857,295,True,34bbee35-39af-49b9-ab65-c313c776cd74,Eastbound,2025-11-18 13:33:21.460923,146.0,343.0,60.0,71.0
3253,5,CAM001,5,0.7421934153910429,295,True,34bbee35-39af-49b9-ab65-c313c776cd74,Eastbound,2025-11-18 13:33:21.456908,184.0,331.0,116.0,113.0
3252,2,CAM001,2,1.4025068248275465,295,True,34bbee35-39af-49b9-ab65-c313c776cd74,Eastbound,2025-11-18 13:33:21.454389,459.0,335.0,76.0,137.0
3251,4,CAM001,1,1.5786992424281094,295,True,34bbee35-39af-49b9-ab65-c313c776cd74,Eastbound,2025-11-18 13:33:21.451383,325.0,239.0,118.0,194.0
3250,4,CAM002,21,1.956044595298968,245,True,3778898b-349e-4f75-8ea8-ae7872429588,Westbound,2025-11-18 13:33:18.158946,391.0,333.0,75.0,146.0
3249,2,CAM002,5,1.9558512391151697,245,True,3778898b-349e-4f75-8ea8-ae7872429588,Westbound,2025-11-18 13:33:18.156838,454.0,306.0,144.0,180.0
3248,1,CAM002,4,2.006175130124469,245,True,3778898b-349e-4f75-8ea8-ae7872429588,Westbound,2025-11-18 13:33:18.143341,556.0,334.0,89.0,109.0
3247,4,CAM002,21,1.6114263553126245,240,True,3778898b-349e-4f75-8ea8-ae7872429588,Westbound,2025-11-18 13:33:15.238622,377.0,332.0,87.0,144.0
3246,2,CAM002,5,1.9697544108330012,240,True,3778898b-349e-4f75-8ea8-ae7872429588,Westbound,2025-11-18 13:33:15.235623,435.0,309.0,153.0,180.0
3245,1,CAM002,4,1.8652319789200649,240,True,3778898b-349e-4f75-8ea8-ae7872429588,Westbound,2025-11-18 13:33:15.232625,548.0,332.0,100.0,111.0
3244,2,CAM002,5,1.9974868385490343,235,True,3778898b-349e-4f75-8ea8-ae7872429588,Westbound,2025-11-18 13:33:13.216211,435.0,312.0,146.0,172.0
3243,4,CAM002,17,1.8506172152282971,230,True,3778898b-349e-4f75-8ea8-ae7872429588,Westbound,2025-11-18 13:33:10.988527,175.0,128.0,198.0,412.0
3242,2,CAM002,5,2.0213677387951363,230,True,3778898b-349e-4f75-8ea8-ae7872429588,Westbound,2025-11-18 13:33:10.985525,435.0,313.0,146.0,171.0
3241,1,CAM002,4,2.0353196110378535,230,True,3778898b-349e-4f75-8ea8-ae7872429588,Westbound,2025-11-18 13:33:10.982524,505.0,309.0,126.0,134.0
3240,4,CAM002,17,1.795884495266919,225,True,3778898b-349e-4f75-8ea8-ae7872429588,Westbound,2025-11-18 13:33:07.424538,129.0,112.0,215.0,428.0
3239,2,CAM002,5,1.8360948390610217,225,True,3778898b-349e-4f75-8ea8-ae7872429588,Westbound,2025-11-18 13:33:07.418539,436.0,316.0,143.0,168.0
3238,1,CAM002,4,1.8850641815205442,225,True,3778898b-349e-4f75-8ea8-ae7872429588,Westbound,2025-11-18 13:33:07.410539,506.0,308.0,123.0,134.0
3237,9,CAM001,315,2.03128514849155,8350,True,613b4d1e-c528-4ef5-91ef-1fde52080565,Eastbound,2025-11-18 13:24:10.940415,719.0,250.0,80.0,142.0
3236,1,CAM001,305,2.0281830354253216,8350,True,613b4d1e-c528-4ef5-91ef-1fde52080565,Eastbound,2025-11-18 13:24:10.936943,606.0,243.0,72.0,118.0
3235,2,CAM001,303,1.981809484394649,8350,True,613b4d1e-c528-4ef5-91ef-1fde52080565,Eastbound,2025-11-18 13:24:10.934012,484.0,247.0,116.0,133.0
3234,4,CAM001,301,2.0183904060419904,8350,True,613b4d1e-c528-4ef5-91ef-1fde52080565,Eastbound,2025-11-18 13:24:10.931082,383.0,242.0,98.0,96.0
3233,7,CAM001,223,1.619797843127948,8350,True,613b4d1e-c528-4ef5-91ef-1fde52080565,Eastbound,2025-11-18 13:24:10.926574,277.0,247.0,98.0,98.0
3232,6,CAM002,318,2.0269116901209294,8280,True,ec790070-4835-4864-80a9-221ef0ed2582,Westbound,2025-11-18 13:24:10.341075,359.0,387.0,86.0,106.0
3231,3,CAM002,292,2.0290720374747058,8280,True,ec790070-4835-4864-80a9-221ef0ed2582,Westbound,2025-11-18 13:24:10.336519,557.0,362.0,105.0,139.0
3230,5,CAM002,287,2.009599523580531,8280,True,ec790070-4835-4864-80a9-221ef0ed2582,Westbound,2025-11-18 13:24:10.332611,655.0,314.0,267.0,220.0
3229,7,CAM002,216,1.593054031655774,8280,True,ec790070-4835-4864-80a9-221ef0ed2582,Westbound,2025-11-18 13:24:10.329139,255.0,371.0,142.0,169.0
3228,8,CAM002,76,2.033591888436963,8280,True,ec790070-4835-4864-80a9-221ef0ed2582,Westbound,2025-11-18 13:24:10.324218,406.0,350.0,226.0,190.0
3227,9,CAM001,315,2.0325128912575585,8345,True,613b4d1e-c528-4ef5-91ef-1fde52080565,Eastbound,2025-11-18 13:24:05.820632,718.0,250.0,81.0,142.0
3226,1,CAM001,305,2.0296261880541713,8345,True,613b4d1e-c528-4ef5-91ef-1fde52080565,Eastbound,2025-11-18 13:24:05.819657,606.0,242.0,72.0,120.0
3225,2,CAM001,303,2.0335338388705595,8345,True,613b4d1e-c528-4ef5-91ef-1fde52080565,Eastbound,2025-11-18 13:24:05.817171,485.0,247.0,115.0,133.0
3224,4,CAM001,301,2.0268903241916427,8345,True,613b4d1e-c528-4ef5-91ef-1fde52080565,Eastbound,2025-11-18 13:24:05.816196,382.0,241.0,99.0,97.0
3223,7,CAM001,223,1.5342505129944446,8345,True,613b4d1e-c528-4ef5-91ef-1fde52080565,Eastbound,2025-11-18 13:24:05.813282,277.0,246.0,97.0,100.0
3222,6,CAM002,318,1.9988934984153728,8275,True,ec790070-4835-4864-80a9-221ef0ed2582,Westbound,2025-11-18 13:24:05.435172,357.0,387.0,89.0,111.0
3221,3,CAM002,292,1.9959483284227244,8275,True,ec790070-4835-4864-80a9-221ef0ed2582,Westbound,2025-11-18 13:24:05.434195,557.0,362.0,105.0,139.0
3220,5,CAM002,287,1.9909032175585435,8275,True,ec790070-4835-4864-80a9-221ef0ed2582,Westbound,2025-11-18 13:24:05.431264,656.0,315.0,266.0,219.0
3219,7,CAM002,216,1.6092511946970063,8275,True,ec790070-4835-4864-80a9-221ef0ed2582,Westbound,2025-11-18 13:24:05.428333,257.0,372.0,139.0,168.0
3218,8,CAM002,76,2.0305919579617484,8275,True,ec790070-4835-4864-80a9-221ef0ed2582,Westbound,2025-11-18 13:24:05.426375,405.0,351.0,226.0,189.0
3217,9,CAM001,315,2.031385473238957,8340,True,613b4d1e-c528-4ef5-91ef-1fde52080565,Eastbound,2025-11-18 13:24:00.753407,718.0,249.0,81.0,143.0
3216,1,CAM001,305,2.029458476613783,8340,True,613b4d1e-c528-4ef5-91ef-1fde52080565,Eastbound,2025-11-18 13:24:00.750478,606.0,241.0,73.0,122.0
3215,2,CAM001,303,2.0100012075087434,8340,True,613b4d1e-c528-4ef5-91ef-1fde52080565,Eastbound,2025-11-18 13:24:00.747543,486.0,244.0,113.0,135.0
3214,4,CAM001,301,2.0305367507459384,8340,True,613b4d1e-c528-4ef5-91ef-1fde52080565,Eastbound,2025-11-18 13:24:00.745059,381.0,240.0,99.0,98.0
3213,7,CAM001,223,1.4837833218899714,8340,True,613b4d1e-c528-4ef5-91ef-1fde52080565,Eastbound,2025-11-18 13:24:00.742150,277.0,236.0,106.0,109.0
3212,6,CAM002,318,1.9769547118601012,8270,True,ec790070-4835-4864-80a9-221ef0ed2582,Westbound,2025-11-18 13:24:00.379462,353.0,387.0,92.0,115.0
3211,3,CAM002,292,2.032092804828561,8270,True,ec790070-4835-4864-80a9-221ef0ed2582,Westbound,2025-11-18 13:24:00.377509,557.0,363.0,105.0,138.0
3210,5,CAM002,287,2.00245856018123,8270,True,ec790070-4835-4864-80a9-221ef0ed2582,Westbound,2025-11-18 13:24:00.374564,653.0,313.0,273.0,223.0
3209,7,CAM002,216,1.6029902440610972,8270,True,ec790070-4835-4864-80a9-221ef0ed2582,Westbound,2025-11-18 13:24:00.373030,257.0,373.0,136.0,167.0
3208,8,CAM002,76,2.0329344613434874,8270,True,ec790070-4835-4864-80a9-221ef0ed2582,Westbound,2025-11-18 13:24:00.370117,404.0,352.0,226.0,188.0
3207,9,CAM001,315,2.0324758722267458,8335,True,613b4d1e-c528-4ef5-91ef-1fde52080565,Eastbound,2025-11-18 13:23:55.753978,717.0,248.0,83.0,144.0
3206,1,CAM001,305,1.9950569920503112,8335,True,613b4d1e-c528-4ef5-91ef-1fde52080565,Eastbound,2025-11-18 13:23:55.752024,606.0,242.0,72.0,119.0
3205,2,CAM001,303,2.0096006897054544,8335,True,613b4d1e-c528-4ef5-91ef-1fde52080565,Eastbound,2025-11-18 13:23:55.750067,487.0,241.0,110.0,137.0
3204,4,CAM001,301,2.038917563847391,8335,True,613b4d1e-c528-4ef5-91ef-1fde52080565,Eastbound,2025-11-18 13:23:55.747589,380.0,239.0,101.0,99.0
3203,7,CAM001,223,1.5031655617578819,8335,True,613b4d1e-c528-4ef5-91ef-1fde52080565,Eastbound,2025-11-18 13:23:55.744658,275.0,219.0,123.0,125.0
3202,6,CAM002,318,1.9818114396627298,8265,True,ec790070-4835-4864-80a9-221ef0ed2582,Westbound,2025-11-18 13:23:55.352011,357.0,386.0,84.0,104.0
3201,3,CAM002,292,2.0396080330759028,8265,True,ec790070-4835-4864-80a9-221ef0ed2582,Westbound,2025-11-18 13:23:55.348105,557.0,364.0,105.0,138.0
3200,5,CAM002,287,1.9945134938632902,8265,True,ec790070-4835-4864-80a9-221ef0ed2582,Westbound,2025-11-18 13:23:55.345619,657.0,313.0,277.0,223.0
3199,7,CAM002,216,1.6105275610517769,8265,True,ec790070-4835-4864-80a9-221ef0ed2582,Westbound,2025-11-18 13:23:55.343687,259.0,373.0,135.0,167.0
3198,8,CAM002,76,2.001615867166687,8265,True,ec790070-4835-4864-80a9-221ef0ed2582,Westbound,2025-11-18 13:23:55.339881,405.0,351.0,227.0,189.0
3197,9,CAM001,315,2.029657638254374,8330,True,613b4d1e-c528-4ef5-91ef-1fde52080565,Eastbound,2025-11-18 13:23:51.029260,717.0,249.0,82.0,143.0
3196,1,CAM001,305,2.0060075061271685,8330,True,613b4d1e-c528-4ef5-91ef-1fde52080565,Eastbound,2025-11-18 13:23:51.028282,607.0,243.0,70.0,118.0
3195,2,CAM001,303,2.0050279517989673,8330,True,613b4d1e-c528-4ef5-91ef-1fde52080565,Eastbound,2025-11-18 13:23:51.025355,491.0,243.0,102.0,136.0
3194,4,CAM001,301,2.0248156652556863,8330,True,613b4d1e-c528-4ef5-91ef-1fde52080565,Eastbound,2025-11-18 13:23:51.022856,381.0,241.0,100.0,97.0
3193,7,CAM001,223,1.3979105457714502,8330,True,613b4d1e-c528-4ef5-91ef-1fde52080565,Eastbound,2025-11-18 13:23:51.020918,276.0,221.0,120.0,122.0
3192,6,CAM002,318,1.8936164033771044,8260,True,ec790070-4835-4864-80a9-221ef0ed2582,Westbound,2025-11-18 13:23:50.567467,364.0,386.0,72.0,97.0
3191,3,CAM002,292,2.0408691115263737,8260,True,ec790070-4835-4864-80a9-221ef0ed2582,Westbound,2025-11-18 13:23:50.564535,557.0,364.0,104.0,138.0
3190,5,CAM002,287,1.9893791905390714,8260,True,ec790070-4835-4864-80a9-221ef0ed2582,Westbound,2025-11-18 13:23:50.562581,664.0,314.0,268.0,220.0
3189,7,CAM002,216,1.9869870670073693,8260,True,ec790070-4835-4864-80a9-221ef0ed2582,Westbound,2025-11-18 13:23:50.560627,262.0,372.0,126.0,167.0
3188,8,CAM002,76,2.0292545672126905,8260,True,ec790070-4835-4864-80a9-221ef0ed2582,Westbound,2025-11-18 13:23:50.557156,402.0,351.0,230.0,189.0
3187,9,CAM001,315,2.024079724828201,8325,True,613b4d1e-c528-4ef5-91ef-1fde52080565,Eastbound,2025-11-18 13:23:46.334255,717.0,248.0,82.0,143.0
3186,1,CAM001,305,2.000811124810655,8325,True,613b4d1e-c528-4ef5-91ef-1fde52080565,Eastbound,2025-11-18 13:23:46.332299,605.0,241.0,73.0,125.0
3185,2,CAM001,303,1.9486432212322053,8325,True,613b4d1e-c528-4ef5-91ef-1fde52080565,Eastbound,2025-11-18 13:23:46.328392,506.0,247.0,88.0,132.0
3184,4,CAM001,301,2.0191277880083054,8325,True,613b4d1e-c528-4ef5-91ef-1fde52080565,Eastbound,2025-11-18 13:23:46.323952,381.0,241.0,99.0,97.0
3183,6,CAM002,319,2.0323604296527935,8255,True,ec790070-4835-4864-80a9-221ef0ed2582,Westbound,2025-11-18 13:23:46.026106,357.0,381.0,95.0,159.0
3182,3,CAM002,292,2.0370737726091517,8255,True,ec790070-4835-4864-80a9-221ef0ed2582,Westbound,2025-11-18 13:23:46.023626,557.0,364.0,104.0,138.0
3181,5,CAM002,287,2.034770649565584,8255,True,ec790070-4835-4864-80a9-221ef0ed2582,Westbound,2025-11-18 13:23:46.021672,661.0,317.0,257.0,215.0
3180,7,CAM002,216,1.9974573990214235,8255,True,ec790070-4835-4864-80a9-221ef0ed2582,Westbound,2025-11-18 13:23:46.019721,252.0,371.0,124.0,167.0
3179,8,CAM002,76,2.0288337520490995,8255,True,ec790070-4835-4864-80a9-221ef0ed2582,Westbound,2025-11-18 13:23:46.014279,401.0,351.0,229.0,189.0
3178,9,CAM001,315,2.0256262825719378,8320,True,613b4d1e-c528-4ef5-91ef-1fde52080565,Eastbound,2025-11-18 13:23:41.051095,718.0,249.0,81.0,141.0
3177,1,CAM001,305,2.0020228731116405,8320,True,613b4d1e-c528-4ef5-91ef-1fde52080565,Eastbound,2025-11-18 13:23:41.049143,604.0,239.0,76.0,128.0
3176,2,CAM001,303,1.9892207044863337,8320,True,613b4d1e-c528-4ef5-91ef-1fde52080565,Eastbound,2025-11-18 13:23:41.047189,520.0,248.0,83.0,130.0
3175,4,CAM001,301,2.027979327007672,8320,True,613b4d1e-c528-4ef5-91ef-1fde52080565,Eastbound,2025-11-18 13:23:41.044257,376.0,237.0,105.0,101.0
3174,6,CAM002,319,2.0130690300682015,8250,True,ec790070-4835-4864-80a9-221ef0ed2582,Westbound,2025-11-18 13:23:40.620992,356.0,382.0,93.0,157.0
3173,3,CAM002,292,2.026072072595115,8250,True,ec790070-4835-4864-80a9-221ef0ed2582,Westbound,2025-11-18 13:23:40.618062,557.0,362.0,104.0,140.0
3172,5,CAM002,287,2.0191069751340107,8250,True,ec790070-4835-4864-80a9-221ef0ed2582,Westbound,2025-11-18 13:23:40.616106,661.0,317.0,254.0,216.0
3171,7,CAM002,216,2.0023121016206575,8250,True,ec790070-4835-4864-80a9-221ef0ed2582,Westbound,2025-11-18 13:23:40.614154,252.0,371.0,125.0,165.0
3170,8,CAM002,76,1.9962133281236019,8250,True,ec790070-4835-4864-80a9-221ef0ed2582,Westbound,2025-11-18 13:23:40.611349,403.0,351.0,230.0,189.0
3169,9,CAM001,315,2.037463223910576,8315,True,613b4d1e-c528-4ef5-91ef-1fde52080565,Eastbound,2025-11-18 13:23:36.062492,718.0,251.0,82.0,141.0
3168,1,CAM001,305,2.028945328785957,8315,True,613b4d1e-c528-4ef5-91ef-1fde52080565,Eastbound,2025-11-18 13:23:36.060540,605.0,239.0,74.0,124.0
3167,2,CAM001,303,1.9553012091755264,8315,True,613b4d1e-c528-4ef5-91ef-1fde52080565,Eastbound,2025-11-18 13:23:36.058586,521.0,248.0,81.0,130.0
3166,4,CAM001,301,1.9731671026061257,8315,True,613b4d1e-c528-4ef5-91ef-1fde52080565,Eastbound,2025-11-18 13:23:36.056628,376.0,239.0,103.0,99.0
3165,3,CAM002,292,2.041934924178217,8245,True,ec790070-4835-4864-80a9-221ef0ed2582,Westbound,2025-11-18 13:23:35.674015,556.0,359.0,106.0,143.0
3164,5,CAM002,287,2.0289565944221386,8245,True,ec790070-4835-4864-80a9-221ef0ed2582,Westbound,2025-11-18 13:23:35.670508,658.0,315.0,254.0,220.0
3163,7,CAM002,216,2.0282678527827556,8245,True,ec790070-4835-4864-80a9-221ef0ed2582,Westbound,2025-11-18 13:23:35.668555,252.0,371.0,128.0,166.0
3162,8,CAM002,76,2.0325734465353755,8245,True,ec790070-4835-4864-80a9-221ef0ed2582,Westbound,2025-11-18 13:23:35.667582,401.0,351.0,229.0,189.0
3161,9,CAM001,315,2.039943838389381,8310,True,613b4d1e-c528-4ef5-91ef-1fde52080565,Eastbound,2025-11-18 13:23:31.882196,718.0,251.0,82.0,141.0
3160,1,CAM001,305,2.033680649313947,8310,True,613b4d1e-c528-4ef5-91ef-1fde52080565,Eastbound,2025-11-18 13:23:31.880198,606.0,240.0,73.0,122.0
3159,8,CAM001,303,1.620341691873365,8310,True,613b4d1e-c528-4ef5-91ef-1fde52080565,Eastbound,2025-11-18 13:23:31.878198,522.0,248.0,81.0,130.0
3158,4,CAM001,301,1.9523443547189467,8310,True,613b4d1e-c528-4ef5-91ef-1fde52080565,Eastbound,2025-11-18 13:23:31.876196,380.0,241.0,97.0,97.0
3157,2,CAM001,223,1.9250594876275633,8310,True,613b4d1e-c528-4ef5-91ef-1fde52080565,Eastbound,2025-11-18 13:23:31.872221,273.0,232.0,112.0,111.0
3156,3,CAM002,292,2.0317506674168784,8240,True,ec790070-4835-4864-80a9-221ef0ed2582,Westbound,2025-11-18 13:23:31.505079,556.0,361.0,106.0,141.0
3155,5,CAM002,287,2.0244794054911908,8240,True,ec790070-4835-4864-80a9-221ef0ed2582,Westbound,2025-11-18 13:23:31.503079,657.0,314.0,255.0,221.0
3154,7,CAM002,216,1.9812750783466233,8240,True,ec790070-4835-4864-80a9-221ef0ed2582,Westbound,2025-11-18 13:23:31.501079,252.0,371.0,128.0,162.0
3153,8,CAM002,76,1.6486437762597976,8240,True,ec790070-4835-4864-80a9-221ef0ed2582,Westbound,2025-11-18 13:23:31.498077,401.0,351.0,228.0,189.0
3152,9,CAM001,315,2.033395843787034,8305,True,613b4d1e-c528-4ef5-91ef-1fde52080565,Eastbound,2025-11-18 13:23:27.473746,718.0,250.0,82.0,141.0
3151,1,CAM001,305,2.037717529419169,8305,True,613b4d1e-c528-4ef5-91ef-1fde52080565,Eastbound,2025-11-18 13:23:27.472745,606.0,241.0,73.0,120.0
3150,8,CAM001,303,1.5901195729874624,8305,True,613b4d1e-c528-4ef5-91ef-1fde52080565,Eastbound,2025-11-18 13:23:27.471744,523.0,247.0,82.0,131.0
3149,4,CAM001,301,2.0404366526721875,8305,True,613b4d1e-c528-4ef5-91ef-1fde52080565,Eastbound,2025-11-18 13:23:27.469745,382.0,239.0,98.0,99.0
3148,2,CAM001,223,1.9696972946105828,8305,True,613b4d1e-c528-4ef5-91ef-1fde52080565,Eastbound,2025-11-18 13:23:27.466767,274.0,212.0,131.0,127.0
3147,6,CAM002,318,1.9899912599637262,8235,True,ec790070-4835-4864-80a9-221ef0ed2582,Westbound,2025-11-18 13:23:27.107861,368.0,387.0,64.0,92.0
3146,3,CAM002,292,2.0028271845229586,8235,True,ec790070-4835-4864-80a9-221ef0ed2582,Westbound,2025-11-18 13:23:27.103865,557.0,362.0,105.0,139.0
3145,5,CAM002,287,2.0072044577337342,8235,True,ec790070-4835-4864-80a9-221ef0ed2582,Westbound,2025-11-18 13:23:27.101859,659.0,315.0,251.0,219.0
3144,7,CAM002,216,1.9960101267989858,8235,True,ec790070-4835-4864-80a9-221ef0ed2582,Westbound,2025-11-18 13:23:27.098799,255.0,371.0,122.0,152.0
3143,8,CAM002,76,1.6530135706431701,8235,True,ec790070-4835-4864-80a9-221ef0ed2582,Westbound,2025-11-18 13:23:27.096856,403.0,351.0,225.0,189.0
3142,9,CAM001,315,2.039958750028147,8300,True,613b4d1e-c528-4ef5-91ef-1fde52080565,Eastbound,2025-11-18 13:23:22.922807,718.0,249.0,82.0,141.0
3141,1,CAM001,305,2.035489771692346,8300,True,613b4d1e-c528-4ef5-91ef-1fde52080565,Eastbound,2025-11-18 13:23:22.919806,605.0,242.0,74.0,119.0
3140,8,CAM001,303,1.5881779858393374,8300,True,613b4d1e-c528-4ef5-91ef-1fde52080565,Eastbound,2025-11-18 13:23:22.916806,522.0,247.0,86.0,131.0
3139,4,CAM001,301,2.028970688890772,8300,True,613b4d1e-c528-4ef5-91ef-1fde52080565,Eastbound,2025-11-18 13:23:22.913805,382.0,239.0,98.0,99.0
3138,2,CAM001,223,1.9584758151651604,8300,True,613b4d1e-c528-4ef5-91ef-1fde52080565,Eastbound,2025-11-18 13:23:22.909806,273.0,219.0,131.0,126.0
3137,6,CAM002,318,1.9024658539589594,8230,True,ec790070-4835-4864-80a9-221ef0ed2582,Westbound,2025-11-18 13:23:22.497630,365.0,386.0,70.0,116.0
3136,3,CAM002,292,2.0274968311923867,8230,True,ec790070-4835-4864-80a9-221ef0ed2582,Westbound,2025-11-18 13:23:22.495630,557.0,360.0,105.0,141.0
3135,5,CAM002,287,2.0321326994943103,8230,True,ec790070-4835-4864-80a9-221ef0ed2582,Westbound,2025-11-18 13:23:22.493627,659.0,314.0,251.0,220.0
3134,7,CAM002,216,1.9888878514949795,8230,True,ec790070-4835-4864-80a9-221ef0ed2582,Westbound,2025-11-18 13:23:22.490627,257.0,372.0,118.0,149.0
3133,8,CAM002,76,1.6726909649136146,8230,True,ec790070-4835-4864-80a9-221ef0ed2582,Westbound,2025-11-18 13:23:22.486734,406.0,352.0,224.0,188.0
3132,2,CAM001,317,1.997478129462802,8295,True,613b4d1e-c528-4ef5-91ef-1fde52080565,Eastbound,2025-11-18 13:23:18.426499,360.0,214.0,37.0,67.0
3131,9,CAM001,315,2.031744839754883,8295,True,613b4d1e-c528-4ef5-91ef-1fde52080565,Eastbound,2025-11-18 13:23:18.424498,718.0,250.0,81.0,141.0
3130,1,CAM001,305,2.0080174843071217,8295,True,613b4d1e-c528-4ef5-91ef-1fde52080565,Eastbound,2025-11-18 13:23:18.421498,605.0,243.0,74.0,119.0
3129,8,CAM001,303,1.5961880946624571,8295,True,613b4d1e-c528-4ef5-91ef-1fde52080565,Eastbound,2025-11-18 13:23:18.420498,521.0,247.0,88.0,131.0
3128,4,CAM001,301,2.0120080357310592,8295,True,613b4d1e-c528-4ef5-91ef-1fde52080565,Eastbound,2025-11-18 13:23:18.419497,383.0,241.0,98.0,98.0
3127,7,CAM001,223,1.5104261464502189,8295,True,613b4d1e-c528-4ef5-91ef-1fde52080565,Eastbound,2025-11-18 13:23:18.413520,273.0,233.0,117.0,112.0
3126,6,CAM002,318,2.0324413335119162,8225,True,ec790070-4835-4864-80a9-221ef0ed2582,Westbound,2025-11-18 13:23:18.001772,356.0,385.0,87.0,151.0
3125,3,CAM002,292,2.021929513552089,8225,True,ec790070-4835-4864-80a9-221ef0ed2582,Westbound,2025-11-18 13:23:17.999773,556.0,361.0,106.0,140.0
3124,5,CAM002,287,2.0250087876687966,8225,True,ec790070-4835-4864-80a9-221ef0ed2582,Westbound,2025-11-18 13:23:17.997774,659.0,315.0,248.0,219.0
3123,7,CAM002,216,1.6748864039394216,8225,True,ec790070-4835-4864-80a9-221ef0ed2582,Westbound,2025-11-18 13:23:17.995773,254.0,372.0,123.0,157.0
3122,8,CAM002,76,1.7146696706243048,8225,True,ec790070-4835-4864-80a9-221ef0ed2582,Westbound,2025-11-18 13:23:17.991773,407.0,352.0,222.0,188.0
3121,2,CAM001,317,1.9443817268340586,8290,True,613b4d1e-c528-4ef5-91ef-1fde52080565,Eastbound,2025-11-18 13:23:13.775892,361.0,215.0,40.0,70.0
3120,9,CAM001,315,2.0071906181784342,8290,True,613b4d1e-c528-4ef5-91ef-1fde52080565,Eastbound,2025-11-18 13:23:13.773893,718.0,251.0,81.0,140.0
3119,1,CAM001,305,2.03471679014696,8290,True,613b4d1e-c528-4ef5-91ef-1fde52080565,Eastbound,2025-11-18 13:23:13.771897,605.0,243.0,74.0,119.0
3118,8,CAM001,303,1.608808779595642,8290,True,613b4d1e-c528-4ef5-91ef-1fde52080565,Eastbound,2025-11-18 13:23:13.769891,519.0,247.0,93.0,132.0
3117,4,CAM001,301,2.019453130301866,8290,True,613b4d1e-c528-4ef5-91ef-1fde52080565,Eastbound,2025-11-18 13:23:13.768898,383.0,242.0,96.0,97.0
3116,7,CAM001,223,1.5874773939119406,8290,True,613b4d1e-c528-4ef5-91ef-1fde52080565,Eastbound,2025-11-18 13:23:13.763897,275.0,249.0,100.0,95.0
3115,6,CAM002,318,1.975177078701937,8220,True,ec790070-4835-4864-80a9-221ef0ed2582,Westbound,2025-11-18 13:23:13.348615,353.0,384.0,90.0,153.0
3114,3,CAM002,292,2.0003253851633453,8220,True,ec790070-4835-4864-80a9-221ef0ed2582,Westbound,2025-11-18 13:23:13.347619,557.0,362.0,104.0,138.0
3113,5,CAM002,287,2.038004818308348,8220,True,ec790070-4835-4864-80a9-221ef0ed2582,Westbound,2025-11-18 13:23:13.346602,657.0,316.0,249.0,220.0
3112,7,CAM002,216,1.6518861663488607,8220,True,ec790070-4835-4864-80a9-221ef0ed2582,Westbound,2025-11-18 13:23:13.343596,252.0,373.0,127.0,161.0
3111,8,CAM002,76,1.702955783557975,8220,True,ec790070-4835-4864-80a9-221ef0ed2582,Westbound,2025-11-18 13:23:13.339642,407.0,352.0,221.0,188.0
3110,9,CAM001,315,2.035098629241395,8285,True,613b4d1e-c528-4ef5-91ef-1fde52080565,Eastbound,2025-11-18 13:23:08.987581,718.0,251.0,81.0,140.0
3109,7,CAM001,313,1.4669093465463854,8285,True,613b4d1e-c528-4ef5-91ef-1fde52080565,Eastbound,2025-11-18 13:23:08.985589,415.0,240.0,68.0,102.0
3108,1,CAM001,305,1.9884280563677645,8285,True,613b4d1e-c528-4ef5-91ef-1fde52080565,Eastbound,2025-11-18 13:23:08.983584,606.0,245.0,73.0,115.0
3107,4,CAM001,303,1.9633088883517946,8285,True,613b4d1e-c528-4ef5-91ef-1fde52080565,Eastbound,2025-11-18 13:23:08.982584,506.0,244.0,104.0,136.0
3106,6,CAM001,301,1.4230950539756266,8285,True,613b4d1e-c528-4ef5-91ef-1fde52080565,Eastbound,2025-11-18 13:23:08.980585,383.0,240.0,95.0,98.0
3105,2,CAM001,223,1.8668626111621145,8285,True,613b4d1e-c528-4ef5-91ef-1fde52080565,Eastbound,2025-11-18 13:23:08.975595,275.0,234.0,114.0,109.0
3104,6,CAM002,318,2.0009469584760877,8215,True,ec790070-4835-4864-80a9-221ef0ed2582,Westbound,2025-11-18 13:23:08.496892,351.0,383.0,94.0,156.0
3103,3,CAM002,292,2.0378637764511662,8215,True,ec790070-4835-4864-80a9-221ef0ed2582,Westbound,2025-11-18 13:23:08.494902,557.0,362.0,105.0,138.0
3102,5,CAM002,287,2.0142091198723633,8215,True,ec790070-4835-4864-80a9-221ef0ed2582,Westbound,2025-11-18 13:23:08.492884,657.0,315.0,250.0,220.0
3101,7,CAM002,216,1.6093927327191537,8215,True,ec790070-4835-4864-80a9-221ef0ed2582,Westbound,2025-11-18 13:23:08.491868,254.0,373.0,131.0,163.0
3100,8,CAM002,76,2.0339784579152442,8215,True,ec790070-4835-4864-80a9-221ef0ed2582,Westbound,2025-11-18 13:23:08.488887,410.0,352.0,219.0,188.0
3099,5,CAM001,316,1.6217703957103162,8280,True,613b4d1e-c528-4ef5-91ef-1fde52080565,Eastbound,2025-11-18 13:23:03.577761,781.0,247.0,71.0,179.0
3098,9,CAM001,315,1.9699365121257078,8280,True,613b4d1e-c528-4ef5-91ef-1fde52080565,Eastbound,2025-11-18 13:23:03.574760,719.0,250.0,80.0,141.0
3097,7,CAM001,313,1.2881000756003416,8280,True,613b4d1e-c528-4ef5-91ef-1fde52080565,Eastbound,2025-11-18 13:23:03.572784,409.0,238.0,68.0,99.0
3096,1,CAM001,305,2.0001623051772093,8280,True,613b4d1e-c528-4ef5-91ef-1fde52080565,Eastbound,2025-11-18 13:23:03.570761,607.0,245.0,70.0,113.0
3095,4,CAM001,303,2.0206055967933962,8280,True,613b4d1e-c528-4ef5-91ef-1fde52080565,Eastbound,2025-11-18 13:23:03.568759,489.0,240.0,105.0,140.0
3094,6,CAM001,301,1.5016553921676443,8280,True,613b4d1e-c528-4ef5-91ef-1fde52080565,Eastbound,2025-11-18 13:23:03.566760,379.0,236.0,98.0,101.0
3093,2,CAM001,223,2.034725109814813,8280,True,613b4d1e-c528-4ef5-91ef-1fde52080565,Eastbound,2025-11-18 13:23:03.563799,274.0,207.0,141.0,135.0
3092,6,CAM002,318,1.5704148486954532,8210,True,ec790070-4835-4864-80a9-221ef0ed2582,Westbound,2025-11-18 13:23:02.967224,352.0,384.0,97.0,156.0
3091,3,CAM002,292,2.0407836727755075,8210,True,ec790070-4835-4864-80a9-221ef0ed2582,Westbound,2025-11-18 13:23:02.964185,557.0,362.0,105.0,138.0
3090,5,CAM002,287,1.7027213270181476,8210,True,ec790070-4835-4864-80a9-221ef0ed2582,Westbound,2025-11-18 13:23:02.963227,657.0,313.0,251.0,222.0
3089,7,CAM002,216,2.0088254681438915,8210,True,ec790070-4835-4864-80a9-221ef0ed2582,Westbound,2025-11-18 13:23:02.960230,258.0,372.0,130.0,165.0
3088,8,CAM002,76,2.0004740338465474,8210,True,ec790070-4835-4864-80a9-221ef0ed2582,Westbound,2025-11-18 13:23:02.957325,411.0,352.0,218.0,188.0
3087,5,CAM001,316,1.6392780104392906,8275,True,613b4d1e-c528-4ef5-91ef-1fde52080565,Eastbound,2025-11-18 13:22:58.847974,781.0,249.0,71.0,176.0
3086,1,CAM001,305,2.0238283831651827,8275,True,613b4d1e-c528-4ef5-91ef-1fde52080565,Eastbound,2025-11-18 13:22:58.845987,605.0,244.0,74.0,118.0
3085,4,CAM001,303,1.9825817779849129,8275,True,613b4d1e-c528-4ef5-91ef-1fde52080565,Eastbound,2025-11-18 13:22:58.843976,503.0,243.0,93.0,136.0
3084,6,CAM001,301,1.5189007650213477,8275,True,613b4d1e-c528-4ef5-91ef-1fde52080565,Eastbound,2025-11-18 13:22:58.841992,380.0,238.0,95.0,99.0
3083,2,CAM001,223,2.0068433199114306,8275,True,613b4d1e-c528-4ef5-91ef-1fde52080565,Eastbound,2025-11-18 13:22:58.838988,275.0,208.0,140.0,134.0
3082,6,CAM002,318,1.55917973495042,8205,True,ec790070-4835-4864-80a9-221ef0ed2582,Westbound,2025-11-18 13:22:58.435905,353.0,385.0,97.0,155.0
3081,3,CAM002,292,2.0410667889854257,8205,True,ec790070-4835-4864-80a9-221ef0ed2582,Westbound,2025-11-18 13:22:58.433918,557.0,362.0,105.0,138.0
3080,5,CAM002,287,1.686070055940859,8205,True,ec790070-4835-4864-80a9-221ef0ed2582,Westbound,2025-11-18 13:22:58.432905,655.0,315.0,252.0,221.0
3079,7,CAM002,216,1.9930262523966973,8205,True,ec790070-4835-4864-80a9-221ef0ed2582,Westbound,2025-11-18 13:22:58.430914,253.0,372.0,126.0,162.0
3078,8,CAM002,76,2.0338529571878445,8205,True,ec790070-4835-4864-80a9-221ef0ed2582,Westbound,2025-11-18 13:22:58.427204,413.0,353.0,216.0,187.0
3077,9,CAM001,315,2.040471506254695,8270,True,613b4d1e-c528-4ef5-91ef-1fde52080565,Eastbound,2025-11-18 13:22:54.204782,719.0,250.0,81.0,141.0
3076,2,CAM001,313,2.033927317923814,8270,True,613b4d1e-c528-4ef5-91ef-1fde52080565,Eastbound,2025-11-18 13:22:54.203782,359.0,214.0,58.0,85.0
3075,1,CAM001,305,2.0192313552110313,8270,True,613b4d1e-c528-4ef5-91ef-1fde52080565,Eastbound,2025-11-18 13:22:54.201786,605.0,244.0,74.0,118.0
3074,4,CAM001,303,2.0243855310972965,8270,True,613b4d1e-c528-4ef5-91ef-1fde52080565,Eastbound,2025-11-18 13:22:54.200780,518.0,247.0,92.0,132.0
3073,6,CAM001,301,1.503702785141744,8270,True,613b4d1e-c528-4ef5-91ef-1fde52080565,Eastbound,2025-11-18 13:22:54.198846,380.0,239.0,91.0,99.0
3072,7,CAM001,223,1.5112693716481538,8270,True,613b4d1e-c528-4ef5-91ef-1fde52080565,Eastbound,2025-11-18 13:22:54.195783,278.0,224.0,119.0,117.0
3071,6,CAM002,318,1.5171294413190262,8200,True,ec790070-4835-4864-80a9-221ef0ed2582,Westbound,2025-11-18 13:22:53.770191,352.0,386.0,90.0,135.0
3070,3,CAM002,292,2.037331810112169,8200,True,ec790070-4835-4864-80a9-221ef0ed2582,Westbound,2025-11-18 13:22:53.767188,558.0,363.0,103.0,137.0
3069,5,CAM002,287,2.0336265165737095,8200,True,ec790070-4835-4864-80a9-221ef0ed2582,Westbound,2025-11-18 13:22:53.764190,656.0,317.0,249.0,218.0
3068,7,CAM002,216,1.5777595276734036,8200,True,ec790070-4835-4864-80a9-221ef0ed2582,Westbound,2025-11-18 13:22:53.763191,256.0,372.0,130.0,164.0
3067,8,CAM002,76,2.0358148882952065,8200,True,ec790070-4835-4864-80a9-221ef0ed2582,Westbound,2025-11-18 13:22:53.759223,414.0,354.0,215.0,186.0
3066,9,CAM001,315,2.028936437468582,8265,True,613b4d1e-c528-4ef5-91ef-1fde52080565,Eastbound,2025-11-18 13:22:49.621818,719.0,249.0,81.0,142.0
3065,2,CAM001,313,1.753925630165975,8265,True,613b4d1e-c528-4ef5-91ef-1fde52080565,Eastbound,2025-11-18 13:22:49.618287,357.0,214.0,61.0,84.0
3064,1,CAM001,305,2.0092632426603174,8265,True,613b4d1e-c528-4ef5-91ef-1fde52080565,Eastbound,2025-11-18 13:22:49.615758,605.0,243.0,75.0,117.0
3063,4,CAM001,303,1.940587073842762,8265,True,613b4d1e-c528-4ef5-91ef-1fde52080565,Eastbound,2025-11-18 13:22:49.613565,504.0,244.0,102.0,136.0
3062,6,CAM001,301,1.507056375010672,8265,True,613b4d1e-c528-4ef5-91ef-1fde52080565,Eastbound,2025-11-18 13:22:49.609920,385.0,237.0,86.0,101.0
3061,7,CAM001,223,1.4518924593153593,8265,True,613b4d1e-c528-4ef5-91ef-1fde52080565,Eastbound,2025-11-18 13:22:49.607178,277.0,238.0,110.0,108.0
3060,6,CAM002,318,1.4412676552445225,8195,True,ec790070-4835-4864-80a9-221ef0ed2582,Westbound,2025-11-18 13:22:49.069662,364.0,387.0,66.0,102.0
3059,3,CAM002,292,2.041219882350955,8195,True,ec790070-4835-4864-80a9-221ef0ed2582,Westbound,2025-11-18 13:22:49.065658,558.0,363.0,103.0,137.0
3058,5,CAM002,287,1.996176619515201,8195,True,ec790070-4835-4864-80a9-221ef0ed2582,Westbound,2025-11-18 13:22:49.061670,656.0,315.0,252.0,220.0
3057,7,CAM002,216,1.9962749564104543,8195,True,ec790070-4835-4864-80a9-221ef0ed2582,Westbound,2025-11-18 13:22:49.059649,260.0,372.0,126.0,167.0
3056,8,CAM002,76,2.0293642725902554,8195,True,ec790070-4835-4864-80a9-221ef0ed2582,Westbound,2025-11-18 13:22:49.057648,414.0,353.0,215.0,187.0
3055,9,CAM001,315,2.005872637047049,8260,True,613b4d1e-c528-4ef5-91ef-1fde52080565,Eastbound,2025-11-18 13:22:44.846234,718.0,249.0,81.0,142.0
3054,1,CAM001,305,1.984203134409989,8260,True,613b4d1e-c528-4ef5-91ef-1fde52080565,Eastbound,2025-11-18 13:22:44.844234,605.0,244.0,74.0,114.0
3053,4,CAM001,303,2.0135030606242896,8260,True,613b4d1e-c528-4ef5-91ef-1fde52080565,Eastbound,2025-11-18 13:22:44.841236,491.0,240.0,100.0,140.0
3052,6,CAM001,301,1.988445768479211,8260,True,613b4d1e-c528-4ef5-91ef-1fde52080565,Eastbound,2025-11-18 13:22:44.838234,396.0,237.0,86.0,102.0
3051,2,CAM001,223,2.0155093645639313,8260,True,613b4d1e-c528-4ef5-91ef-1fde52080565,Eastbound,2025-11-18 13:22:44.834233,280.0,216.0,139.0,138.0
3050,3,CAM002,292,2.00983149902176,8190,True,ec790070-4835-4864-80a9-221ef0ed2582,Westbound,2025-11-18 13:22:44.354079,557.0,362.0,105.0,138.0
3049,5,CAM002,287,2.032632562495283,8190,True,ec790070-4835-4864-80a9-221ef0ed2582,Westbound,2025-11-18 13:22:44.350074,655.0,314.0,256.0,222.0
3048,7,CAM002,216,1.9856699646530414,8190,True,ec790070-4835-4864-80a9-221ef0ed2582,Westbound,2025-11-18 13:22:44.348078,254.0,372.0,124.0,165.0
3047,8,CAM002,76,2.031977615138506,8190,True,ec790070-4835-4864-80a9-221ef0ed2582,Westbound,2025-11-18 13:22:44.345074,412.0,351.0,217.0,189.0
3046,9,CAM001,315,1.9533874804874154,8255,True,613b4d1e-c528-4ef5-91ef-1fde52080565,Eastbound,2025-11-18 13:22:40.277841,717.0,249.0,81.0,144.0
3045,2,CAM001,313,2.030867293619803,8255,True,613b4d1e-c528-4ef5-91ef-1fde52080565,Eastbound,2025-11-18 13:22:40.275841,357.0,214.0,57.0,77.0
3044,1,CAM001,305,2.002694886858928,8255,True,613b4d1e-c528-4ef5-91ef-1fde52080565,Eastbound,2025-11-18 13:22:40.274839,606.0,248.0,70.0,109.0
3043,4,CAM001,303,1.9708246356092844,8255,True,613b4d1e-c528-4ef5-91ef-1fde52080565,Eastbound,2025-11-18 13:22:40.272839,507.0,243.0,89.0,137.0
3042,6,CAM001,301,1.936168598284492,8255,True,613b4d1e-c528-4ef5-91ef-1fde52080565,Eastbound,2025-11-18 13:22:40.270842,391.0,240.0,95.0,99.0
3041,7,CAM001,223,1.5060606643158525,8255,True,613b4d1e-c528-4ef5-91ef-1fde52080565,Eastbound,2025-11-18 13:22:40.267860,280.0,228.0,123.0,122.0
3040,3,CAM002,292,2.0313690780014455,8185,True,ec790070-4835-4864-80a9-221ef0ed2582,Westbound,2025-11-18 13:22:39.859689,557.0,362.0,105.0,138.0
3039,5,CAM002,287,1.9980648364218883,8185,True,ec790070-4835-4864-80a9-221ef0ed2582,Westbound,2025-11-18 13:22:39.854690,654.0,314.0,258.0,222.0
3038,7,CAM002,216,1.6090187320472376,8185,True,ec790070-4835-4864-80a9-221ef0ed2582,Westbound,2025-11-18 13:22:39.852690,254.0,372.0,124.0,164.0
3037,8,CAM002,76,2.0358623519336208,8185,True,ec790070-4835-4864-80a9-221ef0ed2582,Westbound,2025-11-18 13:22:39.849794,411.0,351.0,217.0,189.0
3036,2,CAM001,313,2.0071271499446732,8250,True,613b4d1e-c528-4ef5-91ef-1fde52080565,Eastbound,2025-11-18 13:22:35.976491,356.0,214.0,56.0,75.0
3035,1,CAM001,305,2.0317539806495795,8250,True,613b4d1e-c528-4ef5-91ef-1fde52080565,Eastbound,2025-11-18 13:22:35.975493,607.0,248.0,69.0,109.0
3034,4,CAM001,303,2.028688956263478,8250,True,613b4d1e-c528-4ef5-91ef-1fde52080565,Eastbound,2025-11-18 13:22:35.974492,524.0,248.0,85.0,132.0
3033,6,CAM001,301,1.9883477824254263,8250,True,613b4d1e-c528-4ef5-91ef-1fde52080565,Eastbound,2025-11-18 13:22:35.972495,381.0,244.0,91.0,95.0
3032,7,CAM001,223,1.5337233837366793,8250,True,613b4d1e-c528-4ef5-91ef-1fde52080565,Eastbound,2025-11-18 13:22:35.969508,277.0,248.0,97.0,95.0
3031,3,CAM002,292,2.0419898522016373,8180,True,ec790070-4835-4864-80a9-221ef0ed2582,Westbound,2025-11-18 13:22:35.615396,558.0,363.0,103.0,137.0
3030,5,CAM002,287,2.0216709759207965,8180,True,ec790070-4835-4864-80a9-221ef0ed2582,Westbound,2025-11-18 13:22:35.614395,655.0,314.0,260.0,221.0
3029,7,CAM002,216,1.544326286627105,8180,True,ec790070-4835-4864-80a9-221ef0ed2582,Westbound,2025-11-18 13:22:35.612394,253.0,372.0,125.0,165.0
3028,8,CAM002,76,2.027555853114171,8180,True,ec790070-4835-4864-80a9-221ef0ed2582,Westbound,2025-11-18 13:22:35.607347,412.0,352.0,215.0,188.0
3027,9,CAM001,315,2.035821405851908,8245,True,613b4d1e-c528-4ef5-91ef-1fde52080565,Eastbound,2025-11-18 13:22:31.689944,717.0,249.0,82.0,145.0
3026,2,CAM001,313,2.0170753519062092,8245,True,613b4d1e-c528-4ef5-91ef-1fde52080565,Eastbound,2025-11-18 13:22:31.687938,356.0,214.0,52.0,71.0
3025,1,CAM001,305,1.991877314122851,8245,True,613b4d1e-c528-4ef5-91ef-1fde52080565,Eastbound,2025-11-18 13:22:31.685938,605.0,248.0,72.0,115.0
3024,4,CAM001,303,1.7085084352250106,8245,True,613b4d1e-c528-4ef5-91ef-1fde52080565,Eastbound,2025-11-18 13:22:31.683938,522.0,248.0,89.0,132.0
3023,6,CAM001,301,2.0147195221778853,8245,True,613b4d1e-c528-4ef5-91ef-1fde52080565,Eastbound,2025-11-18 13:22:31.681938,385.0,243.0,89.0,96.0
3022,7,CAM001,223,1.4320582127118566,8245,True,613b4d1e-c528-4ef5-91ef-1fde52080565,Eastbound,2025-11-18 13:22:31.678936,281.0,248.0,98.0,96.0
3021,4,CAM002,318,1.7907206780429836,8175,True,ec790070-4835-4864-80a9-221ef0ed2582,Westbound,2025-11-18 13:22:31.225222,515.0,383.0,48.0,78.0
3020,3,CAM002,292,2.0400061740871522,8175,True,ec790070-4835-4864-80a9-221ef0ed2582,Westbound,2025-11-18 13:22:31.221223,558.0,362.0,103.0,138.0
3019,5,CAM002,287,2.0209034941673965,8175,True,ec790070-4835-4864-80a9-221ef0ed2582,Westbound,2025-11-18 13:22:31.218224,658.0,315.0,257.0,219.0
3018,7,CAM002,216,2.0270088397143047,8175,True,ec790070-4835-4864-80a9-221ef0ed2582,Westbound,2025-11-18 13:22:31.212224,249.0,372.0,128.0,166.0
3017,8,CAM002,76,2.0296152738274365,8175,True,ec790070-4835-4864-80a9-221ef0ed2582,Westbound,2025-11-18 13:22:31.207216,412.0,353.0,214.0,187.0
3016,9,CAM001,315,1.9360543833643187,8240,True,613b4d1e-c528-4ef5-91ef-1fde52080565,Eastbound,2025-11-18 13:22:27.082966,717.0,249.0,82.0,144.0
3015,2,CAM001,313,2.0241796592832983,8240,True,613b4d1e-c528-4ef5-91ef-1fde52080565,Eastbound,2025-11-18 13:22:27.080966,356.0,214.0,49.0,68.0
3014,1,CAM001,305,1.9764698265779805,8240,True,613b4d1e-c528-4ef5-91ef-1fde52080565,Eastbound,2025-11-18 13:22:27.078968,603.0,246.0,76.0,123.0
3013,4,CAM001,303,1.9663752853121552,8240,True,613b4d1e-c528-4ef5-91ef-1fde52080565,Eastbound,2025-11-18 13:22:27.077968,511.0,243.0,97.0,137.0
3012,6,CAM001,301,2.018716764672278,8240,True,613b4d1e-c528-4ef5-91ef-1fde52080565,Eastbound,2025-11-18 13:22:27.075966,386.0,242.0,88.0,97.0
3011,3,CAM002,292,2.037650329961093,8170,True,ec790070-4835-4864-80a9-221ef0ed2582,Westbound,2025-11-18 13:22:26.736536,558.0,362.0,103.0,138.0
3010,5,CAM002,287,2.033481458838811,8170,True,ec790070-4835-4864-80a9-221ef0ed2582,Westbound,2025-11-18 13:22:26.734540,655.0,312.0,263.0,223.0
3009,7,CAM002,216,2.033957552156704,8170,True,ec790070-4835-4864-80a9-221ef0ed2582,Westbound,2025-11-18 13:22:26.732540,243.0,373.0,137.0,165.0
3008,8,CAM002,76,2.035010332263401,8170,True,ec790070-4835-4864-80a9-221ef0ed2582,Westbound,2025-11-18 13:22:26.731437,411.0,353.0,215.0,187.0
3007,9,CAM001,315,1.8690857225261757,8235,True,613b4d1e-c528-4ef5-91ef-1fde52080565,Eastbound,2025-11-18 13:22:22.870932,720.0,249.0,79.0,141.0
3006,2,CAM001,313,2.000639560291089,8235,True,613b4d1e-c528-4ef5-91ef-1fde52080565,Eastbound,2025-11-18 13:22:22.868931,356.0,214.0,48.0,66.0
3005,1,CAM001,305,2.0132422850970717,8235,True,613b4d1e-c528-4ef5-91ef-1fde52080565,Eastbound,2025-11-18 13:22:22.866932,604.0,245.0,76.0,123.0
3004,4,CAM001,303,2.019986813045738,8235,True,613b4d1e-c528-4ef5-91ef-1fde52080565,Eastbound,2025-11-18 13:22:22.864932,497.0,235.0,101.0,145.0
3003,6,CAM001,301,2.006393253992297,8235,True,613b4d1e-c528-4ef5-91ef-1fde52080565,Eastbound,2025-11-18 13:22:22.863932,387.0,242.0,85.0,96.0
3002,3,CAM002,292,1.701414225220116,8165,True,ec790070-4835-4864-80a9-221ef0ed2582,Westbound,2025-11-18 13:22:22.522800,557.0,361.0,105.0,140.0
3001,5,CAM002,287,2.016549349202205,8165,True,ec790070-4835-4864-80a9-221ef0ed2582,Westbound,2025-11-18 13:22:22.520844,651.0,312.0,267.0,223.0
3000,7,CAM002,216,1.9611973255593742,8165,True,ec790070-4835-4864-80a9-221ef0ed2582,Westbound,2025-11-18 13:22:22.519800,245.0,373.0,150.0,166.0
2999,8,CAM002,76,2.03665851035838,8165,True,ec790070-4835-4864-80a9-221ef0ed2582,Westbound,2025-11-18 13:22:22.514799,412.0,353.0,214.0,187.0
2998,5,CAM001,315,1.4433944058354213,8230,True,613b4d1e-c528-4ef5-91ef-1fde52080565,Eastbound,2025-11-18 13:22:18.533940,719.0,249.0,80.0,142.0
2997,2,CAM001,313,2.015167293659621,8230,True,613b4d1e-c528-4ef5-91ef-1fde52080565,Eastbound,2025-11-18 13:22:18.531939,356.0,214.0,47.0,64.0
2996,1,CAM001,305,2.022672955384267,8230,True,613b4d1e-c528-4ef5-91ef-1fde52080565,Eastbound,2025-11-18 13:22:18.529941,602.0,249.0,79.0,124.0
2995,4,CAM001,303,1.9683284972803967,8230,True,613b4d1e-c528-4ef5-91ef-1fde52080565,Eastbound,2025-11-18 13:22:18.527939,506.0,239.0,96.0,141.0
2994,6,CAM001,301,2.0210582834261697,8230,True,613b4d1e-c528-4ef5-91ef-1fde52080565,Eastbound,2025-11-18 13:22:18.522938,388.0,242.0,82.0,96.0
2993,3,CAM002,314,1.985963826905038,8160,True,ec790070-4835-4864-80a9-221ef0ed2582,Westbound,2025-11-18 13:22:18.193736,358.0,386.0,69.0,101.0
2992,9,CAM002,292,2.035479614139849,8160,True,ec790070-4835-4864-80a9-221ef0ed2582,Westbound,2025-11-18 13:22:18.191705,557.0,361.0,105.0,141.0
2991,5,CAM002,287,1.5758065125641758,8160,True,ec790070-4835-4864-80a9-221ef0ed2582,Westbound,2025-11-18 13:22:18.190706,652.0,312.0,279.0,224.0
2990,7,CAM002,216,2.023670064321924,8160,True,ec790070-4835-4864-80a9-221ef0ed2582,Westbound,2025-11-18 13:22:18.188705,257.0,373.0,152.0,167.0
2989,8,CAM002,76,2.0214550781223255,8160,True,ec790070-4835-4864-80a9-221ef0ed2582,Westbound,2025-11-18 13:22:18.185721,410.0,353.0,216.0,187.0
2988,5,CAM001,315,1.4080994596572916,8225,True,613b4d1e-c528-4ef5-91ef-1fde52080565,Eastbound,2025-11-18 13:22:13.960840,718.0,248.0,82.0,144.0
2987,3,CAM001,313,1.2464861107231089,8225,True,613b4d1e-c528-4ef5-91ef-1fde52080565,Eastbound,2025-11-18 13:22:13.958845,356.0,214.0,46.0,64.0
2986,1,CAM001,305,2.033226544862804,8225,True,613b4d1e-c528-4ef5-91ef-1fde52080565,Eastbound,2025-11-18 13:22:13.957840,602.0,251.0,78.0,121.0
2985,4,CAM001,303,1.9524730548416895,8225,True,613b4d1e-c528-4ef5-91ef-1fde52080565,Eastbound,2025-11-18 13:22:13.955841,510.0,245.0,97.0,135.0
2984,6,CAM001,301,2.0122999564679938,8225,True,613b4d1e-c528-4ef5-91ef-1fde52080565,Eastbound,2025-11-18 13:22:13.953842,389.0,241.0,76.0,98.0
2983,2,CAM001,223,2.0006945505396203,8225,True,613b4d1e-c528-4ef5-91ef-1fde52080565,Eastbound,2025-11-18 13:22:13.951833,282.0,222.0,120.0,119.0
2982,3,CAM002,314,1.8996404578127128,8155,True,ec790070-4835-4864-80a9-221ef0ed2582,Westbound,2025-11-18 13:22:13.413505,354.0,384.0,81.0,125.0
2981,9,CAM002,292,2.040014031660296,8155,True,ec790070-4835-4864-80a9-221ef0ed2582,Westbound,2025-11-18 13:22:13.410504,558.0,361.0,104.0,141.0
2980,5,CAM002,287,2.010812243849682,8155,True,ec790070-4835-4864-80a9-221ef0ed2582,Westbound,2025-11-18 13:22:13.408504,665.0,311.0,276.0,225.0
2979,7,CAM002,216,2.02714805015915,8155,True,ec790070-4835-4864-80a9-221ef0ed2582,Westbound,2025-11-18 13:22:13.406505,257.0,373.0,149.0,167.0
2978,8,CAM002,76,2.038321681462117,8155,True,ec790070-4835-4864-80a9-221ef0ed2582,Westbound,2025-11-18 13:22:13.403521,407.0,353.0,219.0,187.0
2977,1,CAM001,305,1.9525243209401457,8220,True,613b4d1e-c528-4ef5-91ef-1fde52080565,Eastbound,2025-11-18 13:22:08.670707,602.0,250.0,77.0,117.0
2976,4,CAM001,303,1.9803896170741355,8220,True,613b4d1e-c528-4ef5-91ef-1fde52080565,Eastbound,2025-11-18 13:22:08.667717,498.0,242.0,96.0,138.0
2975,6,CAM001,301,1.8852220536563582,8220,True,613b4d1e-c528-4ef5-91ef-1fde52080565,Eastbound,2025-11-18 13:22:08.664713,399.0,237.0,65.0,101.0
2974,2,CAM001,223,2.009004154189875,8220,True,613b4d1e-c528-4ef5-91ef-1fde52080565,Eastbound,2025-11-18 13:22:08.661709,282.0,222.0,121.0,121.0
2973,3,CAM002,314,2.0152983663522477,8150,True,ec790070-4835-4864-80a9-221ef0ed2582,Westbound,2025-11-18 13:22:08.186059,342.0,383.0,108.0,158.0
2972,9,CAM002,292,1.999251560656228,8150,True,ec790070-4835-4864-80a9-221ef0ed2582,Westbound,2025-11-18 13:22:08.183060,558.0,361.0,104.0,141.0
2971,5,CAM002,287,1.993498442603358,8150,True,ec790070-4835-4864-80a9-221ef0ed2582,Westbound,2025-11-18 13:22:08.176549,660.0,315.0,265.0,220.0
2970,7,CAM002,216,1.9850206478602068,8150,True,ec790070-4835-4864-80a9-221ef0ed2582,Westbound,2025-11-18 13:22:08.171549,256.0,372.0,148.0,168.0
2969,8,CAM002,76,2.011761091515619,8150,True,ec790070-4835-4864-80a9-221ef0ed2582,Westbound,2025-11-18 13:22:08.166541,405.0,353.0,221.0,187.0
2968,5,CAM001,315,1.5204936180630433,8215,True,613b4d1e-c528-4ef5-91ef-1fde52080565,Eastbound,2025-11-18 13:22:03.243667,719.0,248.0,80.0,141.0
2967,2,CAM001,313,2.012683014661547,8215,True,613b4d1e-c528-4ef5-91ef-1fde52080565,Eastbound,2025-11-18 13:22:03.242698,356.0,214.0,45.0,64.0
2966,7,CAM001,310,1.5086723814735268,8215,True,613b4d1e-c528-4ef5-91ef-1fde52080565,Eastbound,2025-11-18 13:22:03.241665,287.0,251.0,82.0,93.0
2965,1,CAM001,305,2.0252563610329988,8215,True,613b4d1e-c528-4ef5-91ef-1fde52080565,Eastbound,2025-11-18 13:22:03.239666,605.0,249.0,69.0,109.0
2964,8,CAM001,303,1.612573713540142,8215,True,613b4d1e-c528-4ef5-91ef-1fde52080565,Eastbound,2025-11-18 13:22:03.237668,511.0,244.0,86.0,136.0
2963,6,CAM001,301,1.1228338623127792,8215,True,613b4d1e-c528-4ef5-91ef-1fde52080565,Eastbound,2025-11-18 13:22:03.235674,415.0,239.0,58.0,98.0
2962,3,CAM001,223,1.434206462278163,8215,True,613b4d1e-c528-4ef5-91ef-1fde52080565,Eastbound,2025-11-18 13:22:03.232575,281.0,223.0,125.0,122.0
2961,4,CAM001,220,2.003097757558516,8215,True,613b4d1e-c528-4ef5-91ef-1fde52080565,Eastbound,2025-11-18 13:22:03.229659,375.0,239.0,98.0,100.0
2960,3,CAM002,314,1.907652455726922,8145,True,ec790070-4835-4864-80a9-221ef0ed2582,Westbound,2025-11-18 13:22:02.670099,346.0,384.0,101.0,136.0
2959,9,CAM002,292,2.0324700927845143,8145,True,ec790070-4835-4864-80a9-221ef0ed2582,Westbound,2025-11-18 13:22:02.667106,557.0,362.0,105.0,140.0
2958,5,CAM002,287,1.616533811763411,8145,True,ec790070-4835-4864-80a9-221ef0ed2582,Westbound,2025-11-18 13:22:02.665101,655.0,317.0,262.0,217.0
2957,7,CAM002,216,1.59846737140284,8145,True,ec790070-4835-4864-80a9-221ef0ed2582,Westbound,2025-11-18 13:22:02.661106,255.0,373.0,147.0,167.0
2956,8,CAM002,76,1.6603166283899504,8145,True,ec790070-4835-4864-80a9-221ef0ed2582,Westbound,2025-11-18 13:22:02.658177,404.0,353.0,221.0,187.0
2955,2,CAM001,313,2.0314396674471125,8210,True,613b4d1e-c528-4ef5-91ef-1fde52080565,Eastbound,2025-11-18 13:21:58.230549,356.0,214.0,45.0,65.0
2954,7,CAM001,310,1.392994739325559,8210,True,613b4d1e-c528-4ef5-91ef-1fde52080565,Eastbound,2025-11-18 13:21:58.228550,288.0,246.0,85.0,97.0
2953,1,CAM001,305,1.9514904297461182,8210,True,613b4d1e-c528-4ef5-91ef-1fde52080565,Eastbound,2025-11-18 13:21:58.227551,604.0,249.0,69.0,116.0
2952,8,CAM001,303,1.4152789390294715,8210,True,613b4d1e-c528-4ef5-91ef-1fde52080565,Eastbound,2025-11-18 13:21:58.225550,528.0,246.0,78.0,134.0
2951,4,CAM001,220,2.0127847275694664,8210,True,613b4d1e-c528-4ef5-91ef-1fde52080565,Eastbound,2025-11-18 13:21:58.222527,377.0,240.0,96.0,98.0
2950,3,CAM002,314,2.0235960216991167,8140,True,ec790070-4835-4864-80a9-221ef0ed2582,Westbound,2025-11-18 13:21:57.849279,362.0,386.0,72.0,97.0
2949,9,CAM002,292,2.033166862184724,8140,True,ec790070-4835-4864-80a9-221ef0ed2582,Westbound,2025-11-18 13:21:57.845278,558.0,362.0,104.0,140.0
2948,5,CAM002,287,2.0026151177815956,8140,True,ec790070-4835-4864-80a9-221ef0ed2582,Westbound,2025-11-18 13:21:57.842279,656.0,315.0,265.0,219.0
2947,7,CAM002,216,1.9952644433235895,8140,True,ec790070-4835-4864-80a9-221ef0ed2582,Westbound,2025-11-18 13:21:57.837278,259.0,371.0,146.0,169.0
2946,8,CAM002,76,2.0134810869693793,8140,True,ec790070-4835-4864-80a9-221ef0ed2582,Westbound,2025-11-18 13:21:57.834295,405.0,352.0,221.0,188.0
2945,2,CAM001,313,1.8239187791384408,8205,True,613b4d1e-c528-4ef5-91ef-1fde52080565,Eastbound,2025-11-18 13:21:53.711735,355.0,215.0,46.0,65.0
2944,3,CAM001,310,1.4558304648808844,8205,True,613b4d1e-c528-4ef5-91ef-1fde52080565,Eastbound,2025-11-18 13:21:53.709736,289.0,214.0,112.0,128.0
2943,1,CAM001,305,1.9746281817582478,8205,True,613b4d1e-c528-4ef5-91ef-1fde52080565,Eastbound,2025-11-18 13:21:53.708735,602.0,250.0,74.0,125.0
2942,8,CAM001,303,1.62668672279741,8205,True,613b4d1e-c528-4ef5-91ef-1fde52080565,Eastbound,2025-11-18 13:21:53.707737,520.0,228.0,87.0,152.0
2941,4,CAM001,220,2.0180766469427724,8205,True,613b4d1e-c528-4ef5-91ef-1fde52080565,Eastbound,2025-11-18 13:21:53.704753,380.0,240.0,94.0,98.0
2940,3,CAM002,314,1.9334946090964473,8135,True,ec790070-4835-4864-80a9-221ef0ed2582,Westbound,2025-11-18 13:21:53.330407,357.0,385.0,81.0,119.0
2939,9,CAM002,292,2.0323181283540412,8135,True,ec790070-4835-4864-80a9-221ef0ed2582,Westbound,2025-11-18 13:21:53.328407,557.0,362.0,105.0,140.0
2938,5,CAM002,287,2.034408214616954,8135,True,ec790070-4835-4864-80a9-221ef0ed2582,Westbound,2025-11-18 13:21:53.325408,654.0,316.0,268.0,220.0
2937,7,CAM002,216,2.015823094645991,8135,True,ec790070-4835-4864-80a9-221ef0ed2582,Westbound,2025-11-18 13:21:53.322408,264.0,367.0,141.0,172.0
2936,8,CAM002,76,1.6803788195694473,8135,True,ec790070-4835-4864-80a9-221ef0ed2582,Westbound,2025-11-18 13:21:53.317407,402.0,351.0,223.0,189.0
2935,2,CAM001,310,2.025941143465324,8200,True,613b4d1e-c528-4ef5-91ef-1fde52080565,Eastbound,2025-11-18 13:21:48.903845,289.0,214.0,112.0,129.0
2934,1,CAM001,305,1.9943584201912132,8200,True,613b4d1e-c528-4ef5-91ef-1fde52080565,Eastbound,2025-11-18 13:21:48.900845,603.0,246.0,73.0,124.0
2933,8,CAM001,303,1.6215786701816461,8200,True,613b4d1e-c528-4ef5-91ef-1fde52080565,Eastbound,2025-11-18 13:21:48.898845,517.0,232.0,88.0,148.0
2932,4,CAM001,220,2.0368906246798337,8200,True,613b4d1e-c528-4ef5-91ef-1fde52080565,Eastbound,2025-11-18 13:21:48.896846,380.0,238.0,96.0,100.0
2931,3,CAM002,314,2.012050159421273,8130,True,ec790070-4835-4864-80a9-221ef0ed2582,Westbound,2025-11-18 13:21:48.487610,342.0,383.0,111.0,157.0
2930,9,CAM002,292,1.9978485040853484,8130,True,ec790070-4835-4864-80a9-221ef0ed2582,Westbound,2025-11-18 13:21:48.484610,558.0,363.0,103.0,139.0
2929,5,CAM002,287,2.0289870304137243,8130,True,ec790070-4835-4864-80a9-221ef0ed2582,Westbound,2025-11-18 13:21:48.481612,653.0,316.0,272.0,220.0
2928,7,CAM002,216,1.9611329865739024,8130,True,ec790070-4835-4864-80a9-221ef0ed2582,Westbound,2025-11-18 13:21:48.477610,262.0,369.0,128.0,166.0
2927,8,CAM002,76,1.7342151332577322,8130,True,ec790070-4835-4864-80a9-221ef0ed2582,Westbound,2025-11-18 13:21:48.474612,403.0,352.0,221.0,188.0
2926,2,CAM001,313,2.031324216773703,8195,True,613b4d1e-c528-4ef5-91ef-1fde52080565,Eastbound,2025-11-18 13:21:42.625897,355.0,216.0,45.0,66.0
2925,3,CAM001,310,1.4978843206585897,8195,True,613b4d1e-c528-4ef5-91ef-1fde52080565,Eastbound,2025-11-18 13:21:42.622896,289.0,214.0,112.0,130.0
2924,1,CAM001,305,1.9766078329270773,8195,True,613b4d1e-c528-4ef5-91ef-1fde52080565,Eastbound,2025-11-18 13:21:42.618896,603.0,244.0,75.0,128.0
2923,8,CAM001,303,1.6484330747381368,8195,True,613b4d1e-c528-4ef5-91ef-1fde52080565,Eastbound,2025-11-18 13:21:42.616898,514.0,237.0,84.0,143.0
2922,9,CAM001,301,1.4573890368912874,8195,True,613b4d1e-c528-4ef5-91ef-1fde52080565,Eastbound,2025-11-18 13:21:42.614896,550.0,257.0,49.0,86.0
2921,7,CAM001,223,1.6255681096436259,8195,True,613b4d1e-c528-4ef5-91ef-1fde52080565,Eastbound,2025-11-18 13:21:42.611896,277.0,250.0,97.0,93.0
2920,4,CAM001,220,2.0234823366233257,8195,True,613b4d1e-c528-4ef5-91ef-1fde52080565,Eastbound,2025-11-18 13:21:42.607896,378.0,239.0,97.0,100.0
2919,3,CAM002,314,1.8950326751100695,8125,True,ec790070-4835-4864-80a9-221ef0ed2582,Westbound,2025-11-18 13:21:42.028253,344.0,384.0,109.0,136.0
2918,9,CAM002,292,1.982151731067955,8125,True,ec790070-4835-4864-80a9-221ef0ed2582,Westbound,2025-11-18 13:21:42.025253,558.0,362.0,103.0,139.0
2917,5,CAM002,287,2.030988123141525,8125,True,ec790070-4835-4864-80a9-221ef0ed2582,Westbound,2025-11-18 13:21:42.023253,653.0,316.0,275.0,219.0
2916,7,CAM002,216,1.6696447917119146,8125,True,ec790070-4835-4864-80a9-221ef0ed2582,Westbound,2025-11-18 13:21:42.019252,256.0,370.0,121.0,163.0
2915,8,CAM002,76,1.6297565902453799,8125,True,ec790070-4835-4864-80a9-221ef0ed2582,Westbound,2025-11-18 13:21:42.016252,405.0,352.0,221.0,188.0
2914,2,CAM001,310,1.9912883057467992,8190,True,613b4d1e-c528-4ef5-91ef-1fde52080565,Eastbound,2025-11-18 13:21:36.922546,289.0,213.0,113.0,131.0
2913,1,CAM001,305,1.9617165923499327,8190,True,613b4d1e-c528-4ef5-91ef-1fde52080565,Eastbound,2025-11-18 13:21:36.921546,603.0,250.0,77.0,127.0
2912,8,CAM001,303,1.5589925146067471,8190,True,613b4d1e-c528-4ef5-91ef-1fde52080565,Eastbound,2025-11-18 13:21:36.919546,515.0,238.0,84.0,144.0
2911,3,CAM001,301,1.255554945975388,8190,True,613b4d1e-c528-4ef5-91ef-1fde52080565,Eastbound,2025-11-18 13:21:36.917547,552.0,256.0,54.0,88.0
2910,7,CAM001,223,1.4332570281846946,8190,True,613b4d1e-c528-4ef5-91ef-1fde52080565,Eastbound,2025-11-18 13:21:36.914546,277.0,250.0,97.0,92.0
2909,4,CAM001,220,2.0070944719492827,8190,True,613b4d1e-c528-4ef5-91ef-1fde52080565,Eastbound,2025-11-18 13:21:36.912562,378.0,239.0,96.0,100.0
2908,3,CAM002,314,2.038968355717678,8120,True,ec790070-4835-4864-80a9-221ef0ed2582,Westbound,2025-11-18 13:21:36.491870,358.0,385.0,82.0,98.0
2907,9,CAM002,292,2.032188923397055,8120,True,ec790070-4835-4864-80a9-221ef0ed2582,Westbound,2025-11-18 13:21:36.489870,557.0,361.0,105.0,140.0
2906,5,CAM002,287,2.024621433771105,8120,True,ec790070-4835-4864-80a9-221ef0ed2582,Westbound,2025-11-18 13:21:36.487871,649.0,314.0,280.0,220.0
2905,7,CAM002,216,2.033988347278064,8120,True,ec790070-4835-4864-80a9-221ef0ed2582,Westbound,2025-11-18 13:21:36.484870,254.0,367.0,125.0,168.0
2904,8,CAM002,76,1.730942999378768,8120,True,ec790070-4835-4864-80a9-221ef0ed2582,Westbound,2025-11-18 13:21:36.481885,405.0,351.0,221.0,189.0
2903,2,CAM001,310,1.9795898853361316,8185,True,613b4d1e-c528-4ef5-91ef-1fde52080565,Eastbound,2025-11-18 13:21:32.027696,288.0,214.0,111.0,131.0
2902,1,CAM001,305,1.9768799065890454,8185,True,613b4d1e-c528-4ef5-91ef-1fde52080565,Eastbound,2025-11-18 13:21:32.025696,605.0,249.0,72.0,120.0
2901,8,CAM001,303,1.610986363902235,8185,True,613b4d1e-c528-4ef5-91ef-1fde52080565,Eastbound,2025-11-18 13:21:32.023696,515.0,238.0,83.0,143.0
2900,4,CAM001,220,2.0115513254703266,8185,True,613b4d1e-c528-4ef5-91ef-1fde52080565,Eastbound,2025-11-18 13:21:32.020726,378.0,238.0,98.0,100.0
2899,3,CAM002,314,1.9915603778336939,8115,True,ec790070-4835-4864-80a9-221ef0ed2582,Westbound,2025-11-18 13:21:31.704768,359.0,385.0,80.0,97.0
2898,9,CAM002,292,2.0344449955275876,8115,True,ec790070-4835-4864-80a9-221ef0ed2582,Westbound,2025-11-18 13:21:31.702769,558.0,362.0,103.0,140.0
2897,5,CAM002,287,1.9956468622369221,8115,True,ec790070-4835-4864-80a9-221ef0ed2582,Westbound,2025-11-18 13:21:31.700768,651.0,314.0,289.0,220.0
2896,7,CAM002,216,2.008330711942006,8115,True,ec790070-4835-4864-80a9-221ef0ed2582,Westbound,2025-11-18 13:21:31.698768,255.0,369.0,124.0,166.0
2895,8,CAM002,76,1.724798966144548,8115,True,ec790070-4835-4864-80a9-221ef0ed2582,Westbound,2025-11-18 13:21:31.693785,404.0,351.0,222.0,189.0
2894,3,CAM001,310,1.437332880046755,8180,True,613b4d1e-c528-4ef5-91ef-1fde52080565,Eastbound,2025-11-18 13:21:27.228973,290.0,217.0,102.0,129.0
2893,1,CAM001,305,1.9972848868875355,8180,True,613b4d1e-c528-4ef5-91ef-1fde52080565,Eastbound,2025-11-18 13:21:27.227973,605.0,247.0,70.0,123.0
2892,8,CAM001,303,1.46650810120579,8180,True,613b4d1e-c528-4ef5-91ef-1fde52080565,Eastbound,2025-11-18 13:21:27.225974,528.0,245.0,69.0,123.0
2891,2,CAM001,223,2.0066790285855767,8180,True,613b4d1e-c528-4ef5-91ef-1fde52080565,Eastbound,2025-11-18 13:21:27.221967,282.0,252.0,88.0,85.0
2890,4,CAM001,220,2.0202000497329964,8180,True,613b4d1e-c528-4ef5-91ef-1fde52080565,Eastbound,2025-11-18 13:21:27.217995,376.0,242.0,98.0,98.0
2889,3,CAM002,314,1.5281265124727375,8110,True,ec790070-4835-4864-80a9-221ef0ed2582,Westbound,2025-11-18 13:21:26.829592,359.0,385.0,79.0,95.0
2888,9,CAM002,292,2.0343984357558194,8110,True,ec790070-4835-4864-80a9-221ef0ed2582,Westbound,2025-11-18 13:21:26.826589,557.0,362.0,105.0,140.0
2887,5,CAM002,287,2.0287035246604566,8110,True,ec790070-4835-4864-80a9-221ef0ed2582,Westbound,2025-11-18 13:21:26.824587,664.0,316.0,284.0,219.0
2886,7,CAM002,216,2.031453737206467,8110,True,ec790070-4835-4864-80a9-221ef0ed2582,Westbound,2025-11-18 13:21:26.822582,257.0,370.0,121.0,166.0
2885,8,CAM002,76,1.9907502237494226,8110,True,ec790070-4835-4864-80a9-221ef0ed2582,Westbound,2025-11-18 13:21:26.817598,402.0,351.0,224.0,189.0
2884,8,CAM001,303,1.4397208086449447,8175,True,613b4d1e-c528-4ef5-91ef-1fde52080565,Eastbound,2025-11-18 13:21:22.506995,540.0,251.0,61.0,106.0
2883,1,CAM001,301,2.0373122232668286,8175,True,613b4d1e-c528-4ef5-91ef-1fde52080565,Eastbound,2025-11-18 13:21:22.504996,606.0,251.0,69.0,107.0
2882,2,CAM001,223,1.8915849548621246,8175,True,613b4d1e-c528-4ef5-91ef-1fde52080565,Eastbound,2025-11-18 13:21:22.502996,284.0,236.0,102.0,103.0
2881,4,CAM001,220,1.992682273508901,8175,True,613b4d1e-c528-4ef5-91ef-1fde52080565,Eastbound,2025-11-18 13:21:22.499995,375.0,242.0,99.0,99.0
2880,3,CAM002,314,2.039868247431505,8105,True,ec790070-4835-4864-80a9-221ef0ed2582,Westbound,2025-11-18 13:21:22.193230,360.0,385.0,79.0,95.0
2879,9,CAM002,292,1.9990759252033823,8105,True,ec790070-4835-4864-80a9-221ef0ed2582,Westbound,2025-11-18 13:21:22.191234,558.0,362.0,103.0,140.0
2878,5,CAM002,287,2.021140843344112,8105,True,ec790070-4835-4864-80a9-221ef0ed2582,Westbound,2025-11-18 13:21:22.189229,667.0,315.0,276.0,219.0
2877,7,CAM002,216,2.0029705835910447,8105,True,ec790070-4835-4864-80a9-221ef0ed2582,Westbound,2025-11-18 13:21:22.186228,256.0,371.0,118.0,165.0
2876,8,CAM002,76,1.701025162627794,8105,True,ec790070-4835-4864-80a9-221ef0ed2582,Westbound,2025-11-18 13:21:22.183230,400.0,351.0,227.0,189.0
2875,8,CAM001,303,1.667569026381988,8170,True,613b4d1e-c528-4ef5-91ef-1fde52080565,Eastbound,2025-11-18 13:21:17.615094,518.0,237.0,82.0,142.0
2874,1,CAM001,301,2.02588136121745,8170,True,613b4d1e-c528-4ef5-91ef-1fde52080565,Eastbound,2025-11-18 13:21:17.612093,606.0,251.0,69.0,107.0
2873,2,CAM001,223,1.9923275400291742,8170,True,613b4d1e-c528-4ef5-91ef-1fde52080565,Eastbound,2025-11-18 13:21:17.610092,281.0,212.0,133.0,130.0
2872,4,CAM001,220,2.030672738073929,8170,True,613b4d1e-c528-4ef5-91ef-1fde52080565,Eastbound,2025-11-18 13:21:17.608092,376.0,241.0,98.0,98.0
2871,3,CAM002,314,1.9982966741039048,8100,True,ec790070-4835-4864-80a9-221ef0ed2582,Westbound,2025-11-18 13:21:17.072991,360.0,386.0,79.0,94.0
2870,9,CAM002,292,2.006169408538437,8100,True,ec790070-4835-4864-80a9-221ef0ed2582,Westbound,2025-11-18 13:21:17.070995,557.0,362.0,105.0,139.0
2869,5,CAM002,287,1.9898719537069651,8100,True,ec790070-4835-4864-80a9-221ef0ed2582,Westbound,2025-11-18 13:21:17.068991,668.0,314.0,261.0,221.0
2868,7,CAM002,216,2.0244927686990124,8100,True,ec790070-4835-4864-80a9-221ef0ed2582,Westbound,2025-11-18 13:21:17.066966,252.0,371.0,119.0,162.0
2867,8,CAM002,76,1.6984669031777273,8100,True,ec790070-4835-4864-80a9-221ef0ed2582,Westbound,2025-11-18 13:21:17.063980,398.0,351.0,229.0,189.0
2866,8,CAM001,303,1.4289828430316824,8165,True,613b4d1e-c528-4ef5-91ef-1fde52080565,Eastbound,2025-11-18 13:21:12.616721,517.0,238.0,85.0,141.0
2865,1,CAM001,301,1.976936473006426,8165,True,613b4d1e-c528-4ef5-91ef-1fde52080565,Eastbound,2025-11-18 13:21:12.614722,603.0,248.0,73.0,116.0
2864,2,CAM001,223,1.8595184666084952,8165,True,613b4d1e-c528-4ef5-91ef-1fde52080565,Eastbound,2025-11-18 13:21:12.611722,276.0,226.0,128.0,115.0
2863,4,CAM001,220,2.0166756546704665,8165,True,613b4d1e-c528-4ef5-91ef-1fde52080565,Eastbound,2025-11-18 13:21:12.608714,374.0,240.0,100.0,99.0
2862,3,CAM002,314,2.015673528154067,8095,True,ec790070-4835-4864-80a9-221ef0ed2582,Westbound,2025-11-18 13:21:12.282817,362.0,387.0,75.0,92.0
2861,9,CAM002,292,2.0360567105579968,8095,True,ec790070-4835-4864-80a9-221ef0ed2582,Westbound,2025-11-18 13:21:12.279815,558.0,362.0,103.0,139.0
2860,5,CAM002,287,2.032545847542069,8095,True,ec790070-4835-4864-80a9-221ef0ed2582,Westbound,2025-11-18 13:21:12.278813,654.0,312.0,263.0,224.0
2859,7,CAM002,216,2.0324746482026526,8095,True,ec790070-4835-4864-80a9-221ef0ed2582,Westbound,2025-11-18 13:21:12.276813,254.0,371.0,118.0,161.0
2858,8,CAM002,76,1.9800321957893752,8095,True,ec790070-4835-4864-80a9-221ef0ed2582,Westbound,2025-11-18 13:21:12.273829,397.0,351.0,231.0,189.0
2857,1,CAM001,301,1.9665049809320183,8160,True,613b4d1e-c528-4ef5-91ef-1fde52080565,Eastbound,2025-11-18 13:21:08.471254,599.0,245.0,79.0,123.0
2856,2,CAM001,223,2.0391178538910077,8160,True,613b4d1e-c528-4ef5-91ef-1fde52080565,Eastbound,2025-11-18 13:21:08.469254,278.0,250.0,102.0,89.0
2855,4,CAM001,220,1.9829656727275315,8160,True,613b4d1e-c528-4ef5-91ef-1fde52080565,Eastbound,2025-11-18 13:21:08.467269,372.0,239.0,101.0,102.0
2854,3,CAM002,314,1.9590696484723678,8090,True,ec790070-4835-4864-80a9-221ef0ed2582,Westbound,2025-11-18 13:21:08.097074,362.0,387.0,76.0,95.0
2853,9,CAM002,292,2.0321321499899434,8090,True,ec790070-4835-4864-80a9-221ef0ed2582,Westbound,2025-11-18 13:21:08.093070,557.0,362.0,105.0,139.0
2852,5,CAM002,287,2.0167224214544337,8090,True,ec790070-4835-4864-80a9-221ef0ed2582,Westbound,2025-11-18 13:21:08.089074,654.0,312.0,265.0,224.0
2851,7,CAM002,216,2.0060872114233246,8090,True,ec790070-4835-4864-80a9-221ef0ed2582,Westbound,2025-11-18 13:21:08.086069,253.0,371.0,120.0,161.0
2850,8,CAM002,76,2.0174843747639777,8090,True,ec790070-4835-4864-80a9-221ef0ed2582,Westbound,2025-11-18 13:21:08.082068,395.0,351.0,235.0,189.0
2849,5,CAM001,305,1.4761877914051587,8155,True,613b4d1e-c528-4ef5-91ef-1fde52080565,Eastbound,2025-11-18 13:21:03.815153,720.0,248.0,79.0,144.0
2848,3,CAM001,303,1.9635118095233322,8155,True,613b4d1e-c528-4ef5-91ef-1fde52080565,Eastbound,2025-11-18 13:21:03.812152,522.0,247.0,82.0,133.0
2847,1,CAM001,301,1.9644491513822608,8155,True,613b4d1e-c528-4ef5-91ef-1fde52080565,Eastbound,2025-11-18 13:21:03.811154,604.0,248.0,71.0,111.0
2846,2,CAM001,223,2.0289769267698214,8155,True,613b4d1e-c528-4ef5-91ef-1fde52080565,Eastbound,2025-11-18 13:21:03.809152,280.0,250.0,100.0,89.0
2845,4,CAM001,220,1.976841150894636,8155,True,613b4d1e-c528-4ef5-91ef-1fde52080565,Eastbound,2025-11-18 13:21:03.807149,372.0,240.0,103.0,102.0
2844,9,CAM002,292,2.0289418215798567,8085,True,ec790070-4835-4864-80a9-221ef0ed2582,Westbound,2025-11-18 13:21:03.384417,558.0,362.0,103.0,139.0
2843,5,CAM002,287,1.6134773282158774,8085,True,ec790070-4835-4864-80a9-221ef0ed2582,Westbound,2025-11-18 13:21:03.382417,652.0,313.0,269.0,222.0
2842,7,CAM002,216,2.0047549915351928,8085,True,ec790070-4835-4864-80a9-221ef0ed2582,Westbound,2025-11-18 13:21:03.381416,253.0,371.0,122.0,161.0
2841,8,CAM002,76,2.035054575252475,8085,True,ec790070-4835-4864-80a9-221ef0ed2582,Westbound,2025-11-18 13:21:03.379416,391.0,351.0,239.0,189.0
2840,5,CAM001,305,1.3677300600591535,8150,True,613b4d1e-c528-4ef5-91ef-1fde52080565,Eastbound,2025-11-18 13:20:59.275945,720.0,248.0,79.0,144.0
2839,3,CAM001,303,2.024738338684398,8150,True,613b4d1e-c528-4ef5-91ef-1fde52080565,Eastbound,2025-11-18 13:20:59.273939,521.0,247.0,84.0,133.0
2838,1,CAM001,301,2.0148753509741937,8150,True,613b4d1e-c528-4ef5-91ef-1fde52080565,Eastbound,2025-11-18 13:20:59.270946,604.0,245.0,74.0,116.0
2837,2,CAM001,223,2.038131273720322,8150,True,613b4d1e-c528-4ef5-91ef-1fde52080565,Eastbound,2025-11-18 13:20:59.267941,282.0,250.0,99.0,90.0
2836,4,CAM001,220,2.030306627130133,8150,True,613b4d1e-c528-4ef5-91ef-1fde52080565,Eastbound,2025-11-18 13:20:59.264947,374.0,243.0,100.0,99.0
2835,9,CAM002,292,2.040717560995789,8080,True,ec790070-4835-4864-80a9-221ef0ed2582,Westbound,2025-11-18 13:20:58.784931,557.0,362.0,105.0,140.0
2834,5,CAM002,287,2.0005356557693568,8080,True,ec790070-4835-4864-80a9-221ef0ed2582,Westbound,2025-11-18 13:20:58.782932,653.0,313.0,272.0,222.0
2833,7,CAM002,216,2.015289926201453,8080,True,ec790070-4835-4864-80a9-221ef0ed2582,Westbound,2025-11-18 13:20:58.780931,255.0,371.0,122.0,161.0
2832,8,CAM002,76,2.0283281265826054,8080,True,ec790070-4835-4864-80a9-221ef0ed2582,Westbound,2025-11-18 13:20:58.777924,387.0,351.0,243.0,189.0
2831,3,CAM001,303,1.98395951325335,8145,True,613b4d1e-c528-4ef5-91ef-1fde52080565,Eastbound,2025-11-18 13:20:55.118915,520.0,247.0,86.0,133.0
2830,1,CAM001,301,1.9727588680426338,8145,True,613b4d1e-c528-4ef5-91ef-1fde52080565,Eastbound,2025-11-18 13:20:55.115914,604.0,245.0,75.0,116.0
2829,2,CAM001,223,1.9999328745920764,8145,True,613b4d1e-c528-4ef5-91ef-1fde52080565,Eastbound,2025-11-18 13:20:55.113923,283.0,250.0,96.0,91.0
2828,4,CAM001,220,1.968344767809876,8145,True,613b4d1e-c528-4ef5-91ef-1fde52080565,Eastbound,2025-11-18 13:20:55.110390,374.0,242.0,99.0,99.0
2827,9,CAM002,292,1.9516051453769228,8075,True,ec790070-4835-4864-80a9-221ef0ed2582,Westbound,2025-11-18 13:20:54.770198,557.0,361.0,105.0,141.0
2826,5,CAM002,287,1.973328196060277,8075,True,ec790070-4835-4864-80a9-221ef0ed2582,Westbound,2025-11-18 13:20:54.768200,655.0,313.0,279.0,223.0
2825,7,CAM002,216,2.020227326151563,8075,True,ec790070-4835-4864-80a9-221ef0ed2582,Westbound,2025-11-18 13:20:54.766197,255.0,371.0,123.0,163.0
2824,8,CAM002,76,2.024307409349794,8075,True,ec790070-4835-4864-80a9-221ef0ed2582,Westbound,2025-11-18 13:20:54.761197,381.0,351.0,248.0,189.0
2823,9,CAM001,305,2.0381836662393185,8140,True,613b4d1e-c528-4ef5-91ef-1fde52080565,Eastbound,2025-11-18 13:20:50.631606,721.0,249.0,79.0,143.0
2822,3,CAM001,303,1.6073207063420392,8140,True,613b4d1e-c528-4ef5-91ef-1fde52080565,Eastbound,2025-11-18 13:20:50.629604,513.0,246.0,93.0,134.0
2821,1,CAM001,301,2.0121620505581266,8140,True,613b4d1e-c528-4ef5-91ef-1fde52080565,Eastbound,2025-11-18 13:20:50.628603,606.0,247.0,73.0,111.0
2820,2,CAM001,223,1.748701216620494,8140,True,613b4d1e-c528-4ef5-91ef-1fde52080565,Eastbound,2025-11-18 13:20:50.626603,278.0,234.0,111.0,108.0
2819,4,CAM001,220,2.0184759372182697,8140,True,613b4d1e-c528-4ef5-91ef-1fde52080565,Eastbound,2025-11-18 13:20:50.622616,375.0,241.0,98.0,99.0
2818,3,CAM002,292,1.7098828056930522,8070,True,ec790070-4835-4864-80a9-221ef0ed2582,Westbound,2025-11-18 13:20:50.221919,557.0,360.0,106.0,142.0
2817,5,CAM002,287,2.0002871271318283,8070,True,ec790070-4835-4864-80a9-221ef0ed2582,Westbound,2025-11-18 13:20:50.219918,666.0,313.0,275.0,223.0
2816,7,CAM002,216,2.0348647663341817,8070,True,ec790070-4835-4864-80a9-221ef0ed2582,Westbound,2025-11-18 13:20:50.217919,254.0,370.0,125.0,166.0
2815,8,CAM002,76,2.019891745271348,8070,True,ec790070-4835-4864-80a9-221ef0ed2582,Westbound,2025-11-18 13:20:50.212914,374.0,351.0,252.0,189.0
2814,9,CAM001,305,2.0288952915804153,8135,True,613b4d1e-c528-4ef5-91ef-1fde52080565,Eastbound,2025-11-18 13:20:46.161578,721.0,250.0,79.0,143.0
2813,3,CAM001,303,1.6077202522532055,8135,True,613b4d1e-c528-4ef5-91ef-1fde52080565,Eastbound,2025-11-18 13:20:46.160578,503.0,242.0,100.0,138.0
2812,1,CAM001,301,2.0002555276324063,8135,True,613b4d1e-c528-4ef5-91ef-1fde52080565,Eastbound,2025-11-18 13:20:46.158578,607.0,247.0,71.0,110.0
2811,2,CAM001,223,1.998656373974449,8135,True,613b4d1e-c528-4ef5-91ef-1fde52080565,Eastbound,2025-11-18 13:20:46.157578,267.0,208.0,143.0,135.0
2810,4,CAM001,220,2.020454348346666,8135,True,613b4d1e-c528-4ef5-91ef-1fde52080565,Eastbound,2025-11-18 13:20:46.154594,375.0,239.0,100.0,101.0
2809,3,CAM002,292,1.7402085327709291,8065,True,ec790070-4835-4864-80a9-221ef0ed2582,Westbound,2025-11-18 13:20:45.804265,557.0,360.0,106.0,142.0
2808,5,CAM002,287,1.959520668983593,8065,True,ec790070-4835-4864-80a9-221ef0ed2582,Westbound,2025-11-18 13:20:45.802267,663.0,315.0,262.0,221.0
2807,7,CAM002,216,2.006514811921042,8065,True,ec790070-4835-4864-80a9-221ef0ed2582,Westbound,2025-11-18 13:20:45.798268,254.0,370.0,125.0,165.0
2806,8,CAM002,76,2.035170732607851,8065,True,ec790070-4835-4864-80a9-221ef0ed2582,Westbound,2025-11-18 13:20:45.794281,370.0,351.0,252.0,189.0
2805,2,CAM001,311,2.016595234689721,8130,True,613b4d1e-c528-4ef5-91ef-1fde52080565,Eastbound,2025-11-18 13:20:41.547741,362.0,215.0,42.0,69.0
2804,9,CAM001,305,2.008608967523563,8130,True,613b4d1e-c528-4ef5-91ef-1fde52080565,Eastbound,2025-11-18 13:20:41.546742,722.0,252.0,78.0,142.0
2803,3,CAM001,303,1.610854363366897,8130,True,613b4d1e-c528-4ef5-91ef-1fde52080565,Eastbound,2025-11-18 13:20:41.545742,507.0,244.0,101.0,136.0
2802,1,CAM001,301,2.017728740991619,8130,True,613b4d1e-c528-4ef5-91ef-1fde52080565,Eastbound,2025-11-18 13:20:41.543774,605.0,240.0,74.0,117.0
2801,7,CAM001,223,1.487887014477803,8130,True,613b4d1e-c528-4ef5-91ef-1fde52080565,Eastbound,2025-11-18 13:20:41.541742,269.0,224.0,133.0,120.0
2800,4,CAM001,220,2.0237518204263005,8130,True,613b4d1e-c528-4ef5-91ef-1fde52080565,Eastbound,2025-11-18 13:20:41.538758,374.0,238.0,102.0,102.0
2799,3,CAM002,292,1.6772005679349122,8060,True,ec790070-4835-4864-80a9-221ef0ed2582,Westbound,2025-11-18 13:20:41.127760,557.0,361.0,106.0,141.0
2798,5,CAM002,287,1.9840447637919294,8060,True,ec790070-4835-4864-80a9-221ef0ed2582,Westbound,2025-11-18 13:20:41.126760,653.0,317.0,265.0,219.0
2797,7,CAM002,216,1.6147959653439092,8060,True,ec790070-4835-4864-80a9-221ef0ed2582,Westbound,2025-11-18 13:20:41.124761,255.0,371.0,124.0,164.0
2796,8,CAM002,76,2.035182226204843,8060,True,ec790070-4835-4864-80a9-221ef0ed2582,Westbound,2025-11-18 13:20:41.121754,371.0,351.0,251.0,189.0
2795,2,CAM001,311,1.9704572761398347,8125,True,613b4d1e-c528-4ef5-91ef-1fde52080565,Eastbound,2025-11-18 13:20:36.921282,367.0,215.0,39.0,71.0
2794,9,CAM001,305,2.0363793499998284,8125,True,613b4d1e-c528-4ef5-91ef-1fde52080565,Eastbound,2025-11-18 13:20:36.917278,722.0,251.0,78.0,142.0
2793,3,CAM001,303,1.7516507094773779,8125,True,613b4d1e-c528-4ef5-91ef-1fde52080565,Eastbound,2025-11-18 13:20:36.915280,523.0,248.0,101.0,132.0
2792,1,CAM001,301,1.646706811375133,8125,True,613b4d1e-c528-4ef5-91ef-1fde52080565,Eastbound,2025-11-18 13:20:36.911280,605.0,240.0,73.0,117.0
2791,7,CAM001,223,1.5811557097013107,8125,True,613b4d1e-c528-4ef5-91ef-1fde52080565,Eastbound,2025-11-18 13:20:36.907326,274.0,248.0,112.0,97.0
2790,4,CAM001,220,2.01677456055026,8125,True,613b4d1e-c528-4ef5-91ef-1fde52080565,Eastbound,2025-11-18 13:20:36.904310,374.0,241.0,101.0,99.0
2789,3,CAM002,310,1.7603029549214027,8055,True,ec790070-4835-4864-80a9-221ef0ed2582,Westbound,2025-11-18 13:20:36.537360,512.0,384.0,56.0,77.0
2788,1,CAM002,292,1.6712361764015424,8055,True,ec790070-4835-4864-80a9-221ef0ed2582,Westbound,2025-11-18 13:20:36.534398,557.0,361.0,106.0,140.0
2787,5,CAM002,287,2.0211973333740034,8055,True,ec790070-4835-4864-80a9-221ef0ed2582,Westbound,2025-11-18 13:20:36.531411,669.0,315.0,264.0,221.0
2786,7,CAM002,216,1.6358613951553607,8055,True,ec790070-4835-4864-80a9-221ef0ed2582,Westbound,2025-11-18 13:20:36.529465,255.0,371.0,124.0,164.0
2785,8,CAM002,76,2.026794111126023,8055,True,ec790070-4835-4864-80a9-221ef0ed2582,Westbound,2025-11-18 13:20:36.526452,372.0,352.0,249.0,188.0
2784,2,CAM001,311,2.003475220478179,8120,True,613b4d1e-c528-4ef5-91ef-1fde52080565,Eastbound,2025-11-18 13:20:31.922193,372.0,215.0,41.0,76.0
2783,9,CAM001,305,1.9657322811301428,8120,True,613b4d1e-c528-4ef5-91ef-1fde52080565,Eastbound,2025-11-18 13:20:31.919191,722.0,250.0,78.0,143.0
2782,3,CAM001,303,1.6689141601150388,8120,True,613b4d1e-c528-4ef5-91ef-1fde52080565,Eastbound,2025-11-18 13:20:31.915191,515.0,245.0,104.0,134.0
2781,1,CAM001,301,1.6120296396424785,8120,True,613b4d1e-c528-4ef5-91ef-1fde52080565,Eastbound,2025-11-18 13:20:31.912191,607.0,242.0,70.0,116.0
2780,7,CAM001,223,1.4790574010961173,8120,True,613b4d1e-c528-4ef5-91ef-1fde52080565,Eastbound,2025-11-18 13:20:31.908194,279.0,248.0,113.0,98.0
2779,4,CAM001,220,1.9739851299061144,8120,True,613b4d1e-c528-4ef5-91ef-1fde52080565,Eastbound,2025-11-18 13:20:31.903192,375.0,242.0,99.0,98.0
2778,3,CAM002,310,1.8052402961436087,8050,True,ec790070-4835-4864-80a9-221ef0ed2582,Westbound,2025-11-18 13:20:31.207908,512.0,384.0,56.0,77.0
2777,1,CAM002,292,1.7306065841278122,8050,True,ec790070-4835-4864-80a9-221ef0ed2582,Westbound,2025-11-18 13:20:31.204911,557.0,361.0,105.0,139.0
2776,5,CAM002,287,1.9445791302154671,8050,True,ec790070-4835-4864-80a9-221ef0ed2582,Westbound,2025-11-18 13:20:31.200908,661.0,320.0,244.0,215.0
2775,7,CAM002,216,2.0059974601239983,8050,True,ec790070-4835-4864-80a9-221ef0ed2582,Westbound,2025-11-18 13:20:31.197909,255.0,371.0,123.0,165.0
2774,8,CAM002,76,2.0256424731345093,8050,True,ec790070-4835-4864-80a9-221ef0ed2582,Westbound,2025-11-18 13:20:31.193907,377.0,353.0,245.0,187.0
2773,9,CAM001,312,2.0151793988065463,8115,True,613b4d1e-c528-4ef5-91ef-1fde52080565,Eastbound,2025-11-18 13:20:26.636717,782.0,246.0,69.0,178.0
2772,7,CAM001,311,1.4655378397064769,8115,True,613b4d1e-c528-4ef5-91ef-1fde52080565,Eastbound,2025-11-18 13:20:26.635717,371.0,215.0,44.0,78.0
2771,5,CAM001,305,1.4808691276185486,8115,True,613b4d1e-c528-4ef5-91ef-1fde52080565,Eastbound,2025-11-18 13:20:26.633717,721.0,249.0,80.0,145.0
2770,3,CAM001,303,1.7059571159877083,8115,True,613b4d1e-c528-4ef5-91ef-1fde52080565,Eastbound,2025-11-18 13:20:26.631718,495.0,241.0,109.0,138.0
2769,1,CAM001,301,1.554839319132277,8115,True,613b4d1e-c528-4ef5-91ef-1fde52080565,Eastbound,2025-11-18 13:20:26.629719,608.0,241.0,68.0,117.0
2768,2,CAM001,223,2.0070133912770025,8115,True,613b4d1e-c528-4ef5-91ef-1fde52080565,Eastbound,2025-11-18 13:20:26.627720,281.0,247.0,113.0,99.0
2767,4,CAM001,220,1.958956576101675,8115,True,613b4d1e-c528-4ef5-91ef-1fde52080565,Eastbound,2025-11-18 13:20:26.624718,375.0,242.0,99.0,98.0
2766,3,CAM002,310,1.8034037702548562,8045,True,ec790070-4835-4864-80a9-221ef0ed2582,Westbound,2025-11-18 13:20:25.969116,512.0,384.0,56.0,77.0
2765,1,CAM002,292,2.0212324458382045,8045,True,ec790070-4835-4864-80a9-221ef0ed2582,Westbound,2025-11-18 13:20:25.964107,558.0,361.0,104.0,139.0
2764,5,CAM002,287,1.9450460264030962,8045,True,ec790070-4835-4864-80a9-221ef0ed2582,Westbound,2025-11-18 13:20:25.960107,640.0,324.0,252.0,210.0
2763,7,CAM002,216,1.6282425332520805,8045,True,ec790070-4835-4864-80a9-221ef0ed2582,Westbound,2025-11-18 13:20:25.955108,254.0,370.0,125.0,166.0
2762,8,CAM002,76,1.9944318639537615,8045,True,ec790070-4835-4864-80a9-221ef0ed2582,Westbound,2025-11-18 13:20:25.950105,379.0,352.0,244.0,188.0
2761,5,CAM001,312,1.6799403203481083,8110,True,613b4d1e-c528-4ef5-91ef-1fde52080565,Eastbound,2025-11-18 13:20:20.530192,782.0,245.0,69.0,180.0
2760,7,CAM001,311,1.4492146749756893,8110,True,613b4d1e-c528-4ef5-91ef-1fde52080565,Eastbound,2025-11-18 13:20:20.528192,368.0,215.0,49.0,79.0
2759,9,CAM001,305,2.03716182612928,8110,True,613b4d1e-c528-4ef5-91ef-1fde52080565,Eastbound,2025-11-18 13:20:20.527193,721.0,248.0,80.0,144.0
2758,3,CAM001,303,1.715066517525583,8110,True,613b4d1e-c528-4ef5-91ef-1fde52080565,Eastbound,2025-11-18 13:20:20.525194,491.0,241.0,110.0,139.0
2757,1,CAM001,301,1.5952513908219212,8110,True,613b4d1e-c528-4ef5-91ef-1fde52080565,Eastbound,2025-11-18 13:20:20.524194,606.0,230.0,72.0,127.0
2756,2,CAM001,223,2.02006594945868,8110,True,613b4d1e-c528-4ef5-91ef-1fde52080565,Eastbound,2025-11-18 13:20:20.521192,281.0,247.0,113.0,99.0
2755,4,CAM001,220,2.0244826383073438,8110,True,613b4d1e-c528-4ef5-91ef-1fde52080565,Eastbound,2025-11-18 13:20:20.518186,376.0,243.0,98.0,96.0
2754,3,CAM002,310,1.78295059837087,8040,True,ec790070-4835-4864-80a9-221ef0ed2582,Westbound,2025-11-18 13:20:20.099446,514.0,384.0,55.0,77.0
2753,1,CAM002,292,1.685186823145068,8040,True,ec790070-4835-4864-80a9-221ef0ed2582,Westbound,2025-11-18 13:20:20.098445,558.0,360.0,104.0,140.0
2752,5,CAM002,287,2.0273418689820395,8040,True,ec790070-4835-4864-80a9-221ef0ed2582,Westbound,2025-11-18 13:20:20.096445,650.0,317.0,270.0,217.0
2751,7,CAM002,216,1.5589405020864584,8040,True,ec790070-4835-4864-80a9-221ef0ed2582,Westbound,2025-11-18 13:20:20.094445,254.0,369.0,126.0,167.0
2750,8,CAM002,76,2.006697122820944,8040,True,ec790070-4835-4864-80a9-221ef0ed2582,Westbound,2025-11-18 13:20:20.092458,378.0,351.0,244.0,189.0
2749,7,CAM001,311,1.236316060079945,8105,True,613b4d1e-c528-4ef5-91ef-1fde52080565,Eastbound,2025-11-18 13:20:15.712599,363.0,215.0,58.0,76.0
2748,9,CAM001,305,2.028342143690907,8105,True,613b4d1e-c528-4ef5-91ef-1fde52080565,Eastbound,2025-11-18 13:20:15.711600,722.0,248.0,78.0,144.0
2747,3,CAM001,303,1.7408316965666972,8105,True,613b4d1e-c528-4ef5-91ef-1fde52080565,Eastbound,2025-11-18 13:20:15.709600,489.0,241.0,111.0,139.0
2746,1,CAM001,301,1.6360478182360638,8105,True,613b4d1e-c528-4ef5-91ef-1fde52080565,Eastbound,2025-11-18 13:20:15.708601,607.0,231.0,70.0,126.0
2745,2,CAM001,223,1.9452904084119318,8105,True,613b4d1e-c528-4ef5-91ef-1fde52080565,Eastbound,2025-11-18 13:20:15.706600,283.0,242.0,113.0,102.0
2744,4,CAM001,220,2.0166443249067108,8105,True,613b4d1e-c528-4ef5-91ef-1fde52080565,Eastbound,2025-11-18 13:20:15.703599,376.0,241.0,98.0,98.0
2743,3,CAM002,310,1.8035619579702002,8035,True,ec790070-4835-4864-80a9-221ef0ed2582,Westbound,2025-11-18 13:20:15.246805,513.0,382.0,56.0,78.0
2742,1,CAM002,292,1.721488770023494,8035,True,ec790070-4835-4864-80a9-221ef0ed2582,Westbound,2025-11-18 13:20:15.244805,557.0,359.0,106.0,141.0
2741,5,CAM002,287,1.9902415182590718,8035,True,ec790070-4835-4864-80a9-221ef0ed2582,Westbound,2025-11-18 13:20:15.241805,654.0,316.0,279.0,218.0
2740,7,CAM002,216,2.0055329979455396,8035,True,ec790070-4835-4864-80a9-221ef0ed2582,Westbound,2025-11-18 13:20:15.239805,254.0,369.0,126.0,167.0
2739,8,CAM002,76,1.991634608662905,8035,True,ec790070-4835-4864-80a9-221ef0ed2582,Westbound,2025-11-18 13:20:15.235806,381.0,352.0,240.0,188.0
2738,9,CAM001,305,1.9981220696360906,8100,True,613b4d1e-c528-4ef5-91ef-1fde52080565,Eastbound,2025-11-18 13:20:10.439513,721.0,248.0,79.0,144.0
2737,3,CAM001,303,1.7412545411525675,8100,True,613b4d1e-c528-4ef5-91ef-1fde52080565,Eastbound,2025-11-18 13:20:10.436514,488.0,240.0,109.0,140.0
2736,1,CAM001,301,1.4696443604773484,8100,True,613b4d1e-c528-4ef5-91ef-1fde52080565,Eastbound,2025-11-18 13:20:10.431513,610.0,232.0,64.0,126.0
2735,2,CAM001,223,1.9395397963215424,8100,True,613b4d1e-c528-4ef5-91ef-1fde52080565,Eastbound,2025-11-18 13:20:10.428512,281.0,224.0,122.0,118.0
2734,4,CAM001,220,1.9843097520562862,8100,True,613b4d1e-c528-4ef5-91ef-1fde52080565,Eastbound,2025-11-18 13:20:10.423505,376.0,241.0,99.0,98.0
2733,3,CAM002,310,1.7087109851275009,8030,True,ec790070-4835-4864-80a9-221ef0ed2582,Westbound,2025-11-18 13:20:09.884278,512.0,380.0,56.0,79.0
2732,1,CAM002,292,2.037317829539184,8030,True,ec790070-4835-4864-80a9-221ef0ed2582,Westbound,2025-11-18 13:20:09.881280,557.0,360.0,106.0,140.0
2731,5,CAM002,287,1.9852940479082934,8030,True,ec790070-4835-4864-80a9-221ef0ed2582,Westbound,2025-11-18 13:20:09.877277,668.0,313.0,281.0,224.0
2730,7,CAM002,216,2.0023446454333658,8030,True,ec790070-4835-4864-80a9-221ef0ed2582,Westbound,2025-11-18 13:20:09.874278,253.0,369.0,128.0,168.0
2729,8,CAM002,76,2.031487030364378,8030,True,ec790070-4835-4864-80a9-221ef0ed2582,Westbound,2025-11-18 13:20:09.868995,386.0,353.0,235.0,187.0
2728,9,CAM001,312,2.0186583836023733,8095,True,613b4d1e-c528-4ef5-91ef-1fde52080565,Eastbound,2025-11-18 13:20:05.560492,781.0,244.0,71.0,182.0
2727,2,CAM001,311,2.026454749435054,8095,True,613b4d1e-c528-4ef5-91ef-1fde52080565,Eastbound,2025-11-18 13:20:05.558493,354.0,215.0,55.0,68.0
2726,5,CAM001,305,1.3593742863301155,8095,True,613b4d1e-c528-4ef5-91ef-1fde52080565,Eastbound,2025-11-18 13:20:05.555491,721.0,249.0,79.0,145.0
2725,3,CAM001,303,1.554449355837393,8095,True,613b4d1e-c528-4ef5-91ef-1fde52080565,Eastbound,2025-11-18 13:20:05.554492,501.0,243.0,100.0,137.0
2724,7,CAM001,223,1.4589574716735156,8095,True,613b4d1e-c528-4ef5-91ef-1fde52080565,Eastbound,2025-11-18 13:20:05.552494,277.0,226.0,118.0,117.0
2723,4,CAM001,220,2.016894778934507,8095,True,613b4d1e-c528-4ef5-91ef-1fde52080565,Eastbound,2025-11-18 13:20:05.547482,376.0,241.0,98.0,98.0
2722,3,CAM002,310,1.9929794568263068,8025,True,ec790070-4835-4864-80a9-221ef0ed2582,Westbound,2025-11-18 13:20:05.153148,506.0,378.0,56.0,80.0
2721,1,CAM002,292,2.0370025341686735,8025,True,ec790070-4835-4864-80a9-221ef0ed2582,Westbound,2025-11-18 13:20:05.150144,557.0,360.0,105.0,140.0
2720,5,CAM002,287,1.9974660644174917,8025,True,ec790070-4835-4864-80a9-221ef0ed2582,Westbound,2025-11-18 13:20:05.147144,674.0,314.0,268.0,223.0
2719,7,CAM002,216,1.7075771358878662,8025,True,ec790070-4835-4864-80a9-221ef0ed2582,Westbound,2025-11-18 13:20:05.146144,253.0,369.0,129.0,168.0
2718,8,CAM002,76,1.7269598313967829,8025,True,ec790070-4835-4864-80a9-221ef0ed2582,Westbound,2025-11-18 13:20:05.141146,386.0,354.0,233.0,186.0
2717,9,CAM001,312,1.994251277578899,8090,True,613b4d1e-c528-4ef5-91ef-1fde52080565,Eastbound,2025-11-18 13:20:00.547561,781.0,245.0,71.0,180.0
2716,2,CAM001,311,1.981096536184557,8090,True,613b4d1e-c528-4ef5-91ef-1fde52080565,Eastbound,2025-11-18 13:20:00.545557,352.0,215.0,54.0,66.0
2715,8,CAM001,303,1.5064159042736773,8090,True,613b4d1e-c528-4ef5-91ef-1fde52080565,Eastbound,2025-11-18 13:20:00.543561,522.0,248.0,97.0,132.0
2714,7,CAM001,223,1.495348534047661,8090,True,613b4d1e-c528-4ef5-91ef-1fde52080565,Eastbound,2025-11-18 13:20:00.541558,278.0,248.0,95.0,97.0
2713,4,CAM001,220,2.0230392028859496,8090,True,613b4d1e-c528-4ef5-91ef-1fde52080565,Eastbound,2025-11-18 13:20:00.537575,374.0,239.0,100.0,101.0
2712,3,CAM002,310,2.0142055289924925,8020,True,ec790070-4835-4864-80a9-221ef0ed2582,Westbound,2025-11-18 13:20:00.230402,504.0,378.0,58.0,79.0
2711,1,CAM002,292,1.960854709952464,8020,True,ec790070-4835-4864-80a9-221ef0ed2582,Westbound,2025-11-18 13:20:00.228401,557.0,359.0,105.0,141.0
2710,5,CAM002,287,1.9861984441344307,8020,True,ec790070-4835-4864-80a9-221ef0ed2582,Westbound,2025-11-18 13:20:00.225402,678.0,314.0,248.0,223.0
2709,7,CAM002,216,1.6224193911159668,8020,True,ec790070-4835-4864-80a9-221ef0ed2582,Westbound,2025-11-18 13:20:00.223401,252.0,369.0,131.0,168.0
2708,8,CAM002,76,1.6598331935346393,8020,True,ec790070-4835-4864-80a9-221ef0ed2582,Westbound,2025-11-18 13:20:00.220400,384.0,354.0,235.0,186.0
2707,9,CAM001,305,2.0390770134860285,8085,True,613b4d1e-c528-4ef5-91ef-1fde52080565,Eastbound,2025-11-18 13:19:55.912653,723.0,251.0,77.0,144.0
2706,8,CAM001,303,1.836396953597435,8085,True,613b4d1e-c528-4ef5-91ef-1fde52080565,Eastbound,2025-11-18 13:19:55.910653,521.0,247.0,101.0,132.0
2705,7,CAM001,223,1.3401752460497607,8085,True,613b4d1e-c528-4ef5-91ef-1fde52080565,Eastbound,2025-11-18 13:19:55.906651,278.0,246.0,98.0,99.0
2704,4,CAM001,220,1.9483470131663414,8085,True,613b4d1e-c528-4ef5-91ef-1fde52080565,Eastbound,2025-11-18 13:19:55.903670,374.0,239.0,100.0,101.0
2703,3,CAM002,310,1.979512439994389,8015,True,ec790070-4835-4864-80a9-221ef0ed2582,Westbound,2025-11-18 13:19:55.654047,504.0,378.0,57.0,78.0
2702,1,CAM002,292,2.03200945136238,8015,True,ec790070-4835-4864-80a9-221ef0ed2582,Westbound,2025-11-18 13:19:55.652047,556.0,358.0,106.0,143.0
2701,5,CAM002,287,1.9659546890223338,8015,True,ec790070-4835-4864-80a9-221ef0ed2582,Westbound,2025-11-18 13:19:55.648047,665.0,316.0,227.0,220.0
2700,7,CAM002,216,2.0013350499754536,8015,True,ec790070-4835-4864-80a9-221ef0ed2582,Westbound,2025-11-18 13:19:55.645047,252.0,368.0,131.0,165.0
2699,2,CAM002,76,2.031642511618347,8015,True,ec790070-4835-4864-80a9-221ef0ed2582,Westbound,2025-11-18 13:19:55.640043,383.0,354.0,233.0,186.0
2698,9,CAM001,305,2.03603213012997,8080,True,613b4d1e-c528-4ef5-91ef-1fde52080565,Eastbound,2025-11-18 13:19:52.418534,723.0,250.0,78.0,145.0
2697,8,CAM001,301,2.0232800629203624,8080,True,613b4d1e-c528-4ef5-91ef-1fde52080565,Eastbound,2025-11-18 13:19:52.416536,618.0,244.0,63.0,132.0
2696,4,CAM001,220,2.0345083101754,8080,True,613b4d1e-c528-4ef5-91ef-1fde52080565,Eastbound,2025-11-18 13:19:52.413545,376.0,241.0,97.0,99.0
2695,3,CAM002,310,1.6385338137345844,8010,True,ec790070-4835-4864-80a9-221ef0ed2582,Westbound,2025-11-18 13:19:52.202884,507.0,379.0,56.0,79.0
2694,1,CAM002,292,2.005224081938812,8010,True,ec790070-4835-4864-80a9-221ef0ed2582,Westbound,2025-11-18 13:19:52.200890,556.0,360.0,106.0,142.0
2693,5,CAM002,287,2.0264629802722567,8010,True,ec790070-4835-4864-80a9-221ef0ed2582,Westbound,2025-11-18 13:19:52.196886,641.0,321.0,227.0,213.0
2692,7,CAM002,216,2.010256053043165,8010,True,ec790070-4835-4864-80a9-221ef0ed2582,Westbound,2025-11-18 13:19:52.194884,255.0,367.0,125.0,158.0
2691,2,CAM002,76,2.0279064045269237,8010,True,ec790070-4835-4864-80a9-221ef0ed2582,Westbound,2025-11-18 13:19:52.191897,386.0,353.0,233.0,187.0
2690,9,CAM001,305,2.041573770408231,8075,True,613b4d1e-c528-4ef5-91ef-1fde52080565,Eastbound,2025-11-18 13:19:48.921344,723.0,249.0,78.0,146.0
2689,8,CAM001,303,2.031316710473646,8075,True,613b4d1e-c528-4ef5-91ef-1fde52080565,Eastbound,2025-11-18 13:19:48.917337,515.0,243.0,106.0,135.0
2688,1,CAM001,301,1.5132698631612578,8075,True,613b4d1e-c528-4ef5-91ef-1fde52080565,Eastbound,2025-11-18 13:19:48.912339,617.0,242.0,65.0,133.0
2687,3,CAM001,223,2.0177521761081887,8075,True,613b4d1e-c528-4ef5-91ef-1fde52080565,Eastbound,2025-11-18 13:19:48.907332,275.0,225.0,117.0,119.0
2686,4,CAM001,220,2.021478624831408,8075,True,613b4d1e-c528-4ef5-91ef-1fde52080565,Eastbound,2025-11-18 13:19:48.903329,377.0,240.0,97.0,99.0
2685,1,CAM002,292,1.6518734681163723,8005,True,ec790070-4835-4864-80a9-221ef0ed2582,Westbound,2025-11-18 13:19:48.578096,557.0,360.0,105.0,141.0
2684,5,CAM002,287,1.9884489889194663,8005,True,ec790070-4835-4864-80a9-221ef0ed2582,Westbound,2025-11-18 13:19:48.574094,641.0,318.0,248.0,216.0
2683,7,CAM002,216,2.0014768719132463,8005,True,ec790070-4835-4864-80a9-221ef0ed2582,Westbound,2025-11-18 13:19:48.571096,255.0,366.0,125.0,158.0
2682,2,CAM002,76,1.9733303446914416,8005,True,ec790070-4835-4864-80a9-221ef0ed2582,Westbound,2025-11-18 13:19:48.566207,391.0,351.0,231.0,189.0
2681,9,CAM001,305,2.0122694126268477,8070,True,613b4d1e-c528-4ef5-91ef-1fde52080565,Eastbound,2025-11-18 13:19:44.912984,722.0,250.0,79.0,145.0
2680,8,CAM001,303,2.0037624954140307,8070,True,613b4d1e-c528-4ef5-91ef-1fde52080565,Eastbound,2025-11-18 13:19:44.911009,517.0,243.0,103.0,136.0
2679,1,CAM001,301,1.6390672202735335,8070,True,613b4d1e-c528-4ef5-91ef-1fde52080565,Eastbound,2025-11-18 13:19:44.907983,615.0,241.0,69.0,134.0
2678,7,CAM001,223,1.5767684805106559,8070,True,613b4d1e-c528-4ef5-91ef-1fde52080565,Eastbound,2025-11-18 13:19:44.906978,277.0,225.0,116.0,119.0
2677,4,CAM001,220,2.0040246940029887,8070,True,613b4d1e-c528-4ef5-91ef-1fde52080565,Eastbound,2025-11-18 13:19:44.903006,378.0,239.0,97.0,99.0
2676,3,CAM002,312,1.9944675613625953,8000,True,ec790070-4835-4864-80a9-221ef0ed2582,Westbound,2025-11-18 13:19:44.573342,361.0,388.0,105.0,93.0
2675,1,CAM002,292,1.7243400279805707,8000,True,ec790070-4835-4864-80a9-221ef0ed2582,Westbound,2025-11-18 13:19:44.570335,557.0,359.0,106.0,142.0
2674,5,CAM002,287,2.015862016380774,8000,True,ec790070-4835-4864-80a9-221ef0ed2582,Westbound,2025-11-18 13:19:44.569338,654.0,314.0,261.0,221.0
2673,7,CAM002,216,1.6810719404389287,8000,True,ec790070-4835-4864-80a9-221ef0ed2582,Westbound,2025-11-18 13:19:44.567333,256.0,367.0,124.0,158.0
2672,2,CAM002,76,1.9873400408694621,8000,True,ec790070-4835-4864-80a9-221ef0ed2582,Westbound,2025-11-18 13:19:44.563275,396.0,350.0,229.0,190.0
2671,9,CAM001,305,2.0317296538429783,8065,True,613b4d1e-c528-4ef5-91ef-1fde52080565,Eastbound,2025-11-18 13:19:40.305978,722.0,250.0,78.0,145.0
2670,8,CAM001,303,1.9965179859957443,8065,True,613b4d1e-c528-4ef5-91ef-1fde52080565,Eastbound,2025-11-18 13:19:40.303992,520.0,244.0,96.0,135.0
2669,1,CAM001,301,1.3695358019381918,8065,True,613b4d1e-c528-4ef5-91ef-1fde52080565,Eastbound,2025-11-18 13:19:40.301979,610.0,242.0,77.0,133.0
2668,7,CAM001,223,1.4967985072611112,8065,True,613b4d1e-c528-4ef5-91ef-1fde52080565,Eastbound,2025-11-18 13:19:40.299936,280.0,223.0,116.0,123.0
2667,3,CAM001,220,2.0082418069038415,8065,True,613b4d1e-c528-4ef5-91ef-1fde52080565,Eastbound,2025-11-18 13:19:40.295996,378.0,238.0,97.0,101.0
2666,4,CAM002,310,1.9877595399075556,7995,True,ec790070-4835-4864-80a9-221ef0ed2582,Westbound,2025-11-18 13:19:39.973908,514.0,382.0,54.0,78.0
2665,1,CAM002,292,2.040245201931636,7995,True,ec790070-4835-4864-80a9-221ef0ed2582,Westbound,2025-11-18 13:19:39.972004,557.0,361.0,106.0,141.0
2664,5,CAM002,287,2.0348155041390013,7995,True,ec790070-4835-4864-80a9-221ef0ed2582,Westbound,2025-11-18 13:19:39.970007,655.0,313.0,266.0,224.0
2663,7,CAM002,216,1.5996648492280383,7995,True,ec790070-4835-4864-80a9-221ef0ed2582,Westbound,2025-11-18 13:19:39.969006,255.0,367.0,124.0,160.0
2662,2,CAM002,76,2.0160946297295235,7995,True,ec790070-4835-4864-80a9-221ef0ed2582,Westbound,2025-11-18 13:19:39.966999,395.0,350.0,233.0,190.0
2661,9,CAM001,305,2.031876374547071,8060,True,613b4d1e-c528-4ef5-91ef-1fde52080565,Eastbound,2025-11-18 13:19:36.359673,723.0,251.0,78.0,144.0
2660,8,CAM001,303,1.9787483864776367,8060,True,613b4d1e-c528-4ef5-91ef-1fde52080565,Eastbound,2025-11-18 13:19:36.358680,517.0,245.0,98.0,134.0
2659,7,CAM001,223,1.4828653633492173,8060,True,613b4d1e-c528-4ef5-91ef-1fde52080565,Eastbound,2025-11-18 13:19:36.356771,278.0,229.0,112.0,119.0
2658,3,CAM001,220,2.028482715689259,8060,True,613b4d1e-c528-4ef5-91ef-1fde52080565,Eastbound,2025-11-18 13:19:36.353768,376.0,237.0,99.0,102.0
2657,4,CAM002,310,1.9290356572935319,7990,True,ec790070-4835-4864-80a9-221ef0ed2582,Westbound,2025-11-18 13:19:36.083092,510.0,381.0,56.0,79.0
2656,1,CAM002,292,2.03017996928723,7990,True,ec790070-4835-4864-80a9-221ef0ed2582,Westbound,2025-11-18 13:19:36.080093,557.0,361.0,105.0,141.0
2655,5,CAM002,287,2.006630088307409,7990,True,ec790070-4835-4864-80a9-221ef0ed2582,Westbound,2025-11-18 13:19:36.078087,658.0,313.0,271.0,224.0
2654,7,CAM002,216,1.6210121479701252,7990,True,ec790070-4835-4864-80a9-221ef0ed2582,Westbound,2025-11-18 13:19:36.076094,255.0,368.0,123.0,160.0
2653,2,CAM002,76,2.027901964665028,7990,True,ec790070-4835-4864-80a9-221ef0ed2582,Westbound,2025-11-18 13:19:36.073084,392.0,351.0,233.0,189.0
2652,9,CAM001,305,2.040641697608541,8055,True,613b4d1e-c528-4ef5-91ef-1fde52080565,Eastbound,2025-11-18 13:19:32.208142,723.0,252.0,77.0,143.0
2651,4,CAM001,303,1.6977768897218593,8055,True,613b4d1e-c528-4ef5-91ef-1fde52080565,Eastbound,2025-11-18 13:19:32.206137,508.0,241.0,103.0,138.0
2650,8,CAM001,301,2.031198572125625,8055,True,613b4d1e-c528-4ef5-91ef-1fde52080565,Eastbound,2025-11-18 13:19:32.205095,604.0,230.0,77.0,129.0
2649,7,CAM001,223,1.4698753836417402,8055,True,613b4d1e-c528-4ef5-91ef-1fde52080565,Eastbound,2025-11-18 13:19:32.203098,274.0,234.0,112.0,113.0
2648,3,CAM001,220,1.98346625496457,8055,True,613b4d1e-c528-4ef5-91ef-1fde52080565,Eastbound,2025-11-18 13:19:32.201099,376.0,239.0,99.0,100.0
2647,4,CAM002,310,1.711698947525615,7985,True,ec790070-4835-4864-80a9-221ef0ed2582,Westbound,2025-11-18 13:19:31.872745,504.0,380.0,59.0,79.0
2646,1,CAM002,292,1.9895635861529257,7985,True,ec790070-4835-4864-80a9-221ef0ed2582,Westbound,2025-11-18 13:19:31.870745,556.0,361.0,106.0,141.0
2645,5,CAM002,287,1.9900230634442293,7985,True,ec790070-4835-4864-80a9-221ef0ed2582,Westbound,2025-11-18 13:19:31.868733,667.0,314.0,263.0,223.0
2644,7,CAM002,216,1.5774048585362737,7985,True,ec790070-4835-4864-80a9-221ef0ed2582,Westbound,2025-11-18 13:19:31.867736,256.0,368.0,122.0,160.0
2643,2,CAM002,76,1.9849673594885122,7985,True,ec790070-4835-4864-80a9-221ef0ed2582,Westbound,2025-11-18 13:19:31.864638,387.0,353.0,236.0,187.0
2642,9,CAM001,305,2.0339206684846296,8050,True,613b4d1e-c528-4ef5-91ef-1fde52080565,Eastbound,2025-11-18 13:19:27.984454,724.0,251.0,76.0,144.0
2641,4,CAM001,303,1.658298549426039,8050,True,613b4d1e-c528-4ef5-91ef-1fde52080565,Eastbound,2025-11-18 13:19:27.981459,504.0,243.0,98.0,136.0
2640,8,CAM001,301,1.9132863190030382,8050,True,613b4d1e-c528-4ef5-91ef-1fde52080565,Eastbound,2025-11-18 13:19:27.979453,604.0,233.0,77.0,125.0
2639,7,CAM001,223,1.4739386630319475,8050,True,613b4d1e-c528-4ef5-91ef-1fde52080565,Eastbound,2025-11-18 13:19:27.977414,277.0,226.0,120.0,120.0
2638,3,CAM001,220,2.0180724109200665,8050,True,613b4d1e-c528-4ef5-91ef-1fde52080565,Eastbound,2025-11-18 13:19:27.974975,379.0,241.0,95.0,96.0
2637,4,CAM002,310,1.764023032974022,7980,True,ec790070-4835-4864-80a9-221ef0ed2582,Westbound,2025-11-18 13:19:27.646805,502.0,378.0,57.0,75.0
2636,1,CAM002,292,2.0388039689780353,7980,True,ec790070-4835-4864-80a9-221ef0ed2582,Westbound,2025-11-18 13:19:27.644798,557.0,360.0,105.0,140.0
2635,5,CAM002,287,2.0085448774709063,7980,True,ec790070-4835-4864-80a9-221ef0ed2582,Westbound,2025-11-18 13:19:27.642801,660.0,315.0,259.0,221.0
2634,7,CAM002,216,1.6048456905492976,7980,True,ec790070-4835-4864-80a9-221ef0ed2582,Westbound,2025-11-18 13:19:27.639802,257.0,368.0,122.0,160.0
2633,2,CAM002,76,2.025998752231006,7980,True,ec790070-4835-4864-80a9-221ef0ed2582,Westbound,2025-11-18 13:19:27.636868,382.0,354.0,234.0,186.0
2632,9,CAM001,305,2.0131915430722964,8045,True,613b4d1e-c528-4ef5-91ef-1fde52080565,Eastbound,2025-11-18 13:19:23.271338,725.0,251.0,76.0,144.0
2631,4,CAM001,303,1.7366105339704057,8045,True,613b4d1e-c528-4ef5-91ef-1fde52080565,Eastbound,2025-11-18 13:19:23.251424,513.0,248.0,100.0,131.0
2630,8,CAM001,301,1.9908818264116517,8045,True,613b4d1e-c528-4ef5-91ef-1fde52080565,Eastbound,2025-11-18 13:19:23.243354,611.0,250.0,65.0,105.0
2629,7,CAM001,223,1.5731673019232026,8045,True,613b4d1e-c528-4ef5-91ef-1fde52080565,Eastbound,2025-11-18 13:19:23.236346,275.0,230.0,114.0,118.0
2628,3,CAM001,220,2.0215504734411707,8045,True,613b4d1e-c528-4ef5-91ef-1fde52080565,Eastbound,2025-11-18 13:19:23.208455,379.0,241.0,94.0,97.0
2627,4,CAM002,310,1.7478934070025192,7975,True,ec790070-4835-4864-80a9-221ef0ed2582,Westbound,2025-11-18 13:19:22.673739,501.0,378.0,54.0,74.0
2626,1,CAM002,292,2.002090135011736,7975,True,ec790070-4835-4864-80a9-221ef0ed2582,Westbound,2025-11-18 13:19:22.670740,557.0,359.0,105.0,142.0
2625,5,CAM002,287,2.0141246186391917,7975,True,ec790070-4835-4864-80a9-221ef0ed2582,Westbound,2025-11-18 13:19:22.667739,661.0,314.0,256.0,222.0
2624,7,CAM002,216,1.6354653864904831,7975,True,ec790070-4835-4864-80a9-221ef0ed2582,Westbound,2025-11-18 13:19:22.664740,258.0,368.0,119.0,160.0
2623,2,CAM002,76,2.0281675446760756,7975,True,ec790070-4835-4864-80a9-221ef0ed2582,Westbound,2025-11-18 13:19:22.660742,381.0,354.0,234.0,186.0
2622,9,CAM001,305,2.036110895122209,8040,True,613b4d1e-c528-4ef5-91ef-1fde52080565,Eastbound,2025-11-18 13:19:18.085131,725.0,250.0,77.0,145.0
2621,4,CAM001,303,1.60613031155249,8040,True,613b4d1e-c528-4ef5-91ef-1fde52080565,Eastbound,2025-11-18 13:19:18.084126,500.0,247.0,112.0,132.0
2620,8,CAM001,301,1.9904380606692311,8040,True,613b4d1e-c528-4ef5-91ef-1fde52080565,Eastbound,2025-11-18 13:19:18.083127,609.0,248.0,68.0,112.0
2619,7,CAM001,223,1.3798386614645726,8040,True,613b4d1e-c528-4ef5-91ef-1fde52080565,Eastbound,2025-11-18 13:19:18.081122,273.0,238.0,111.0,110.0
2618,3,CAM001,220,1.8602411218812882,8040,True,613b4d1e-c528-4ef5-91ef-1fde52080565,Eastbound,2025-11-18 13:19:18.078148,379.0,240.0,92.0,98.0
2617,4,CAM002,310,1.7610319512820316,7970,True,ec790070-4835-4864-80a9-221ef0ed2582,Westbound,2025-11-18 13:19:17.634116,497.0,378.0,54.0,74.0
2616,1,CAM002,292,2.040759550991554,7970,True,ec790070-4835-4864-80a9-221ef0ed2582,Westbound,2025-11-18 13:19:17.632113,556.0,357.0,107.0,144.0
2615,5,CAM002,287,2.016007988502282,7970,True,ec790070-4835-4864-80a9-221ef0ed2582,Westbound,2025-11-18 13:19:17.629116,657.0,314.0,255.0,222.0
2614,7,CAM002,216,2.0018890154049007,7970,True,ec790070-4835-4864-80a9-221ef0ed2582,Westbound,2025-11-18 13:19:17.627113,255.0,366.0,123.0,168.0
2613,2,CAM002,76,2.025536370451986,7970,True,ec790070-4835-4864-80a9-221ef0ed2582,Westbound,2025-11-18 13:19:17.625112,381.0,354.0,236.0,186.0
2612,9,CAM001,305,2.0314798445103777,8035,True,613b4d1e-c528-4ef5-91ef-1fde52080565,Eastbound,2025-11-18 13:19:13.933419,724.0,250.0,78.0,144.0
2611,4,CAM001,303,1.6619946154207688,8035,True,613b4d1e-c528-4ef5-91ef-1fde52080565,Eastbound,2025-11-18 13:19:13.928420,487.0,247.0,115.0,132.0
2610,8,CAM001,301,1.9933272760841092,8035,True,613b4d1e-c528-4ef5-91ef-1fde52080565,Eastbound,2025-11-18 13:19:13.924437,605.0,247.0,73.0,119.0
2609,4,CAM002,310,1.7908958728985236,7965,True,ec790070-4835-4864-80a9-221ef0ed2582,Westbound,2025-11-18 13:19:13.536665,495.0,377.0,55.0,74.0
2608,1,CAM002,292,2.0287931003835316,7965,True,ec790070-4835-4864-80a9-221ef0ed2582,Westbound,2025-11-18 13:19:13.533664,556.0,358.0,107.0,143.0
2607,5,CAM002,287,2.0308283724809146,7965,True,ec790070-4835-4864-80a9-221ef0ed2582,Westbound,2025-11-18 13:19:13.529665,656.0,313.0,258.0,223.0
2606,7,CAM002,216,2.0025444464096274,7965,True,ec790070-4835-4864-80a9-221ef0ed2582,Westbound,2025-11-18 13:19:13.526663,253.0,364.0,128.0,172.0
2605,2,CAM002,76,2.0216112273381945,7965,True,ec790070-4835-4864-80a9-221ef0ed2582,Westbound,2025-11-18 13:19:13.522665,376.0,354.0,240.0,186.0
2604,9,CAM001,305,2.005662699338681,8030,True,613b4d1e-c528-4ef5-91ef-1fde52080565,Eastbound,2025-11-18 13:19:08.639808,723.0,250.0,79.0,144.0
2603,4,CAM001,303,1.7460917225166734,8030,True,613b4d1e-c528-4ef5-91ef-1fde52080565,Eastbound,2025-11-18 13:19:08.637807,488.0,248.0,111.0,131.0
2602,8,CAM001,301,2.0146713842566317,8030,True,613b4d1e-c528-4ef5-91ef-1fde52080565,Eastbound,2025-11-18 13:19:08.635808,607.0,247.0,70.0,114.0
2601,7,CAM001,223,1.540712606974708,8030,True,613b4d1e-c528-4ef5-91ef-1fde52080565,Eastbound,2025-11-18 13:19:08.633808,278.0,226.0,123.0,120.0
2600,3,CAM001,220,2.023952103182173,8030,True,613b4d1e-c528-4ef5-91ef-1fde52080565,Eastbound,2025-11-18 13:19:08.631925,380.0,239.0,93.0,99.0
2599,4,CAM002,310,1.687305367758395,7960,True,ec790070-4835-4864-80a9-221ef0ed2582,Westbound,2025-11-18 13:19:08.201985,495.0,377.0,53.0,71.0
2598,1,CAM002,292,2.035380918836808,7960,True,ec790070-4835-4864-80a9-221ef0ed2582,Westbound,2025-11-18 13:19:08.200984,557.0,359.0,106.0,142.0
2597,5,CAM002,287,2.0356623337277955,7960,True,ec790070-4835-4864-80a9-221ef0ed2582,Westbound,2025-11-18 13:19:08.198986,656.0,315.0,258.0,221.0
2596,7,CAM002,216,1.6138509773439051,7960,True,ec790070-4835-4864-80a9-221ef0ed2582,Westbound,2025-11-18 13:19:08.197984,252.0,364.0,130.0,172.0
2595,2,CAM002,76,2.009316008237089,7960,True,ec790070-4835-4864-80a9-221ef0ed2582,Westbound,2025-11-18 13:19:08.194983,375.0,354.0,242.0,186.0
2594,9,CAM001,305,2.028212967339006,8025,True,613b4d1e-c528-4ef5-91ef-1fde52080565,Eastbound,2025-11-18 13:19:03.822449,721.0,249.0,80.0,145.0
2593,4,CAM001,303,1.6960471346985122,8025,True,613b4d1e-c528-4ef5-91ef-1fde52080565,Eastbound,2025-11-18 13:19:03.820450,489.0,246.0,107.0,133.0
2592,8,CAM001,301,2.0100557080301553,8025,True,613b4d1e-c528-4ef5-91ef-1fde52080565,Eastbound,2025-11-18 13:19:03.819451,607.0,246.0,70.0,114.0
2591,7,CAM001,223,1.6248096805321517,8025,True,613b4d1e-c528-4ef5-91ef-1fde52080565,Eastbound,2025-11-18 13:19:03.817451,276.0,225.0,123.0,120.0
2590,3,CAM001,220,1.7508807147274736,8025,True,613b4d1e-c528-4ef5-91ef-1fde52080565,Eastbound,2025-11-18 13:19:03.815471,381.0,240.0,92.0,98.0
2589,4,CAM002,311,1.735911635886205,7955,True,ec790070-4835-4864-80a9-221ef0ed2582,Westbound,2025-11-18 13:19:03.478721,486.0,370.0,122.0,170.0
2588,3,CAM002,310,1.6387516458017228,7955,True,ec790070-4835-4864-80a9-221ef0ed2582,Westbound,2025-11-18 13:19:03.474722,494.0,377.0,53.0,69.0
2587,1,CAM002,292,2.0068962143968587,7955,True,ec790070-4835-4864-80a9-221ef0ed2582,Westbound,2025-11-18 13:19:03.471721,556.0,358.0,107.0,143.0
2586,5,CAM002,287,2.0329426531741506,7955,True,ec790070-4835-4864-80a9-221ef0ed2582,Westbound,2025-11-18 13:19:03.469722,657.0,316.0,257.0,220.0
2585,7,CAM002,216,1.6673279061598758,7955,True,ec790070-4835-4864-80a9-221ef0ed2582,Westbound,2025-11-18 13:19:03.467716,252.0,364.0,131.0,170.0
2584,2,CAM002,76,2.0067920160826858,7955,True,ec790070-4835-4864-80a9-221ef0ed2582,Westbound,2025-11-18 13:19:03.464715,367.0,353.0,252.0,187.0
2583,9,CAM001,305,2.0076028770503194,8020,True,613b4d1e-c528-4ef5-91ef-1fde52080565,Eastbound,2025-11-18 13:18:57.683213,721.0,250.0,80.0,143.0
2582,4,CAM001,303,1.569584696473939,8020,True,613b4d1e-c528-4ef5-91ef-1fde52080565,Eastbound,2025-11-18 13:18:57.681214,491.0,243.0,101.0,136.0
2581,8,CAM001,301,2.0146107521796117,8020,True,613b4d1e-c528-4ef5-91ef-1fde52080565,Eastbound,2025-11-18 13:18:57.679068,608.0,246.0,70.0,114.0
2580,7,CAM001,223,1.5036046058355688,8020,True,613b4d1e-c528-4ef5-91ef-1fde52080565,Eastbound,2025-11-18 13:18:57.677066,273.0,223.0,122.0,120.0
2579,3,CAM001,220,1.9848358760356681,8020,True,613b4d1e-c528-4ef5-91ef-1fde52080565,Eastbound,2025-11-18 13:18:57.674066,381.0,240.0,93.0,98.0
2578,4,CAM002,311,1.7294450278631701,7950,True,ec790070-4835-4864-80a9-221ef0ed2582,Westbound,2025-11-18 13:18:57.263414,487.0,371.0,121.0,169.0
2577,1,CAM002,292,2.037945052252219,7950,True,ec790070-4835-4864-80a9-221ef0ed2582,Westbound,2025-11-18 13:18:57.261413,556.0,357.0,107.0,144.0
2576,5,CAM002,287,2.033826012074463,7950,True,ec790070-4835-4864-80a9-221ef0ed2582,Westbound,2025-11-18 13:18:57.259411,658.0,317.0,256.0,218.0
2575,7,CAM002,216,1.6320943469116618,7950,True,ec790070-4835-4864-80a9-221ef0ed2582,Westbound,2025-11-18 13:18:57.257413,253.0,365.0,128.0,162.0
2574,2,CAM002,76,2.0098718109075517,7950,True,ec790070-4835-4864-80a9-221ef0ed2582,Westbound,2025-11-18 13:18:57.254509,352.0,355.0,252.0,185.0
2573,9,CAM001,305,2.023041928389851,8015,True,613b4d1e-c528-4ef5-91ef-1fde52080565,Eastbound,2025-11-18 13:18:52.170236,722.0,250.0,79.0,143.0
2572,4,CAM001,303,1.9900237072984739,8015,True,613b4d1e-c528-4ef5-91ef-1fde52080565,Eastbound,2025-11-18 13:18:52.166235,505.0,244.0,89.0,135.0
2571,8,CAM001,301,2.0251945640045745,8015,True,613b4d1e-c528-4ef5-91ef-1fde52080565,Eastbound,2025-11-18 13:18:52.163235,607.0,247.0,71.0,114.0
2570,7,CAM001,223,1.5735243788796498,8015,True,613b4d1e-c528-4ef5-91ef-1fde52080565,Eastbound,2025-11-18 13:18:52.160227,274.0,229.0,112.0,113.0
2569,3,CAM001,220,1.6789531517636733,8015,True,613b4d1e-c528-4ef5-91ef-1fde52080565,Eastbound,2025-11-18 13:18:52.156226,380.0,239.0,94.0,100.0
2568,3,CAM002,310,1.7065387332500368,7945,True,ec790070-4835-4864-80a9-221ef0ed2582,Westbound,2025-11-18 13:18:51.765555,493.0,377.0,52.0,70.0
2567,1,CAM002,292,2.0287923942590353,7945,True,ec790070-4835-4864-80a9-221ef0ed2582,Westbound,2025-11-18 13:18:51.762556,556.0,359.0,107.0,142.0
2566,5,CAM002,287,2.0303266335358003,7945,True,ec790070-4835-4864-80a9-221ef0ed2582,Westbound,2025-11-18 13:18:51.759546,659.0,316.0,256.0,219.0
2565,7,CAM002,216,1.6362062821985128,7945,True,ec790070-4835-4864-80a9-221ef0ed2582,Westbound,2025-11-18 13:18:51.756551,256.0,367.0,119.0,150.0
2564,2,CAM002,76,1.9888666415870884,7945,True,ec790070-4835-4864-80a9-221ef0ed2582,Westbound,2025-11-18 13:18:51.752571,360.0,355.0,239.0,185.0
2563,9,CAM001,305,2.029983916974007,8010,True,613b4d1e-c528-4ef5-91ef-1fde52080565,Eastbound,2025-11-18 13:18:47.483592,722.0,249.0,79.0,142.0
2562,4,CAM001,303,2.0282017942853674,8010,True,613b4d1e-c528-4ef5-91ef-1fde52080565,Eastbound,2025-11-18 13:18:47.481592,520.0,248.0,85.0,131.0
2561,8,CAM001,301,2.0420066311921943,8010,True,613b4d1e-c528-4ef5-91ef-1fde52080565,Eastbound,2025-11-18 13:18:47.479593,607.0,249.0,70.0,114.0
2560,7,CAM001,223,1.3543358477081422,8010,True,613b4d1e-c528-4ef5-91ef-1fde52080565,Eastbound,2025-11-18 13:18:47.477625,275.0,238.0,103.0,106.0
2559,3,CAM001,220,1.4710332676921227,8010,True,613b4d1e-c528-4ef5-91ef-1fde52080565,Eastbound,2025-11-18 13:18:47.474607,377.0,239.0,100.0,101.0
2558,3,CAM002,310,1.9927041380226995,7940,True,ec790070-4835-4864-80a9-221ef0ed2582,Westbound,2025-11-18 13:18:46.998235,494.0,377.0,52.0,71.0
2557,1,CAM002,292,1.490538700831821,7940,True,ec790070-4835-4864-80a9-221ef0ed2582,Westbound,2025-11-18 13:18:46.997236,557.0,361.0,105.0,140.0
2556,5,CAM002,287,1.9590259977639433,7940,True,ec790070-4835-4864-80a9-221ef0ed2582,Westbound,2025-11-18 13:18:46.995243,659.0,315.0,257.0,220.0
2555,7,CAM002,216,2.0303147164685273,7940,True,ec790070-4835-4864-80a9-221ef0ed2582,Westbound,2025-11-18 13:18:46.993216,256.0,367.0,117.0,149.0
2554,2,CAM002,76,1.9922446978985786,7940,True,ec790070-4835-4864-80a9-221ef0ed2582,Westbound,2025-11-18 13:18:46.988214,375.0,354.0,236.0,186.0
2553,9,CAM001,305,2.038299792132528,8005,True,613b4d1e-c528-4ef5-91ef-1fde52080565,Eastbound,2025-11-18 13:18:43.869774,723.0,248.0,79.0,143.0
2552,4,CAM001,303,1.657634692484651,8005,True,613b4d1e-c528-4ef5-91ef-1fde52080565,Eastbound,2025-11-18 13:18:43.865333,520.0,248.0,85.0,131.0
2551,8,CAM001,301,2.0341453404655474,8005,True,613b4d1e-c528-4ef5-91ef-1fde52080565,Eastbound,2025-11-18 13:18:43.862334,607.0,249.0,70.0,114.0
2550,4,CAM002,310,1.7877875007948114,7935,True,ec790070-4835-4864-80a9-221ef0ed2582,Westbound,2025-11-18 13:18:43.549544,496.0,377.0,51.0,72.0
2549,7,CAM002,216,2.0067933481826827,7935,True,ec790070-4835-4864-80a9-221ef0ed2582,Westbound,2025-11-18 13:18:43.547551,256.0,364.0,118.0,154.0
2548,2,CAM002,76,2.0240332916225996,7935,True,ec790070-4835-4864-80a9-221ef0ed2582,Westbound,2025-11-18 13:18:43.544607,375.0,353.0,234.0,187.0
2547,9,CAM001,305,2.004035069663354,8000,True,613b4d1e-c528-4ef5-91ef-1fde52080565,Eastbound,2025-11-18 13:18:39.803837,722.0,248.0,80.0,143.0
2546,4,CAM001,303,1.5676980294930707,8000,True,613b4d1e-c528-4ef5-91ef-1fde52080565,Eastbound,2025-11-18 13:18:39.800836,519.0,247.0,88.0,132.0
2545,8,CAM001,301,1.9844082420533349,8000,True,613b4d1e-c528-4ef5-91ef-1fde52080565,Eastbound,2025-11-18 13:18:39.794837,608.0,248.0,69.0,114.0
2544,4,CAM002,310,1.756290832338911,7930,True,ec790070-4835-4864-80a9-221ef0ed2582,Westbound,2025-11-18 13:18:39.529645,498.0,376.0,50.0,75.0
2543,3,CAM002,292,2.02332461218683,7930,True,ec790070-4835-4864-80a9-221ef0ed2582,Westbound,2025-11-18 13:18:39.527690,557.0,360.0,106.0,141.0
2542,5,CAM002,287,2.0258223796025407,7930,True,ec790070-4835-4864-80a9-221ef0ed2582,Westbound,2025-11-18 13:18:39.524678,660.0,315.0,253.0,218.0
2541,7,CAM002,216,1.9858465452389729,7930,True,ec790070-4835-4864-80a9-221ef0ed2582,Westbound,2025-11-18 13:18:39.521683,256.0,362.0,120.0,160.0
2540,2,CAM002,76,2.0196445337694873,7930,True,ec790070-4835-4864-80a9-221ef0ed2582,Westbound,2025-11-18 13:18:39.518642,381.0,352.0,230.0,188.0
2539,9,CAM001,305,1.8807499867900388,7995,True,613b4d1e-c528-4ef5-91ef-1fde52080565,Eastbound,2025-11-18 13:18:35.489776,720.0,248.0,83.0,144.0
2538,4,CAM001,303,1.759008918232566,7995,True,613b4d1e-c528-4ef5-91ef-1fde52080565,Eastbound,2025-11-18 13:18:35.488777,516.0,247.0,94.0,132.0
2537,8,CAM001,301,2.0083499860410368,7995,True,613b4d1e-c528-4ef5-91ef-1fde52080565,Eastbound,2025-11-18 13:18:35.485779,607.0,247.0,70.0,114.0
2536,5,CAM001,295,1.580602958620997,7995,True,613b4d1e-c528-4ef5-91ef-1fde52080565,Eastbound,2025-11-18 13:18:35.483777,791.0,262.0,53.0,164.0
2535,1,CAM001,223,1.9966788432295055,7995,True,613b4d1e-c528-4ef5-91ef-1fde52080565,Eastbound,2025-11-18 13:18:35.481776,277.0,242.0,101.0,103.0
2534,7,CAM001,220,1.5865175806135718,7995,True,613b4d1e-c528-4ef5-91ef-1fde52080565,Eastbound,2025-11-18 13:18:35.478776,378.0,243.0,97.0,97.0
2533,4,CAM002,310,1.7808234797453033,7925,True,ec790070-4835-4864-80a9-221ef0ed2582,Westbound,2025-11-18 13:18:35.074102,499.0,376.0,50.0,75.0
2532,3,CAM002,292,2.006661880553863,7925,True,ec790070-4835-4864-80a9-221ef0ed2582,Westbound,2025-11-18 13:18:35.071101,557.0,359.0,106.0,142.0
2531,5,CAM002,287,1.9837629460971902,7925,True,ec790070-4835-4864-80a9-221ef0ed2582,Westbound,2025-11-18 13:18:35.069100,659.0,314.0,254.0,220.0
2530,7,CAM002,216,1.587308742095539,7925,True,ec790070-4835-4864-80a9-221ef0ed2582,Westbound,2025-11-18 13:18:35.067103,253.0,363.0,126.0,169.0
2529,2,CAM002,76,2.01044106864073,7925,True,ec790070-4835-4864-80a9-221ef0ed2582,Westbound,2025-11-18 13:18:35.065127,383.0,351.0,229.0,189.0
2528,9,CAM001,305,2.0233498890103037,7990,True,613b4d1e-c528-4ef5-91ef-1fde52080565,Eastbound,2025-11-18 13:18:30.463977,717.0,248.0,84.0,144.0
2527,4,CAM001,303,1.718610503758787,7990,True,613b4d1e-c528-4ef5-91ef-1fde52080565,Eastbound,2025-11-18 13:18:30.461982,504.0,246.0,102.0,134.0
2526,8,CAM001,301,2.0243880215219967,7990,True,613b4d1e-c528-4ef5-91ef-1fde52080565,Eastbound,2025-11-18 13:18:30.458975,608.0,246.0,68.0,116.0
2525,1,CAM001,223,2.0052206061746136,7990,True,613b4d1e-c528-4ef5-91ef-1fde52080565,Eastbound,2025-11-18 13:18:30.456976,276.0,242.0,102.0,104.0
2524,7,CAM001,220,1.5252033847993,7990,True,613b4d1e-c528-4ef5-91ef-1fde52080565,Eastbound,2025-11-18 13:18:30.452977,378.0,242.0,98.0,98.0
2523,4,CAM002,310,1.7668492732944274,7920,True,ec790070-4835-4864-80a9-221ef0ed2582,Westbound,2025-11-18 13:18:29.961499,499.0,375.0,51.0,75.0
2522,3,CAM002,292,2.0016277169948915,7920,True,ec790070-4835-4864-80a9-221ef0ed2582,Westbound,2025-11-18 13:18:29.958494,557.0,357.0,106.0,144.0
2521,5,CAM002,287,2.033357238332284,7920,True,ec790070-4835-4864-80a9-221ef0ed2582,Westbound,2025-11-18 13:18:29.955492,656.0,314.0,257.0,221.0
2520,7,CAM002,216,1.5672819684484327,7920,True,ec790070-4835-4864-80a9-221ef0ed2582,Westbound,2025-11-18 13:18:29.953493,253.0,368.0,128.0,172.0
2519,2,CAM002,76,2.035292147069598,7920,True,ec790070-4835-4864-80a9-221ef0ed2582,Westbound,2025-11-18 13:18:29.948979,383.0,350.0,228.0,190.0
2518,9,CAM001,305,1.516907674386376,7985,True,613b4d1e-c528-4ef5-91ef-1fde52080565,Eastbound,2025-11-18 13:18:25.115846,717.0,249.0,84.0,141.0
2517,4,CAM001,303,1.772271300457454,7985,True,613b4d1e-c528-4ef5-91ef-1fde52080565,Eastbound,2025-11-18 13:18:25.111846,492.0,242.0,101.0,138.0
2516,8,CAM001,301,2.038056361392189,7985,True,613b4d1e-c528-4ef5-91ef-1fde52080565,Eastbound,2025-11-18 13:18:25.108843,607.0,245.0,70.0,117.0
2515,1,CAM001,223,2.007228574177288,7985,True,613b4d1e-c528-4ef5-91ef-1fde52080565,Eastbound,2025-11-18 13:18:25.106843,275.0,241.0,105.0,106.0
2514,7,CAM001,220,1.4950644260985704,7985,True,613b4d1e-c528-4ef5-91ef-1fde52080565,Eastbound,2025-11-18 13:18:25.102843,380.0,242.0,99.0,97.0
2513,4,CAM002,310,1.7949721216876615,7915,True,ec790070-4835-4864-80a9-221ef0ed2582,Westbound,2025-11-18 13:18:24.643928,499.0,374.0,51.0,74.0
2512,3,CAM002,292,2.034472886303754,7915,True,ec790070-4835-4864-80a9-221ef0ed2582,Westbound,2025-11-18 13:18:24.642927,557.0,357.0,106.0,144.0
2511,5,CAM002,287,2.0028892207705242,7915,True,ec790070-4835-4864-80a9-221ef0ed2582,Westbound,2025-11-18 13:18:24.639927,655.0,314.0,262.0,221.0
2510,7,CAM002,216,1.5763884135773572,7915,True,ec790070-4835-4864-80a9-221ef0ed2582,Westbound,2025-11-18 13:18:24.638928,254.0,370.0,127.0,169.0
2509,2,CAM002,76,2.0269523053496186,7915,True,ec790070-4835-4864-80a9-221ef0ed2582,Westbound,2025-11-18 13:18:24.634927,381.0,350.0,228.0,190.0
2508,4,CAM001,303,1.7363447149815776,7980,True,613b4d1e-c528-4ef5-91ef-1fde52080565,Eastbound,2025-11-18 13:18:20.347783,506.0,244.0,88.0,136.0
2507,8,CAM001,301,1.998563937733865,7980,True,613b4d1e-c528-4ef5-91ef-1fde52080565,Eastbound,2025-11-18 13:18:20.345783,606.0,245.0,72.0,121.0
2506,1,CAM001,223,1.945581322701095,7980,True,613b4d1e-c528-4ef5-91ef-1fde52080565,Eastbound,2025-11-18 13:18:20.344784,273.0,237.0,113.0,110.0
2505,7,CAM001,220,1.483383143339267,7980,True,613b4d1e-c528-4ef5-91ef-1fde52080565,Eastbound,2025-11-18 13:18:20.340694,382.0,242.0,96.0,96.0
2504,4,CAM002,310,1.8019492702266877,7910,True,ec790070-4835-4864-80a9-221ef0ed2582,Westbound,2025-11-18 13:18:20.027017,499.0,375.0,50.0,71.0
2503,3,CAM002,292,2.036057797428753,7910,True,ec790070-4835-4864-80a9-221ef0ed2582,Westbound,2025-11-18 13:18:20.025013,556.0,357.0,107.0,144.0
2502,5,CAM002,287,2.0264538516359365,7910,True,ec790070-4835-4864-80a9-221ef0ed2582,Westbound,2025-11-18 13:18:20.023012,654.0,313.0,266.0,223.0
2501,7,CAM002,216,1.6333890128301325,7910,True,ec790070-4835-4864-80a9-221ef0ed2582,Westbound,2025-11-18 13:18:20.021045,254.0,371.0,125.0,167.0
2500,2,CAM002,76,2.02501700248713,7910,True,ec790070-4835-4864-80a9-221ef0ed2582,Westbound,2025-11-18 13:18:20.018139,381.0,350.0,224.0,190.0
2499,4,CAM001,303,2.010881827604737,7975,True,613b4d1e-c528-4ef5-91ef-1fde52080565,Eastbound,2025-11-18 13:18:15.409939,521.0,248.0,83.0,132.0
2498,8,CAM001,301,2.024742718405542,7975,True,613b4d1e-c528-4ef5-91ef-1fde52080565,Eastbound,2025-11-18 13:18:15.407939,604.0,246.0,75.0,124.0
2497,1,CAM001,223,1.9817818202225197,7975,True,613b4d1e-c528-4ef5-91ef-1fde52080565,Eastbound,2025-11-18 13:18:15.404931,275.0,231.0,118.0,115.0
2496,7,CAM001,220,1.5057069184124015,7975,True,613b4d1e-c528-4ef5-91ef-1fde52080565,Eastbound,2025-11-18 13:18:15.402209,379.0,240.0,97.0,98.0
2495,3,CAM002,292,2.030707189485844,7905,True,ec790070-4835-4864-80a9-221ef0ed2582,Westbound,2025-11-18 13:18:15.083333,556.0,358.0,107.0,144.0
2494,5,CAM002,287,1.9690227366356445,7905,True,ec790070-4835-4864-80a9-221ef0ed2582,Westbound,2025-11-18 13:18:15.080613,658.0,313.0,272.0,223.0
2493,7,CAM002,216,1.5153939046835325,7905,True,ec790070-4835-4864-80a9-221ef0ed2582,Westbound,2025-11-18 13:18:15.077612,253.0,371.0,126.0,168.0
2492,2,CAM002,76,2.002055053916692,7905,True,ec790070-4835-4864-80a9-221ef0ed2582,Westbound,2025-11-18 13:18:15.074595,382.0,348.0,223.0,192.0
2491,4,CAM001,303,1.9935442993412058,7970,True,613b4d1e-c528-4ef5-91ef-1fde52080565,Eastbound,2025-11-18 13:18:11.045929,520.0,246.0,85.0,134.0
2490,8,CAM001,301,2.007790046994107,7970,True,613b4d1e-c528-4ef5-91ef-1fde52080565,Eastbound,2025-11-18 13:18:11.043930,605.0,248.0,74.0,119.0
2489,1,CAM001,223,1.9317867163225455,7970,True,613b4d1e-c528-4ef5-91ef-1fde52080565,Eastbound,2025-11-18 13:18:11.042929,277.0,235.0,109.0,111.0
2488,7,CAM001,220,1.5239050958203184,7970,True,613b4d1e-c528-4ef5-91ef-1fde52080565,Eastbound,2025-11-18 13:18:11.039741,378.0,241.0,97.0,97.0
2487,3,CAM002,292,2.0390149453022075,7900,True,ec790070-4835-4864-80a9-221ef0ed2582,Westbound,2025-11-18 13:18:10.549842,557.0,358.0,106.0,144.0
2486,5,CAM002,287,1.9650881042977764,7900,True,ec790070-4835-4864-80a9-221ef0ed2582,Westbound,2025-11-18 13:18:10.546841,671.0,312.0,262.0,224.0
2485,7,CAM002,216,1.516103963623446,7900,True,ec790070-4835-4864-80a9-221ef0ed2582,Westbound,2025-11-18 13:18:10.542843,252.0,369.0,128.0,170.0
2484,2,CAM002,76,2.0331539073602234,7900,True,ec790070-4835-4864-80a9-221ef0ed2582,Westbound,2025-11-18 13:18:10.538350,383.0,346.0,225.0,194.0
2483,9,CAM001,305,1.9952284951909334,7965,True,613b4d1e-c528-4ef5-91ef-1fde52080565,Eastbound,2025-11-18 13:18:06.255499,732.0,252.0,65.0,109.0
2482,4,CAM001,303,2.0218239462478826,7965,True,613b4d1e-c528-4ef5-91ef-1fde52080565,Eastbound,2025-11-18 13:18:06.253498,520.0,247.0,87.0,133.0
2481,8,CAM001,301,1.9976725192503169,7965,True,613b4d1e-c528-4ef5-91ef-1fde52080565,Eastbound,2025-11-18 13:18:06.249981,606.0,247.0,73.0,119.0
2480,1,CAM001,223,1.9787665714786762,7965,True,613b4d1e-c528-4ef5-91ef-1fde52080565,Eastbound,2025-11-18 13:18:06.248983,273.0,240.0,105.0,107.0
2479,7,CAM001,220,1.496126522933448,7965,True,613b4d1e-c528-4ef5-91ef-1fde52080565,Eastbound,2025-11-18 13:18:06.245079,377.0,242.0,98.0,97.0
2478,3,CAM002,292,1.9855046073255396,7895,True,ec790070-4835-4864-80a9-221ef0ed2582,Westbound,2025-11-18 13:18:05.658586,557.0,359.0,106.0,143.0
2477,5,CAM002,287,2.023580006426071,7895,True,ec790070-4835-4864-80a9-221ef0ed2582,Westbound,2025-11-18 13:18:05.656606,664.0,313.0,252.0,222.0
2476,7,CAM002,216,1.5949308766441275,7895,True,ec790070-4835-4864-80a9-221ef0ed2582,Westbound,2025-11-18 13:18:05.654584,252.0,369.0,128.0,169.0
2475,2,CAM002,76,2.0062084278456056,7895,True,ec790070-4835-4864-80a9-221ef0ed2582,Westbound,2025-11-18 13:18:05.651906,381.0,345.0,228.0,195.0
2474,9,CAM001,305,1.4440298539805374,7960,True,613b4d1e-c528-4ef5-91ef-1fde52080565,Eastbound,2025-11-18 13:18:00.932798,731.0,251.0,65.0,114.0
2473,4,CAM001,303,2.008078558229997,7960,True,613b4d1e-c528-4ef5-91ef-1fde52080565,Eastbound,2025-11-18 13:18:00.930798,520.0,248.0,90.0,131.0
2472,8,CAM001,301,2.0035924165466494,7960,True,613b4d1e-c528-4ef5-91ef-1fde52080565,Eastbound,2025-11-18 13:18:00.927797,606.0,245.0,73.0,117.0
2471,1,CAM001,223,1.5357199522043536,7960,True,613b4d1e-c528-4ef5-91ef-1fde52080565,Eastbound,2025-11-18 13:18:00.924797,268.0,238.0,112.0,110.0
2470,7,CAM001,220,1.2656192873319783,7960,True,613b4d1e-c528-4ef5-91ef-1fde52080565,Eastbound,2025-11-18 13:18:00.920795,376.0,241.0,98.0,98.0
2469,3,CAM002,309,2.0244554231916845,7890,True,ec790070-4835-4864-80a9-221ef0ed2582,Westbound,2025-11-18 13:18:00.525554,667.0,368.0,85.0,83.0
2468,9,CAM002,292,2.036137402590169,7890,True,ec790070-4835-4864-80a9-221ef0ed2582,Westbound,2025-11-18 13:18:00.521554,557.0,361.0,105.0,141.0
2467,5,CAM002,287,2.0327797040161397,7890,True,ec790070-4835-4864-80a9-221ef0ed2582,Westbound,2025-11-18 13:18:00.517554,668.0,314.0,243.0,220.0
2466,7,CAM002,216,2.016539045330851,7890,True,ec790070-4835-4864-80a9-221ef0ed2582,Westbound,2025-11-18 13:18:00.514556,252.0,369.0,128.0,169.0
2465,2,CAM002,76,2.037540579521894,7890,True,ec790070-4835-4864-80a9-221ef0ed2582,Westbound,2025-11-18 13:18:00.511570,380.0,345.0,230.0,195.0
2464,3,CAM001,305,2.0261986201337243,7955,True,613b4d1e-c528-4ef5-91ef-1fde52080565,Eastbound,2025-11-18 13:17:56.127893,719.0,247.0,81.0,144.0
2463,4,CAM001,303,2.0090769889017723,7955,True,613b4d1e-c528-4ef5-91ef-1fde52080565,Eastbound,2025-11-18 13:17:56.123894,517.0,249.0,96.0,130.0
2462,8,CAM001,301,1.9985654942358213,7955,True,613b4d1e-c528-4ef5-91ef-1fde52080565,Eastbound,2025-11-18 13:17:56.121866,606.0,244.0,72.0,114.0
2461,9,CAM002,292,1.982289010895266,7885,True,ec790070-4835-4864-80a9-221ef0ed2582,Westbound,2025-11-18 13:17:55.786423,557.0,362.0,105.0,140.0
2460,5,CAM002,287,1.993297942873035,7885,True,ec790070-4835-4864-80a9-221ef0ed2582,Westbound,2025-11-18 13:17:55.782037,676.0,312.0,231.0,223.0
2459,7,CAM002,216,2.0414252118605405,7885,True,ec790070-4835-4864-80a9-221ef0ed2582,Westbound,2025-11-18 13:17:55.781037,252.0,369.0,128.0,169.0
2458,2,CAM002,76,2.0340159656833334,7885,True,ec790070-4835-4864-80a9-221ef0ed2582,Westbound,2025-11-18 13:17:55.777037,377.0,345.0,237.0,195.0
2457,4,CAM001,303,1.9499175948861396,7950,True,613b4d1e-c528-4ef5-91ef-1fde52080565,Eastbound,2025-11-18 13:17:52.111082,502.0,246.0,109.0,134.0
2456,8,CAM001,301,2.0260119110671932,7950,True,613b4d1e-c528-4ef5-91ef-1fde52080565,Eastbound,2025-11-18 13:17:52.105082,606.0,246.0,71.0,113.0
2455,9,CAM002,292,2.0367011712391525,7880,True,ec790070-4835-4864-80a9-221ef0ed2582,Westbound,2025-11-18 13:17:51.755782,557.0,361.0,105.0,141.0
2454,5,CAM002,287,1.9121608108099948,7880,True,ec790070-4835-4864-80a9-221ef0ed2582,Westbound,2025-11-18 13:17:51.752748,677.0,319.0,205.0,216.0
2453,7,CAM002,216,1.9974427050751484,7880,True,ec790070-4835-4864-80a9-221ef0ed2582,Westbound,2025-11-18 13:17:51.749750,252.0,369.0,129.0,170.0
2452,2,CAM002,76,2.018270106046479,7880,True,ec790070-4835-4864-80a9-221ef0ed2582,Westbound,2025-11-18 13:17:51.745764,374.0,346.0,246.0,194.0
2451,4,CAM001,303,1.7363889095137468,7945,True,613b4d1e-c528-4ef5-91ef-1fde52080565,Eastbound,2025-11-18 13:17:47.754923,485.0,242.0,113.0,138.0
2450,8,CAM001,301,2.035956673553108,7945,True,613b4d1e-c528-4ef5-91ef-1fde52080565,Eastbound,2025-11-18 13:17:47.751925,605.0,246.0,71.0,115.0
2449,1,CAM001,223,2.0398449305266704,7945,True,613b4d1e-c528-4ef5-91ef-1fde52080565,Eastbound,2025-11-18 13:17:47.748923,269.0,221.0,124.0,122.0
2448,3,CAM001,220,2.0211934396976554,7945,True,613b4d1e-c528-4ef5-91ef-1fde52080565,Eastbound,2025-11-18 13:17:47.745923,378.0,240.0,100.0,99.0
2447,4,CAM002,306,1.7333161703847928,7875,True,ec790070-4835-4864-80a9-221ef0ed2582,Westbound,2025-11-18 13:17:47.268235,511.0,380.0,48.0,78.0
2446,9,CAM002,292,2.0399112887671578,7875,True,ec790070-4835-4864-80a9-221ef0ed2582,Westbound,2025-11-18 13:17:47.266237,557.0,361.0,105.0,140.0
2445,5,CAM002,287,1.883514177811213,7875,True,ec790070-4835-4864-80a9-221ef0ed2582,Westbound,2025-11-18 13:17:47.262234,669.0,334.0,177.0,200.0
2444,7,CAM002,216,2.036873527866025,7875,True,ec790070-4835-4864-80a9-221ef0ed2582,Westbound,2025-11-18 13:17:47.259234,252.0,370.0,129.0,169.0
2443,2,CAM002,76,2.0202518457345517,7875,True,ec790070-4835-4864-80a9-221ef0ed2582,Westbound,2025-11-18 13:17:47.254256,371.0,350.0,255.0,190.0
2442,4,CAM001,303,1.7167222091978471,7940,True,613b4d1e-c528-4ef5-91ef-1fde52080565,Eastbound,2025-11-18 13:17:43.366240,496.0,244.0,107.0,136.0
2441,8,CAM001,301,1.9967699434047033,7940,True,613b4d1e-c528-4ef5-91ef-1fde52080565,Eastbound,2025-11-18 13:17:43.364342,605.0,247.0,71.0,113.0
2440,1,CAM001,223,2.0260105982710366,7940,True,613b4d1e-c528-4ef5-91ef-1fde52080565,Eastbound,2025-11-18 13:17:43.362276,270.0,221.0,122.0,122.0
2439,3,CAM001,220,2.033798433480122,7940,True,613b4d1e-c528-4ef5-91ef-1fde52080565,Eastbound,2025-11-18 13:17:43.359342,378.0,240.0,99.0,99.0
2438,4,CAM002,306,1.7948609869166048,7870,True,ec790070-4835-4864-80a9-221ef0ed2582,Westbound,2025-11-18 13:17:42.956175,511.0,379.0,48.0,80.0
2437,9,CAM002,292,2.033161216388299,7870,True,ec790070-4835-4864-80a9-221ef0ed2582,Westbound,2025-11-18 13:17:42.952164,557.0,361.0,105.0,140.0
2436,5,CAM002,287,1.9995354031237684,7870,True,ec790070-4835-4864-80a9-221ef0ed2582,Westbound,2025-11-18 13:17:42.949163,663.0,295.0,207.0,239.0
2435,7,CAM002,216,2.027622290064408,7870,True,ec790070-4835-4864-80a9-221ef0ed2582,Westbound,2025-11-18 13:17:42.945165,253.0,370.0,128.0,169.0
2434,2,CAM002,76,2.032697088370134,7870,True,ec790070-4835-4864-80a9-221ef0ed2582,Westbound,2025-11-18 13:17:42.941165,369.0,353.0,256.0,187.0
2433,4,CAM001,303,1.6974235180805686,7935,True,613b4d1e-c528-4ef5-91ef-1fde52080565,Eastbound,2025-11-18 13:17:38.375167,498.0,246.0,114.0,134.0
2432,8,CAM001,301,1.9999906361122959,7935,True,613b4d1e-c528-4ef5-91ef-1fde52080565,Eastbound,2025-11-18 13:17:38.370165,607.0,246.0,69.0,112.0
2431,1,CAM001,223,1.9926979708853507,7935,True,613b4d1e-c528-4ef5-91ef-1fde52080565,Eastbound,2025-11-18 13:17:38.368166,271.0,222.0,121.0,120.0
2430,3,CAM001,220,1.9737545396460754,7935,True,613b4d1e-c528-4ef5-91ef-1fde52080565,Eastbound,2025-11-18 13:17:38.364158,378.0,239.0,99.0,100.0
2429,4,CAM002,306,1.8017158621433214,7865,True,ec790070-4835-4864-80a9-221ef0ed2582,Westbound,2025-11-18 13:17:37.856694,511.0,379.0,48.0,80.0
2428,9,CAM002,292,2.0306062228110395,7865,True,ec790070-4835-4864-80a9-221ef0ed2582,Westbound,2025-11-18 13:17:37.853692,557.0,362.0,105.0,138.0
2427,5,CAM002,287,1.9995255999879067,7865,True,ec790070-4835-4864-80a9-221ef0ed2582,Westbound,2025-11-18 13:17:37.849691,663.0,298.0,199.0,237.0
2426,7,CAM002,216,2.030025079953129,7865,True,ec790070-4835-4864-80a9-221ef0ed2582,Westbound,2025-11-18 13:17:37.844685,252.0,370.0,130.0,169.0
2425,2,CAM002,76,2.0283084341877697,7865,True,ec790070-4835-4864-80a9-221ef0ed2582,Westbound,2025-11-18 13:17:37.841684,370.0,354.0,256.0,186.0
2424,4,CAM001,303,1.6982354354555846,7930,True,613b4d1e-c528-4ef5-91ef-1fde52080565,Eastbound,2025-11-18 13:17:33.634482,482.0,242.0,119.0,137.0
2423,8,CAM001,301,2.0304294284251583,7930,True,613b4d1e-c528-4ef5-91ef-1fde52080565,Eastbound,2025-11-18 13:17:33.632483,608.0,246.0,70.0,113.0
2422,1,CAM001,223,2.002811602605123,7930,True,613b4d1e-c528-4ef5-91ef-1fde52080565,Eastbound,2025-11-18 13:17:33.629482,271.0,223.0,119.0,118.0
2421,3,CAM001,220,2.0079169659392124,7930,True,613b4d1e-c528-4ef5-91ef-1fde52080565,Eastbound,2025-11-18 13:17:33.626480,377.0,238.0,101.0,101.0
2420,4,CAM002,306,1.77039563918749,7860,True,ec790070-4835-4864-80a9-221ef0ed2582,Westbound,2025-11-18 13:17:33.288593,509.0,378.0,48.0,81.0
2419,9,CAM002,292,2.0390129109099884,7860,True,ec790070-4835-4864-80a9-221ef0ed2582,Westbound,2025-11-18 13:17:33.286594,557.0,363.0,104.0,136.0
2418,5,CAM002,287,1.9923795506285575,7860,True,ec790070-4835-4864-80a9-221ef0ed2582,Westbound,2025-11-18 13:17:33.283594,659.0,299.0,194.0,236.0
2417,7,CAM002,216,2.025911706421448,7860,True,ec790070-4835-4864-80a9-221ef0ed2582,Westbound,2025-11-18 13:17:33.280592,252.0,370.0,128.0,167.0
2416,2,CAM002,76,2.0165710674339095,7860,True,ec790070-4835-4864-80a9-221ef0ed2582,Westbound,2025-11-18 13:17:33.277611,366.0,354.0,259.0,186.0
2415,4,CAM001,303,1.6895374720715612,7925,True,613b4d1e-c528-4ef5-91ef-1fde52080565,Eastbound,2025-11-18 13:17:29.213790,484.0,244.0,117.0,135.0
2414,8,CAM001,301,2.0203131436189574,7925,True,613b4d1e-c528-4ef5-91ef-1fde52080565,Eastbound,2025-11-18 13:17:29.211785,606.0,247.0,73.0,117.0
2413,1,CAM001,223,2.0046466988232474,7925,True,613b4d1e-c528-4ef5-91ef-1fde52080565,Eastbound,2025-11-18 13:17:29.208796,272.0,223.0,119.0,119.0
2412,3,CAM001,220,2.009564509199275,7925,True,613b4d1e-c528-4ef5-91ef-1fde52080565,Eastbound,2025-11-18 13:17:29.206861,377.0,239.0,100.0,100.0
2411,4,CAM002,306,1.7687155058147417,7855,True,ec790070-4835-4864-80a9-221ef0ed2582,Westbound,2025-11-18 13:17:28.888623,510.0,378.0,46.0,82.0
2410,9,CAM002,292,2.038973157775772,7855,True,ec790070-4835-4864-80a9-221ef0ed2582,Westbound,2025-11-18 13:17:28.886268,558.0,363.0,103.0,136.0
2409,5,CAM002,287,2.011129597498593,7855,True,ec790070-4835-4864-80a9-221ef0ed2582,Westbound,2025-11-18 13:17:28.883262,657.0,293.0,195.0,242.0
2408,7,CAM002,216,2.0242003674732447,7855,True,ec790070-4835-4864-80a9-221ef0ed2582,Westbound,2025-11-18 13:17:28.882262,252.0,370.0,127.0,166.0
2407,2,CAM002,76,2.021251571571099,7855,True,ec790070-4835-4864-80a9-221ef0ed2582,Westbound,2025-11-18 13:17:28.878282,363.0,354.0,255.0,186.0
2406,4,CAM001,303,1.7272907150470371,7920,True,613b4d1e-c528-4ef5-91ef-1fde52080565,Eastbound,2025-11-18 13:17:24.113028,487.0,247.0,113.0,133.0
2405,8,CAM001,301,2.011234931362514,7920,True,613b4d1e-c528-4ef5-91ef-1fde52080565,Eastbound,2025-11-18 13:17:24.111030,604.0,249.0,75.0,116.0
2404,1,CAM001,223,1.902355570845846,7920,True,613b4d1e-c528-4ef5-91ef-1fde52080565,Eastbound,2025-11-18 13:17:24.109116,275.0,231.0,112.0,111.0
2403,3,CAM001,220,2.005625904807104,7920,True,613b4d1e-c528-4ef5-91ef-1fde52080565,Eastbound,2025-11-18 13:17:24.106086,377.0,240.0,100.0,100.0
2402,4,CAM002,306,1.7739172858084633,7850,True,ec790070-4835-4864-80a9-221ef0ed2582,Westbound,2025-11-18 13:17:23.684868,512.0,378.0,47.0,83.0
2401,9,CAM002,292,2.029031536119845,7850,True,ec790070-4835-4864-80a9-221ef0ed2582,Westbound,2025-11-18 13:17:23.680852,558.0,363.0,103.0,137.0
2400,5,CAM002,287,1.9934345135637803,7850,True,ec790070-4835-4864-80a9-221ef0ed2582,Westbound,2025-11-18 13:17:23.677846,656.0,291.0,198.0,245.0
2399,7,CAM002,216,2.0038670988748186,7850,True,ec790070-4835-4864-80a9-221ef0ed2582,Westbound,2025-11-18 13:17:23.674835,251.0,370.0,130.0,168.0
2398,2,CAM002,76,2.023116323794933,7850,True,ec790070-4835-4864-80a9-221ef0ed2582,Westbound,2025-11-18 13:17:23.672903,371.0,353.0,250.0,187.0
2397,4,CAM001,303,1.9724385085203044,7915,True,613b4d1e-c528-4ef5-91ef-1fde52080565,Eastbound,2025-11-18 13:17:18.857194,488.0,245.0,111.0,134.0
2396,8,CAM001,301,1.9926719579961225,7915,True,613b4d1e-c528-4ef5-91ef-1fde52080565,Eastbound,2025-11-18 13:17:18.854193,605.0,248.0,72.0,110.0
2395,1,CAM001,223,1.8312629659518822,7915,True,613b4d1e-c528-4ef5-91ef-1fde52080565,Eastbound,2025-11-18 13:17:18.851195,279.0,232.0,110.0,112.0
2394,3,CAM001,220,1.976856226162806,7915,True,613b4d1e-c528-4ef5-91ef-1fde52080565,Eastbound,2025-11-18 13:17:18.830432,380.0,240.0,98.0,101.0
2393,9,CAM002,292,2.0398087353346557,7845,True,ec790070-4835-4864-80a9-221ef0ed2582,Westbound,2025-11-18 13:17:18.358220,558.0,363.0,102.0,138.0
2392,5,CAM002,287,2.005460256508396,7845,True,ec790070-4835-4864-80a9-221ef0ed2582,Westbound,2025-11-18 13:17:18.355220,654.0,291.0,199.0,245.0
2391,7,CAM002,216,2.018729266661399,7845,True,ec790070-4835-4864-80a9-221ef0ed2582,Westbound,2025-11-18 13:17:18.353218,252.0,370.0,128.0,166.0
2390,2,CAM002,76,1.9796725993018556,7845,True,ec790070-4835-4864-80a9-221ef0ed2582,Westbound,2025-11-18 13:17:18.349233,378.0,352.0,245.0,188.0
2389,4,CAM001,303,2.0286355049020313,7910,True,613b4d1e-c528-4ef5-91ef-1fde52080565,Eastbound,2025-11-18 13:17:14.352143,487.0,242.0,109.0,137.0
2388,8,CAM001,301,2.027461306194085,7910,True,613b4d1e-c528-4ef5-91ef-1fde52080565,Eastbound,2025-11-18 13:17:14.350140,604.0,247.0,72.0,110.0
2387,1,CAM001,223,2.0191471618263774,7910,True,613b4d1e-c528-4ef5-91ef-1fde52080565,Eastbound,2025-11-18 13:17:14.348142,276.0,208.0,138.0,140.0
2386,3,CAM001,220,2.018994062358168,7910,True,613b4d1e-c528-4ef5-91ef-1fde52080565,Eastbound,2025-11-18 13:17:14.345144,385.0,240.0,98.0,99.0
2385,9,CAM002,292,2.038095059319187,7840,True,ec790070-4835-4864-80a9-221ef0ed2582,Westbound,2025-11-18 13:17:14.008329,557.0,362.0,104.0,139.0
2384,5,CAM002,287,1.9919389564583325,7840,True,ec790070-4835-4864-80a9-221ef0ed2582,Westbound,2025-11-18 13:17:14.002330,652.0,290.0,200.0,245.0
2383,7,CAM002,216,1.9988223167496961,7840,True,ec790070-4835-4864-80a9-221ef0ed2582,Westbound,2025-11-18 13:17:13.998367,253.0,370.0,126.0,162.0
2382,2,CAM002,76,2.021796981112164,7840,True,ec790070-4835-4864-80a9-221ef0ed2582,Westbound,2025-11-18 13:17:13.993443,383.0,351.0,239.0,189.0
2381,4,CAM001,303,1.9277531045007468,7905,True,613b4d1e-c528-4ef5-91ef-1fde52080565,Eastbound,2025-11-18 13:17:09.623213,493.0,243.0,102.0,136.0
2380,8,CAM001,301,2.033865575472522,7905,True,613b4d1e-c528-4ef5-91ef-1fde52080565,Eastbound,2025-11-18 13:17:09.621211,604.0,247.0,70.0,109.0
2379,1,CAM001,223,1.92391023709545,7905,True,613b4d1e-c528-4ef5-91ef-1fde52080565,Eastbound,2025-11-18 13:17:09.618697,278.0,213.0,133.0,131.0
2378,3,CAM001,220,2.0040723727040137,7905,True,613b4d1e-c528-4ef5-91ef-1fde52080565,Eastbound,2025-11-18 13:17:09.615631,379.0,240.0,104.0,99.0
2377,9,CAM002,292,2.041973389115062,7835,True,ec790070-4835-4864-80a9-221ef0ed2582,Westbound,2025-11-18 13:17:09.164359,557.0,362.0,104.0,139.0
2376,5,CAM002,287,2.0269744767401794,7835,True,ec790070-4835-4864-80a9-221ef0ed2582,Westbound,2025-11-18 13:17:09.160360,648.0,290.0,207.0,247.0
2375,7,CAM002,216,1.9959175513342127,7835,True,ec790070-4835-4864-80a9-221ef0ed2582,Westbound,2025-11-18 13:17:09.156397,254.0,371.0,125.0,163.0
2374,2,CAM002,76,2.0112596296600995,7835,True,ec790070-4835-4864-80a9-221ef0ed2582,Westbound,2025-11-18 13:17:09.152358,394.0,349.0,230.0,191.0
2373,4,CAM001,303,2.0073001998197713,7900,True,613b4d1e-c528-4ef5-91ef-1fde52080565,Eastbound,2025-11-18 13:17:05.623242,518.0,249.0,95.0,129.0
2372,8,CAM001,301,2.012288111304553,7900,True,613b4d1e-c528-4ef5-91ef-1fde52080565,Eastbound,2025-11-18 13:17:05.622245,603.0,244.0,71.0,112.0
2371,1,CAM001,223,1.9323549874837511,7900,True,613b4d1e-c528-4ef5-91ef-1fde52080565,Eastbound,2025-11-18 13:17:05.620254,283.0,216.0,118.0,121.0
2370,3,CAM001,220,1.9509480303233133,7900,True,613b4d1e-c528-4ef5-91ef-1fde52080565,Eastbound,2025-11-18 13:17:05.616539,374.0,241.0,107.0,99.0
2369,9,CAM002,292,2.0405927008941265,7830,True,ec790070-4835-4864-80a9-221ef0ed2582,Westbound,2025-11-18 13:17:05.321365,557.0,363.0,104.0,138.0
2368,5,CAM002,287,2.0194472451988483,7830,True,ec790070-4835-4864-80a9-221ef0ed2582,Westbound,2025-11-18 13:17:05.318218,646.0,290.0,214.0,246.0
2367,7,CAM002,216,2.0269875947465383,7830,True,ec790070-4835-4864-80a9-221ef0ed2582,Westbound,2025-11-18 13:17:05.314257,252.0,372.0,128.0,166.0
2366,2,CAM002,76,2.0298752967008586,7830,True,ec790070-4835-4864-80a9-221ef0ed2582,Westbound,2025-11-18 13:17:05.311669,400.0,349.0,228.0,191.0
2365,4,CAM001,303,1.945118699685906,7895,True,613b4d1e-c528-4ef5-91ef-1fde52080565,Eastbound,2025-11-18 13:17:01.277087,503.0,246.0,106.0,133.0
2364,8,CAM001,301,2.0012963566136412,7895,True,613b4d1e-c528-4ef5-91ef-1fde52080565,Eastbound,2025-11-18 13:17:01.274087,602.0,240.0,72.0,117.0
2363,1,CAM001,223,2.036924286509094,7895,True,613b4d1e-c528-4ef5-91ef-1fde52080565,Eastbound,2025-11-18 13:17:01.270077,281.0,214.0,125.0,131.0
2362,3,CAM001,220,2.034266630797908,7895,True,613b4d1e-c528-4ef5-91ef-1fde52080565,Eastbound,2025-11-18 13:17:01.265553,377.0,249.0,99.0,90.0
2361,9,CAM002,292,1.9991410089596606,7825,True,ec790070-4835-4864-80a9-221ef0ed2582,Westbound,2025-11-18 13:17:00.731823,557.0,363.0,104.0,138.0
2360,5,CAM002,287,2.027922192214939,7825,True,ec790070-4835-4864-80a9-221ef0ed2582,Westbound,2025-11-18 13:17:00.728814,642.0,292.0,223.0,243.0
2359,7,CAM002,216,2.0346832272075863,7825,True,ec790070-4835-4864-80a9-221ef0ed2582,Westbound,2025-11-18 13:17:00.725321,253.0,372.0,126.0,165.0
2358,2,CAM002,76,1.9986489486538281,7825,True,ec790070-4835-4864-80a9-221ef0ed2582,Westbound,2025-11-18 13:17:00.722341,397.0,350.0,228.0,190.0
2357,4,CAM001,303,2.024035533169009,7890,True,613b4d1e-c528-4ef5-91ef-1fde52080565,Eastbound,2025-11-18 13:16:56.114110,487.0,241.0,110.0,139.0
2356,8,CAM001,301,1.9774114680787087,7890,True,613b4d1e-c528-4ef5-91ef-1fde52080565,Eastbound,2025-11-18 13:16:56.112110,604.0,239.0,72.0,120.0
2355,1,CAM001,223,2.0362837260981563,7890,True,613b4d1e-c528-4ef5-91ef-1fde52080565,Eastbound,2025-11-18 13:16:56.106867,282.0,214.0,124.0,132.0
2354,3,CAM001,220,1.9856633144998885,7890,True,613b4d1e-c528-4ef5-91ef-1fde52080565,Eastbound,2025-11-18 13:16:56.104390,377.0,246.0,100.0,94.0
2353,9,CAM002,292,1.9983272226735154,7820,True,ec790070-4835-4864-80a9-221ef0ed2582,Westbound,2025-11-18 13:16:55.754949,557.0,363.0,104.0,138.0
2352,5,CAM002,287,1.9393347792679476,7820,True,ec790070-4835-4864-80a9-221ef0ed2582,Westbound,2025-11-18 13:16:55.751958,638.0,293.0,242.0,242.0
2351,7,CAM002,216,1.9777577424986117,7820,True,ec790070-4835-4864-80a9-221ef0ed2582,Westbound,2025-11-18 13:16:55.748945,253.0,372.0,127.0,166.0
2350,2,CAM002,76,2.022845311821744,7820,True,ec790070-4835-4864-80a9-221ef0ed2582,Westbound,2025-11-18 13:16:55.745270,396.0,350.0,226.0,190.0
2349,4,CAM001,303,1.9511350428609098,7885,True,613b4d1e-c528-4ef5-91ef-1fde52080565,Eastbound,2025-11-18 13:16:51.140350,500.0,243.0,102.0,136.0
2348,8,CAM001,301,2.022945061561647,7885,True,613b4d1e-c528-4ef5-91ef-1fde52080565,Eastbound,2025-11-18 13:16:51.138346,604.0,241.0,74.0,123.0
2347,1,CAM001,289,1.9171477151010985,7885,True,613b4d1e-c528-4ef5-91ef-1fde52080565,Eastbound,2025-11-18 13:16:51.136353,278.0,247.0,111.0,95.0
2346,7,CAM001,223,1.3698234533563416,7885,True,613b4d1e-c528-4ef5-91ef-1fde52080565,Eastbound,2025-11-18 13:16:51.134292,283.0,215.0,121.0,132.0
2345,3,CAM001,220,1.9791109296773444,7885,True,613b4d1e-c528-4ef5-91ef-1fde52080565,Eastbound,2025-11-18 13:16:51.131356,375.0,241.0,104.0,99.0
2344,9,CAM002,292,2.001656380896445,7815,True,ec790070-4835-4864-80a9-221ef0ed2582,Westbound,2025-11-18 13:16:50.684428,557.0,361.0,105.0,140.0
2343,5,CAM002,287,1.9685317901985315,7815,True,ec790070-4835-4864-80a9-221ef0ed2582,Westbound,2025-11-18 13:16:50.681420,645.0,293.0,260.0,242.0
2342,7,CAM002,216,2.0135917799608434,7815,True,ec790070-4835-4864-80a9-221ef0ed2582,Westbound,2025-11-18 13:16:50.678477,253.0,371.0,128.0,169.0
2341,2,CAM002,76,1.9761619866746303,7815,True,ec790070-4835-4864-80a9-221ef0ed2582,Westbound,2025-11-18 13:16:50.674454,397.0,350.0,229.0,190.0
2340,4,CAM001,303,1.9270113935616782,7880,True,613b4d1e-c528-4ef5-91ef-1fde52080565,Eastbound,2025-11-18 13:16:46.069672,503.0,246.0,109.0,132.0
2339,8,CAM001,301,2.0179939229504043,7880,True,613b4d1e-c528-4ef5-91ef-1fde52080565,Eastbound,2025-11-18 13:16:46.066672,604.0,243.0,75.0,122.0
2338,7,CAM001,289,1.5484268991751968,7880,True,613b4d1e-c528-4ef5-91ef-1fde52080565,Eastbound,2025-11-18 13:16:46.064672,277.0,247.0,112.0,95.0
2337,5,CAM001,256,1.5520833477836944,7880,True,613b4d1e-c528-4ef5-91ef-1fde52080565,Eastbound,2025-11-18 13:16:46.062673,723.0,251.0,75.0,118.0
2336,1,CAM001,223,1.9581092909446483,7880,True,613b4d1e-c528-4ef5-91ef-1fde52080565,Eastbound,2025-11-18 13:16:46.058670,284.0,218.0,118.0,130.0
2335,3,CAM001,220,1.9650947235687861,7880,True,613b4d1e-c528-4ef5-91ef-1fde52080565,Eastbound,2025-11-18 13:16:46.055687,378.0,243.0,104.0,97.0
2334,9,CAM002,292,2.0035218793204574,7810,True,ec790070-4835-4864-80a9-221ef0ed2582,Westbound,2025-11-18 13:16:45.369956,555.0,361.0,107.0,139.0
2333,5,CAM002,287,1.5420431835380806,7810,True,ec790070-4835-4864-80a9-221ef0ed2582,Westbound,2025-11-18 13:16:45.367943,651.0,291.0,269.0,245.0
2332,7,CAM002,216,2.0185941632257487,7810,True,ec790070-4835-4864-80a9-221ef0ed2582,Westbound,2025-11-18 13:16:45.366944,252.0,371.0,129.0,169.0
2331,2,CAM002,76,1.9990585023510077,7810,True,ec790070-4835-4864-80a9-221ef0ed2582,Westbound,2025-11-18 13:16:45.363923,393.0,350.0,234.0,190.0
2330,4,CAM001,303,2.0218411450928584,7875,True,613b4d1e-c528-4ef5-91ef-1fde52080565,Eastbound,2025-11-18 13:16:40.336629,485.0,242.0,115.0,137.0
2329,8,CAM001,301,2.0312207929110278,7875,True,613b4d1e-c528-4ef5-91ef-1fde52080565,Eastbound,2025-11-18 13:16:40.334641,603.0,245.0,74.0,117.0
2328,5,CAM001,256,1.4737143050030723,7875,True,613b4d1e-c528-4ef5-91ef-1fde52080565,Eastbound,2025-11-18 13:16:40.332630,720.0,249.0,79.0,127.0
2327,1,CAM001,223,1.9595044018651455,7875,True,613b4d1e-c528-4ef5-91ef-1fde52080565,Eastbound,2025-11-18 13:16:40.330664,284.0,221.0,116.0,128.0
2326,3,CAM001,220,1.5871660589655687,7875,True,613b4d1e-c528-4ef5-91ef-1fde52080565,Eastbound,2025-11-18 13:16:40.327633,384.0,242.0,102.0,99.0
2325,3,CAM002,303,1.712412975546495,7805,True,ec790070-4835-4864-80a9-221ef0ed2582,Westbound,2025-11-18 13:16:39.862404,360.0,386.0,83.0,97.0
2324,9,CAM002,292,1.9745747414536055,7805,True,ec790070-4835-4864-80a9-221ef0ed2582,Westbound,2025-11-18 13:16:39.860174,554.0,361.0,109.0,139.0
2323,5,CAM002,287,1.589961226677997,7805,True,ec790070-4835-4864-80a9-221ef0ed2582,Westbound,2025-11-18 13:16:39.858054,648.0,295.0,282.0,241.0
2322,7,CAM002,216,2.0195142727684967,7805,True,ec790070-4835-4864-80a9-221ef0ed2582,Westbound,2025-11-18 13:16:39.854383,252.0,372.0,129.0,168.0
2321,2,CAM002,76,2.0188037196076167,7805,True,ec790070-4835-4864-80a9-221ef0ed2582,Westbound,2025-11-18 13:16:39.851416,394.0,351.0,234.0,189.0
2320,4,CAM001,303,1.728255260576212,7870,True,613b4d1e-c528-4ef5-91ef-1fde52080565,Eastbound,2025-11-18 13:16:34.576193,485.0,244.0,116.0,135.0
2319,8,CAM001,301,2.0051479238706102,7870,True,613b4d1e-c528-4ef5-91ef-1fde52080565,Eastbound,2025-11-18 13:16:34.574193,603.0,244.0,74.0,118.0
2318,1,CAM001,289,2.028215558878103,7870,True,613b4d1e-c528-4ef5-91ef-1fde52080565,Eastbound,2025-11-18 13:16:34.572196,274.0,247.0,113.0,95.0
2317,9,CAM001,256,1.5357736047987567,7870,True,613b4d1e-c528-4ef5-91ef-1fde52080565,Eastbound,2025-11-18 13:16:34.570193,713.0,248.0,89.0,140.0
2316,7,CAM001,223,1.4987616577402139,7870,True,613b4d1e-c528-4ef5-91ef-1fde52080565,Eastbound,2025-11-18 13:16:34.568192,285.0,222.0,111.0,128.0
2315,3,CAM001,220,1.5737335706626128,7870,True,613b4d1e-c528-4ef5-91ef-1fde52080565,Eastbound,2025-11-18 13:16:34.565193,383.0,240.0,102.0,103.0
2314,4,CAM002,304,1.7828054014467545,7800,True,ec790070-4835-4864-80a9-221ef0ed2582,Westbound,2025-11-18 13:16:34.031991,508.0,378.0,52.0,82.0
2313,3,CAM002,303,1.7195707915891276,7800,True,ec790070-4835-4864-80a9-221ef0ed2582,Westbound,2025-11-18 13:16:34.029992,360.0,385.0,83.0,97.0
2312,9,CAM002,292,1.6554791497774177,7800,True,ec790070-4835-4864-80a9-221ef0ed2582,Westbound,2025-11-18 13:16:34.025991,553.0,361.0,112.0,141.0
2311,5,CAM002,287,1.9921098207957828,7800,True,ec790070-4835-4864-80a9-221ef0ed2582,Westbound,2025-11-18 13:16:34.023991,664.0,307.0,268.0,228.0
2310,7,CAM002,216,1.9986844429441981,7800,True,ec790070-4835-4864-80a9-221ef0ed2582,Westbound,2025-11-18 13:16:34.020993,252.0,372.0,129.0,167.0
2309,2,CAM002,76,2.0130265038189914,7800,True,ec790070-4835-4864-80a9-221ef0ed2582,Westbound,2025-11-18 13:16:34.016993,395.0,352.0,236.0,188.0
2308,4,CAM001,303,1.9870294962052453,7865,True,613b4d1e-c528-4ef5-91ef-1fde52080565,Eastbound,2025-11-18 13:16:28.713117,487.0,245.0,112.0,134.0
2307,8,CAM001,301,2.016977548745333,7865,True,613b4d1e-c528-4ef5-91ef-1fde52080565,Eastbound,2025-11-18 13:16:28.709117,603.0,244.0,73.0,116.0
2306,7,CAM001,289,1.4753814242273067,7865,True,613b4d1e-c528-4ef5-91ef-1fde52080565,Eastbound,2025-11-18 13:16:28.705119,276.0,248.0,109.0,95.0
2305,9,CAM001,256,1.4551597117161517,7865,True,613b4d1e-c528-4ef5-91ef-1fde52080565,Eastbound,2025-11-18 13:16:28.700117,712.0,250.0,90.0,131.0
2304,1,CAM001,223,1.9730743672730016,7865,True,613b4d1e-c528-4ef5-91ef-1fde52080565,Eastbound,2025-11-18 13:16:28.696117,285.0,207.0,124.0,144.0
2303,3,CAM001,220,1.6262634592438585,7865,True,613b4d1e-c528-4ef5-91ef-1fde52080565,Eastbound,2025-11-18 13:16:28.693116,387.0,245.0,91.0,97.0
2302,3,CAM002,303,1.7022954319166133,7795,True,ec790070-4835-4864-80a9-221ef0ed2582,Westbound,2025-11-18 13:16:28.115304,359.0,385.0,85.0,96.0
2301,9,CAM002,292,2.0252422900298512,7795,True,ec790070-4835-4864-80a9-221ef0ed2582,Westbound,2025-11-18 13:16:28.111307,551.0,362.0,116.0,140.0
2300,5,CAM002,287,1.600478441964156,7795,True,ec790070-4835-4864-80a9-221ef0ed2582,Westbound,2025-11-18 13:16:28.107305,659.0,313.0,258.0,221.0
2299,7,CAM002,216,2.024853483930945,7795,True,ec790070-4835-4864-80a9-221ef0ed2582,Westbound,2025-11-18 13:16:28.104307,253.0,372.0,128.0,167.0
2298,2,CAM002,76,2.0216777089564975,7795,True,ec790070-4835-4864-80a9-221ef0ed2582,Westbound,2025-11-18 13:16:28.096308,391.0,354.0,237.0,186.0
2297,4,CAM001,303,2.019279512338246,7860,True,613b4d1e-c528-4ef5-91ef-1fde52080565,Eastbound,2025-11-18 13:16:23.426517,485.0,242.0,114.0,138.0
2296,8,CAM001,301,2.036734571005028,7860,True,613b4d1e-c528-4ef5-91ef-1fde52080565,Eastbound,2025-11-18 13:16:23.424515,605.0,245.0,69.0,111.0
2295,5,CAM001,256,1.45070659229935,7860,True,613b4d1e-c528-4ef5-91ef-1fde52080565,Eastbound,2025-11-18 13:16:23.423516,719.0,252.0,77.0,113.0
2294,1,CAM001,223,1.9862374292925842,7860,True,613b4d1e-c528-4ef5-91ef-1fde52080565,Eastbound,2025-11-18 13:16:23.421515,289.0,209.0,121.0,143.0
2293,3,CAM001,220,1.5880732165052789,7860,True,613b4d1e-c528-4ef5-91ef-1fde52080565,Eastbound,2025-11-18 13:16:23.419536,391.0,245.0,92.0,95.0
2292,3,CAM002,303,1.469504768370241,7790,True,ec790070-4835-4864-80a9-221ef0ed2582,Westbound,2025-11-18 13:16:23.048787,355.0,386.0,92.0,96.0
2291,9,CAM002,292,1.910579269561248,7790,True,ec790070-4835-4864-80a9-221ef0ed2582,Westbound,2025-11-18 13:16:23.046787,542.0,361.0,122.0,140.0
2290,5,CAM002,287,1.3324616916232987,7790,True,ec790070-4835-4864-80a9-221ef0ed2582,Westbound,2025-11-18 13:16:23.041788,655.0,317.0,258.0,217.0
2289,7,CAM002,216,2.018871032593341,7790,True,ec790070-4835-4864-80a9-221ef0ed2582,Westbound,2025-11-18 13:16:23.039787,252.0,372.0,130.0,168.0
2288,2,CAM002,76,1.960952032264647,7790,True,ec790070-4835-4864-80a9-221ef0ed2582,Westbound,2025-11-18 13:16:23.035812,387.0,353.0,246.0,187.0
2287,4,CAM001,303,2.0214184685491356,7855,True,613b4d1e-c528-4ef5-91ef-1fde52080565,Eastbound,2025-11-18 13:16:18.989095,486.0,244.0,112.0,136.0
2286,8,CAM001,301,1.997325105931248,7855,True,613b4d1e-c528-4ef5-91ef-1fde52080565,Eastbound,2025-11-18 13:16:18.986095,604.0,243.0,71.0,119.0
2285,5,CAM001,295,2.0285556162887644,7855,True,613b4d1e-c528-4ef5-91ef-1fde52080565,Eastbound,2025-11-18 13:16:18.982093,754.0,227.0,93.0,202.0
2284,7,CAM001,289,1.5992664561303551,7855,True,613b4d1e-c528-4ef5-91ef-1fde52080565,Eastbound,2025-11-18 13:16:18.979093,281.0,251.0,104.0,92.0
2283,9,CAM001,256,1.4333773243639374,7855,True,613b4d1e-c528-4ef5-91ef-1fde52080565,Eastbound,2025-11-18 13:16:18.976094,720.0,253.0,74.0,116.0
2282,1,CAM001,223,1.3941610873951369,7855,True,613b4d1e-c528-4ef5-91ef-1fde52080565,Eastbound,2025-11-18 13:16:18.972095,293.0,213.0,117.0,142.0
2281,3,CAM001,220,1.9804845729270806,7855,True,613b4d1e-c528-4ef5-91ef-1fde52080565,Eastbound,2025-11-18 13:16:18.968139,386.0,245.0,97.0,95.0
2280,9,CAM002,292,1.8494764102554544,7785,True,ec790070-4835-4864-80a9-221ef0ed2582,Westbound,2025-11-18 13:16:18.390333,548.0,360.0,102.0,123.0
2279,7,CAM002,216,1.5199085447292358,7785,True,ec790070-4835-4864-80a9-221ef0ed2582,Westbound,2025-11-18 13:16:18.388335,252.0,371.0,130.0,169.0
2278,2,CAM002,76,1.987265980509932,7785,True,ec790070-4835-4864-80a9-221ef0ed2582,Westbound,2025-11-18 13:16:18.383354,384.0,352.0,254.0,188.0
2277,4,CAM001,303,2.016211575244372,7850,True,613b4d1e-c528-4ef5-91ef-1fde52080565,Eastbound,2025-11-18 13:16:15.027455,491.0,246.0,106.0,134.0
2276,8,CAM001,301,1.950349088310004,7850,True,613b4d1e-c528-4ef5-91ef-1fde52080565,Eastbound,2025-11-18 13:16:15.022451,603.0,242.0,74.0,124.0
2275,5,CAM001,295,1.9905490273845967,7850,True,613b4d1e-c528-4ef5-91ef-1fde52080565,Eastbound,2025-11-18 13:16:15.015460,757.0,226.0,87.0,204.0
2274,7,CAM001,289,1.4603787973609363,7850,True,613b4d1e-c528-4ef5-91ef-1fde52080565,Eastbound,2025-11-18 13:16:15.010453,284.0,251.0,99.0,92.0
2273,3,CAM001,220,1.6255822332057908,7850,True,613b4d1e-c528-4ef5-91ef-1fde52080565,Eastbound,2025-11-18 13:16:15.003451,381.0,243.0,99.0,99.0
2272,3,CAM002,303,1.5312226402256242,7780,True,ec790070-4835-4864-80a9-221ef0ed2582,Westbound,2025-11-18 13:16:14.660877,363.0,388.0,82.0,84.0
2271,9,CAM002,292,1.4926205694474384,7780,True,ec790070-4835-4864-80a9-221ef0ed2582,Westbound,2025-11-18 13:16:14.659878,577.0,368.0,64.0,88.0
2270,7,CAM002,216,2.0302413686375593,7780,True,ec790070-4835-4864-80a9-221ef0ed2582,Westbound,2025-11-18 13:16:14.657821,251.0,370.0,131.0,169.0
2269,2,CAM002,76,1.969219097143754,7780,True,ec790070-4835-4864-80a9-221ef0ed2582,Westbound,2025-11-18 13:16:14.652836,392.0,352.0,248.0,188.0
2268,4,CAM001,303,1.9983020434755476,7845,True,613b4d1e-c528-4ef5-91ef-1fde52080565,Eastbound,2025-11-18 13:16:10.914899,496.0,246.0,97.0,134.0
2267,8,CAM001,301,1.9889005472881185,7845,True,613b4d1e-c528-4ef5-91ef-1fde52080565,Eastbound,2025-11-18 13:16:10.912898,608.0,243.0,69.0,115.0
2266,5,CAM001,295,1.460214188197068,7845,True,613b4d1e-c528-4ef5-91ef-1fde52080565,Eastbound,2025-11-18 13:16:10.911898,763.0,222.0,75.0,208.0
2265,9,CAM001,256,2.0282423705606347,7845,True,613b4d1e-c528-4ef5-91ef-1fde52080565,Eastbound,2025-11-18 13:16:10.908901,710.0,252.0,89.0,140.0
2264,3,CAM001,220,2.01125531044311,7845,True,613b4d1e-c528-4ef5-91ef-1fde52080565,Eastbound,2025-11-18 13:16:10.904896,380.0,237.0,103.0,105.0
2263,1,CAM002,287,1.8233481534210907,7775,True,ec790070-4835-4864-80a9-221ef0ed2582,Westbound,2025-11-18 13:16:10.589533,656.0,310.0,268.0,224.0
2262,7,CAM002,216,2.019190380825182,7775,True,ec790070-4835-4864-80a9-221ef0ed2582,Westbound,2025-11-18 13:16:10.585667,251.0,370.0,130.0,165.0
2261,2,CAM002,76,1.88097066632382,7775,True,ec790070-4835-4864-80a9-221ef0ed2582,Westbound,2025-11-18 13:16:10.582652,381.0,339.0,266.0,201.0
2260,4,CAM001,303,1.5726398803270942,7840,True,613b4d1e-c528-4ef5-91ef-1fde52080565,Eastbound,2025-11-18 13:16:06.341976,508.0,247.0,84.0,133.0
2259,8,CAM001,301,2.0099272755968127,7840,True,613b4d1e-c528-4ef5-91ef-1fde52080565,Eastbound,2025-11-18 13:16:06.339978,610.0,247.0,66.0,112.0
2258,9,CAM001,256,1.9390156701125454,7840,True,613b4d1e-c528-4ef5-91ef-1fde52080565,Eastbound,2025-11-18 13:16:06.335978,713.0,253.0,84.0,129.0
2257,5,CAM001,223,2.0027564813818586,7840,True,613b4d1e-c528-4ef5-91ef-1fde52080565,Eastbound,2025-11-18 13:16:06.333967,283.0,224.0,106.0,129.0
2256,3,CAM001,220,1.9988566500971556,7840,True,613b4d1e-c528-4ef5-91ef-1fde52080565,Eastbound,2025-11-18 13:16:06.329966,379.0,237.0,104.0,104.0
2255,4,CAM002,292,1.654076058288648,7770,True,ec790070-4835-4864-80a9-221ef0ed2582,Westbound,2025-11-18 13:16:05.910726,596.0,411.0,65.0,95.0
2254,1,CAM002,287,1.9992599203116972,7770,True,ec790070-4835-4864-80a9-221ef0ed2582,Westbound,2025-11-18 13:16:05.906728,659.0,313.0,267.0,222.0
2253,7,CAM002,216,2.008717154103913,7770,True,ec790070-4835-4864-80a9-221ef0ed2582,Westbound,2025-11-18 13:16:05.904723,253.0,371.0,127.0,159.0
2252,2,CAM002,76,1.9539495262063222,7770,True,ec790070-4835-4864-80a9-221ef0ed2582,Westbound,2025-11-18 13:16:05.899724,362.0,330.0,289.0,210.0
2251,4,CAM001,303,1.6180912520087671,7835,True,613b4d1e-c528-4ef5-91ef-1fde52080565,Eastbound,2025-11-18 13:16:01.436229,523.0,248.0,80.0,131.0
2250,8,CAM001,301,1.9233445478804492,7835,True,613b4d1e-c528-4ef5-91ef-1fde52080565,Eastbound,2025-11-18 13:16:01.434279,614.0,249.0,59.0,109.0
2249,5,CAM001,289,2.0217129670547744,7835,True,613b4d1e-c528-4ef5-91ef-1fde52080565,Eastbound,2025-11-18 13:16:01.433300,286.0,250.0,96.0,93.0
2248,9,CAM001,256,1.9149480938240393,7835,True,613b4d1e-c528-4ef5-91ef-1fde52080565,Eastbound,2025-11-18 13:16:01.431284,717.0,253.0,75.0,121.0
2247,7,CAM001,223,1.3952530278380109,7835,True,613b4d1e-c528-4ef5-91ef-1fde52080565,Eastbound,2025-11-18 13:16:01.430290,293.0,223.0,94.0,125.0
2246,3,CAM001,220,2.018481698660001,7835,True,613b4d1e-c528-4ef5-91ef-1fde52080565,Eastbound,2025-11-18 13:16:01.414179,381.0,243.0,100.0,99.0
2245,4,CAM002,292,1.6227969808769096,7765,True,ec790070-4835-4864-80a9-221ef0ed2582,Westbound,2025-11-18 13:16:00.959238,595.0,412.0,65.0,94.0
2244,1,CAM002,287,1.9777667915934964,7765,True,ec790070-4835-4864-80a9-221ef0ed2582,Westbound,2025-11-18 13:16:00.956236,664.0,317.0,257.0,219.0
2243,7,CAM002,216,2.0372988429429824,7765,True,ec790070-4835-4864-80a9-221ef0ed2582,Westbound,2025-11-18 13:16:00.953237,254.0,371.0,125.0,157.0
2242,2,CAM002,76,1.9911028586764028,7765,True,ec790070-4835-4864-80a9-221ef0ed2582,Westbound,2025-11-18 13:16:00.948238,364.0,345.0,277.0,195.0
2241,4,CAM001,303,1.9861334900480605,7830,True,613b4d1e-c528-4ef5-91ef-1fde52080565,Eastbound,2025-11-18 13:15:56.555761,524.0,247.0,80.0,132.0
2240,8,CAM001,301,2.031144174440876,7830,True,613b4d1e-c528-4ef5-91ef-1fde52080565,Eastbound,2025-11-18 13:15:56.553799,607.0,245.0,69.0,134.0
2239,5,CAM001,289,1.8770123134586143,7830,True,613b4d1e-c528-4ef5-91ef-1fde52080565,Eastbound,2025-11-18 13:15:56.552761,280.0,234.0,112.0,111.0
2238,9,CAM001,256,1.9908628856079265,7830,True,613b4d1e-c528-4ef5-91ef-1fde52080565,Eastbound,2025-11-18 13:15:56.550761,707.0,246.0,89.0,147.0
2237,3,CAM001,220,1.9862902215714942,7830,True,613b4d1e-c528-4ef5-91ef-1fde52080565,Eastbound,2025-11-18 13:15:56.546866,379.0,242.0,101.0,100.0
2236,1,CAM002,287,2.0237470523964713,7760,True,ec790070-4835-4864-80a9-221ef0ed2582,Westbound,2025-11-18 13:15:56.168583,657.0,315.0,256.0,221.0
2235,7,CAM002,216,2.0356722176017494,7760,True,ec790070-4835-4864-80a9-221ef0ed2582,Westbound,2025-11-18 13:15:56.167583,254.0,370.0,125.0,159.0
2234,2,CAM002,76,2.013125231928033,7760,True,ec790070-4835-4864-80a9-221ef0ed2582,Westbound,2025-11-18 13:15:56.164599,371.0,346.0,275.0,194.0
2233,4,CAM001,303,2.0114513839917003,7825,True,613b4d1e-c528-4ef5-91ef-1fde52080565,Eastbound,2025-11-18 13:15:52.066626,524.0,246.0,81.0,134.0
2232,8,CAM001,301,1.553484676620056,7825,True,613b4d1e-c528-4ef5-91ef-1fde52080565,Eastbound,2025-11-18 13:15:52.062107,608.0,243.0,67.0,134.0
2231,5,CAM001,289,1.981805187014717,7825,True,613b4d1e-c528-4ef5-91ef-1fde52080565,Eastbound,2025-11-18 13:15:52.059109,268.0,207.0,143.0,140.0
2230,9,CAM001,256,2.0150094324040744,7825,True,613b4d1e-c528-4ef5-91ef-1fde52080565,Eastbound,2025-11-18 13:15:52.055090,703.0,243.0,96.0,153.0
2229,3,CAM001,220,2.03419413726452,7825,True,613b4d1e-c528-4ef5-91ef-1fde52080565,Eastbound,2025-11-18 13:15:52.049584,378.0,239.0,103.0,101.0
2228,1,CAM002,287,2.0135274264513985,7755,True,ec790070-4835-4864-80a9-221ef0ed2582,Westbound,2025-11-18 13:15:51.608081,657.0,313.0,258.0,221.0
2227,7,CAM002,216,2.0145380908540607,7755,True,ec790070-4835-4864-80a9-221ef0ed2582,Westbound,2025-11-18 13:15:51.607082,254.0,370.0,125.0,160.0
2226,2,CAM002,76,2.0255620421891773,7755,True,ec790070-4835-4864-80a9-221ef0ed2582,Westbound,2025-11-18 13:15:51.603548,373.0,347.0,272.0,193.0
2225,4,CAM001,303,1.6374312871962273,7820,True,613b4d1e-c528-4ef5-91ef-1fde52080565,Eastbound,2025-11-18 13:15:47.108526,526.0,244.0,81.0,135.0
2224,5,CAM001,289,1.8671059675238848,7820,True,613b4d1e-c528-4ef5-91ef-1fde52080565,Eastbound,2025-11-18 13:15:47.106520,270.0,220.0,136.0,125.0
2223,9,CAM001,256,1.9221892598370318,7820,True,613b4d1e-c528-4ef5-91ef-1fde52080565,Eastbound,2025-11-18 13:15:47.103007,698.0,243.0,105.0,152.0
2222,8,CAM001,223,2.0250966903210244,7820,True,613b4d1e-c528-4ef5-91ef-1fde52080565,Eastbound,2025-11-18 13:15:47.102009,359.0,215.0,50.0,71.0
2221,3,CAM001,220,2.0261773143096953,7820,True,613b4d1e-c528-4ef5-91ef-1fde52080565,Eastbound,2025-11-18 13:15:47.098009,377.0,238.0,104.0,103.0
2220,2,CAM002,292,2.038126589516841,7750,True,ec790070-4835-4864-80a9-221ef0ed2582,Westbound,2025-11-18 13:15:46.600287,594.0,413.0,65.0,94.0
2219,1,CAM002,287,1.9679950689828687,7750,True,ec790070-4835-4864-80a9-221ef0ed2582,Westbound,2025-11-18 13:15:46.598290,668.0,312.0,256.0,222.0
2218,7,CAM002,216,2.0002137438339616,7750,True,ec790070-4835-4864-80a9-221ef0ed2582,Westbound,2025-11-18 13:15:46.593244,255.0,371.0,124.0,160.0
2217,4,CAM002,76,1.6205398042409012,7750,True,ec790070-4835-4864-80a9-221ef0ed2582,Westbound,2025-11-18 13:15:46.588257,374.0,348.0,262.0,192.0
2216,4,CAM001,303,2.0074472861761334,7815,True,613b4d1e-c528-4ef5-91ef-1fde52080565,Eastbound,2025-11-18 13:15:42.149347,526.0,243.0,80.0,136.0
2215,5,CAM001,302,1.1723872291059907,7815,True,613b4d1e-c528-4ef5-91ef-1fde52080565,Eastbound,2025-11-18 13:15:42.148348,358.0,214.0,53.0,106.0
2214,7,CAM001,289,1.4563072333535545,7815,True,613b4d1e-c528-4ef5-91ef-1fde52080565,Eastbound,2025-11-18 13:15:42.146347,282.0,248.0,105.0,96.0
2213,9,CAM001,256,2.037932880365306,7815,True,613b4d1e-c528-4ef5-91ef-1fde52080565,Eastbound,2025-11-18 13:15:42.142830,708.0,244.0,86.0,123.0
2212,8,CAM001,223,1.1411060360119025,7815,True,613b4d1e-c528-4ef5-91ef-1fde52080565,Eastbound,2025-11-18 13:15:42.140828,357.0,215.0,53.0,70.0
2211,3,CAM001,220,2.0218789682729454,7815,True,613b4d1e-c528-4ef5-91ef-1fde52080565,Eastbound,2025-11-18 13:15:42.137822,376.0,239.0,105.0,102.0
2210,2,CAM002,292,2.014715330317377,7745,True,ec790070-4835-4864-80a9-221ef0ed2582,Westbound,2025-11-18 13:15:41.716421,595.0,413.0,64.0,95.0
2209,1,CAM002,287,1.9571766146544796,7745,True,ec790070-4835-4864-80a9-221ef0ed2582,Westbound,2025-11-18 13:15:41.713306,677.0,317.0,226.0,218.0
2208,7,CAM002,216,1.589004534148117,7745,True,ec790070-4835-4864-80a9-221ef0ed2582,Westbound,2025-11-18 13:15:41.711301,254.0,371.0,126.0,165.0
2207,8,CAM002,76,2.0128882615090196,7745,True,ec790070-4835-4864-80a9-221ef0ed2582,Westbound,2025-11-18 13:15:41.708319,368.0,350.0,259.0,190.0
2206,4,CAM001,301,1.959718294699673,7810,True,613b4d1e-c528-4ef5-91ef-1fde52080565,Eastbound,2025-11-18 13:15:37.232643,610.0,220.0,65.0,136.0
2205,9,CAM001,256,2.0281727598797885,7810,True,613b4d1e-c528-4ef5-91ef-1fde52080565,Eastbound,2025-11-18 13:15:37.230632,709.0,245.0,86.0,122.0
2204,3,CAM001,220,2.0288633623205143,7810,True,613b4d1e-c528-4ef5-91ef-1fde52080565,Eastbound,2025-11-18 13:15:37.227689,377.0,239.0,103.0,101.0
2203,2,CAM002,292,2.022822860545047,7740,True,ec790070-4835-4864-80a9-221ef0ed2582,Westbound,2025-11-18 13:15:36.967466,595.0,413.0,66.0,96.0
2202,1,CAM002,287,2.0074657780576843,7740,True,ec790070-4835-4864-80a9-221ef0ed2582,Westbound,2025-11-18 13:15:36.965458,647.0,322.0,220.0,213.0
2201,7,CAM002,216,2.0093539372171505,7740,True,ec790070-4835-4864-80a9-221ef0ed2582,Westbound,2025-11-18 13:15:36.962456,252.0,370.0,129.0,167.0
2200,8,CAM002,76,2.004517029423239,7740,True,ec790070-4835-4864-80a9-221ef0ed2582,Westbound,2025-11-18 13:15:36.960458,369.0,349.0,258.0,191.0
2199,2,CAM001,299,1.5745500243338593,7805,True,613b4d1e-c528-4ef5-91ef-1fde52080565,Eastbound,2025-11-18 13:15:33.235196,557.0,258.0,46.0,84.0
2198,7,CAM001,289,1.508359289039748,7805,True,613b4d1e-c528-4ef5-91ef-1fde52080565,Eastbound,2025-11-18 13:15:33.233196,284.0,250.0,102.0,94.0
2197,9,CAM001,256,1.9468484723274826,7805,True,613b4d1e-c528-4ef5-91ef-1fde52080565,Eastbound,2025-11-18 13:15:33.230196,706.0,244.0,91.0,133.0
2196,4,CAM001,223,2.021573757652235,7805,True,613b4d1e-c528-4ef5-91ef-1fde52080565,Eastbound,2025-11-18 13:15:33.228196,354.0,215.0,53.0,69.0
2195,3,CAM001,220,2.02658914899878,7805,True,613b4d1e-c528-4ef5-91ef-1fde52080565,Eastbound,2025-11-18 13:15:33.226231,378.0,240.0,102.0,100.0
2194,2,CAM002,292,1.627650544300344,7735,True,ec790070-4835-4864-80a9-221ef0ed2582,Westbound,2025-11-18 13:15:32.867297,594.0,413.0,67.0,97.0
2193,1,CAM002,287,2.0046496766143203,7735,True,ec790070-4835-4864-80a9-221ef0ed2582,Westbound,2025-11-18 13:15:32.864298,639.0,322.0,232.0,211.0
2192,7,CAM002,216,1.580094296974079,7735,True,ec790070-4835-4864-80a9-221ef0ed2582,Westbound,2025-11-18 13:15:32.862293,252.0,371.0,128.0,165.0
2191,8,CAM002,76,1.9808043479228539,7735,True,ec790070-4835-4864-80a9-221ef0ed2582,Westbound,2025-11-18 13:15:32.859368,368.0,348.0,260.0,192.0
2190,2,CAM001,299,1.42883716549148,7800,True,613b4d1e-c528-4ef5-91ef-1fde52080565,Eastbound,2025-11-18 13:15:28.846236,558.0,258.0,44.0,83.0
2189,7,CAM001,289,1.396359423546773,7800,True,613b4d1e-c528-4ef5-91ef-1fde52080565,Eastbound,2025-11-18 13:15:28.844237,282.0,235.0,113.0,109.0
2188,9,CAM001,256,1.9116991733163997,7800,True,613b4d1e-c528-4ef5-91ef-1fde52080565,Eastbound,2025-11-18 13:15:28.842240,703.0,245.0,97.0,136.0
2187,4,CAM001,223,1.7940099120016069,7800,True,613b4d1e-c528-4ef5-91ef-1fde52080565,Eastbound,2025-11-18 13:15:28.840238,354.0,215.0,53.0,68.0
2186,3,CAM001,220,2.035769706669894,7800,True,613b4d1e-c528-4ef5-91ef-1fde52080565,Eastbound,2025-11-18 13:15:28.838236,378.0,240.0,104.0,102.0
2185,2,CAM002,292,2.0384216006171245,7730,True,ec790070-4835-4864-80a9-221ef0ed2582,Westbound,2025-11-18 13:15:28.477380,594.0,413.0,67.0,97.0
2184,1,CAM002,287,1.9908194500361143,7730,True,ec790070-4835-4864-80a9-221ef0ed2582,Westbound,2025-11-18 13:15:28.473370,641.0,322.0,254.0,212.0
2183,7,CAM002,216,2.0137564011725955,7730,True,ec790070-4835-4864-80a9-221ef0ed2582,Westbound,2025-11-18 13:15:28.471335,253.0,371.0,127.0,166.0
2182,8,CAM002,76,2.0123532619359916,7730,True,ec790070-4835-4864-80a9-221ef0ed2582,Westbound,2025-11-18 13:15:28.468369,367.0,348.0,262.0,192.0
2181,4,CAM001,289,2.0020596913565374,7795,True,613b4d1e-c528-4ef5-91ef-1fde52080565,Eastbound,2025-11-18 13:15:24.911205,276.0,213.0,136.0,131.0
2180,9,CAM001,256,1.9720039096465392,7795,True,613b4d1e-c528-4ef5-91ef-1fde52080565,Eastbound,2025-11-18 13:15:24.908203,713.0,252.0,80.0,111.0
2179,3,CAM001,220,1.9770684351266692,7795,True,613b4d1e-c528-4ef5-91ef-1fde52080565,Eastbound,2025-11-18 13:15:24.905195,378.0,240.0,104.0,101.0
2178,2,CAM002,292,2.035431764572556,7725,True,ec790070-4835-4864-80a9-221ef0ed2582,Westbound,2025-11-18 13:15:24.587417,594.0,413.0,66.0,97.0
2177,1,CAM002,287,1.9765854244209957,7725,True,ec790070-4835-4864-80a9-221ef0ed2582,Westbound,2025-11-18 13:15:24.586426,662.0,319.0,261.0,217.0
2176,7,CAM002,216,2.0207659475274435,7725,True,ec790070-4835-4864-80a9-221ef0ed2582,Westbound,2025-11-18 13:15:24.584420,253.0,371.0,127.0,166.0
2175,8,CAM002,76,2.03957054218458,7725,True,ec790070-4835-4864-80a9-221ef0ed2582,Westbound,2025-11-18 13:15:24.582512,368.0,348.0,260.0,192.0
2174,7,CAM001,289,1.4713121423452777,7790,True,613b4d1e-c528-4ef5-91ef-1fde52080565,Eastbound,2025-11-18 13:15:20.512248,277.0,226.0,127.0,118.0
2173,9,CAM001,256,1.9707928482332406,7790,True,613b4d1e-c528-4ef5-91ef-1fde52080565,Eastbound,2025-11-18 13:15:20.509660,715.0,252.0,77.0,111.0
2172,4,CAM001,223,2.018768321855686,7790,True,613b4d1e-c528-4ef5-91ef-1fde52080565,Eastbound,2025-11-18 13:15:20.507661,352.0,215.0,51.0,65.0
2171,3,CAM001,220,2.000013917278012,7790,True,613b4d1e-c528-4ef5-91ef-1fde52080565,Eastbound,2025-11-18 13:15:20.503701,377.0,243.0,104.0,98.0
2170,6,CAM002,298,2.010571135102274,7720,True,ec790070-4835-4864-80a9-221ef0ed2582,Westbound,2025-11-18 13:15:20.161227,820.0,320.0,131.0,216.0
2169,2,CAM002,292,2.0188086914200554,7720,True,ec790070-4835-4864-80a9-221ef0ed2582,Westbound,2025-11-18 13:15:20.159687,594.0,413.0,67.0,97.0
2168,1,CAM002,287,1.9590175478866203,7720,True,ec790070-4835-4864-80a9-221ef0ed2582,Westbound,2025-11-18 13:15:20.158706,654.0,318.0,251.0,217.0
2167,7,CAM002,216,1.7137069826020765,7720,True,ec790070-4835-4864-80a9-221ef0ed2582,Westbound,2025-11-18 13:15:20.156693,253.0,371.0,127.0,166.0
2166,8,CAM002,76,2.0263866925131246,7720,True,ec790070-4835-4864-80a9-221ef0ed2582,Westbound,2025-11-18 13:15:20.152756,368.0,349.0,260.0,191.0
2165,2,CAM001,299,1.5142916305728245,7785,True,613b4d1e-c528-4ef5-91ef-1fde52080565,Eastbound,2025-11-18 13:15:15.327584,557.0,258.0,42.0,81.0
2164,7,CAM001,289,1.4703917884928444,7785,True,613b4d1e-c528-4ef5-91ef-1fde52080565,Eastbound,2025-11-18 13:15:15.325584,285.0,248.0,100.0,95.0
2163,9,CAM001,256,2.001781551154236,7785,True,613b4d1e-c528-4ef5-91ef-1fde52080565,Eastbound,2025-11-18 13:15:15.324583,714.0,253.0,76.0,110.0
2162,4,CAM001,223,2.0318076189368743,7785,True,613b4d1e-c528-4ef5-91ef-1fde52080565,Eastbound,2025-11-18 13:15:15.320575,352.0,215.0,52.0,66.0
2161,3,CAM001,220,2.0190655217345532,7785,True,613b4d1e-c528-4ef5-91ef-1fde52080565,Eastbound,2025-11-18 13:15:15.318056,377.0,245.0,100.0,97.0
2160,6,CAM002,298,1.5268016468843968,7715,True,ec790070-4835-4864-80a9-221ef0ed2582,Westbound,2025-11-18 13:15:14.947990,825.0,318.0,118.0,217.0
2159,2,CAM002,292,1.6665121348242808,7715,True,ec790070-4835-4864-80a9-221ef0ed2582,Westbound,2025-11-18 13:15:14.944990,594.0,413.0,67.0,96.0
2158,1,CAM002,287,1.9549083888916456,7715,True,ec790070-4835-4864-80a9-221ef0ed2582,Westbound,2025-11-18 13:15:14.940982,636.0,317.0,274.0,217.0
2157,7,CAM002,216,1.6335581285467629,7715,True,ec790070-4835-4864-80a9-221ef0ed2582,Westbound,2025-11-18 13:15:14.938474,253.0,370.0,127.0,168.0
2156,8,CAM002,76,2.0207323463076787,7715,True,ec790070-4835-4864-80a9-221ef0ed2582,Westbound,2025-11-18 13:15:14.924950,368.0,350.0,259.0,190.0
2155,2,CAM001,299,1.168735263864299,7780,True,613b4d1e-c528-4ef5-91ef-1fde52080565,Eastbound,2025-11-18 13:15:10.139757,560.0,256.0,42.0,85.0
2154,7,CAM001,289,1.3320001366782768,7780,True,613b4d1e-c528-4ef5-91ef-1fde52080565,Eastbound,2025-11-18 13:15:10.132756,287.0,247.0,97.0,96.0
2153,9,CAM001,256,1.9405118470133236,7780,True,613b4d1e-c528-4ef5-91ef-1fde52080565,Eastbound,2025-11-18 13:15:10.128231,712.0,254.0,76.0,111.0
2152,4,CAM001,223,1.7846674154053763,7780,True,613b4d1e-c528-4ef5-91ef-1fde52080565,Eastbound,2025-11-18 13:15:10.123230,353.0,216.0,57.0,66.0
2151,3,CAM001,220,2.005618033567488,7780,True,613b4d1e-c528-4ef5-91ef-1fde52080565,Eastbound,2025-11-18 13:15:10.115221,378.0,243.0,99.0,98.0
2150,2,CAM002,292,2.0397520476313336,7710,True,ec790070-4835-4864-80a9-221ef0ed2582,Westbound,2025-11-18 13:15:09.370783,594.0,413.0,66.0,96.0
2149,1,CAM002,287,2.024686510592281,7710,True,ec790070-4835-4864-80a9-221ef0ed2582,Westbound,2025-11-18 13:15:09.364788,671.0,316.0,275.0,219.0
2148,7,CAM002,216,2.0232876136703064,7710,True,ec790070-4835-4864-80a9-221ef0ed2582,Westbound,2025-11-18 13:15:09.356791,252.0,370.0,129.0,170.0
2147,8,CAM002,76,2.0404201335738867,7710,True,ec790070-4835-4864-80a9-221ef0ed2582,Westbound,2025-11-18 13:15:09.350785,368.0,350.0,259.0,190.0
2146,9,CAM001,256,1.9937917249806878,7775,True,613b4d1e-c528-4ef5-91ef-1fde52080565,Eastbound,2025-11-18 13:15:05.382789,709.0,254.0,82.0,119.0
2145,3,CAM001,220,2.031874051004724,7775,True,613b4d1e-c528-4ef5-91ef-1fde52080565,Eastbound,2025-11-18 13:15:05.379807,379.0,243.0,98.0,97.0
2144,2,CAM002,292,2.01040936328282,7705,True,ec790070-4835-4864-80a9-221ef0ed2582,Westbound,2025-11-18 13:15:05.158594,594.0,411.0,66.0,97.0
2143,1,CAM002,287,1.9763280206781788,7705,True,ec790070-4835-4864-80a9-221ef0ed2582,Westbound,2025-11-18 13:15:05.155590,677.0,316.0,253.0,218.0
2142,7,CAM002,216,2.0311938966278924,7705,True,ec790070-4835-4864-80a9-221ef0ed2582,Westbound,2025-11-18 13:15:05.153593,252.0,370.0,129.0,169.0
2141,8,CAM002,76,2.022558159969258,7705,True,ec790070-4835-4864-80a9-221ef0ed2582,Westbound,2025-11-18 13:15:05.149610,368.0,350.0,259.0,190.0
2140,4,CAM001,289,2.039742903342488,7770,True,613b4d1e-c528-4ef5-91ef-1fde52080565,Eastbound,2025-11-18 13:15:01.465192,276.0,213.0,131.0,133.0
2139,9,CAM001,256,1.9637453501250994,7770,True,613b4d1e-c528-4ef5-91ef-1fde52080565,Eastbound,2025-11-18 13:15:01.463165,710.0,253.0,84.0,116.0
2138,3,CAM001,220,2.0334323565424626,7770,True,613b4d1e-c528-4ef5-91ef-1fde52080565,Eastbound,2025-11-18 13:15:01.457163,379.0,244.0,98.0,97.0
2137,6,CAM002,298,2.0083372372263035,7700,True,ec790070-4835-4864-80a9-221ef0ed2582,Westbound,2025-11-18 13:15:01.105478,801.0,301.0,119.0,233.0
2136,2,CAM002,292,2.0347990043780837,7700,True,ec790070-4835-4864-80a9-221ef0ed2582,Westbound,2025-11-18 13:15:01.102478,594.0,409.0,67.0,98.0
2135,1,CAM002,287,1.9715665547132792,7700,True,ec790070-4835-4864-80a9-221ef0ed2582,Westbound,2025-11-18 13:15:01.100478,662.0,318.0,234.0,216.0
2134,7,CAM002,216,2.013472977486671,7700,True,ec790070-4835-4864-80a9-221ef0ed2582,Westbound,2025-11-18 13:15:01.097477,253.0,369.0,129.0,170.0
2133,8,CAM002,76,2.0385208467283356,7700,True,ec790070-4835-4864-80a9-221ef0ed2582,Westbound,2025-11-18 13:15:01.094475,368.0,350.0,259.0,190.0
2132,9,CAM001,299,2.021220087244302,7765,True,613b4d1e-c528-4ef5-91ef-1fde52080565,Eastbound,2025-11-18 13:14:56.011952,601.0,218.0,78.0,161.0
2131,4,CAM001,289,1.988126661761352,7765,True,613b4d1e-c528-4ef5-91ef-1fde52080565,Eastbound,2025-11-18 13:14:56.009953,275.0,213.0,132.0,132.0
2130,6,CAM001,256,2.0266239751706645,7765,True,613b4d1e-c528-4ef5-91ef-1fde52080565,Eastbound,2025-11-18 13:14:56.007952,716.0,252.0,79.0,112.0
2129,3,CAM001,220,2.0242422372127873,7765,True,613b4d1e-c528-4ef5-91ef-1fde52080565,Eastbound,2025-11-18 13:14:56.003952,379.0,244.0,98.0,98.0
2128,2,CAM002,292,2.015480916416115,7695,True,ec790070-4835-4864-80a9-221ef0ed2582,Westbound,2025-11-18 13:14:55.642614,595.0,409.0,66.0,98.0
2127,1,CAM002,287,1.9570932767078166,7695,True,ec790070-4835-4864-80a9-221ef0ed2582,Westbound,2025-11-18 13:14:55.639616,646.0,324.0,236.0,210.0
2126,7,CAM002,216,2.039851064305894,7695,True,ec790070-4835-4864-80a9-221ef0ed2582,Westbound,2025-11-18 13:14:55.636614,253.0,368.0,129.0,172.0
2125,8,CAM002,76,2.0003265211104875,7695,True,ec790070-4835-4864-80a9-221ef0ed2582,Westbound,2025-11-18 13:14:55.631614,369.0,350.0,258.0,190.0
2124,8,CAM001,300,1.5311937780203526,7760,True,613b4d1e-c528-4ef5-91ef-1fde52080565,Eastbound,2025-11-18 13:14:50.938990,603.0,287.0,76.0,95.0
2123,2,CAM001,299,1.685054549500142,7760,True,613b4d1e-c528-4ef5-91ef-1fde52080565,Eastbound,2025-11-18 13:14:50.934990,601.0,219.0,78.0,159.0
2122,4,CAM001,289,2.0222531460849624,7760,True,613b4d1e-c528-4ef5-91ef-1fde52080565,Eastbound,2025-11-18 13:14:50.930989,274.0,211.0,133.0,135.0
2121,6,CAM001,256,1.9843956157099572,7760,True,613b4d1e-c528-4ef5-91ef-1fde52080565,Eastbound,2025-11-18 13:14:50.926985,714.0,251.0,82.0,122.0
2120,9,CAM001,223,2.03105206646902,7760,True,613b4d1e-c528-4ef5-91ef-1fde52080565,Eastbound,2025-11-18 13:14:50.922985,483.0,241.0,121.0,137.0
2119,3,CAM001,220,2.0286391314672185,7760,True,613b4d1e-c528-4ef5-91ef-1fde52080565,Eastbound,2025-11-18 13:14:50.916987,379.0,244.0,98.0,99.0
2118,2,CAM002,292,1.7034397332413544,7690,True,ec790070-4835-4864-80a9-221ef0ed2582,Westbound,2025-11-18 13:14:50.399080,594.0,409.0,67.0,98.0
2117,1,CAM002,287,1.9869810726815198,7690,True,ec790070-4835-4864-80a9-221ef0ed2582,Westbound,2025-11-18 13:14:50.397068,668.0,318.0,246.0,217.0
2116,7,CAM002,216,1.9959157386549171,7690,True,ec790070-4835-4864-80a9-221ef0ed2582,Westbound,2025-11-18 13:14:50.394960,253.0,369.0,129.0,171.0
2115,8,CAM002,76,1.608774107020408,7690,True,ec790070-4835-4864-80a9-221ef0ed2582,Westbound,2025-11-18 13:14:50.392015,369.0,350.0,258.0,190.0
2114,2,CAM001,299,1.6376491406115068,7755,True,613b4d1e-c528-4ef5-91ef-1fde52080565,Eastbound,2025-11-18 13:14:45.484996,601.0,218.0,79.0,156.0
2113,4,CAM001,289,1.9862318798798928,7755,True,613b4d1e-c528-4ef5-91ef-1fde52080565,Eastbound,2025-11-18 13:14:45.482991,273.0,212.0,137.0,135.0
2112,6,CAM001,256,2.039552274721006,7755,True,613b4d1e-c528-4ef5-91ef-1fde52080565,Eastbound,2025-11-18 13:14:45.480010,706.0,249.0,95.0,139.0
2111,9,CAM001,223,2.026538857725805,7755,True,613b4d1e-c528-4ef5-91ef-1fde52080565,Eastbound,2025-11-18 13:14:45.479066,482.0,241.0,123.0,138.0
2110,3,CAM001,220,1.9709468300169624,7755,True,613b4d1e-c528-4ef5-91ef-1fde52080565,Eastbound,2025-11-18 13:14:45.476057,379.0,244.0,99.0,98.0
2109,2,CAM002,292,1.6336311494027513,7685,True,ec790070-4835-4864-80a9-221ef0ed2582,Westbound,2025-11-18 13:14:45.037962,594.0,409.0,66.0,98.0
2108,1,CAM002,287,1.9705933014312904,7685,True,ec790070-4835-4864-80a9-221ef0ed2582,Westbound,2025-11-18 13:14:45.035995,673.0,317.0,227.0,218.0
2107,7,CAM002,216,2.0164920595780442,7685,True,ec790070-4835-4864-80a9-221ef0ed2582,Westbound,2025-11-18 13:14:45.033964,253.0,370.0,127.0,169.0
2106,8,CAM002,76,2.034722330301702,7685,True,ec790070-4835-4864-80a9-221ef0ed2582,Westbound,2025-11-18 13:14:45.031959,368.0,350.0,258.0,190.0
2105,2,CAM001,299,1.633856587877764,7750,True,613b4d1e-c528-4ef5-91ef-1fde52080565,Eastbound,2025-11-18 13:14:40.807792,599.0,216.0,83.0,156.0
2104,4,CAM001,289,1.9971606808655753,7750,True,613b4d1e-c528-4ef5-91ef-1fde52080565,Eastbound,2025-11-18 13:14:40.805816,273.0,211.0,138.0,134.0
2103,6,CAM001,256,1.9256726540709632,7750,True,613b4d1e-c528-4ef5-91ef-1fde52080565,Eastbound,2025-11-18 13:14:40.804824,708.0,250.0,92.0,130.0
2102,9,CAM001,223,2.0106978115071428,7750,True,613b4d1e-c528-4ef5-91ef-1fde52080565,Eastbound,2025-11-18 13:14:40.802802,480.0,243.0,123.0,136.0
2101,3,CAM001,220,2.0327239669883443,7750,True,613b4d1e-c528-4ef5-91ef-1fde52080565,Eastbound,2025-11-18 13:14:40.800827,380.0,244.0,98.0,96.0
2100,2,CAM002,292,2.0129013861411846,7680,True,ec790070-4835-4864-80a9-221ef0ed2582,Westbound,2025-11-18 13:14:40.237047,594.0,410.0,67.0,98.0
2099,1,CAM002,287,2.0000912239320585,7680,True,ec790070-4835-4864-80a9-221ef0ed2582,Westbound,2025-11-18 13:14:40.234530,656.0,321.0,223.0,213.0
2098,7,CAM002,216,2.004840150046438,7680,True,ec790070-4835-4864-80a9-221ef0ed2582,Westbound,2025-11-18 13:14:40.232538,252.0,369.0,127.0,170.0
2097,8,CAM002,76,2.010193975570656,7680,True,ec790070-4835-4864-80a9-221ef0ed2582,Westbound,2025-11-18 13:14:40.230606,368.0,350.0,257.0,190.0
2096,2,CAM001,299,1.6753661119680445,7745,True,613b4d1e-c528-4ef5-91ef-1fde52080565,Eastbound,2025-11-18 13:14:35.363261,599.0,224.0,84.0,157.0
2095,4,CAM001,298,2.0312526699693785,7745,True,613b4d1e-c528-4ef5-91ef-1fde52080565,Eastbound,2025-11-18 13:14:35.360259,353.0,216.0,53.0,68.0
2094,7,CAM001,289,1.5802439632408807,7745,True,613b4d1e-c528-4ef5-91ef-1fde52080565,Eastbound,2025-11-18 13:14:35.358260,275.0,225.0,128.0,119.0
2093,6,CAM001,256,1.9243120161304703,7745,True,613b4d1e-c528-4ef5-91ef-1fde52080565,Eastbound,2025-11-18 13:14:35.356260,711.0,251.0,86.0,121.0
2092,9,CAM001,223,1.9928831909602285,7745,True,613b4d1e-c528-4ef5-91ef-1fde52080565,Eastbound,2025-11-18 13:14:35.353745,480.0,246.0,121.0,132.0
2091,3,CAM001,220,2.028538104947942,7745,True,613b4d1e-c528-4ef5-91ef-1fde52080565,Eastbound,2025-11-18 13:14:35.348745,378.0,243.0,99.0,98.0
2090,2,CAM002,292,1.6662104698280167,7675,True,ec790070-4835-4864-80a9-221ef0ed2582,Westbound,2025-11-18 13:14:34.840617,596.0,411.0,64.0,96.0
2089,1,CAM002,287,1.9910675144577688,7675,True,ec790070-4835-4864-80a9-221ef0ed2582,Westbound,2025-11-18 13:14:34.835610,670.0,321.0,212.0,214.0
2088,7,CAM002,216,1.6007979875390956,7675,True,ec790070-4835-4864-80a9-221ef0ed2582,Westbound,2025-11-18 13:14:34.832049,252.0,367.0,128.0,171.0
2087,8,CAM002,76,2.0271724670581674,7675,True,ec790070-4835-4864-80a9-221ef0ed2582,Westbound,2025-11-18 13:14:34.828067,367.0,349.0,258.0,191.0
2086,2,CAM001,299,1.6741923651817148,7740,True,613b4d1e-c528-4ef5-91ef-1fde52080565,Eastbound,2025-11-18 13:14:29.875345,596.0,220.0,88.0,160.0
2085,4,CAM001,298,2.0237229163680976,7740,True,613b4d1e-c528-4ef5-91ef-1fde52080565,Eastbound,2025-11-18 13:14:29.868783,353.0,216.0,53.0,68.0
2084,7,CAM001,289,1.6142730425455276,7740,True,613b4d1e-c528-4ef5-91ef-1fde52080565,Eastbound,2025-11-18 13:14:29.861251,283.0,248.0,100.0,95.0
2083,6,CAM001,256,1.922906800012165,7740,True,613b4d1e-c528-4ef5-91ef-1fde52080565,Eastbound,2025-11-18 13:14:29.858254,707.0,251.0,94.0,127.0
2082,9,CAM001,223,2.005811019784756,7740,True,613b4d1e-c528-4ef5-91ef-1fde52080565,Eastbound,2025-11-18 13:14:29.853718,483.0,246.0,121.0,133.0
2081,3,CAM001,220,2.0199387116270584,7740,True,613b4d1e-c528-4ef5-91ef-1fde52080565,Eastbound,2025-11-18 13:14:29.845689,376.0,242.0,100.0,100.0
2080,2,CAM002,292,1.6893939898062387,7670,True,ec790070-4835-4864-80a9-221ef0ed2582,Westbound,2025-11-18 13:14:29.060793,597.0,411.0,63.0,95.0
2079,1,CAM002,287,2.0063901081075546,7670,True,ec790070-4835-4864-80a9-221ef0ed2582,Westbound,2025-11-18 13:14:29.058794,653.0,322.0,208.0,212.0
2078,7,CAM002,216,1.630468861890727,7670,True,ec790070-4835-4864-80a9-221ef0ed2582,Westbound,2025-11-18 13:14:29.056822,252.0,366.0,130.0,172.0
2077,8,CAM002,76,2.033891745838899,7670,True,ec790070-4835-4864-80a9-221ef0ed2582,Westbound,2025-11-18 13:14:29.053422,366.0,348.0,259.0,192.0
2076,2,CAM001,299,1.536594062442789,7735,True,613b4d1e-c528-4ef5-91ef-1fde52080565,Eastbound,2025-11-18 13:14:23.532236,590.0,214.0,97.0,164.0
2075,4,CAM001,298,1.8104180322452847,7735,True,613b4d1e-c528-4ef5-91ef-1fde52080565,Eastbound,2025-11-18 13:14:23.529258,354.0,216.0,52.0,67.0
2074,7,CAM001,289,1.5769455440460862,7735,True,613b4d1e-c528-4ef5-91ef-1fde52080565,Eastbound,2025-11-18 13:14:23.527236,283.0,235.0,109.0,110.0
2073,6,CAM001,256,1.6081192259130224,7735,True,613b4d1e-c528-4ef5-91ef-1fde52080565,Eastbound,2025-11-18 13:14:23.523718,713.0,252.0,84.0,114.0
2072,9,CAM001,223,2.01696405692986,7735,True,613b4d1e-c528-4ef5-91ef-1fde52080565,Eastbound,2025-11-18 13:14:23.521718,481.0,247.0,122.0,133.0
2071,3,CAM001,220,1.9512079218874967,7735,True,613b4d1e-c528-4ef5-91ef-1fde52080565,Eastbound,2025-11-18 13:14:23.518750,375.0,241.0,103.0,102.0
2070,6,CAM002,294,1.6080315524745417,7665,True,ec790070-4835-4864-80a9-221ef0ed2582,Westbound,2025-11-18 13:14:22.925317,811.0,299.0,114.0,236.0
2069,2,CAM002,292,2.0224100469243633,7665,True,ec790070-4835-4864-80a9-221ef0ed2582,Westbound,2025-11-18 13:14:22.922716,595.0,410.0,66.0,97.0
2068,1,CAM002,287,2.0217382702555056,7665,True,ec790070-4835-4864-80a9-221ef0ed2582,Westbound,2025-11-18 13:14:22.918712,650.0,322.0,212.0,212.0
2067,7,CAM002,216,2.0185582256046963,7665,True,ec790070-4835-4864-80a9-221ef0ed2582,Westbound,2025-11-18 13:14:22.915704,252.0,366.0,131.0,173.0
2066,8,CAM002,76,2.037372887590999,7665,True,ec790070-4835-4864-80a9-221ef0ed2582,Westbound,2025-11-18 13:14:22.912197,366.0,348.0,260.0,192.0
2065,4,CAM001,289,1.9823648641521527,7730,True,613b4d1e-c528-4ef5-91ef-1fde52080565,Eastbound,2025-11-18 13:14:17.492220,277.0,213.0,134.0,134.0
2064,6,CAM001,256,1.4797061873067392,7730,True,613b4d1e-c528-4ef5-91ef-1fde52080565,Eastbound,2025-11-18 13:14:17.487252,713.0,250.0,84.0,116.0
2063,9,CAM001,223,2.0113552973776274,7730,True,613b4d1e-c528-4ef5-91ef-1fde52080565,Eastbound,2025-11-18 13:14:17.485250,482.0,248.0,119.0,131.0
2062,3,CAM001,220,2.0074387128005498,7730,True,613b4d1e-c528-4ef5-91ef-1fde52080565,Eastbound,2025-11-18 13:14:17.481702,376.0,241.0,104.0,101.0
2061,6,CAM002,294,1.5878530367939623,7660,True,ec790070-4835-4864-80a9-221ef0ed2582,Westbound,2025-11-18 13:14:17.050445,811.0,300.0,114.0,235.0
2060,2,CAM002,292,2.019043214607466,7660,True,ec790070-4835-4864-80a9-221ef0ed2582,Westbound,2025-11-18 13:14:17.047450,595.0,411.0,65.0,97.0
2059,1,CAM002,287,2.03253254338864,7660,True,ec790070-4835-4864-80a9-221ef0ed2582,Westbound,2025-11-18 13:14:17.044855,648.0,326.0,216.0,209.0
2058,7,CAM002,216,2.0206357630383467,7660,True,ec790070-4835-4864-80a9-221ef0ed2582,Westbound,2025-11-18 13:14:17.042859,253.0,368.0,127.0,169.0
2057,8,CAM002,76,2.0364123677944073,7660,True,ec790070-4835-4864-80a9-221ef0ed2582,Westbound,2025-11-18 13:14:17.038895,365.0,348.0,262.0,192.0
2056,2,CAM001,299,1.6233176795567423,7725,True,613b4d1e-c528-4ef5-91ef-1fde52080565,Eastbound,2025-11-18 13:14:12.156592,605.0,234.0,75.0,122.0
2055,4,CAM001,298,2.0312621163389237,7725,True,613b4d1e-c528-4ef5-91ef-1fde52080565,Eastbound,2025-11-18 13:14:12.154596,355.0,216.0,50.0,65.0
2054,7,CAM001,289,1.5636007834585457,7725,True,613b4d1e-c528-4ef5-91ef-1fde52080565,Eastbound,2025-11-18 13:14:12.152594,278.0,224.0,124.0,122.0
2053,6,CAM001,256,1.5238990587163594,7725,True,613b4d1e-c528-4ef5-91ef-1fde52080565,Eastbound,2025-11-18 13:14:12.150489,713.0,250.0,85.0,116.0
2052,9,CAM001,223,2.0296822440652686,7725,True,613b4d1e-c528-4ef5-91ef-1fde52080565,Eastbound,2025-11-18 13:14:12.148489,483.0,247.0,118.0,132.0
2051,3,CAM001,220,2.027394213935677,7725,True,613b4d1e-c528-4ef5-91ef-1fde52080565,Eastbound,2025-11-18 13:14:12.144616,377.0,244.0,103.0,98.0
2050,6,CAM002,294,1.4147322047788458,7655,True,ec790070-4835-4864-80a9-221ef0ed2582,Westbound,2025-11-18 13:14:11.639010,810.0,300.0,113.0,235.0
2049,2,CAM002,292,1.63509426237042,7655,True,ec790070-4835-4864-80a9-221ef0ed2582,Westbound,2025-11-18 13:14:11.636008,595.0,411.0,65.0,97.0
2048,1,CAM002,287,1.9591074228974432,7655,True,ec790070-4835-4864-80a9-221ef0ed2582,Westbound,2025-11-18 13:14:11.635019,655.0,323.0,228.0,211.0
2047,7,CAM002,216,1.5975992928667901,7655,True,ec790070-4835-4864-80a9-221ef0ed2582,Westbound,2025-11-18 13:14:11.633016,253.0,366.0,128.0,172.0
2046,8,CAM002,76,2.011339448800339,7655,True,ec790070-4835-4864-80a9-221ef0ed2582,Westbound,2025-11-18 13:14:11.630015,363.0,348.0,266.0,192.0
2045,2,CAM001,299,1.6067415830001008,7720,True,613b4d1e-c528-4ef5-91ef-1fde52080565,Eastbound,2025-11-18 13:14:07.134003,605.0,240.0,75.0,117.0
2044,4,CAM001,298,1.7968266422277837,7720,True,613b4d1e-c528-4ef5-91ef-1fde52080565,Eastbound,2025-11-18 13:14:07.131994,356.0,216.0,48.0,66.0
2043,7,CAM001,289,1.4721775619248563,7720,True,613b4d1e-c528-4ef5-91ef-1fde52080565,Eastbound,2025-11-18 13:14:07.130992,281.0,235.0,111.0,109.0
2042,6,CAM001,256,1.4813534274565774,7720,True,613b4d1e-c528-4ef5-91ef-1fde52080565,Eastbound,2025-11-18 13:14:07.129024,713.0,249.0,86.0,117.0
2041,9,CAM001,223,2.019191578931887,7720,True,613b4d1e-c528-4ef5-91ef-1fde52080565,Eastbound,2025-11-18 13:14:07.127066,484.0,245.0,118.0,134.0
2040,3,CAM001,220,1.9904584773264484,7720,True,613b4d1e-c528-4ef5-91ef-1fde52080565,Eastbound,2025-11-18 13:14:07.124016,377.0,245.0,105.0,98.0
2039,6,CAM002,294,1.4952762450941737,7650,True,ec790070-4835-4864-80a9-221ef0ed2582,Westbound,2025-11-18 13:14:06.689556,803.0,288.0,117.0,247.0
2038,2,CAM002,292,1.543482430388806,7650,True,ec790070-4835-4864-80a9-221ef0ed2582,Westbound,2025-11-18 13:14:06.687495,593.0,409.0,68.0,100.0
2037,1,CAM002,287,1.979017405355977,7650,True,ec790070-4835-4864-80a9-221ef0ed2582,Westbound,2025-11-18 13:14:06.685444,667.0,320.0,221.0,214.0
2036,7,CAM002,216,2.035495122584627,7650,True,ec790070-4835-4864-80a9-221ef0ed2582,Westbound,2025-11-18 13:14:06.681440,252.0,362.0,131.0,178.0
2035,8,CAM002,76,2.00554845547928,7650,True,ec790070-4835-4864-80a9-221ef0ed2582,Westbound,2025-11-18 13:14:06.677433,364.0,349.0,271.0,191.0
2034,2,CAM001,299,2.0200509591585933,7715,True,613b4d1e-c528-4ef5-91ef-1fde52080565,Eastbound,2025-11-18 13:14:02.371662,607.0,248.0,71.0,111.0
2033,4,CAM001,289,2.0266189314224947,7715,True,613b4d1e-c528-4ef5-91ef-1fde52080565,Eastbound,2025-11-18 13:14:02.370660,275.0,212.0,137.0,134.0
2032,6,CAM001,256,1.3827229150018787,7715,True,613b4d1e-c528-4ef5-91ef-1fde52080565,Eastbound,2025-11-18 13:14:02.368694,712.0,248.0,87.0,118.0
2031,9,CAM001,223,2.030865890834211,7715,True,613b4d1e-c528-4ef5-91ef-1fde52080565,Eastbound,2025-11-18 13:14:02.366072,483.0,243.0,120.0,136.0
2030,3,CAM001,220,2.024148107258923,7715,True,613b4d1e-c528-4ef5-91ef-1fde52080565,Eastbound,2025-11-18 13:14:02.363126,378.0,246.0,105.0,97.0
2029,6,CAM002,294,1.9903656785536765,7645,True,ec790070-4835-4864-80a9-221ef0ed2582,Westbound,2025-11-18 13:14:01.953616,802.0,285.0,119.0,250.0
2028,1,CAM002,287,2.0277727154247325,7645,True,ec790070-4835-4864-80a9-221ef0ed2582,Westbound,2025-11-18 13:14:01.952605,647.0,326.0,216.0,209.0
2027,7,CAM002,216,2.0141539361723284,7645,True,ec790070-4835-4864-80a9-221ef0ed2582,Westbound,2025-11-18 13:14:01.950618,251.0,363.0,132.0,177.0
2026,8,CAM002,76,1.9846656764494086,7645,True,ec790070-4835-4864-80a9-221ef0ed2582,Westbound,2025-11-18 13:14:01.946894,374.0,350.0,267.0,190.0
2025,2,CAM001,299,1.6355094742824208,7710,True,613b4d1e-c528-4ef5-91ef-1fde52080565,Eastbound,2025-11-18 13:13:57.552658,607.0,248.0,72.0,115.0
2024,4,CAM001,298,2.022441538808708,7710,True,613b4d1e-c528-4ef5-91ef-1fde52080565,Eastbound,2025-11-18 13:13:57.550681,357.0,216.0,49.0,66.0
2023,7,CAM001,289,1.5516427824968535,7710,True,613b4d1e-c528-4ef5-91ef-1fde52080565,Eastbound,2025-11-18 13:13:57.547070,277.0,224.0,125.0,120.0
2022,6,CAM001,256,1.5199871511861993,7710,True,613b4d1e-c528-4ef5-91ef-1fde52080565,Eastbound,2025-11-18 13:13:57.544998,713.0,247.0,87.0,119.0
2021,9,CAM001,223,2.020262165585665,7710,True,613b4d1e-c528-4ef5-91ef-1fde52080565,Eastbound,2025-11-18 13:13:57.544063,483.0,245.0,120.0,134.0
2020,3,CAM001,220,1.9909036801933455,7710,True,613b4d1e-c528-4ef5-91ef-1fde52080565,Eastbound,2025-11-18 13:13:57.540064,378.0,248.0,102.0,94.0
2019,6,CAM002,294,1.3246774908820065,7640,True,ec790070-4835-4864-80a9-221ef0ed2582,Westbound,2025-11-18 13:13:57.025367,799.0,274.0,130.0,267.0
2018,2,CAM002,292,1.691381494712796,7640,True,ec790070-4835-4864-80a9-221ef0ed2582,Westbound,2025-11-18 13:13:57.022366,592.0,409.0,69.0,101.0
2017,1,CAM002,287,1.9679634446652137,7640,True,ec790070-4835-4864-80a9-221ef0ed2582,Westbound,2025-11-18 13:13:57.018357,646.0,326.0,230.0,209.0
2016,7,CAM002,216,1.6671268089115538,7640,True,ec790070-4835-4864-80a9-221ef0ed2582,Westbound,2025-11-18 13:13:57.014704,252.0,364.0,130.0,176.0
2015,8,CAM002,76,2.0019558114357627,7640,True,ec790070-4835-4864-80a9-221ef0ed2582,Westbound,2025-11-18 13:13:57.010832,373.0,350.0,260.0,190.0
2014,2,CAM001,299,1.6246816784605458,7705,True,613b4d1e-c528-4ef5-91ef-1fde52080565,Eastbound,2025-11-18 13:13:52.240957,604.0,247.0,77.0,120.0
2013,4,CAM001,298,2.0261590614032015,7705,True,613b4d1e-c528-4ef5-91ef-1fde52080565,Eastbound,2025-11-18 13:13:52.239960,358.0,216.0,47.0,66.0
2012,7,CAM001,289,1.5548521390821377,7705,True,613b4d1e-c528-4ef5-91ef-1fde52080565,Eastbound,2025-11-18 13:13:52.237225,283.0,247.0,97.0,94.0
2011,6,CAM001,256,1.955809447796339,7705,True,613b4d1e-c528-4ef5-91ef-1fde52080565,Eastbound,2025-11-18 13:13:52.236226,713.0,248.0,86.0,117.0
2010,9,CAM001,223,2.0296619893374253,7705,True,613b4d1e-c528-4ef5-91ef-1fde52080565,Eastbound,2025-11-18 13:13:52.234229,484.0,247.0,118.0,132.0
2009,3,CAM001,220,2.0248101694652823,7705,True,613b4d1e-c528-4ef5-91ef-1fde52080565,Eastbound,2025-11-18 13:13:52.231239,377.0,250.0,101.0,93.0
2008,2,CAM002,292,1.6596275408054688,7635,True,ec790070-4835-4864-80a9-221ef0ed2582,Westbound,2025-11-18 13:13:51.812162,592.0,409.0,69.0,100.0
2007,1,CAM002,287,2.0194071479897993,7635,True,ec790070-4835-4864-80a9-221ef0ed2582,Westbound,2025-11-18 13:13:51.809207,657.0,322.0,238.0,211.0
2006,7,CAM002,216,1.6314035154384563,7635,True,ec790070-4835-4864-80a9-221ef0ed2582,Westbound,2025-11-18 13:13:51.806602,251.0,363.0,131.0,177.0
2005,8,CAM002,76,2.033046942744331,7635,True,ec790070-4835-4864-80a9-221ef0ed2582,Westbound,2025-11-18 13:13:51.805611,368.0,349.0,258.0,191.0
2004,2,CAM001,299,1.6382343149234662,7700,True,613b4d1e-c528-4ef5-91ef-1fde52080565,Eastbound,2025-11-18 13:13:47.193405,606.0,247.0,73.0,114.0
2003,4,CAM001,298,1.7636336413187021,7700,True,613b4d1e-c528-4ef5-91ef-1fde52080565,Eastbound,2025-11-18 13:13:47.192396,361.0,216.0,42.0,67.0
2002,7,CAM001,289,1.498608672909024,7700,True,613b4d1e-c528-4ef5-91ef-1fde52080565,Eastbound,2025-11-18 13:13:47.190411,280.0,234.0,111.0,110.0
2001,6,CAM001,256,2.027649363822355,7700,True,613b4d1e-c528-4ef5-91ef-1fde52080565,Eastbound,2025-11-18 13:13:47.188355,713.0,249.0,86.0,115.0
2000,9,CAM001,223,1.9876544380691856,7700,True,613b4d1e-c528-4ef5-91ef-1fde52080565,Eastbound,2025-11-18 13:13:47.186809,484.0,246.0,119.0,133.0
1999,3,CAM001,220,2.014892760373942,7700,True,613b4d1e-c528-4ef5-91ef-1fde52080565,Eastbound,2025-11-18 13:13:47.183714,377.0,249.0,103.0,95.0
1998,2,CAM002,292,1.67117574493844,7630,True,ec790070-4835-4864-80a9-221ef0ed2582,Westbound,2025-11-18 13:13:46.702213,592.0,411.0,69.0,98.0
1997,1,CAM002,287,2.0035889435058514,7630,True,ec790070-4835-4864-80a9-221ef0ed2582,Westbound,2025-11-18 13:13:46.698237,665.0,319.0,241.0,215.0
1996,7,CAM002,216,2.021364502077511,7630,True,ec790070-4835-4864-80a9-221ef0ed2582,Westbound,2025-11-18 13:13:46.695614,251.0,362.0,132.0,178.0
1995,8,CAM002,76,2.03802195414862,7630,True,ec790070-4835-4864-80a9-221ef0ed2582,Westbound,2025-11-18 13:13:46.693675,368.0,349.0,259.0,191.0
1994,2,CAM001,299,1.6433530577189996,7695,True,613b4d1e-c528-4ef5-91ef-1fde52080565,Eastbound,2025-11-18 13:13:41.938173,607.0,247.0,72.0,114.0
1993,4,CAM001,289,2.033480623072171,7695,True,613b4d1e-c528-4ef5-91ef-1fde52080565,Eastbound,2025-11-18 13:13:41.935174,271.0,211.0,141.0,137.0
1992,6,CAM001,256,2.0259436801224346,7695,True,613b4d1e-c528-4ef5-91ef-1fde52080565,Eastbound,2025-11-18 13:13:41.932174,713.0,250.0,85.0,114.0
1991,9,CAM001,223,1.9804061626795524,7695,True,613b4d1e-c528-4ef5-91ef-1fde52080565,Eastbound,2025-11-18 13:13:41.929173,482.0,243.0,122.0,136.0
1990,3,CAM001,220,1.9671780734476771,7695,True,613b4d1e-c528-4ef5-91ef-1fde52080565,Eastbound,2025-11-18 13:13:41.925114,378.0,247.0,106.0,97.0
1989,2,CAM002,292,1.6682864071694323,7625,True,ec790070-4835-4864-80a9-221ef0ed2582,Westbound,2025-11-18 13:13:41.402266,592.0,413.0,69.0,97.0
1988,1,CAM002,287,1.987866237945037,7625,True,ec790070-4835-4864-80a9-221ef0ed2582,Westbound,2025-11-18 13:13:41.399268,668.0,317.0,228.0,218.0
1987,7,CAM002,216,1.9829167996012051,7625,True,ec790070-4835-4864-80a9-221ef0ed2582,Westbound,2025-11-18 13:13:41.396878,251.0,363.0,132.0,177.0
1986,8,CAM002,76,2.005112389870391,7625,True,ec790070-4835-4864-80a9-221ef0ed2582,Westbound,2025-11-18 13:13:41.383816,368.0,349.0,258.0,191.0
1985,2,CAM001,299,1.6346707795241624,7690,True,613b4d1e-c528-4ef5-91ef-1fde52080565,Eastbound,2025-11-18 13:13:36.419520,607.0,248.0,71.0,113.0
1984,9,CAM001,298,2.0284145698296125,7690,True,613b4d1e-c528-4ef5-91ef-1fde52080565,Eastbound,2025-11-18 13:13:36.417507,368.0,216.0,41.0,68.0
1983,4,CAM001,289,1.9393062493013313,7690,True,613b4d1e-c528-4ef5-91ef-1fde52080565,Eastbound,2025-11-18 13:13:36.415505,273.0,216.0,137.0,129.0
1982,6,CAM001,256,2.007818093025023,7690,True,613b4d1e-c528-4ef5-91ef-1fde52080565,Eastbound,2025-11-18 13:13:36.413534,714.0,251.0,85.0,114.0
1981,8,CAM001,223,1.6354584541938257,7690,True,613b4d1e-c528-4ef5-91ef-1fde52080565,Eastbound,2025-11-18 13:13:36.410519,482.0,243.0,122.0,136.0
1980,3,CAM001,220,2.0195848148622706,7690,True,613b4d1e-c528-4ef5-91ef-1fde52080565,Eastbound,2025-11-18 13:13:36.406588,379.0,246.0,107.0,97.0
1979,2,CAM002,292,1.6768058120246245,7620,True,ec790070-4835-4864-80a9-221ef0ed2582,Westbound,2025-11-18 13:13:35.879190,591.0,413.0,69.0,98.0
1978,1,CAM002,287,1.9920192821146103,7620,True,ec790070-4835-4864-80a9-221ef0ed2582,Westbound,2025-11-18 13:13:35.877209,654.0,321.0,223.0,214.0
1977,7,CAM002,216,2.0271200837836196,7620,True,ec790070-4835-4864-80a9-221ef0ed2582,Westbound,2025-11-18 13:13:35.874187,253.0,364.0,131.0,176.0
1976,8,CAM002,76,1.7049392186442025,7620,True,ec790070-4835-4864-80a9-221ef0ed2582,Westbound,2025-11-18 13:13:35.872221,367.0,349.0,258.0,191.0
1975,2,CAM001,299,1.6393115738892694,7685,True,613b4d1e-c528-4ef5-91ef-1fde52080565,Eastbound,2025-11-18 13:13:30.927875,608.0,248.0,69.0,113.0
1974,9,CAM001,298,2.0226334331198363,7685,True,613b4d1e-c528-4ef5-91ef-1fde52080565,Eastbound,2025-11-18 13:13:30.923898,366.0,216.0,44.0,70.0
1973,4,CAM001,289,1.9935737323946474,7685,True,613b4d1e-c528-4ef5-91ef-1fde52080565,Eastbound,2025-11-18 13:13:30.921875,279.0,224.0,123.0,116.0
1972,6,CAM001,256,2.0218717089159997,7685,True,613b4d1e-c528-4ef5-91ef-1fde52080565,Eastbound,2025-11-18 13:13:30.917906,714.0,251.0,85.0,113.0
1971,8,CAM001,223,1.6403431866459224,7685,True,613b4d1e-c528-4ef5-91ef-1fde52080565,Eastbound,2025-11-18 13:13:30.914873,482.0,243.0,123.0,136.0
1970,3,CAM001,220,2.0306098779315644,7685,True,613b4d1e-c528-4ef5-91ef-1fde52080565,Eastbound,2025-11-18 13:13:30.910889,378.0,246.0,106.0,96.0
1969,2,CAM002,292,1.6843574739948377,7615,True,ec790070-4835-4864-80a9-221ef0ed2582,Westbound,2025-11-18 13:13:30.400062,592.0,412.0,68.0,99.0
1968,1,CAM002,287,2.007449641296021,7615,True,ec790070-4835-4864-80a9-221ef0ed2582,Westbound,2025-11-18 13:13:30.398053,656.0,323.0,221.0,213.0
1967,7,CAM002,216,2.031408895165617,7615,True,ec790070-4835-4864-80a9-221ef0ed2582,Westbound,2025-11-18 13:13:30.395054,253.0,365.0,130.0,175.0
1966,8,CAM002,76,1.7184788556243733,7615,True,ec790070-4835-4864-80a9-221ef0ed2582,Westbound,2025-11-18 13:13:30.393090,366.0,349.0,259.0,191.0
1965,2,CAM001,299,1.6759944335464705,7680,True,613b4d1e-c528-4ef5-91ef-1fde52080565,Eastbound,2025-11-18 13:13:24.875284,607.0,247.0,71.0,119.0
1964,9,CAM001,298,1.9762541944234813,7680,True,613b4d1e-c528-4ef5-91ef-1fde52080565,Eastbound,2025-11-18 13:13:24.873274,361.0,216.0,50.0,71.0
1963,4,CAM001,289,1.904451098978418,7680,True,613b4d1e-c528-4ef5-91ef-1fde52080565,Eastbound,2025-11-18 13:13:24.870283,279.0,231.0,116.0,109.0
1962,6,CAM001,256,1.9527560781369326,7680,True,613b4d1e-c528-4ef5-91ef-1fde52080565,Eastbound,2025-11-18 13:13:24.868283,714.0,250.0,85.0,114.0
1961,8,CAM001,223,1.688836231078595,7680,True,613b4d1e-c528-4ef5-91ef-1fde52080565,Eastbound,2025-11-18 13:13:24.866287,480.0,242.0,127.0,137.0
1960,3,CAM001,220,1.9870211732498224,7680,True,613b4d1e-c528-4ef5-91ef-1fde52080565,Eastbound,2025-11-18 13:13:24.863282,377.0,247.0,105.0,95.0
1959,2,CAM002,292,1.6944478030513594,7610,True,ec790070-4835-4864-80a9-221ef0ed2582,Westbound,2025-11-18 13:13:24.305118,592.0,410.0,69.0,100.0
1958,1,CAM002,287,2.0147750754127447,7610,True,ec790070-4835-4864-80a9-221ef0ed2582,Westbound,2025-11-18 13:13:24.301117,644.0,324.0,227.0,212.0
1957,7,CAM002,216,2.0367504125759637,7610,True,ec790070-4835-4864-80a9-221ef0ed2582,Westbound,2025-11-18 13:13:24.298119,253.0,365.0,129.0,175.0
1956,8,CAM002,76,1.6992205211864706,7610,True,ec790070-4835-4864-80a9-221ef0ed2582,Westbound,2025-11-18 13:13:24.295150,367.0,349.0,258.0,191.0
1955,9,CAM001,298,2.032850322103781,7675,True,613b4d1e-c528-4ef5-91ef-1fde52080565,Eastbound,2025-11-18 13:13:18.656425,358.0,216.0,50.0,69.0
1954,4,CAM001,289,2.026820491423716,7675,True,613b4d1e-c528-4ef5-91ef-1fde52080565,Eastbound,2025-11-18 13:13:18.654386,280.0,245.0,101.0,95.0
1953,6,CAM001,256,2.022362923863781,7675,True,613b4d1e-c528-4ef5-91ef-1fde52080565,Eastbound,2025-11-18 13:13:18.652384,713.0,250.0,86.0,115.0
1952,2,CAM001,223,1.5963501830927083,7675,True,613b4d1e-c528-4ef5-91ef-1fde52080565,Eastbound,2025-11-18 13:13:18.649384,480.0,245.0,129.0,134.0
1951,3,CAM001,220,2.0263369754355876,7675,True,613b4d1e-c528-4ef5-91ef-1fde52080565,Eastbound,2025-11-18 13:13:18.643788,376.0,248.0,104.0,93.0
1950,2,CAM002,292,1.743149276720722,7605,True,ec790070-4835-4864-80a9-221ef0ed2582,Westbound,2025-11-18 13:13:17.899005,592.0,408.0,69.0,101.0
1949,1,CAM002,287,1.9905272912845646,7605,True,ec790070-4835-4864-80a9-221ef0ed2582,Westbound,2025-11-18 13:13:17.896041,643.0,322.0,243.0,213.0
1948,7,CAM002,216,1.9728396592164783,7605,True,ec790070-4835-4864-80a9-221ef0ed2582,Westbound,2025-11-18 13:13:17.894008,254.0,367.0,126.0,170.0
1947,8,CAM002,76,2.028749733502015,7605,True,ec790070-4835-4864-80a9-221ef0ed2582,Westbound,2025-11-18 13:13:17.891021,367.0,348.0,258.0,192.0
1946,9,CAM001,298,2.016899894712315,7670,True,613b4d1e-c528-4ef5-91ef-1fde52080565,Eastbound,2025-11-18 13:13:13.089152,359.0,216.0,50.0,68.0
1945,4,CAM001,289,2.0299357450612137,7670,True,613b4d1e-c528-4ef5-91ef-1fde52080565,Eastbound,2025-11-18 13:13:13.087149,279.0,245.0,100.0,96.0
1944,6,CAM001,256,2.0198144709374994,7670,True,613b4d1e-c528-4ef5-91ef-1fde52080565,Eastbound,2025-11-18 13:13:13.085149,712.0,251.0,87.0,115.0
1943,2,CAM001,223,1.6752766965345727,7670,True,613b4d1e-c528-4ef5-91ef-1fde52080565,Eastbound,2025-11-18 13:13:13.079146,483.0,248.0,127.0,131.0
1942,3,CAM001,220,2.0273337926018717,7670,True,613b4d1e-c528-4ef5-91ef-1fde52080565,Eastbound,2025-11-18 13:13:13.075151,376.0,247.0,106.0,94.0
1941,2,CAM002,292,1.6867252012738312,7600,True,ec790070-4835-4864-80a9-221ef0ed2582,Westbound,2025-11-18 13:13:12.546601,593.0,408.0,67.0,100.0
1940,1,CAM002,287,1.9817382021452545,7600,True,ec790070-4835-4864-80a9-221ef0ed2582,Westbound,2025-11-18 13:13:12.543603,649.0,316.0,258.0,218.0
1939,7,CAM002,216,2.0175184484670075,7600,True,ec790070-4835-4864-80a9-221ef0ed2582,Westbound,2025-11-18 13:13:12.541600,257.0,368.0,120.0,167.0
1938,8,CAM002,76,2.0145790577944163,7600,True,ec790070-4835-4864-80a9-221ef0ed2582,Westbound,2025-11-18 13:13:12.538453,366.0,347.0,259.0,193.0
1937,9,CAM001,298,1.8443146801907466,7665,True,613b4d1e-c528-4ef5-91ef-1fde52080565,Eastbound,2025-11-18 13:13:07.869936,358.0,216.0,53.0,67.0
1936,4,CAM001,289,1.855641282383142,7665,True,613b4d1e-c528-4ef5-91ef-1fde52080565,Eastbound,2025-11-18 13:13:07.867937,277.0,233.0,114.0,109.0
1935,6,CAM001,256,2.0269790927045124,7665,True,613b4d1e-c528-4ef5-91ef-1fde52080565,Eastbound,2025-11-18 13:13:07.864935,713.0,252.0,86.0,113.0
1934,2,CAM001,223,1.4590816030119558,7665,True,613b4d1e-c528-4ef5-91ef-1fde52080565,Eastbound,2025-11-18 13:13:07.861935,485.0,248.0,123.0,132.0
1933,3,CAM001,220,1.9869612477385057,7665,True,613b4d1e-c528-4ef5-91ef-1fde52080565,Eastbound,2025-11-18 13:13:07.857937,377.0,247.0,106.0,95.0
1932,2,CAM002,292,2.02068132071944,7595,True,ec790070-4835-4864-80a9-221ef0ed2582,Westbound,2025-11-18 13:13:07.450897,592.0,402.0,69.0,104.0
1931,1,CAM002,287,1.9606646508625165,7595,True,ec790070-4835-4864-80a9-221ef0ed2582,Westbound,2025-11-18 13:13:07.448901,650.0,313.0,272.0,223.0
1930,7,CAM002,216,2.031756613907376,7595,True,ec790070-4835-4864-80a9-221ef0ed2582,Westbound,2025-11-18 13:13:07.446897,258.0,367.0,119.0,172.0
1929,8,CAM002,76,2.032303142910199,7595,True,ec790070-4835-4864-80a9-221ef0ed2582,Westbound,2025-11-18 13:13:07.441890,366.0,348.0,260.0,192.0
1928,4,CAM001,289,1.9950318262071962,7660,True,613b4d1e-c528-4ef5-91ef-1fde52080565,Eastbound,2025-11-18 13:13:03.657920,273.0,212.0,137.0,132.0
1927,6,CAM001,256,1.9729119343041552,7660,True,613b4d1e-c528-4ef5-91ef-1fde52080565,Eastbound,2025-11-18 13:13:03.656925,714.0,253.0,85.0,112.0
1926,3,CAM001,220,2.0257270975188986,7660,True,613b4d1e-c528-4ef5-91ef-1fde52080565,Eastbound,2025-11-18 13:13:03.653926,379.0,247.0,107.0,96.0
1925,2,CAM002,292,2.0249259272478866,7590,True,ec790070-4835-4864-80a9-221ef0ed2582,Westbound,2025-11-18 13:13:03.388104,593.0,405.0,67.0,101.0
1924,1,CAM002,287,2.0285460069464225,7590,True,ec790070-4835-4864-80a9-221ef0ed2582,Westbound,2025-11-18 13:13:03.385104,660.0,315.0,271.0,221.0
1923,7,CAM002,216,1.9921243949476632,7590,True,ec790070-4835-4864-80a9-221ef0ed2582,Westbound,2025-11-18 13:13:03.382111,257.0,367.0,113.0,172.0
1922,8,CAM002,76,2.017726789910726,7590,True,ec790070-4835-4864-80a9-221ef0ed2582,Westbound,2025-11-18 13:13:03.378167,366.0,349.0,260.0,191.0
1921,9,CAM001,298,2.0179014467390575,7655,True,613b4d1e-c528-4ef5-91ef-1fde52080565,Eastbound,2025-11-18 13:12:59.065384,354.0,216.0,53.0,66.0
1920,4,CAM001,289,1.8691938888818218,7655,True,613b4d1e-c528-4ef5-91ef-1fde52080565,Eastbound,2025-11-18 13:12:59.062385,274.0,223.0,126.0,120.0
1919,6,CAM001,256,2.008321861047772,7655,True,613b4d1e-c528-4ef5-91ef-1fde52080565,Eastbound,2025-11-18 13:12:59.059384,715.0,252.0,84.0,113.0
1918,3,CAM001,220,2.0194001432443547,7655,True,613b4d1e-c528-4ef5-91ef-1fde52080565,Eastbound,2025-11-18 13:12:59.055383,378.0,248.0,104.0,95.0
1917,2,CAM002,292,2.021537926389626,7585,True,ec790070-4835-4864-80a9-221ef0ed2582,Westbound,2025-11-18 13:12:58.593948,596.0,409.0,63.0,97.0
1916,1,CAM002,287,2.014214699816094,7585,True,ec790070-4835-4864-80a9-221ef0ed2582,Westbound,2025-11-18 13:12:58.590906,662.0,316.0,264.0,219.0
1915,7,CAM002,216,2.005598204210056,7585,True,ec790070-4835-4864-80a9-221ef0ed2582,Westbound,2025-11-18 13:12:58.587934,247.0,367.0,115.0,170.0
1914,8,CAM002,76,2.0240349198974945,7585,True,ec790070-4835-4864-80a9-221ef0ed2582,Westbound,2025-11-18 13:12:58.585014,365.0,348.0,260.0,192.0
1913,9,CAM001,298,1.5038128650418288,7650,True,613b4d1e-c528-4ef5-91ef-1fde52080565,Eastbound,2025-11-18 13:12:53.548879,354.0,215.0,53.0,67.0
1912,4,CAM001,289,1.8722428000399634,7650,True,613b4d1e-c528-4ef5-91ef-1fde52080565,Eastbound,2025-11-18 13:12:53.546878,275.0,232.0,116.0,111.0
1911,6,CAM001,256,2.0114214620809947,7650,True,613b4d1e-c528-4ef5-91ef-1fde52080565,Eastbound,2025-11-18 13:12:53.544879,715.0,253.0,85.0,112.0
1910,3,CAM001,220,1.9851211654265588,7650,True,613b4d1e-c528-4ef5-91ef-1fde52080565,Eastbound,2025-11-18 13:12:53.542920,376.0,247.0,107.0,96.0
1909,2,CAM002,292,2.0315989849404947,7580,True,ec790070-4835-4864-80a9-221ef0ed2582,Westbound,2025-11-18 13:12:53.180427,599.0,414.0,58.0,92.0
1908,1,CAM002,287,1.9980362199098654,7580,True,ec790070-4835-4864-80a9-221ef0ed2582,Westbound,2025-11-18 13:12:53.178428,661.0,317.0,259.0,218.0
1907,7,CAM002,216,1.9679538996987116,7580,True,ec790070-4835-4864-80a9-221ef0ed2582,Westbound,2025-11-18 13:12:53.176425,246.0,367.0,123.0,171.0
1906,8,CAM002,76,2.028387275062782,7580,True,ec790070-4835-4864-80a9-221ef0ed2582,Westbound,2025-11-18 13:12:53.173425,363.0,348.0,263.0,192.0
1905,4,CAM001,289,2.021759416770614,7645,True,613b4d1e-c528-4ef5-91ef-1fde52080565,Eastbound,2025-11-18 13:12:48.724136,271.0,212.0,140.0,135.0
1904,6,CAM001,256,2.0317755910503417,7645,True,613b4d1e-c528-4ef5-91ef-1fde52080565,Eastbound,2025-11-18 13:12:48.722129,715.0,254.0,84.0,111.0
1903,3,CAM001,220,1.970925003031913,7645,True,613b4d1e-c528-4ef5-91ef-1fde52080565,Eastbound,2025-11-18 13:12:48.720138,379.0,244.0,108.0,99.0
1902,1,CAM002,287,2.01272204082464,7575,True,ec790070-4835-4864-80a9-221ef0ed2582,Westbound,2025-11-18 13:12:48.406084,661.0,316.0,257.0,220.0
1901,7,CAM002,216,2.0024184034769865,7575,True,ec790070-4835-4864-80a9-221ef0ed2582,Westbound,2025-11-18 13:12:48.403089,251.0,368.0,126.0,170.0
1900,8,CAM002,76,2.0120444025433804,7575,True,ec790070-4835-4864-80a9-221ef0ed2582,Westbound,2025-11-18 13:12:48.401200,364.0,348.0,268.0,192.0
1899,4,CAM001,298,2.035028967303841,7640,True,613b4d1e-c528-4ef5-91ef-1fde52080565,Eastbound,2025-11-18 13:12:43.769355,354.0,215.0,53.0,66.0
1898,7,CAM001,289,1.5024737653424292,7640,True,613b4d1e-c528-4ef5-91ef-1fde52080565,Eastbound,2025-11-18 13:12:43.767355,272.0,223.0,131.0,122.0
1897,6,CAM001,256,1.9604366023267128,7640,True,613b4d1e-c528-4ef5-91ef-1fde52080565,Eastbound,2025-11-18 13:12:43.764354,715.0,255.0,84.0,110.0
1896,9,CAM001,223,1.939378018393141,7640,True,613b4d1e-c528-4ef5-91ef-1fde52080565,Eastbound,2025-11-18 13:12:43.762354,489.0,248.0,122.0,133.0
1895,3,CAM001,220,1.9973042714683769,7640,True,613b4d1e-c528-4ef5-91ef-1fde52080565,Eastbound,2025-11-18 13:12:43.758353,375.0,244.0,111.0,98.0
1894,2,CAM002,292,2.0102073647971213,7570,True,ec790070-4835-4864-80a9-221ef0ed2582,Westbound,2025-11-18 13:12:43.275866,576.0,347.0,89.0,163.0
1893,1,CAM002,287,2.0269059860732517,7570,True,ec790070-4835-4864-80a9-221ef0ed2582,Westbound,2025-11-18 13:12:43.272868,664.0,317.0,250.0,218.0
1892,7,CAM002,216,1.6696792176705515,7570,True,ec790070-4835-4864-80a9-221ef0ed2582,Westbound,2025-11-18 13:12:43.268869,253.0,367.0,127.0,171.0
1891,8,CAM002,76,2.0199337430783753,7570,True,ec790070-4835-4864-80a9-221ef0ed2582,Westbound,2025-11-18 13:12:43.264865,365.0,347.0,273.0,193.0
1890,4,CAM001,298,1.777137389980537,7635,True,613b4d1e-c528-4ef5-91ef-1fde52080565,Eastbound,2025-11-18 13:12:38.571927,353.0,215.0,55.0,65.0
1889,7,CAM001,289,1.5332938500921653,7635,True,613b4d1e-c528-4ef5-91ef-1fde52080565,Eastbound,2025-11-18 13:12:38.568940,276.0,237.0,113.0,107.0
1888,9,CAM001,271,2.002473764724398,7635,True,613b4d1e-c528-4ef5-91ef-1fde52080565,Eastbound,2025-11-18 13:12:38.565929,607.0,249.0,74.0,112.0
1887,6,CAM001,256,1.9701663965131397,7635,True,613b4d1e-c528-4ef5-91ef-1fde52080565,Eastbound,2025-11-18 13:12:38.562925,714.0,254.0,85.0,111.0
1886,2,CAM001,223,1.6310793378721449,7635,True,613b4d1e-c528-4ef5-91ef-1fde52080565,Eastbound,2025-11-18 13:12:38.559925,490.0,246.0,117.0,134.0
1885,3,CAM001,220,1.9822875025056381,7635,True,613b4d1e-c528-4ef5-91ef-1fde52080565,Eastbound,2025-11-18 13:12:38.555939,378.0,249.0,105.0,92.0
1884,2,CAM002,292,1.7231550366683093,7565,True,ec790070-4835-4864-80a9-221ef0ed2582,Westbound,2025-11-18 13:12:37.890855,574.0,349.0,92.0,160.0
1883,1,CAM002,287,1.9821496820918576,7565,True,ec790070-4835-4864-80a9-221ef0ed2582,Westbound,2025-11-18 13:12:37.887849,659.0,320.0,237.0,214.0
1882,7,CAM002,216,1.9928280210334248,7565,True,ec790070-4835-4864-80a9-221ef0ed2582,Westbound,2025-11-18 13:12:37.884850,253.0,366.0,128.0,171.0
1881,8,CAM002,76,2.007136459959996,7565,True,ec790070-4835-4864-80a9-221ef0ed2582,Westbound,2025-11-18 13:12:37.881848,368.0,349.0,271.0,191.0
1880,4,CAM001,297,2.0122350830001965,7630,True,613b4d1e-c528-4ef5-91ef-1fde52080565,Eastbound,2025-11-18 13:12:32.427189,356.0,215.0,51.0,118.0
1879,7,CAM001,289,1.6315552576322083,7630,True,613b4d1e-c528-4ef5-91ef-1fde52080565,Eastbound,2025-11-18 13:12:32.424190,273.0,225.0,130.0,122.0
1878,9,CAM001,271,1.990279712376998,7630,True,613b4d1e-c528-4ef5-91ef-1fde52080565,Eastbound,2025-11-18 13:12:32.420191,607.0,249.0,74.0,111.0
1877,6,CAM001,256,1.9578570566572522,7630,True,613b4d1e-c528-4ef5-91ef-1fde52080565,Eastbound,2025-11-18 13:12:32.415188,715.0,253.0,83.0,112.0
1876,8,CAM001,223,1.641846542198492,7630,True,613b4d1e-c528-4ef5-91ef-1fde52080565,Eastbound,2025-11-18 13:12:32.412185,486.0,243.0,119.0,137.0
1875,3,CAM001,220,2.0050403164867556,7630,True,613b4d1e-c528-4ef5-91ef-1fde52080565,Eastbound,2025-11-18 13:12:32.408189,383.0,250.0,101.0,90.0
1874,2,CAM002,292,1.9237577192540363,7560,True,ec790070-4835-4864-80a9-221ef0ed2582,Westbound,2025-11-18 13:12:31.835412,580.0,369.0,84.0,137.0
1873,1,CAM002,287,1.9762437402731095,7560,True,ec790070-4835-4864-80a9-221ef0ed2582,Westbound,2025-11-18 13:12:31.834412,642.0,322.0,250.0,212.0
1872,7,CAM002,216,1.6713667024793175,7560,True,ec790070-4835-4864-80a9-221ef0ed2582,Westbound,2025-11-18 13:12:31.832413,253.0,366.0,127.0,170.0
1871,8,CAM002,76,1.710070302929572,7560,True,ec790070-4835-4864-80a9-221ef0ed2582,Westbound,2025-11-18 13:12:31.829414,369.0,349.0,267.0,191.0
1870,4,CAM001,298,1.9946306639517364,7625,True,613b4d1e-c528-4ef5-91ef-1fde52080565,Eastbound,2025-11-18 13:12:25.366756,352.0,215.0,53.0,64.0
1869,8,CAM001,297,1.3191879332695404,7625,True,613b4d1e-c528-4ef5-91ef-1fde52080565,Eastbound,2025-11-18 13:12:25.364760,354.0,215.0,54.0,118.0
1868,7,CAM001,289,1.580219722810208,7625,True,613b4d1e-c528-4ef5-91ef-1fde52080565,Eastbound,2025-11-18 13:12:25.362758,274.0,232.0,121.0,113.0
1867,9,CAM001,271,2.03142780864079,7625,True,613b4d1e-c528-4ef5-91ef-1fde52080565,Eastbound,2025-11-18 13:12:25.361758,607.0,249.0,74.0,111.0
1866,6,CAM001,256,2.0154933911928166,7625,True,613b4d1e-c528-4ef5-91ef-1fde52080565,Eastbound,2025-11-18 13:12:25.359757,716.0,253.0,82.0,112.0
1865,2,CAM001,223,1.6963063911126062,7625,True,613b4d1e-c528-4ef5-91ef-1fde52080565,Eastbound,2025-11-18 13:12:25.357757,483.0,242.0,121.0,138.0
1864,3,CAM001,220,2.0070579835018907,7625,True,613b4d1e-c528-4ef5-91ef-1fde52080565,Eastbound,2025-11-18 13:12:25.353768,382.0,250.0,97.0,91.0
1863,2,CAM002,292,1.6393980977472185,7555,True,ec790070-4835-4864-80a9-221ef0ed2582,Westbound,2025-11-18 13:12:24.898989,587.0,385.0,72.0,121.0
1862,1,CAM002,287,2.019735921911164,7555,True,ec790070-4835-4864-80a9-221ef0ed2582,Westbound,2025-11-18 13:12:24.896987,659.0,316.0,261.0,219.0
1861,7,CAM002,216,1.6080379714194963,7555,True,ec790070-4835-4864-80a9-221ef0ed2582,Westbound,2025-11-18 13:12:24.894990,252.0,367.0,129.0,173.0
1860,8,CAM002,76,2.009414316143314,7555,True,ec790070-4835-4864-80a9-221ef0ed2582,Westbound,2025-11-18 13:12:24.891472,366.0,350.0,267.0,190.0
1859,7,CAM001,289,1.2615288908310498,7620,True,613b4d1e-c528-4ef5-91ef-1fde52080565,Eastbound,2025-11-18 13:12:20.283686,280.0,244.0,101.0,98.0
1858,9,CAM001,271,2.0410543825238885,7620,True,613b4d1e-c528-4ef5-91ef-1fde52080565,Eastbound,2025-11-18 13:12:20.282689,606.0,249.0,75.0,112.0
1857,6,CAM001,256,2.0224208257497933,7620,True,613b4d1e-c528-4ef5-91ef-1fde52080565,Eastbound,2025-11-18 13:12:20.280685,717.0,254.0,80.0,111.0
1856,2,CAM001,223,2.0051305245081332,7620,True,613b4d1e-c528-4ef5-91ef-1fde52080565,Eastbound,2025-11-18 13:12:20.278682,482.0,241.0,123.0,138.0
1855,3,CAM001,220,2.010659721164813,7620,True,613b4d1e-c528-4ef5-91ef-1fde52080565,Eastbound,2025-11-18 13:12:20.276701,380.0,250.0,96.0,92.0
1854,4,CAM002,292,2.0339699793181545,7550,True,ec790070-4835-4864-80a9-221ef0ed2582,Westbound,2025-11-18 13:12:19.804776,566.0,349.0,97.0,161.0
1853,1,CAM002,287,2.0336251600739144,7550,True,ec790070-4835-4864-80a9-221ef0ed2582,Westbound,2025-11-18 13:12:19.801774,660.0,315.0,261.0,220.0
1852,7,CAM002,216,2.0177745816869237,7550,True,ec790070-4835-4864-80a9-221ef0ed2582,Westbound,2025-11-18 13:12:19.797782,252.0,366.0,130.0,174.0
1851,8,CAM002,76,2.0335022462394563,7550,True,ec790070-4835-4864-80a9-221ef0ed2582,Westbound,2025-11-18 13:12:19.793790,371.0,351.0,264.0,189.0
1850,9,CAM001,271,2.0366883562164624,7615,True,613b4d1e-c528-4ef5-91ef-1fde52080565,Eastbound,2025-11-18 13:12:15.916441,607.0,249.0,73.0,111.0
1849,6,CAM001,256,1.9433777390994078,7615,True,613b4d1e-c528-4ef5-91ef-1fde52080565,Eastbound,2025-11-18 13:12:15.913436,714.0,252.0,84.0,120.0
1848,2,CAM001,223,1.9724119015802144,7615,True,613b4d1e-c528-4ef5-91ef-1fde52080565,Eastbound,2025-11-18 13:12:15.911436,482.0,242.0,122.0,137.0
1847,3,CAM001,220,2.016748371792779,7615,True,613b4d1e-c528-4ef5-91ef-1fde52080565,Eastbound,2025-11-18 13:12:15.909464,385.0,250.0,94.0,92.0
1846,4,CAM002,292,1.944728503013786,7545,True,ec790070-4835-4864-80a9-221ef0ed2582,Westbound,2025-11-18 13:12:15.549251,576.0,370.0,86.0,139.0
1845,1,CAM002,287,2.0292248823499177,7545,True,ec790070-4835-4864-80a9-221ef0ed2582,Westbound,2025-11-18 13:12:15.545248,660.0,314.0,260.0,221.0
1844,7,CAM002,216,2.0137446544717648,7545,True,ec790070-4835-4864-80a9-221ef0ed2582,Westbound,2025-11-18 13:12:15.541250,252.0,365.0,130.0,175.0
1843,8,CAM002,76,1.993904643696613,7545,True,ec790070-4835-4864-80a9-221ef0ed2582,Westbound,2025-11-18 13:12:15.532245,371.0,350.0,259.0,190.0
1842,7,CAM001,297,1.5600220765963997,7610,True,613b4d1e-c528-4ef5-91ef-1fde52080565,Eastbound,2025-11-18 13:12:11.169667,347.0,215.0,55.0,118.0
1841,2,CAM001,289,1.992104162616383,7610,True,613b4d1e-c528-4ef5-91ef-1fde52080565,Eastbound,2025-11-18 13:12:11.168623,281.0,227.0,119.0,116.0
1840,9,CAM001,271,2.024058572164399,7610,True,613b4d1e-c528-4ef5-91ef-1fde52080565,Eastbound,2025-11-18 13:12:11.167627,607.0,249.0,73.0,110.0
1839,6,CAM001,256,1.9474582247949184,7610,True,613b4d1e-c528-4ef5-91ef-1fde52080565,Eastbound,2025-11-18 13:12:11.165617,710.0,251.0,91.0,125.0
1838,4,CAM001,223,1.6722685393005006,7610,True,613b4d1e-c528-4ef5-91ef-1fde52080565,Eastbound,2025-11-18 13:12:11.163716,481.0,243.0,123.0,137.0
1837,3,CAM001,220,2.027206619104755,7610,True,613b4d1e-c528-4ef5-91ef-1fde52080565,Eastbound,2025-11-18 13:12:11.157717,382.0,247.0,99.0,95.0
1836,4,CAM002,292,1.5858576414941243,7540,True,ec790070-4835-4864-80a9-221ef0ed2582,Westbound,2025-11-18 13:12:10.680616,597.0,403.0,59.0,102.0
1835,1,CAM002,287,2.0364629694321286,7540,True,ec790070-4835-4864-80a9-221ef0ed2582,Westbound,2025-11-18 13:12:10.678550,661.0,313.0,257.0,222.0
1834,7,CAM002,216,1.5275079223612908,7540,True,ec790070-4835-4864-80a9-221ef0ed2582,Westbound,2025-11-18 13:12:10.676621,253.0,366.0,129.0,174.0
1833,8,CAM002,76,2.016321451978515,7540,True,ec790070-4835-4864-80a9-221ef0ed2582,Westbound,2025-11-18 13:12:10.673619,369.0,350.0,261.0,190.0
1832,7,CAM001,297,1.458792002301495,7605,True,613b4d1e-c528-4ef5-91ef-1fde52080565,Eastbound,2025-11-18 13:12:05.916468,348.0,214.0,55.0,120.0
1831,2,CAM001,289,1.904371620200549,7605,True,613b4d1e-c528-4ef5-91ef-1fde52080565,Eastbound,2025-11-18 13:12:05.914467,281.0,234.0,109.0,108.0
1830,9,CAM001,271,2.027778455595763,7605,True,613b4d1e-c528-4ef5-91ef-1fde52080565,Eastbound,2025-11-18 13:12:05.913466,607.0,249.0,73.0,111.0
1829,6,CAM001,256,1.9322848479530126,7605,True,613b4d1e-c528-4ef5-91ef-1fde52080565,Eastbound,2025-11-18 13:12:05.911466,713.0,251.0,85.0,120.0
1828,4,CAM001,223,1.657207402966628,7605,True,613b4d1e-c528-4ef5-91ef-1fde52080565,Eastbound,2025-11-18 13:12:05.910467,481.0,244.0,123.0,136.0
1827,3,CAM001,220,1.9990199197228935,7605,True,613b4d1e-c528-4ef5-91ef-1fde52080565,Eastbound,2025-11-18 13:12:05.898489,379.0,246.0,100.0,96.0
1826,4,CAM002,292,1.7452499786038917,7535,True,ec790070-4835-4864-80a9-221ef0ed2582,Westbound,2025-11-18 13:12:05.449734,572.0,352.0,89.0,159.0
1825,1,CAM002,287,2.00360903607524,7535,True,ec790070-4835-4864-80a9-221ef0ed2582,Westbound,2025-11-18 13:12:05.447741,664.0,314.0,251.0,221.0
1824,7,CAM002,216,1.9935648456920672,7535,True,ec790070-4835-4864-80a9-221ef0ed2582,Westbound,2025-11-18 13:12:05.445731,252.0,367.0,128.0,173.0
1823,8,CAM002,76,2.009438757024984,7535,True,ec790070-4835-4864-80a9-221ef0ed2582,Westbound,2025-11-18 13:12:05.443735,374.0,351.0,257.0,189.0
1822,7,CAM001,297,1.5754947346968786,7600,True,613b4d1e-c528-4ef5-91ef-1fde52080565,Eastbound,2025-11-18 13:12:00.753273,350.0,214.0,56.0,123.0
1821,2,CAM001,289,1.856184006462201,7600,True,613b4d1e-c528-4ef5-91ef-1fde52080565,Eastbound,2025-11-18 13:12:00.749279,280.0,239.0,101.0,105.0
1820,9,CAM001,271,2.018795913821955,7600,True,613b4d1e-c528-4ef5-91ef-1fde52080565,Eastbound,2025-11-18 13:12:00.747273,607.0,249.0,73.0,113.0
1819,6,CAM001,256,1.9365046067600034,7600,True,613b4d1e-c528-4ef5-91ef-1fde52080565,Eastbound,2025-11-18 13:12:00.746275,709.0,251.0,92.0,125.0
1818,4,CAM001,223,1.6878801926822167,7600,True,613b4d1e-c528-4ef5-91ef-1fde52080565,Eastbound,2025-11-18 13:12:00.745270,482.0,246.0,121.0,134.0
1817,3,CAM001,220,1.965389692949533,7600,True,613b4d1e-c528-4ef5-91ef-1fde52080565,Eastbound,2025-11-18 13:12:00.742283,379.0,246.0,99.0,95.0
1816,4,CAM002,292,1.7137242751337176,7530,True,ec790070-4835-4864-80a9-221ef0ed2582,Westbound,2025-11-18 13:12:00.287347,571.0,351.0,90.0,161.0
1815,1,CAM002,287,1.9755165896327265,7530,True,ec790070-4835-4864-80a9-221ef0ed2582,Westbound,2025-11-18 13:12:00.285316,657.0,318.0,238.0,217.0
1814,7,CAM002,216,1.6320153990299888,7530,True,ec790070-4835-4864-80a9-221ef0ed2582,Westbound,2025-11-18 13:12:00.284317,252.0,367.0,129.0,173.0
1813,8,CAM002,76,2.0046199642300175,7530,True,ec790070-4835-4864-80a9-221ef0ed2582,Westbound,2025-11-18 13:12:00.281444,378.0,351.0,254.0,189.0
1812,7,CAM001,297,1.605093632380509,7595,True,613b4d1e-c528-4ef5-91ef-1fde52080565,Eastbound,2025-11-18 13:11:55.773653,350.0,214.0,56.0,123.0
1811,2,CAM001,289,1.9736764134641398,7595,True,613b4d1e-c528-4ef5-91ef-1fde52080565,Eastbound,2025-11-18 13:11:55.769652,272.0,230.0,121.0,120.0
1810,9,CAM001,271,2.0199649692713058,7595,True,613b4d1e-c528-4ef5-91ef-1fde52080565,Eastbound,2025-11-18 13:11:55.760113,606.0,248.0,74.0,114.0
1809,6,CAM001,256,2.0358020648466564,7595,True,613b4d1e-c528-4ef5-91ef-1fde52080565,Eastbound,2025-11-18 13:11:55.754105,716.0,254.0,82.0,111.0
1808,4,CAM001,223,1.6966124591053549,7595,True,613b4d1e-c528-4ef5-91ef-1fde52080565,Eastbound,2025-11-18 13:11:55.753104,481.0,243.0,123.0,136.0
1807,3,CAM001,220,2.0395954375080803,7595,True,613b4d1e-c528-4ef5-91ef-1fde52080565,Eastbound,2025-11-18 13:11:55.751107,382.0,248.0,96.0,92.0
1806,4,CAM002,292,1.662345789419844,7525,True,ec790070-4835-4864-80a9-221ef0ed2582,Westbound,2025-11-18 13:11:55.277394,577.0,362.0,84.0,148.0
1805,1,CAM002,287,1.9529301035537348,7525,True,ec790070-4835-4864-80a9-221ef0ed2582,Westbound,2025-11-18 13:11:55.275395,643.0,321.0,249.0,214.0
1804,7,CAM002,216,1.578261575066463,7525,True,ec790070-4835-4864-80a9-221ef0ed2582,Westbound,2025-11-18 13:11:55.273395,253.0,367.0,128.0,173.0
1803,8,CAM002,76,2.0080315163290923,7525,True,ec790070-4835-4864-80a9-221ef0ed2582,Westbound,2025-11-18 13:11:55.270393,379.0,348.0,254.0,192.0
1802,2,CAM001,289,1.9426004450963814,7590,True,613b4d1e-c528-4ef5-91ef-1fde52080565,Eastbound,2025-11-18 13:11:51.102597,273.0,236.0,118.0,110.0
1801,9,CAM001,271,2.0324612854600983,7590,True,613b4d1e-c528-4ef5-91ef-1fde52080565,Eastbound,2025-11-18 13:11:51.100597,606.0,247.0,74.0,115.0
1800,6,CAM001,256,1.8949118283384365,7590,True,613b4d1e-c528-4ef5-91ef-1fde52080565,Eastbound,2025-11-18 13:11:51.097599,712.0,252.0,87.0,121.0
1799,4,CAM001,223,1.6548398869904433,7590,True,613b4d1e-c528-4ef5-91ef-1fde52080565,Eastbound,2025-11-18 13:11:51.095589,482.0,244.0,121.0,135.0
1798,3,CAM001,220,2.0008978309797874,7590,True,613b4d1e-c528-4ef5-91ef-1fde52080565,Eastbound,2025-11-18 13:11:51.093590,380.0,248.0,98.0,93.0
1797,4,CAM002,292,1.6828372703266987,7520,True,ec790070-4835-4864-80a9-221ef0ed2582,Westbound,2025-11-18 13:11:50.703207,586.0,374.0,74.0,134.0
1796,1,CAM002,287,2.025430947044885,7520,True,ec790070-4835-4864-80a9-221ef0ed2582,Westbound,2025-11-18 13:11:50.702200,658.0,315.0,262.0,220.0
1795,7,CAM002,216,1.9427380758469315,7520,True,ec790070-4835-4864-80a9-221ef0ed2582,Westbound,2025-11-18 13:11:50.700216,250.0,359.0,135.0,181.0
1794,8,CAM002,76,1.9856071950091927,7520,True,ec790070-4835-4864-80a9-221ef0ed2582,Westbound,2025-11-18 13:11:50.697214,376.0,346.0,257.0,194.0
1793,2,CAM001,289,1.8638964353965861,7585,True,613b4d1e-c528-4ef5-91ef-1fde52080565,Eastbound,2025-11-18 13:11:46.166364,279.0,238.0,112.0,104.0
1792,9,CAM001,271,2.0326997058057525,7585,True,613b4d1e-c528-4ef5-91ef-1fde52080565,Eastbound,2025-11-18 13:11:46.164363,606.0,247.0,75.0,114.0
1791,6,CAM001,256,1.9095995708065792,7585,True,613b4d1e-c528-4ef5-91ef-1fde52080565,Eastbound,2025-11-18 13:11:46.162364,707.0,250.0,96.0,128.0
1790,4,CAM001,223,1.6031659554721502,7585,True,613b4d1e-c528-4ef5-91ef-1fde52080565,Eastbound,2025-11-18 13:11:46.161364,483.0,246.0,120.0,134.0
1789,3,CAM001,220,1.9860493234282046,7585,True,613b4d1e-c528-4ef5-91ef-1fde52080565,Eastbound,2025-11-18 13:11:46.157380,378.0,245.0,100.0,96.0
1788,4,CAM002,292,2.024679847716484,7515,True,ec790070-4835-4864-80a9-221ef0ed2582,Westbound,2025-11-18 13:11:45.589586,570.0,348.0,94.0,170.0
1787,1,CAM002,287,2.034176029743604,7515,True,ec790070-4835-4864-80a9-221ef0ed2582,Westbound,2025-11-18 13:11:45.588587,657.0,316.0,262.0,220.0
1786,7,CAM002,216,1.9942786203297178,7515,True,ec790070-4835-4864-80a9-221ef0ed2582,Westbound,2025-11-18 13:11:45.585588,251.0,349.0,145.0,191.0
1785,8,CAM002,76,1.6854912395961903,7515,True,ec790070-4835-4864-80a9-221ef0ed2582,Westbound,2025-11-18 13:11:45.568585,386.0,347.0,248.0,193.0
1784,2,CAM001,289,2.016917722063701,7580,True,613b4d1e-c528-4ef5-91ef-1fde52080565,Eastbound,2025-11-18 13:11:40.714551,274.0,224.0,131.0,122.0
1783,9,CAM001,271,2.0372149976684857,7580,True,613b4d1e-c528-4ef5-91ef-1fde52080565,Eastbound,2025-11-18 13:11:40.712547,607.0,249.0,74.0,111.0
1782,6,CAM001,256,2.0285717744118816,7580,True,613b4d1e-c528-4ef5-91ef-1fde52080565,Eastbound,2025-11-18 13:11:40.708542,714.0,254.0,85.0,110.0
1781,8,CAM001,223,1.645715686034642,7580,True,613b4d1e-c528-4ef5-91ef-1fde52080565,Eastbound,2025-11-18 13:11:40.706548,482.0,242.0,122.0,137.0
1780,3,CAM001,220,2.034718399550645,7580,True,613b4d1e-c528-4ef5-91ef-1fde52080565,Eastbound,2025-11-18 13:11:40.701540,378.0,240.0,106.0,101.0
1779,4,CAM002,292,1.9335024311416507,7510,True,ec790070-4835-4864-80a9-221ef0ed2582,Westbound,2025-11-18 13:11:40.314845,579.0,370.0,83.0,145.0
1778,1,CAM002,287,2.0302792529938403,7510,True,ec790070-4835-4864-80a9-221ef0ed2582,Westbound,2025-11-18 13:11:40.312845,656.0,315.0,264.0,221.0
1777,7,CAM002,216,1.9620087831552482,7510,True,ec790070-4835-4864-80a9-221ef0ed2582,Westbound,2025-11-18 13:11:40.310845,255.0,357.0,138.0,183.0
1776,8,CAM002,76,1.7000717346415677,7510,True,ec790070-4835-4864-80a9-221ef0ed2582,Westbound,2025-11-18 13:11:40.306862,386.0,346.0,240.0,194.0
1775,2,CAM001,289,1.9040278111736462,7575,True,613b4d1e-c528-4ef5-91ef-1fde52080565,Eastbound,2025-11-18 13:11:35.548062,273.0,231.0,126.0,114.0
1774,9,CAM001,271,2.03157939651431,7575,True,613b4d1e-c528-4ef5-91ef-1fde52080565,Eastbound,2025-11-18 13:11:35.546063,607.0,249.0,74.0,111.0
1773,6,CAM001,256,2.0250022240109864,7575,True,613b4d1e-c528-4ef5-91ef-1fde52080565,Eastbound,2025-11-18 13:11:35.544061,715.0,255.0,84.0,110.0
1772,8,CAM001,223,1.6611261032948923,7575,True,613b4d1e-c528-4ef5-91ef-1fde52080565,Eastbound,2025-11-18 13:11:35.542062,481.0,242.0,123.0,137.0
1771,3,CAM001,220,2.00437641101497,7575,True,613b4d1e-c528-4ef5-91ef-1fde52080565,Eastbound,2025-11-18 13:11:35.538549,378.0,242.0,105.0,100.0
1770,4,CAM002,292,1.6346024360312532,7505,True,ec790070-4835-4864-80a9-221ef0ed2582,Westbound,2025-11-18 13:11:34.899014,593.0,390.0,64.0,120.0
1769,1,CAM002,287,1.997737074045609,7505,True,ec790070-4835-4864-80a9-221ef0ed2582,Westbound,2025-11-18 13:11:34.895012,659.0,314.0,266.0,222.0
1768,7,CAM002,216,2.0019792503225777,7505,True,ec790070-4835-4864-80a9-221ef0ed2582,Westbound,2025-11-18 13:11:34.891013,252.0,366.0,130.0,172.0
1767,8,CAM002,76,2.004184733228293,7505,True,ec790070-4835-4864-80a9-221ef0ed2582,Westbound,2025-11-18 13:11:34.886015,391.0,346.0,231.0,194.0
1766,2,CAM001,289,1.9301949468235269,7570,True,613b4d1e-c528-4ef5-91ef-1fde52080565,Eastbound,2025-11-18 13:11:30.263729,273.0,239.0,118.0,103.0
1765,9,CAM001,271,2.0308473944617758,7570,True,613b4d1e-c528-4ef5-91ef-1fde52080565,Eastbound,2025-11-18 13:11:30.261725,607.0,250.0,73.0,109.0
1764,6,CAM001,256,2.0076521851470246,7570,True,613b4d1e-c528-4ef5-91ef-1fde52080565,Eastbound,2025-11-18 13:11:30.259719,716.0,255.0,83.0,110.0
1763,4,CAM001,223,1.6823453164840307,7570,True,613b4d1e-c528-4ef5-91ef-1fde52080565,Eastbound,2025-11-18 13:11:30.258215,482.0,243.0,123.0,137.0
1762,3,CAM001,220,2.02952357863324,7570,True,613b4d1e-c528-4ef5-91ef-1fde52080565,Eastbound,2025-11-18 13:11:30.255233,377.0,245.0,103.0,97.0
1761,4,CAM002,292,1.6973027878749,7500,True,ec790070-4835-4864-80a9-221ef0ed2582,Westbound,2025-11-18 13:11:29.864522,579.0,350.0,86.0,162.0
1760,1,CAM002,287,2.0190146779180744,7500,True,ec790070-4835-4864-80a9-221ef0ed2582,Westbound,2025-11-18 13:11:29.861517,663.0,314.0,261.0,222.0
1759,7,CAM002,216,2.01390298763817,7500,True,ec790070-4835-4864-80a9-221ef0ed2582,Westbound,2025-11-18 13:11:29.857468,252.0,365.0,128.0,171.0
1758,8,CAM002,76,1.9556696835376184,7500,True,ec790070-4835-4864-80a9-221ef0ed2582,Westbound,2025-11-18 13:11:29.854493,401.0,345.0,213.0,195.0
1757,2,CAM001,289,1.9665626297582173,7565,True,613b4d1e-c528-4ef5-91ef-1fde52080565,Eastbound,2025-11-18 13:11:25.742852,271.0,231.0,124.0,109.0
1756,9,CAM001,271,2.027875346965794,7565,True,613b4d1e-c528-4ef5-91ef-1fde52080565,Eastbound,2025-11-18 13:11:25.741851,607.0,250.0,73.0,109.0
1755,6,CAM001,256,2.0150188053331917,7565,True,613b4d1e-c528-4ef5-91ef-1fde52080565,Eastbound,2025-11-18 13:11:25.738714,716.0,254.0,83.0,110.0
1754,4,CAM001,223,1.6371550478051127,7565,True,613b4d1e-c528-4ef5-91ef-1fde52080565,Eastbound,2025-11-18 13:11:25.737714,482.0,243.0,122.0,136.0
1753,3,CAM001,220,2.0275551994657164,7565,True,613b4d1e-c528-4ef5-91ef-1fde52080565,Eastbound,2025-11-18 13:11:25.734733,378.0,243.0,103.0,98.0
1752,4,CAM002,292,1.6543411724544541,7495,True,ec790070-4835-4864-80a9-221ef0ed2582,Westbound,2025-11-18 13:11:25.282475,573.0,349.0,88.0,165.0
1751,1,CAM002,287,2.009070667129076,7495,True,ec790070-4835-4864-80a9-221ef0ed2582,Westbound,2025-11-18 13:11:25.277468,661.0,315.0,256.0,221.0
1750,7,CAM002,216,2.0328478743189136,7495,True,ec790070-4835-4864-80a9-221ef0ed2582,Westbound,2025-11-18 13:11:25.272923,252.0,365.0,128.0,171.0
1749,8,CAM002,76,1.9953863312792328,7495,True,ec790070-4835-4864-80a9-221ef0ed2582,Westbound,2025-11-18 13:11:25.268406,398.0,340.0,202.0,200.0
1748,2,CAM001,289,1.9362251326993116,7560,True,613b4d1e-c528-4ef5-91ef-1fde52080565,Eastbound,2025-11-18 13:11:21.107586,276.0,235.0,112.0,105.0
1747,9,CAM001,271,2.0287848244453435,7560,True,613b4d1e-c528-4ef5-91ef-1fde52080565,Eastbound,2025-11-18 13:11:21.105586,606.0,249.0,74.0,113.0
1746,6,CAM001,256,2.0084831472696436,7560,True,613b4d1e-c528-4ef5-91ef-1fde52080565,Eastbound,2025-11-18 13:11:21.104586,715.0,253.0,84.0,111.0
1745,4,CAM001,223,1.6821264947660692,7560,True,613b4d1e-c528-4ef5-91ef-1fde52080565,Eastbound,2025-11-18 13:11:21.101585,481.0,242.0,123.0,137.0
1744,3,CAM001,220,1.9976104149728409,7560,True,613b4d1e-c528-4ef5-91ef-1fde52080565,Eastbound,2025-11-18 13:11:21.098071,377.0,243.0,102.0,98.0
1743,4,CAM002,292,1.7036454549491773,7490,True,ec790070-4835-4864-80a9-221ef0ed2582,Westbound,2025-11-18 13:11:20.670445,571.0,348.0,89.0,165.0
1742,1,CAM002,287,2.0232612949285587,7490,True,ec790070-4835-4864-80a9-221ef0ed2582,Westbound,2025-11-18 13:11:20.667936,663.0,315.0,253.0,221.0
1741,7,CAM002,216,2.0245906370199664,7490,True,ec790070-4835-4864-80a9-221ef0ed2582,Westbound,2025-11-18 13:11:20.665937,251.0,364.0,129.0,173.0
1740,8,CAM002,76,1.9584517346617574,7490,True,ec790070-4835-4864-80a9-221ef0ed2582,Westbound,2025-11-18 13:11:20.661477,394.0,327.0,209.0,213.0
1739,2,CAM001,289,1.9006453589930528,7555,True,613b4d1e-c528-4ef5-91ef-1fde52080565,Eastbound,2025-11-18 13:11:16.186869,280.0,237.0,107.0,103.0
1738,9,CAM001,271,2.011379794851211,7555,True,613b4d1e-c528-4ef5-91ef-1fde52080565,Eastbound,2025-11-18 13:11:16.185870,607.0,250.0,73.0,109.0
1737,6,CAM001,256,2.0125804871057342,7555,True,613b4d1e-c528-4ef5-91ef-1fde52080565,Eastbound,2025-11-18 13:11:16.184869,714.0,252.0,85.0,113.0
1736,4,CAM001,223,2.0108737469681803,7555,True,613b4d1e-c528-4ef5-91ef-1fde52080565,Eastbound,2025-11-18 13:11:16.182868,481.0,243.0,123.0,137.0
1735,3,CAM001,220,2.0186665332669027,7555,True,613b4d1e-c528-4ef5-91ef-1fde52080565,Eastbound,2025-11-18 13:11:16.174376,378.0,245.0,100.0,96.0
1734,1,CAM002,287,2.03048276535357,7485,True,ec790070-4835-4864-80a9-221ef0ed2582,Westbound,2025-11-18 13:11:15.727389,669.0,314.0,246.0,222.0
1733,7,CAM002,216,1.980675084996954,7485,True,ec790070-4835-4864-80a9-221ef0ed2582,Westbound,2025-11-18 13:11:15.724390,252.0,363.0,131.0,175.0
1732,8,CAM002,76,1.9356857805327359,7485,True,ec790070-4835-4864-80a9-221ef0ed2582,Westbound,2025-11-18 13:11:15.721414,391.0,313.0,221.0,227.0
1731,2,CAM001,289,2.0074679180028077,7550,True,613b4d1e-c528-4ef5-91ef-1fde52080565,Eastbound,2025-11-18 13:11:11.999333,280.0,224.0,120.0,116.0
1730,9,CAM001,271,2.0341406233374344,7550,True,613b4d1e-c528-4ef5-91ef-1fde52080565,Eastbound,2025-11-18 13:11:11.997332,608.0,250.0,72.0,107.0
1729,6,CAM001,256,2.020265525814293,7550,True,613b4d1e-c528-4ef5-91ef-1fde52080565,Eastbound,2025-11-18 13:11:11.995331,714.0,252.0,86.0,114.0
1728,4,CAM001,223,2.030272532045138,7550,True,613b4d1e-c528-4ef5-91ef-1fde52080565,Eastbound,2025-11-18 13:11:11.994332,481.0,242.0,124.0,138.0
1727,3,CAM001,220,2.030873989113355,7550,True,613b4d1e-c528-4ef5-91ef-1fde52080565,Eastbound,2025-11-18 13:11:11.992332,381.0,244.0,99.0,97.0
1726,1,CAM002,287,1.9806387209117244,7480,True,ec790070-4835-4864-80a9-221ef0ed2582,Westbound,2025-11-18 13:11:11.592723,666.0,314.0,230.0,221.0
1725,7,CAM002,216,2.0061681809518994,7480,True,ec790070-4835-4864-80a9-221ef0ed2582,Westbound,2025-11-18 13:11:11.591123,253.0,364.0,130.0,176.0
1724,8,CAM002,76,1.9572616338007427,7480,True,ec790070-4835-4864-80a9-221ef0ed2582,Westbound,2025-11-18 13:11:11.586680,382.0,298.0,240.0,242.0
1723,2,CAM001,289,1.8832286692093758,7545,True,613b4d1e-c528-4ef5-91ef-1fde52080565,Eastbound,2025-11-18 13:11:07.762036,280.0,231.0,111.0,109.0
1722,9,CAM001,271,2.0090557589734934,7545,True,613b4d1e-c528-4ef5-91ef-1fde52080565,Eastbound,2025-11-18 13:11:07.759021,608.0,249.0,72.0,110.0
1721,6,CAM001,256,2.0234010698617273,7545,True,613b4d1e-c528-4ef5-91ef-1fde52080565,Eastbound,2025-11-18 13:11:07.755514,714.0,253.0,86.0,112.0
1720,4,CAM001,223,2.018552073766184,7545,True,613b4d1e-c528-4ef5-91ef-1fde52080565,Eastbound,2025-11-18 13:11:07.745462,482.0,243.0,123.0,137.0
1719,3,CAM001,220,2.0181687499867076,7545,True,613b4d1e-c528-4ef5-91ef-1fde52080565,Eastbound,2025-11-18 13:11:07.741468,378.0,243.0,101.0,99.0
1718,1,CAM002,287,1.9751732484325017,7475,True,ec790070-4835-4864-80a9-221ef0ed2582,Westbound,2025-11-18 13:11:07.314359,647.0,319.0,226.0,215.0
1717,7,CAM002,216,2.0303217477179287,7475,True,ec790070-4835-4864-80a9-221ef0ed2582,Westbound,2025-11-18 13:11:07.312335,251.0,366.0,130.0,174.0
1716,8,CAM002,76,1.972589734846044,7475,True,ec790070-4835-4864-80a9-221ef0ed2582,Westbound,2025-11-18 13:11:07.307777,383.0,295.0,249.0,245.0
1715,2,CAM001,289,1.8652829076546331,7540,True,613b4d1e-c528-4ef5-91ef-1fde52080565,Eastbound,2025-11-18 13:11:03.210255,280.0,233.0,107.0,108.0
1714,9,CAM001,271,2.0383503896875563,7540,True,613b4d1e-c528-4ef5-91ef-1fde52080565,Eastbound,2025-11-18 13:11:03.207550,607.0,248.0,74.0,112.0
1713,6,CAM001,256,2.0384159574050793,7540,True,613b4d1e-c528-4ef5-91ef-1fde52080565,Eastbound,2025-11-18 13:11:03.206545,715.0,254.0,84.0,110.0
1712,4,CAM001,223,2.009995188854466,7540,True,613b4d1e-c528-4ef5-91ef-1fde52080565,Eastbound,2025-11-18 13:11:03.204560,483.0,244.0,120.0,136.0
1711,3,CAM001,220,1.9861977449847714,7540,True,613b4d1e-c528-4ef5-91ef-1fde52080565,Eastbound,2025-11-18 13:11:03.201535,378.0,244.0,100.0,98.0
1710,1,CAM002,287,1.9895034166344527,7470,True,ec790070-4835-4864-80a9-221ef0ed2582,Westbound,2025-11-18 13:11:02.824171,639.0,320.0,236.0,212.0
1709,7,CAM002,216,2.030278258167339,7470,True,ec790070-4835-4864-80a9-221ef0ed2582,Westbound,2025-11-18 13:11:02.820170,252.0,367.0,129.0,173.0
1708,8,CAM002,76,1.9779563143185606,7470,True,ec790070-4835-4864-80a9-221ef0ed2582,Westbound,2025-11-18 13:11:02.815533,387.0,300.0,243.0,240.0
1707,2,CAM001,289,2.0309260867013084,7535,True,613b4d1e-c528-4ef5-91ef-1fde52080565,Eastbound,2025-11-18 13:10:58.705653,275.0,208.0,134.0,137.0
1706,9,CAM001,271,2.026440572927199,7535,True,613b4d1e-c528-4ef5-91ef-1fde52080565,Eastbound,2025-11-18 13:10:58.703656,608.0,249.0,73.0,109.0
1705,6,CAM001,256,2.014957767403463,7535,True,613b4d1e-c528-4ef5-91ef-1fde52080565,Eastbound,2025-11-18 13:10:58.700655,715.0,254.0,84.0,111.0
1704,4,CAM001,223,2.0296325590865734,7535,True,613b4d1e-c528-4ef5-91ef-1fde52080565,Eastbound,2025-11-18 13:10:58.698644,483.0,241.0,122.0,139.0
1703,3,CAM001,220,2.040728886968154,7535,True,613b4d1e-c528-4ef5-91ef-1fde52080565,Eastbound,2025-11-18 13:10:58.696081,381.0,245.0,99.0,96.0
1702,1,CAM002,287,1.9878092793240345,7465,True,ec790070-4835-4864-80a9-221ef0ed2582,Westbound,2025-11-18 13:10:58.310732,642.0,315.0,259.0,219.0
1701,7,CAM002,216,2.02293863020126,7465,True,ec790070-4835-4864-80a9-221ef0ed2582,Westbound,2025-11-18 13:10:58.307682,252.0,368.0,129.0,172.0
1700,8,CAM002,76,2.0262929637553886,7465,True,ec790070-4835-4864-80a9-221ef0ed2582,Westbound,2025-11-18 13:10:58.303698,383.0,299.0,243.0,241.0
1699,2,CAM001,289,1.9327044115026613,7530,True,613b4d1e-c528-4ef5-91ef-1fde52080565,Eastbound,2025-11-18 13:10:53.964752,273.0,213.0,133.0,131.0
1698,9,CAM001,271,2.038381185226026,7530,True,613b4d1e-c528-4ef5-91ef-1fde52080565,Eastbound,2025-11-18 13:10:53.963752,609.0,249.0,71.0,108.0
1697,6,CAM001,256,2.033134836948212,7530,True,613b4d1e-c528-4ef5-91ef-1fde52080565,Eastbound,2025-11-18 13:10:53.961752,715.0,253.0,85.0,112.0
1696,4,CAM001,223,2.0358778618383013,7530,True,613b4d1e-c528-4ef5-91ef-1fde52080565,Eastbound,2025-11-18 13:10:53.959752,483.0,240.0,123.0,140.0
1695,3,CAM001,220,2.0295883273175037,7530,True,613b4d1e-c528-4ef5-91ef-1fde52080565,Eastbound,2025-11-18 13:10:53.956234,379.0,244.0,101.0,97.0
1694,1,CAM002,287,2.037397989040541,7460,True,ec790070-4835-4864-80a9-221ef0ed2582,Westbound,2025-11-18 13:10:53.502826,657.0,315.0,266.0,221.0
1693,7,CAM002,216,2.002532608372824,7460,True,ec790070-4835-4864-80a9-221ef0ed2582,Westbound,2025-11-18 13:10:53.498816,252.0,368.0,129.0,172.0
1692,8,CAM002,76,2.029346579346307,7460,True,ec790070-4835-4864-80a9-221ef0ed2582,Westbound,2025-11-18 13:10:53.493312,387.0,301.0,239.0,239.0
1691,2,CAM001,289,1.9509500347084696,7525,True,613b4d1e-c528-4ef5-91ef-1fde52080565,Eastbound,2025-11-18 13:10:49.661840,273.0,223.0,123.0,118.0
1690,9,CAM001,271,2.023807589561697,7525,True,613b4d1e-c528-4ef5-91ef-1fde52080565,Eastbound,2025-11-18 13:10:49.659840,608.0,248.0,72.0,111.0
1689,6,CAM001,256,2.0300268047073238,7525,True,613b4d1e-c528-4ef5-91ef-1fde52080565,Eastbound,2025-11-18 13:10:49.657330,715.0,252.0,85.0,113.0
1688,4,CAM001,223,2.007227055725594,7525,True,613b4d1e-c528-4ef5-91ef-1fde52080565,Eastbound,2025-11-18 13:10:49.655226,482.0,240.0,124.0,140.0
1687,3,CAM001,220,2.0175606605121312,7525,True,613b4d1e-c528-4ef5-91ef-1fde52080565,Eastbound,2025-11-18 13:10:49.652617,378.0,244.0,102.0,97.0
1686,1,CAM002,287,1.9894779872417248,7455,True,ec790070-4835-4864-80a9-221ef0ed2582,Westbound,2025-11-18 13:10:49.263206,661.0,315.0,267.0,220.0
1685,7,CAM002,216,2.0226560196281813,7455,True,ec790070-4835-4864-80a9-221ef0ed2582,Westbound,2025-11-18 13:10:49.262205,253.0,368.0,127.0,172.0
1684,8,CAM002,76,2.0224223041395413,7455,True,ec790070-4835-4864-80a9-221ef0ed2582,Westbound,2025-11-18 13:10:49.259196,391.0,303.0,237.0,237.0
1683,2,CAM001,289,1.9049390837860158,7520,True,613b4d1e-c528-4ef5-91ef-1fde52080565,Eastbound,2025-11-18 13:10:45.117401,277.0,234.0,109.0,106.0
1682,9,CAM001,271,2.0384490486471103,7520,True,613b4d1e-c528-4ef5-91ef-1fde52080565,Eastbound,2025-11-18 13:10:45.116400,606.0,248.0,74.0,113.0
1681,6,CAM001,256,1.9630203085355153,7520,True,613b4d1e-c528-4ef5-91ef-1fde52080565,Eastbound,2025-11-18 13:10:45.114401,715.0,252.0,85.0,113.0
1680,4,CAM001,223,2.037417163006323,7520,True,613b4d1e-c528-4ef5-91ef-1fde52080565,Eastbound,2025-11-18 13:10:45.113402,481.0,241.0,124.0,139.0
1679,3,CAM001,220,1.9971020488132813,7520,True,613b4d1e-c528-4ef5-91ef-1fde52080565,Eastbound,2025-11-18 13:10:45.110422,379.0,246.0,98.0,95.0
1678,1,CAM002,287,1.9999257166921331,7450,True,ec790070-4835-4864-80a9-221ef0ed2582,Westbound,2025-11-18 13:10:44.582029,673.0,315.0,256.0,220.0
1677,7,CAM002,216,2.0287858387765785,7450,True,ec790070-4835-4864-80a9-221ef0ed2582,Westbound,2025-11-18 13:10:44.578694,253.0,368.0,127.0,172.0
1676,8,CAM002,76,1.9965042079391888,7450,True,ec790070-4835-4864-80a9-221ef0ed2582,Westbound,2025-11-18 13:10:44.574463,398.0,305.0,227.0,235.0
1675,2,CAM001,289,1.8381251434168018,7515,True,613b4d1e-c528-4ef5-91ef-1fde52080565,Eastbound,2025-11-18 13:10:40.803183,280.0,233.0,107.0,111.0
1674,9,CAM001,271,2.0035489666795763,7515,True,613b4d1e-c528-4ef5-91ef-1fde52080565,Eastbound,2025-11-18 13:10:40.801182,607.0,249.0,73.0,111.0
1673,6,CAM001,256,2.040783336203347,7515,True,613b4d1e-c528-4ef5-91ef-1fde52080565,Eastbound,2025-11-18 13:10:40.799193,715.0,252.0,85.0,113.0
1672,4,CAM001,223,2.0349877531536302,7515,True,613b4d1e-c528-4ef5-91ef-1fde52080565,Eastbound,2025-11-18 13:10:40.796634,482.0,242.0,123.0,138.0
1671,3,CAM001,220,1.9777468604026047,7515,True,613b4d1e-c528-4ef5-91ef-1fde52080565,Eastbound,2025-11-18 13:10:40.795635,383.0,246.0,95.0,96.0
1670,1,CAM002,287,1.9632194309360722,7445,True,ec790070-4835-4864-80a9-221ef0ed2582,Westbound,2025-11-18 13:10:40.348243,682.0,311.0,242.0,225.0
1669,7,CAM002,216,2.009370567470843,7445,True,ec790070-4835-4864-80a9-221ef0ed2582,Westbound,2025-11-18 13:10:40.345243,252.0,367.0,128.0,173.0
1668,8,CAM002,76,1.9551125362199584,7445,True,ec790070-4835-4864-80a9-221ef0ed2582,Westbound,2025-11-18 13:10:40.342266,396.0,303.0,222.0,237.0
1667,2,CAM001,289,2.0242966666870843,7510,True,613b4d1e-c528-4ef5-91ef-1fde52080565,Eastbound,2025-11-18 13:10:35.553229,276.0,211.0,136.0,142.0
1666,9,CAM001,271,2.0350721617389103,7510,True,613b4d1e-c528-4ef5-91ef-1fde52080565,Eastbound,2025-11-18 13:10:35.550229,608.0,250.0,71.0,108.0
1665,6,CAM001,256,2.0362920636138404,7510,True,613b4d1e-c528-4ef5-91ef-1fde52080565,Eastbound,2025-11-18 13:10:35.546709,715.0,252.0,85.0,113.0
1664,4,CAM001,223,2.018038965310833,7510,True,613b4d1e-c528-4ef5-91ef-1fde52080565,Eastbound,2025-11-18 13:10:35.543705,482.0,242.0,123.0,138.0
1663,3,CAM001,220,2.021296280222483,7510,True,613b4d1e-c528-4ef5-91ef-1fde52080565,Eastbound,2025-11-18 13:10:35.540724,387.0,244.0,98.0,99.0
1662,7,CAM002,216,2.0399970586145733,7440,True,ec790070-4835-4864-80a9-221ef0ed2582,Westbound,2025-11-18 13:10:34.952063,252.0,366.0,129.0,174.0
1661,8,CAM002,76,1.9913337190014442,7440,True,ec790070-4835-4864-80a9-221ef0ed2582,Westbound,2025-11-18 13:10:34.949086,382.0,299.0,225.0,241.0
1660,2,CAM001,289,1.9507531166811565,7505,True,613b4d1e-c528-4ef5-91ef-1fde52080565,Eastbound,2025-11-18 13:10:30.469056,270.0,206.0,144.0,145.0
1659,9,CAM001,271,2.007348200131275,7505,True,613b4d1e-c528-4ef5-91ef-1fde52080565,Eastbound,2025-11-18 13:10:30.463504,607.0,249.0,73.0,111.0
1658,6,CAM001,256,2.0275071979839123,7505,True,613b4d1e-c528-4ef5-91ef-1fde52080565,Eastbound,2025-11-18 13:10:30.459502,715.0,252.0,85.0,112.0
1657,4,CAM001,223,2.0270630387005593,7505,True,613b4d1e-c528-4ef5-91ef-1fde52080565,Eastbound,2025-11-18 13:10:30.456014,480.0,241.0,124.0,138.0
1656,3,CAM001,220,1.9764430533909523,7505,True,613b4d1e-c528-4ef5-91ef-1fde52080565,Eastbound,2025-11-18 13:10:30.452012,380.0,244.0,104.0,99.0
1655,7,CAM002,216,2.0235122460233765,7435,True,ec790070-4835-4864-80a9-221ef0ed2582,Westbound,2025-11-18 13:10:29.853106,252.0,366.0,129.0,174.0
1654,8,CAM002,76,2.024580169857134,7435,True,ec790070-4835-4864-80a9-221ef0ed2582,Westbound,2025-11-18 13:10:29.848088,381.0,303.0,223.0,237.0
1653,2,CAM001,289,1.9123194123572291,7500,True,613b4d1e-c528-4ef5-91ef-1fde52080565,Eastbound,2025-11-18 13:10:25.054706,265.0,209.0,142.0,137.0
1652,9,CAM001,271,2.0271442945376217,7500,True,613b4d1e-c528-4ef5-91ef-1fde52080565,Eastbound,2025-11-18 13:10:25.050705,606.0,249.0,75.0,112.0
1651,6,CAM001,256,2.0288056376993495,7500,True,613b4d1e-c528-4ef5-91ef-1fde52080565,Eastbound,2025-11-18 13:10:25.047650,716.0,253.0,83.0,110.0
1650,4,CAM001,223,2.0144827723392313,7500,True,613b4d1e-c528-4ef5-91ef-1fde52080565,Eastbound,2025-11-18 13:10:25.044650,479.0,241.0,125.0,137.0
1649,3,CAM001,220,2.0223905074192694,7500,True,613b4d1e-c528-4ef5-91ef-1fde52080565,Eastbound,2025-11-18 13:10:25.040652,376.0,245.0,104.0,97.0
1648,1,CAM002,287,1.9966889760919586,7430,True,ec790070-4835-4864-80a9-221ef0ed2582,Westbound,2025-11-18 13:10:24.511614,654.0,332.0,210.0,203.0
1647,7,CAM002,216,2.026421091184479,7430,True,ec790070-4835-4864-80a9-221ef0ed2582,Westbound,2025-11-18 13:10:24.508562,252.0,366.0,129.0,173.0
1646,8,CAM002,76,2.012778394916165,7430,True,ec790070-4835-4864-80a9-221ef0ed2582,Westbound,2025-11-18 13:10:24.503064,381.0,305.0,225.0,235.0
1645,2,CAM001,289,1.9074902086933183,7495,True,613b4d1e-c528-4ef5-91ef-1fde52080565,Eastbound,2025-11-18 13:10:19.979808,271.0,233.0,119.0,112.0
1644,9,CAM001,271,2.0139941777930743,7495,True,613b4d1e-c528-4ef5-91ef-1fde52080565,Eastbound,2025-11-18 13:10:19.975279,607.0,249.0,73.0,112.0
1643,6,CAM001,256,2.0318155927412724,7495,True,613b4d1e-c528-4ef5-91ef-1fde52080565,Eastbound,2025-11-18 13:10:19.972279,717.0,254.0,82.0,110.0
1642,4,CAM001,223,2.0072505630814073,7495,True,613b4d1e-c528-4ef5-91ef-1fde52080565,Eastbound,2025-11-18 13:10:19.968271,480.0,243.0,124.0,136.0
1641,3,CAM001,220,1.9967254777628185,7495,True,613b4d1e-c528-4ef5-91ef-1fde52080565,Eastbound,2025-11-18 13:10:19.962760,376.0,245.0,104.0,97.0
1640,1,CAM002,287,1.9837679035699158,7425,True,ec790070-4835-4864-80a9-221ef0ed2582,Westbound,2025-11-18 13:10:19.477432,654.0,326.0,217.0,209.0
1639,7,CAM002,216,2.0052214692709196,7425,True,ec790070-4835-4864-80a9-221ef0ed2582,Westbound,2025-11-18 13:10:19.474928,253.0,367.0,128.0,172.0
1638,8,CAM002,76,2.0150114347691774,7425,True,ec790070-4835-4864-80a9-221ef0ed2582,Westbound,2025-11-18 13:10:19.471954,380.0,308.0,229.0,232.0
1637,2,CAM001,289,2.0396324602543214,7490,True,613b4d1e-c528-4ef5-91ef-1fde52080565,Eastbound,2025-11-18 13:10:14.874310,273.0,245.0,106.0,100.0
1636,5,CAM001,288,1.98613677472921,7490,True,613b4d1e-c528-4ef5-91ef-1fde52080565,Eastbound,2025-11-18 13:10:14.871307,751.0,251.0,96.0,175.0
1635,9,CAM001,271,1.9847840023144765,7490,True,613b4d1e-c528-4ef5-91ef-1fde52080565,Eastbound,2025-11-18 13:10:14.869307,606.0,249.0,74.0,112.0
1634,6,CAM001,256,1.3948972324469497,7490,True,613b4d1e-c528-4ef5-91ef-1fde52080565,Eastbound,2025-11-18 13:10:14.867277,717.0,254.0,82.0,110.0
1633,4,CAM001,223,2.0119864110227517,7490,True,613b4d1e-c528-4ef5-91ef-1fde52080565,Eastbound,2025-11-18 13:10:14.865275,483.0,246.0,122.0,134.0
1632,3,CAM001,220,2.0324348387553828,7490,True,613b4d1e-c528-4ef5-91ef-1fde52080565,Eastbound,2025-11-18 13:10:14.862276,374.0,245.0,105.0,96.0
1631,1,CAM002,287,1.9764041861740138,7420,True,ec790070-4835-4864-80a9-221ef0ed2582,Westbound,2025-11-18 13:10:14.363429,651.0,317.0,234.0,219.0
1630,7,CAM002,216,2.0229162575574255,7420,True,ec790070-4835-4864-80a9-221ef0ed2582,Westbound,2025-11-18 13:10:14.361427,253.0,368.0,128.0,171.0
1629,8,CAM002,76,2.013538292969263,7420,True,ec790070-4835-4864-80a9-221ef0ed2582,Westbound,2025-11-18 13:10:14.358445,375.0,308.0,240.0,232.0
1628,2,CAM001,289,2.0043446006505636,7485,True,613b4d1e-c528-4ef5-91ef-1fde52080565,Eastbound,2025-11-18 13:10:09.678596,272.0,244.0,106.0,101.0
1627,1,CAM001,288,1.6150106367297112,7485,True,613b4d1e-c528-4ef5-91ef-1fde52080565,Eastbound,2025-11-18 13:10:09.675377,756.0,251.0,86.0,176.0
1626,9,CAM001,271,2.0261560445741624,7485,True,613b4d1e-c528-4ef5-91ef-1fde52080565,Eastbound,2025-11-18 13:10:09.672376,607.0,249.0,73.0,110.0
1625,5,CAM001,256,1.9816924791458466,7485,True,613b4d1e-c528-4ef5-91ef-1fde52080565,Eastbound,2025-11-18 13:10:09.670377,717.0,253.0,82.0,110.0
1624,4,CAM001,223,2.0054945647150713,7485,True,613b4d1e-c528-4ef5-91ef-1fde52080565,Eastbound,2025-11-18 13:10:09.665860,484.0,246.0,120.0,133.0
1623,3,CAM001,220,1.9928990591144233,7485,True,613b4d1e-c528-4ef5-91ef-1fde52080565,Eastbound,2025-11-18 13:10:09.664860,375.0,247.0,103.0,94.0
1622,1,CAM002,287,1.9495126757337298,7415,True,ec790070-4835-4864-80a9-221ef0ed2582,Westbound,2025-11-18 13:10:09.200529,665.0,314.0,238.0,222.0
1621,7,CAM002,216,1.9980007957071613,7415,True,ec790070-4835-4864-80a9-221ef0ed2582,Westbound,2025-11-18 13:10:09.198524,252.0,367.0,128.0,172.0
1620,8,CAM002,76,2.002750830321999,7415,True,ec790070-4835-4864-80a9-221ef0ed2582,Westbound,2025-11-18 13:10:09.192261,374.0,309.0,251.0,231.0
1619,2,CAM001,289,1.9907338613217307,7480,True,613b4d1e-c528-4ef5-91ef-1fde52080565,Eastbound,2025-11-18 13:10:05.285436,273.0,243.0,106.0,100.0
1618,9,CAM001,271,1.9918853501947034,7480,True,613b4d1e-c528-4ef5-91ef-1fde52080565,Eastbound,2025-11-18 13:10:05.282436,606.0,248.0,74.0,113.0
1617,5,CAM001,256,2.0321571444315754,7480,True,613b4d1e-c528-4ef5-91ef-1fde52080565,Eastbound,2025-11-18 13:10:05.278431,717.0,253.0,82.0,110.0
1616,4,CAM001,223,2.001369106669924,7480,True,613b4d1e-c528-4ef5-91ef-1fde52080565,Eastbound,2025-11-18 13:10:05.275918,483.0,245.0,120.0,134.0
1615,3,CAM001,220,2.0209268058356744,7480,True,613b4d1e-c528-4ef5-91ef-1fde52080565,Eastbound,2025-11-18 13:10:05.271916,376.0,248.0,101.0,93.0
1614,6,CAM002,290,2.025925113760001,7410,True,ec790070-4835-4864-80a9-221ef0ed2582,Westbound,2025-11-18 13:10:04.939302,380.0,385.0,77.0,74.0
1613,1,CAM002,287,1.980292361990526,7410,True,ec790070-4835-4864-80a9-221ef0ed2582,Westbound,2025-11-18 13:10:04.935790,672.0,313.0,222.0,223.0
1612,7,CAM002,216,2.003460243542326,7410,True,ec790070-4835-4864-80a9-221ef0ed2582,Westbound,2025-11-18 13:10:04.933791,252.0,367.0,130.0,173.0
1611,8,CAM002,76,2.003083074419132,7410,True,ec790070-4835-4864-80a9-221ef0ed2582,Westbound,2025-11-18 13:10:04.930790,373.0,304.0,262.0,236.0
1610,2,CAM001,289,1.9971427771947603,7475,True,613b4d1e-c528-4ef5-91ef-1fde52080565,Eastbound,2025-11-18 13:10:01.015499,276.0,243.0,104.0,98.0
1609,9,CAM001,271,2.0050678249002902,7475,True,613b4d1e-c528-4ef5-91ef-1fde52080565,Eastbound,2025-11-18 13:10:01.014499,606.0,247.0,74.0,114.0
1608,5,CAM001,256,2.0227593253199245,7475,True,613b4d1e-c528-4ef5-91ef-1fde52080565,Eastbound,2025-11-18 13:10:01.012498,717.0,254.0,81.0,110.0
1607,4,CAM001,223,1.714822487006281,7475,True,613b4d1e-c528-4ef5-91ef-1fde52080565,Eastbound,2025-11-18 13:10:01.008498,482.0,244.0,121.0,135.0
1606,3,CAM001,220,2.0367039304976866,7475,True,613b4d1e-c528-4ef5-91ef-1fde52080565,Eastbound,2025-11-18 13:10:00.998000,376.0,247.0,103.0,96.0
1605,1,CAM002,287,1.959208439313191,7405,True,ec790070-4835-4864-80a9-221ef0ed2582,Westbound,2025-11-18 13:10:00.660896,653.0,312.0,220.0,223.0
1604,4,CAM002,240,1.7257751586598604,7405,True,ec790070-4835-4864-80a9-221ef0ed2582,Westbound,2025-11-18 13:10:00.658888,571.0,341.0,103.0,164.0
1603,7,CAM002,216,2.0268314493729953,7405,True,ec790070-4835-4864-80a9-221ef0ed2582,Westbound,2025-11-18 13:10:00.655288,253.0,368.0,128.0,172.0
1602,8,CAM002,76,1.9723265676736885,7405,True,ec790070-4835-4864-80a9-221ef0ed2582,Westbound,2025-11-18 13:10:00.652315,367.0,304.0,271.0,236.0
1601,2,CAM001,289,1.9689875900198939,7470,True,613b4d1e-c528-4ef5-91ef-1fde52080565,Eastbound,2025-11-18 13:09:55.141066,277.0,245.0,101.0,96.0
1600,1,CAM001,288,1.5155040111571463,7470,True,613b4d1e-c528-4ef5-91ef-1fde52080565,Eastbound,2025-11-18 13:09:55.139060,760.0,255.0,80.0,173.0
1599,9,CAM001,271,2.027995036593978,7470,True,613b4d1e-c528-4ef5-91ef-1fde52080565,Eastbound,2025-11-18 13:09:55.137055,606.0,247.0,74.0,114.0
1598,5,CAM001,256,1.767937025975761,7470,True,613b4d1e-c528-4ef5-91ef-1fde52080565,Eastbound,2025-11-18 13:09:55.134551,718.0,254.0,79.0,111.0
1597,4,CAM001,223,1.6729011939898464,7470,True,613b4d1e-c528-4ef5-91ef-1fde52080565,Eastbound,2025-11-18 13:09:55.132553,481.0,245.0,122.0,134.0
1596,3,CAM001,220,2.030229962343839,7470,True,613b4d1e-c528-4ef5-91ef-1fde52080565,Eastbound,2025-11-18 13:09:55.128550,376.0,246.0,102.0,97.0
1595,1,CAM002,287,1.929719969031881,7400,True,ec790070-4835-4864-80a9-221ef0ed2582,Westbound,2025-11-18 13:09:54.694565,653.0,312.0,224.0,223.0
1594,6,CAM002,285,2.037099470059975,7400,True,ec790070-4835-4864-80a9-221ef0ed2582,Westbound,2025-11-18 13:09:54.692560,362.0,384.0,70.0,95.0
1593,4,CAM002,240,1.6245496040533665,7400,True,ec790070-4835-4864-80a9-221ef0ed2582,Westbound,2025-11-18 13:09:54.691055,575.0,370.0,95.0,136.0
1592,7,CAM002,216,2.03923392433496,7400,True,ec790070-4835-4864-80a9-221ef0ed2582,Westbound,2025-11-18 13:09:54.688056,253.0,369.0,127.0,171.0
1591,8,CAM002,76,1.9609582220493444,7400,True,ec790070-4835-4864-80a9-221ef0ed2582,Westbound,2025-11-18 13:09:54.684546,362.0,307.0,282.0,233.0
1590,2,CAM001,289,1.9840103788486134,7465,True,613b4d1e-c528-4ef5-91ef-1fde52080565,Eastbound,2025-11-18 13:09:50.178024,277.0,247.0,99.0,95.0
1589,1,CAM001,288,1.4919769924682542,7465,True,613b4d1e-c528-4ef5-91ef-1fde52080565,Eastbound,2025-11-18 13:09:50.175416,763.0,240.0,74.0,189.0
1588,9,CAM001,271,2.0167071992716474,7465,True,613b4d1e-c528-4ef5-91ef-1fde52080565,Eastbound,2025-11-18 13:09:50.173474,606.0,245.0,74.0,116.0
1587,5,CAM001,256,1.9746123154961788,7465,True,613b4d1e-c528-4ef5-91ef-1fde52080565,Eastbound,2025-11-18 13:09:50.171470,715.0,252.0,81.0,114.0
1586,4,CAM001,223,1.6362527688521609,7465,True,613b4d1e-c528-4ef5-91ef-1fde52080565,Eastbound,2025-11-18 13:09:50.169410,481.0,248.0,120.0,132.0
1585,3,CAM001,220,1.9836218343196892,7465,True,613b4d1e-c528-4ef5-91ef-1fde52080565,Eastbound,2025-11-18 13:09:50.166740,375.0,245.0,103.0,97.0
1584,1,CAM002,287,2.0176395482062595,7395,True,ec790070-4835-4864-80a9-221ef0ed2582,Westbound,2025-11-18 13:09:49.761901,641.0,314.0,231.0,220.0
1583,6,CAM002,285,1.9579601311696826,7395,True,ec790070-4835-4864-80a9-221ef0ed2582,Westbound,2025-11-18 13:09:49.758915,361.0,386.0,70.0,95.0
1582,4,CAM002,240,1.4814605664634133,7395,True,ec790070-4835-4864-80a9-221ef0ed2582,Westbound,2025-11-18 13:09:49.756916,588.0,408.0,70.0,102.0
1581,7,CAM002,216,2.0084795767885084,7395,True,ec790070-4835-4864-80a9-221ef0ed2582,Westbound,2025-11-18 13:09:49.755165,253.0,368.0,127.0,172.0
1580,8,CAM002,76,1.9392079441102896,7395,True,ec790070-4835-4864-80a9-221ef0ed2582,Westbound,2025-11-18 13:09:49.754153,365.0,313.0,300.0,227.0
1579,7,CAM001,289,1.4629189648081244,7460,True,613b4d1e-c528-4ef5-91ef-1fde52080565,Eastbound,2025-11-18 13:09:45.420791,277.0,247.0,98.0,95.0
1578,2,CAM001,275,1.9966668461624602,7460,True,613b4d1e-c528-4ef5-91ef-1fde52080565,Eastbound,2025-11-18 13:09:45.418789,279.0,213.0,125.0,128.0
1577,9,CAM001,271,2.0122115873546735,7460,True,613b4d1e-c528-4ef5-91ef-1fde52080565,Eastbound,2025-11-18 13:09:45.417781,607.0,244.0,73.0,116.0
1576,5,CAM001,256,1.9351667450470926,7460,True,613b4d1e-c528-4ef5-91ef-1fde52080565,Eastbound,2025-11-18 13:09:45.415267,716.0,253.0,81.0,113.0
1575,4,CAM001,223,1.967241336784895,7460,True,613b4d1e-c528-4ef5-91ef-1fde52080565,Eastbound,2025-11-18 13:09:45.414267,482.0,246.0,119.0,133.0
1574,3,CAM001,220,1.6103573425278008,7460,True,613b4d1e-c528-4ef5-91ef-1fde52080565,Eastbound,2025-11-18 13:09:45.413268,375.0,244.0,103.0,97.0
1573,1,CAM002,287,1.9765209444392933,7390,True,ec790070-4835-4864-80a9-221ef0ed2582,Westbound,2025-11-18 13:09:44.927852,636.0,314.0,255.0,220.0
1572,3,CAM002,285,1.6695937084148347,7390,True,ec790070-4835-4864-80a9-221ef0ed2582,Westbound,2025-11-18 13:09:44.925064,358.0,389.0,71.0,95.0
1571,6,CAM002,240,1.874423100035637,7390,True,ec790070-4835-4864-80a9-221ef0ed2582,Westbound,2025-11-18 13:09:44.923058,558.0,359.0,115.0,173.0
1570,7,CAM002,216,2.009945946603112,7390,True,ec790070-4835-4864-80a9-221ef0ed2582,Westbound,2025-11-18 13:09:44.920067,252.0,367.0,129.0,173.0
1569,8,CAM002,76,1.9337958162450952,7390,True,ec790070-4835-4864-80a9-221ef0ed2582,Westbound,2025-11-18 13:09:44.915277,394.0,344.0,266.0,196.0
1568,2,CAM001,275,1.9698584169320386,7455,True,613b4d1e-c528-4ef5-91ef-1fde52080565,Eastbound,2025-11-18 13:09:39.992664,277.0,213.0,128.0,130.0
1567,9,CAM001,271,2.0330054079381488,7455,True,613b4d1e-c528-4ef5-91ef-1fde52080565,Eastbound,2025-11-18 13:09:39.991665,607.0,245.0,73.0,114.0
1566,5,CAM001,256,2.0365237277430848,7455,True,613b4d1e-c528-4ef5-91ef-1fde52080565,Eastbound,2025-11-18 13:09:39.989666,718.0,254.0,79.0,111.0
1565,4,CAM001,223,1.6399071097732467,7455,True,613b4d1e-c528-4ef5-91ef-1fde52080565,Eastbound,2025-11-18 13:09:39.988661,482.0,243.0,121.0,135.0
1564,3,CAM001,220,1.6186593101348916,7455,True,613b4d1e-c528-4ef5-91ef-1fde52080565,Eastbound,2025-11-18 13:09:39.972613,377.0,243.0,104.0,98.0
1563,1,CAM002,287,2.0011263569326436,7385,True,ec790070-4835-4864-80a9-221ef0ed2582,Westbound,2025-11-18 13:09:39.572557,649.0,316.0,267.0,219.0
1562,3,CAM002,285,1.5765570497268722,7385,True,ec790070-4835-4864-80a9-221ef0ed2582,Westbound,2025-11-18 13:09:39.570556,355.0,389.0,76.0,97.0
1561,4,CAM002,283,1.7339340323722194,7385,True,ec790070-4835-4864-80a9-221ef0ed2582,Westbound,2025-11-18 13:09:39.568558,501.0,377.0,55.0,83.0
1560,6,CAM002,240,1.8954784985477504,7385,True,ec790070-4835-4864-80a9-221ef0ed2582,Westbound,2025-11-18 13:09:39.566702,556.0,361.0,114.0,159.0
1559,7,CAM002,216,2.01269283004871,7385,True,ec790070-4835-4864-80a9-221ef0ed2582,Westbound,2025-11-18 13:09:39.565046,252.0,368.0,129.0,171.0
1558,8,CAM002,76,1.9497696157298932,7385,True,ec790070-4835-4864-80a9-221ef0ed2582,Westbound,2025-11-18 13:09:39.562044,402.0,354.0,245.0,186.0
1557,3,CAM001,294,2.0246469049876827,7450,True,613b4d1e-c528-4ef5-91ef-1fde52080565,Eastbound,2025-11-18 13:09:34.966181,354.0,215.0,44.0,66.0
1556,2,CAM001,289,1.9693572282909764,7450,True,613b4d1e-c528-4ef5-91ef-1fde52080565,Eastbound,2025-11-18 13:09:34.964183,277.0,244.0,101.0,98.0
1555,7,CAM001,275,1.4985514463213778,7450,True,613b4d1e-c528-4ef5-91ef-1fde52080565,Eastbound,2025-11-18 13:09:34.963182,274.0,212.0,133.0,132.0
1554,9,CAM001,271,2.035529138792798,7450,True,613b4d1e-c528-4ef5-91ef-1fde52080565,Eastbound,2025-11-18 13:09:34.961182,606.0,246.0,74.0,113.0
1553,5,CAM001,256,1.9967260475139996,7450,True,613b4d1e-c528-4ef5-91ef-1fde52080565,Eastbound,2025-11-18 13:09:34.960182,719.0,254.0,77.0,111.0
1552,8,CAM001,223,1.6588964967189048,7450,True,613b4d1e-c528-4ef5-91ef-1fde52080565,Eastbound,2025-11-18 13:09:34.958181,482.0,245.0,120.0,134.0
1551,4,CAM001,220,1.6590589252972017,7450,True,613b4d1e-c528-4ef5-91ef-1fde52080565,Eastbound,2025-11-18 13:09:34.955652,376.0,245.0,104.0,96.0
1550,1,CAM002,287,2.0270720974977614,7380,True,ec790070-4835-4864-80a9-221ef0ed2582,Westbound,2025-11-18 13:09:34.340636,658.0,317.0,267.0,217.0
1549,4,CAM002,283,1.6744654952757372,7380,True,ec790070-4835-4864-80a9-221ef0ed2582,Westbound,2025-11-18 13:09:34.337633,507.0,377.0,49.0,83.0
1548,6,CAM002,240,1.997812956235992,7380,True,ec790070-4835-4864-80a9-221ef0ed2582,Westbound,2025-11-18 13:09:34.335083,559.0,363.0,101.0,139.0
1547,7,CAM002,216,1.9932867115729451,7380,True,ec790070-4835-4864-80a9-221ef0ed2582,Westbound,2025-11-18 13:09:34.333081,253.0,369.0,127.0,170.0
1546,8,CAM002,76,1.6682058486338627,7380,True,ec790070-4835-4864-80a9-221ef0ed2582,Westbound,2025-11-18 13:09:34.317520,401.0,354.0,230.0,186.0
1545,3,CAM001,294,1.6244540186142415,7445,True,613b4d1e-c528-4ef5-91ef-1fde52080565,Eastbound,2025-11-18 13:09:29.134284,356.0,214.0,41.0,67.0
1544,7,CAM001,289,1.4589017428485924,7445,True,613b4d1e-c528-4ef5-91ef-1fde52080565,Eastbound,2025-11-18 13:09:29.131288,277.0,244.0,101.0,99.0
1543,2,CAM001,275,1.9839547301796454,7445,True,613b4d1e-c528-4ef5-91ef-1fde52080565,Eastbound,2025-11-18 13:09:29.128276,276.0,215.0,130.0,128.0
1542,9,CAM001,271,2.0325141044205286,7445,True,613b4d1e-c528-4ef5-91ef-1fde52080565,Eastbound,2025-11-18 13:09:29.124758,606.0,246.0,74.0,114.0
1541,5,CAM001,256,1.9663600695793655,7445,True,613b4d1e-c528-4ef5-91ef-1fde52080565,Eastbound,2025-11-18 13:09:29.121763,721.0,255.0,73.0,110.0
1540,8,CAM001,223,1.615819630305421,7445,True,613b4d1e-c528-4ef5-91ef-1fde52080565,Eastbound,2025-11-18 13:09:29.118758,482.0,246.0,119.0,133.0
1539,4,CAM001,220,1.580924438578179,7445,True,613b4d1e-c528-4ef5-91ef-1fde52080565,Eastbound,2025-11-18 13:09:29.114228,377.0,246.0,102.0,96.0
1538,1,CAM002,287,1.983258627189882,7375,True,ec790070-4835-4864-80a9-221ef0ed2582,Westbound,2025-11-18 13:09:28.514746,664.0,316.0,268.0,220.0
1537,4,CAM002,283,1.9515158054737183,7375,True,ec790070-4835-4864-80a9-221ef0ed2582,Westbound,2025-11-18 13:09:28.508739,516.0,377.0,46.0,87.0
1536,6,CAM002,240,2.0217867643681813,7375,True,ec790070-4835-4864-80a9-221ef0ed2582,Westbound,2025-11-18 13:09:28.505228,560.0,363.0,100.0,140.0
1535,7,CAM002,216,2.0158042045843483,7375,True,ec790070-4835-4864-80a9-221ef0ed2582,Westbound,2025-11-18 13:09:28.503227,253.0,369.0,126.0,170.0
1534,8,CAM002,76,1.7100518196270873,7375,True,ec790070-4835-4864-80a9-221ef0ed2582,Westbound,2025-11-18 13:09:28.500226,401.0,352.0,220.0,188.0
1533,2,CAM001,275,1.6155090220363388,7440,True,613b4d1e-c528-4ef5-91ef-1fde52080565,Eastbound,2025-11-18 13:09:23.933096,276.0,214.0,130.0,130.0
1532,9,CAM001,271,2.0300471289362165,7440,True,613b4d1e-c528-4ef5-91ef-1fde52080565,Eastbound,2025-11-18 13:09:23.930096,606.0,246.0,75.0,114.0
1531,5,CAM001,256,1.9125487613778367,7440,True,613b4d1e-c528-4ef5-91ef-1fde52080565,Eastbound,2025-11-18 13:09:23.928095,719.0,253.0,76.0,121.0
1530,8,CAM001,223,1.642324404452631,7440,True,613b4d1e-c528-4ef5-91ef-1fde52080565,Eastbound,2025-11-18 13:09:23.924914,482.0,243.0,121.0,135.0
1529,3,CAM001,220,1.9924788448400323,7440,True,613b4d1e-c528-4ef5-91ef-1fde52080565,Eastbound,2025-11-18 13:09:23.921914,378.0,243.0,106.0,99.0
1528,1,CAM002,287,1.9525674126273727,7370,True,ec790070-4835-4864-80a9-221ef0ed2582,Westbound,2025-11-18 13:09:23.486613,676.0,308.0,261.0,229.0
1527,2,CAM002,285,1.6901938576363928,7370,True,ec790070-4835-4864-80a9-221ef0ed2582,Westbound,2025-11-18 13:09:23.485108,359.0,383.0,86.0,108.0
1526,4,CAM002,283,2.015420105621234,7370,True,ec790070-4835-4864-80a9-221ef0ed2582,Westbound,2025-11-18 13:09:23.481109,518.0,377.0,48.0,93.0
1525,6,CAM002,240,2.0384726071285284,7370,True,ec790070-4835-4864-80a9-221ef0ed2582,Westbound,2025-11-18 13:09:23.477101,560.0,362.0,101.0,142.0
1524,7,CAM002,216,2.0263324524456583,7370,True,ec790070-4835-4864-80a9-221ef0ed2582,Westbound,2025-11-18 13:09:23.473871,253.0,369.0,127.0,170.0
1523,8,CAM002,76,1.7192949616795181,7370,True,ec790070-4835-4864-80a9-221ef0ed2582,Westbound,2025-11-18 13:09:23.470871,401.0,351.0,218.0,189.0
1522,3,CAM001,294,1.2218366889415708,7435,True,613b4d1e-c528-4ef5-91ef-1fde52080565,Eastbound,2025-11-18 13:09:18.377868,356.0,214.0,42.0,70.0
1521,7,CAM001,289,1.654273120524976,7435,True,613b4d1e-c528-4ef5-91ef-1fde52080565,Eastbound,2025-11-18 13:09:18.375139,277.0,247.0,98.0,97.0
1520,2,CAM001,275,1.6470351231994365,7435,True,613b4d1e-c528-4ef5-91ef-1fde52080565,Eastbound,2025-11-18 13:09:18.371139,274.0,213.0,134.0,132.0
1519,9,CAM001,271,2.036504183542751,7435,True,613b4d1e-c528-4ef5-91ef-1fde52080565,Eastbound,2025-11-18 13:09:18.369080,606.0,246.0,74.0,113.0
1518,5,CAM001,256,2.007908802214674,7435,True,613b4d1e-c528-4ef5-91ef-1fde52080565,Eastbound,2025-11-18 13:09:18.364403,711.0,251.0,88.0,138.0
1517,8,CAM001,223,2.0238813494391805,7435,True,613b4d1e-c528-4ef5-91ef-1fde52080565,Eastbound,2025-11-18 13:09:18.362413,482.0,245.0,121.0,134.0
1516,4,CAM001,220,1.6910849240526282,7435,True,613b4d1e-c528-4ef5-91ef-1fde52080565,Eastbound,2025-11-18 13:09:18.359412,378.0,244.0,105.0,98.0
1515,1,CAM002,287,1.9102397909488043,7365,True,ec790070-4835-4864-80a9-221ef0ed2582,Westbound,2025-11-18 13:09:17.723748,662.0,305.0,246.0,231.0
1514,2,CAM002,285,1.6816751353930954,7365,True,ec790070-4835-4864-80a9-221ef0ed2582,Westbound,2025-11-18 13:09:17.721750,359.0,383.0,86.0,107.0
1513,4,CAM002,283,1.7234805573953518,7365,True,ec790070-4835-4864-80a9-221ef0ed2582,Westbound,2025-11-18 13:09:17.718751,518.0,376.0,49.0,93.0
1512,6,CAM002,240,1.99281449438911,7365,True,ec790070-4835-4864-80a9-221ef0ed2582,Westbound,2025-11-18 13:09:17.715731,560.0,361.0,101.0,143.0
1511,7,CAM002,216,1.6802890146248377,7365,True,ec790070-4835-4864-80a9-221ef0ed2582,Westbound,2025-11-18 13:09:17.714223,253.0,369.0,127.0,170.0
1510,3,CAM002,76,2.0246219386604807,7365,True,ec790070-4835-4864-80a9-221ef0ed2582,Westbound,2025-11-18 13:09:17.711271,401.0,350.0,219.0,190.0
1509,2,CAM001,294,1.5292778835171335,7430,True,613b4d1e-c528-4ef5-91ef-1fde52080565,Eastbound,2025-11-18 13:09:11.768448,360.0,214.0,40.0,73.0
1508,7,CAM001,289,1.5446683803343557,7430,True,613b4d1e-c528-4ef5-91ef-1fde52080565,Eastbound,2025-11-18 13:09:11.767451,278.0,236.0,107.0,107.0
1507,9,CAM001,271,2.029678133156689,7430,True,613b4d1e-c528-4ef5-91ef-1fde52080565,Eastbound,2025-11-18 13:09:11.764824,606.0,246.0,74.0,114.0
1506,5,CAM001,256,2.0215367271595106,7430,True,613b4d1e-c528-4ef5-91ef-1fde52080565,Eastbound,2025-11-18 13:09:11.763846,710.0,251.0,91.0,137.0
1505,8,CAM001,223,1.9902344687706828,7430,True,613b4d1e-c528-4ef5-91ef-1fde52080565,Eastbound,2025-11-18 13:09:11.760838,482.0,245.0,120.0,134.0
1504,4,CAM001,220,1.6584329765467967,7430,True,613b4d1e-c528-4ef5-91ef-1fde52080565,Eastbound,2025-11-18 13:09:11.757853,376.0,246.0,103.0,96.0
1503,1,CAM002,287,1.9638415393753075,7360,True,ec790070-4835-4864-80a9-221ef0ed2582,Westbound,2025-11-18 13:09:11.318588,650.0,317.0,241.0,218.0
1502,2,CAM002,285,1.645068833715019,7360,True,ec790070-4835-4864-80a9-221ef0ed2582,Westbound,2025-11-18 13:09:11.316590,358.0,383.0,86.0,106.0
1501,4,CAM002,283,1.6930104224490559,7360,True,ec790070-4835-4864-80a9-221ef0ed2582,Westbound,2025-11-18 13:09:11.314011,518.0,376.0,48.0,93.0
1500,6,CAM002,240,1.9903065779423428,7360,True,ec790070-4835-4864-80a9-221ef0ed2582,Westbound,2025-11-18 13:09:11.312018,559.0,356.0,103.0,149.0
1499,7,CAM002,216,1.6391193408539952,7360,True,ec790070-4835-4864-80a9-221ef0ed2582,Westbound,2025-11-18 13:09:11.308019,252.0,367.0,127.0,170.0
1498,3,CAM002,76,2.0381479116039727,7360,True,ec790070-4835-4864-80a9-221ef0ed2582,Westbound,2025-11-18 13:09:11.304445,402.0,350.0,219.0,190.0
1497,2,CAM001,289,1.680203584794452,7425,True,613b4d1e-c528-4ef5-91ef-1fde52080565,Eastbound,2025-11-18 13:09:06.313173,279.0,220.0,122.0,123.0
1496,9,CAM001,271,2.0271983940564655,7425,True,613b4d1e-c528-4ef5-91ef-1fde52080565,Eastbound,2025-11-18 13:09:06.309170,607.0,246.0,73.0,115.0
1495,5,CAM001,256,1.9503973208645666,7425,True,613b4d1e-c528-4ef5-91ef-1fde52080565,Eastbound,2025-11-18 13:09:06.307161,710.0,251.0,92.0,129.0
1494,8,CAM001,223,2.033692875815645,7425,True,613b4d1e-c528-4ef5-91ef-1fde52080565,Eastbound,2025-11-18 13:09:06.303637,481.0,244.0,122.0,134.0
1493,4,CAM001,220,1.713874343122405,7425,True,613b4d1e-c528-4ef5-91ef-1fde52080565,Eastbound,2025-11-18 13:09:06.299642,377.0,246.0,103.0,97.0
1492,1,CAM002,287,1.9696921357620119,7355,True,ec790070-4835-4864-80a9-221ef0ed2582,Westbound,2025-11-18 13:09:05.787006,671.0,309.0,241.0,228.0
1491,2,CAM002,285,1.6858470090721474,7355,True,ec790070-4835-4864-80a9-221ef0ed2582,Westbound,2025-11-18 13:09:05.778413,359.0,384.0,84.0,104.0
1490,4,CAM002,283,1.7184082037934738,7355,True,ec790070-4835-4864-80a9-221ef0ed2582,Westbound,2025-11-18 13:09:05.773860,518.0,376.0,48.0,93.0
1489,6,CAM002,240,2.0186356667019822,7355,True,ec790070-4835-4864-80a9-221ef0ed2582,Westbound,2025-11-18 13:09:05.769855,558.0,354.0,105.0,152.0
1488,7,CAM002,216,2.015409712980703,7355,True,ec790070-4835-4864-80a9-221ef0ed2582,Westbound,2025-11-18 13:09:05.768854,252.0,368.0,127.0,170.0
1487,3,CAM002,76,2.0049801322385807,7355,True,ec790070-4835-4864-80a9-221ef0ed2582,Westbound,2025-11-18 13:09:05.766855,402.0,350.0,219.0,190.0
1486,2,CAM001,289,1.6006027688853233,7420,True,613b4d1e-c528-4ef5-91ef-1fde52080565,Eastbound,2025-11-18 13:09:00.199723,279.0,220.0,123.0,125.0
1485,7,CAM001,275,1.5692826398207245,7420,True,613b4d1e-c528-4ef5-91ef-1fde52080565,Eastbound,2025-11-18 13:09:00.196723,273.0,244.0,104.0,102.0
1484,9,CAM001,271,2.0325946742592196,7420,True,613b4d1e-c528-4ef5-91ef-1fde52080565,Eastbound,2025-11-18 13:09:00.192631,607.0,246.0,73.0,114.0
1483,5,CAM001,256,2.0044236038620826,7420,True,613b4d1e-c528-4ef5-91ef-1fde52080565,Eastbound,2025-11-18 13:09:00.190630,716.0,254.0,82.0,114.0
1482,8,CAM001,223,2.0263041605574106,7420,True,613b4d1e-c528-4ef5-91ef-1fde52080565,Eastbound,2025-11-18 13:09:00.187628,481.0,246.0,122.0,133.0
1481,4,CAM001,220,1.6723052789104467,7420,True,613b4d1e-c528-4ef5-91ef-1fde52080565,Eastbound,2025-11-18 13:09:00.184084,376.0,244.0,104.0,99.0
1480,1,CAM002,287,1.9736115176636508,7350,True,ec790070-4835-4864-80a9-221ef0ed2582,Westbound,2025-11-18 13:08:59.588979,658.0,306.0,236.0,230.0
1479,2,CAM002,285,1.6635876652813244,7350,True,ec790070-4835-4864-80a9-221ef0ed2582,Westbound,2025-11-18 13:08:59.586979,359.0,384.0,83.0,104.0
1478,4,CAM002,283,1.712602223831451,7350,True,ec790070-4835-4864-80a9-221ef0ed2582,Westbound,2025-11-18 13:08:59.585592,518.0,376.0,49.0,93.0
1477,6,CAM002,240,2.0018450622856423,7350,True,ec790070-4835-4864-80a9-221ef0ed2582,Westbound,2025-11-18 13:08:59.582593,558.0,357.0,104.0,149.0
1476,7,CAM002,216,2.0245162169327324,7350,True,ec790070-4835-4864-80a9-221ef0ed2582,Westbound,2025-11-18 13:08:59.580593,252.0,369.0,128.0,170.0
1475,3,CAM002,76,2.006406915802758,7350,True,ec790070-4835-4864-80a9-221ef0ed2582,Westbound,2025-11-18 13:08:59.577592,401.0,351.0,219.0,189.0
1474,2,CAM001,275,1.6198855740007985,7415,True,613b4d1e-c528-4ef5-91ef-1fde52080565,Eastbound,2025-11-18 13:08:54.755426,274.0,234.0,115.0,110.0
1473,9,CAM001,271,2.0312438699611315,7415,True,613b4d1e-c528-4ef5-91ef-1fde52080565,Eastbound,2025-11-18 13:08:54.752923,607.0,246.0,73.0,115.0
1472,5,CAM001,256,1.9927259470580772,7415,True,613b4d1e-c528-4ef5-91ef-1fde52080565,Eastbound,2025-11-18 13:08:54.749918,717.0,255.0,83.0,113.0
1471,8,CAM001,223,1.9963678500120334,7415,True,613b4d1e-c528-4ef5-91ef-1fde52080565,Eastbound,2025-11-18 13:08:54.747919,481.0,246.0,122.0,134.0
1470,4,CAM001,220,1.6972201516234757,7415,True,613b4d1e-c528-4ef5-91ef-1fde52080565,Eastbound,2025-11-18 13:08:54.745913,377.0,245.0,102.0,98.0
1469,1,CAM002,287,2.008731466208578,7345,True,ec790070-4835-4864-80a9-221ef0ed2582,Westbound,2025-11-18 13:08:54.335147,654.0,309.0,236.0,226.0
1468,2,CAM002,285,1.6922511994680993,7345,True,ec790070-4835-4864-80a9-221ef0ed2582,Westbound,2025-11-18 13:08:54.333146,358.0,384.0,84.0,105.0
1467,4,CAM002,283,1.7115804037166726,7345,True,ec790070-4835-4864-80a9-221ef0ed2582,Westbound,2025-11-18 13:08:54.331146,518.0,376.0,49.0,92.0
1466,6,CAM002,240,2.0284683766038674,7345,True,ec790070-4835-4864-80a9-221ef0ed2582,Westbound,2025-11-18 13:08:54.327140,558.0,357.0,104.0,148.0
1465,7,CAM002,216,1.9892157399959498,7345,True,ec790070-4835-4864-80a9-221ef0ed2582,Westbound,2025-11-18 13:08:54.323627,253.0,368.0,126.0,168.0
1464,3,CAM002,76,2.0363438617537377,7345,True,ec790070-4835-4864-80a9-221ef0ed2582,Westbound,2025-11-18 13:08:54.320627,402.0,351.0,218.0,189.0
1463,2,CAM001,275,1.604129479919825,7410,True,613b4d1e-c528-4ef5-91ef-1fde52080565,Eastbound,2025-11-18 13:08:49.473684,279.0,220.0,127.0,121.0
1462,9,CAM001,271,2.0384763254409424,7410,True,613b4d1e-c528-4ef5-91ef-1fde52080565,Eastbound,2025-11-18 13:08:49.471684,608.0,246.0,71.0,114.0
1461,5,CAM001,256,2.006440923281081,7410,True,613b4d1e-c528-4ef5-91ef-1fde52080565,Eastbound,2025-11-18 13:08:49.469683,718.0,254.0,81.0,111.0
1460,8,CAM001,223,2.010516231609698,7410,True,613b4d1e-c528-4ef5-91ef-1fde52080565,Eastbound,2025-11-18 13:08:49.467685,480.0,245.0,123.0,133.0
1459,4,CAM001,220,1.6537073515905447,7410,True,613b4d1e-c528-4ef5-91ef-1fde52080565,Eastbound,2025-11-18 13:08:49.465071,377.0,243.0,104.0,98.0
1458,1,CAM002,287,2.019071021372614,7340,True,ec790070-4835-4864-80a9-221ef0ed2582,Westbound,2025-11-18 13:08:49.052152,656.0,310.0,236.0,226.0
1457,2,CAM002,285,1.6781592548841076,7340,True,ec790070-4835-4864-80a9-221ef0ed2582,Westbound,2025-11-18 13:08:49.050149,359.0,384.0,84.0,104.0
1456,4,CAM002,283,1.648972163217636,7340,True,ec790070-4835-4864-80a9-221ef0ed2582,Westbound,2025-11-18 13:08:49.049148,518.0,375.0,49.0,93.0
1455,6,CAM002,240,2.0361145432853216,7340,True,ec790070-4835-4864-80a9-221ef0ed2582,Westbound,2025-11-18 13:08:49.046155,559.0,359.0,101.0,145.0
1454,7,CAM002,216,2.0166470818973203,7340,True,ec790070-4835-4864-80a9-221ef0ed2582,Westbound,2025-11-18 13:08:49.042632,253.0,368.0,125.0,166.0
1453,3,CAM002,76,2.0394113307318933,7340,True,ec790070-4835-4864-80a9-221ef0ed2582,Westbound,2025-11-18 13:08:49.039627,401.0,350.0,219.0,190.0
1452,7,CAM001,289,1.4538108034479056,7405,True,613b4d1e-c528-4ef5-91ef-1fde52080565,Eastbound,2025-11-18 13:08:43.503433,276.0,243.0,101.0,103.0
1451,2,CAM001,275,1.527805607400888,7405,True,613b4d1e-c528-4ef5-91ef-1fde52080565,Eastbound,2025-11-18 13:08:43.501433,281.0,220.0,123.0,121.0
1450,9,CAM001,271,2.012106944519463,7405,True,613b4d1e-c528-4ef5-91ef-1fde52080565,Eastbound,2025-11-18 13:08:43.498432,608.0,245.0,71.0,117.0
1449,5,CAM001,256,2.0039377090898176,7405,True,613b4d1e-c528-4ef5-91ef-1fde52080565,Eastbound,2025-11-18 13:08:43.497432,719.0,255.0,79.0,110.0
1448,8,CAM001,223,2.011380789029509,7405,True,613b4d1e-c528-4ef5-91ef-1fde52080565,Eastbound,2025-11-18 13:08:43.494940,481.0,246.0,122.0,133.0
1447,4,CAM001,220,2.0037233323138413,7405,True,613b4d1e-c528-4ef5-91ef-1fde52080565,Eastbound,2025-11-18 13:08:43.491695,376.0,243.0,104.0,98.0
1446,2,CAM002,285,1.5911354315880688,7335,True,ec790070-4835-4864-80a9-221ef0ed2582,Westbound,2025-11-18 13:08:42.999019,360.0,384.0,84.0,103.0
1445,6,CAM002,240,2.031870440810973,7335,True,ec790070-4835-4864-80a9-221ef0ed2582,Westbound,2025-11-18 13:08:42.998019,558.0,357.0,102.0,148.0
1444,7,CAM002,216,2.0380488516334587,7335,True,ec790070-4835-4864-80a9-221ef0ed2582,Westbound,2025-11-18 13:08:42.995013,252.0,368.0,126.0,167.0
1443,3,CAM002,76,2.032604969567645,7335,True,ec790070-4835-4864-80a9-221ef0ed2582,Westbound,2025-11-18 13:08:42.991501,401.0,351.0,219.0,189.0
1442,2,CAM001,289,1.460302304183231,7400,True,613b4d1e-c528-4ef5-91ef-1fde52080565,Eastbound,2025-11-18 13:08:38.820105,279.0,246.0,96.0,99.0
1441,9,CAM001,271,2.0027711903896184,7400,True,613b4d1e-c528-4ef5-91ef-1fde52080565,Eastbound,2025-11-18 13:08:38.819105,605.0,242.0,75.0,122.0
1440,5,CAM001,256,1.934341318566487,7400,True,613b4d1e-c528-4ef5-91ef-1fde52080565,Eastbound,2025-11-18 13:08:38.818105,718.0,256.0,81.0,114.0
1439,8,CAM001,223,2.009139854866646,7400,True,613b4d1e-c528-4ef5-91ef-1fde52080565,Eastbound,2025-11-18 13:08:38.816101,481.0,248.0,121.0,132.0
1438,4,CAM001,220,2.03964177765588,7400,True,613b4d1e-c528-4ef5-91ef-1fde52080565,Eastbound,2025-11-18 13:08:38.813065,376.0,244.0,103.0,97.0
1437,2,CAM002,285,2.0246357237857975,7330,True,ec790070-4835-4864-80a9-221ef0ed2582,Westbound,2025-11-18 13:08:38.433020,361.0,384.0,85.0,103.0
1436,6,CAM002,240,2.0372801624391377,7330,True,ec790070-4835-4864-80a9-221ef0ed2582,Westbound,2025-11-18 13:08:38.431020,557.0,356.0,103.0,149.0
1435,7,CAM002,216,2.0249349803357855,7330,True,ec790070-4835-4864-80a9-221ef0ed2582,Westbound,2025-11-18 13:08:38.429020,253.0,368.0,125.0,167.0
1434,3,CAM002,76,2.036560147849487,7330,True,ec790070-4835-4864-80a9-221ef0ed2582,Westbound,2025-11-18 13:08:38.425130,401.0,352.0,218.0,188.0
1433,7,CAM001,289,1.4467792998692304,7395,True,613b4d1e-c528-4ef5-91ef-1fde52080565,Eastbound,2025-11-18 13:08:33.776050,287.0,250.0,81.0,93.0
1432,1,CAM001,288,1.9998434842569273,7395,True,613b4d1e-c528-4ef5-91ef-1fde52080565,Eastbound,2025-11-18 13:08:33.771833,792.0,248.0,62.0,180.0
1431,2,CAM001,275,1.6073422677689269,7395,True,613b4d1e-c528-4ef5-91ef-1fde52080565,Eastbound,2025-11-18 13:08:33.768830,278.0,221.0,124.0,122.0
1430,9,CAM001,271,1.9840642293306188,7395,True,613b4d1e-c528-4ef5-91ef-1fde52080565,Eastbound,2025-11-18 13:08:33.765830,604.0,240.0,77.0,124.0
1429,5,CAM001,256,1.9743476140227323,7395,True,613b4d1e-c528-4ef5-91ef-1fde52080565,Eastbound,2025-11-18 13:08:33.761791,714.0,254.0,87.0,120.0
1428,8,CAM001,223,1.9530621344121892,7395,True,613b4d1e-c528-4ef5-91ef-1fde52080565,Eastbound,2025-11-18 13:08:33.758789,481.0,246.0,122.0,134.0
1427,4,CAM001,220,1.9944239629790312,7395,True,613b4d1e-c528-4ef5-91ef-1fde52080565,Eastbound,2025-11-18 13:08:33.756790,376.0,243.0,104.0,99.0
1426,2,CAM002,285,1.6715581256512528,7325,True,ec790070-4835-4864-80a9-221ef0ed2582,Westbound,2025-11-18 13:08:32.973651,361.0,385.0,85.0,101.0
1425,6,CAM002,240,2.0312467861549646,7325,True,ec790070-4835-4864-80a9-221ef0ed2582,Westbound,2025-11-18 13:08:32.971650,557.0,356.0,103.0,149.0
1424,7,CAM002,216,2.0176749703600936,7325,True,ec790070-4835-4864-80a9-221ef0ed2582,Westbound,2025-11-18 13:08:32.969650,253.0,369.0,126.0,167.0
1423,3,CAM002,76,2.005141135568876,7325,True,ec790070-4835-4864-80a9-221ef0ed2582,Westbound,2025-11-18 13:08:32.965667,402.0,351.0,217.0,189.0
1422,1,CAM001,288,1.6408316346014589,7390,True,613b4d1e-c528-4ef5-91ef-1fde52080565,Eastbound,2025-11-18 13:08:28.103248,783.0,232.0,71.0,195.0
1421,2,CAM001,275,1.6537315079583803,7390,True,613b4d1e-c528-4ef5-91ef-1fde52080565,Eastbound,2025-11-18 13:08:28.100247,278.0,222.0,123.0,123.0
1420,9,CAM001,271,2.031165951310019,7390,True,613b4d1e-c528-4ef5-91ef-1fde52080565,Eastbound,2025-11-18 13:08:28.099244,607.0,246.0,72.0,116.0
1419,5,CAM001,256,2.0246841488148295,7390,True,613b4d1e-c528-4ef5-91ef-1fde52080565,Eastbound,2025-11-18 13:08:28.097247,716.0,254.0,81.0,111.0
1418,8,CAM001,223,2.034795548017938,7390,True,613b4d1e-c528-4ef5-91ef-1fde52080565,Eastbound,2025-11-18 13:08:28.095238,481.0,245.0,122.0,135.0
1417,4,CAM001,220,1.6997311771948507,7390,True,613b4d1e-c528-4ef5-91ef-1fde52080565,Eastbound,2025-11-18 13:08:28.092727,377.0,243.0,105.0,100.0
1416,2,CAM002,285,1.7209340824172343,7320,True,ec790070-4835-4864-80a9-221ef0ed2582,Westbound,2025-11-18 13:08:27.661009,361.0,385.0,84.0,100.0
1415,4,CAM002,283,1.7554443162608275,7320,True,ec790070-4835-4864-80a9-221ef0ed2582,Westbound,2025-11-18 13:08:27.659046,517.0,375.0,50.0,95.0
1414,6,CAM002,240,1.9927453228387035,7320,True,ec790070-4835-4864-80a9-221ef0ed2582,Westbound,2025-11-18 13:08:27.656010,557.0,356.0,103.0,150.0
1413,7,CAM002,216,2.0251585707156434,7320,True,ec790070-4835-4864-80a9-221ef0ed2582,Westbound,2025-11-18 13:08:27.653461,254.0,369.0,128.0,171.0
1412,3,CAM002,76,2.0332940026915938,7320,True,ec790070-4835-4864-80a9-221ef0ed2582,Westbound,2025-11-18 13:08:27.649459,401.0,350.0,218.0,190.0
1411,2,CAM001,275,1.7050569151906214,7385,True,613b4d1e-c528-4ef5-91ef-1fde52080565,Eastbound,2025-11-18 13:08:22.092858,278.0,224.0,122.0,121.0
1410,9,CAM001,271,2.023181696568847,7385,True,613b4d1e-c528-4ef5-91ef-1fde52080565,Eastbound,2025-11-18 13:08:22.091862,607.0,246.0,72.0,116.0
1409,5,CAM001,256,2.017953911471769,7385,True,613b4d1e-c528-4ef5-91ef-1fde52080565,Eastbound,2025-11-18 13:08:22.088862,717.0,253.0,78.0,112.0
1408,8,CAM001,223,2.0294471061115242,7385,True,613b4d1e-c528-4ef5-91ef-1fde52080565,Eastbound,2025-11-18 13:08:22.085860,482.0,245.0,121.0,134.0
1407,4,CAM001,220,1.7348173450265107,7385,True,613b4d1e-c528-4ef5-91ef-1fde52080565,Eastbound,2025-11-18 13:08:22.081321,376.0,244.0,107.0,102.0
1406,2,CAM002,285,1.7147518536573783,7315,True,ec790070-4835-4864-80a9-221ef0ed2582,Westbound,2025-11-18 13:08:21.296545,360.0,385.0,86.0,101.0
1405,4,CAM002,283,1.7690951718098198,7315,True,ec790070-4835-4864-80a9-221ef0ed2582,Westbound,2025-11-18 13:08:21.293022,517.0,375.0,50.0,95.0
1404,6,CAM002,240,2.0280055153663996,7315,True,ec790070-4835-4864-80a9-221ef0ed2582,Westbound,2025-11-18 13:08:21.289031,558.0,355.0,104.0,151.0
1403,7,CAM002,216,2.027775582400662,7315,True,ec790070-4835-4864-80a9-221ef0ed2582,Westbound,2025-11-18 13:08:21.286027,253.0,368.0,129.0,172.0
1402,1,CAM002,207,1.6957567691668174,7315,True,ec790070-4835-4864-80a9-221ef0ed2582,Westbound,2025-11-18 13:08:21.282472,668.0,311.0,252.0,225.0
1401,3,CAM002,76,2.002394394029103,7315,True,ec790070-4835-4864-80a9-221ef0ed2582,Westbound,2025-11-18 13:08:21.280468,401.0,350.0,217.0,190.0
1400,2,CAM001,275,1.6423267484845367,7380,True,613b4d1e-c528-4ef5-91ef-1fde52080565,Eastbound,2025-11-18 13:08:14.815432,277.0,224.0,119.0,121.0
1399,9,CAM001,271,2.0141011347266473,7380,True,613b4d1e-c528-4ef5-91ef-1fde52080565,Eastbound,2025-11-18 13:08:14.814407,608.0,245.0,71.0,116.0
1398,5,CAM001,256,1.9685787663976755,7380,True,613b4d1e-c528-4ef5-91ef-1fde52080565,Eastbound,2025-11-18 13:08:14.812408,719.0,251.0,79.0,117.0
1397,8,CAM001,223,2.028477580060203,7380,True,613b4d1e-c528-4ef5-91ef-1fde52080565,Eastbound,2025-11-18 13:08:14.810406,484.0,245.0,118.0,134.0
1396,4,CAM001,220,1.669176431179264,7380,True,613b4d1e-c528-4ef5-91ef-1fde52080565,Eastbound,2025-11-18 13:08:14.807405,375.0,243.0,108.0,103.0
1395,2,CAM002,285,1.692544465778115,7310,True,ec790070-4835-4864-80a9-221ef0ed2582,Westbound,2025-11-18 13:08:14.108584,361.0,386.0,86.0,100.0
1394,4,CAM002,283,1.7392204751117217,7310,True,ec790070-4835-4864-80a9-221ef0ed2582,Westbound,2025-11-18 13:08:14.104328,517.0,375.0,50.0,95.0
1393,6,CAM002,240,2.035626631238282,7310,True,ec790070-4835-4864-80a9-221ef0ed2582,Westbound,2025-11-18 13:08:14.100324,559.0,354.0,103.0,151.0
1392,7,CAM002,216,2.0328556170081233,7310,True,ec790070-4835-4864-80a9-221ef0ed2582,Westbound,2025-11-18 13:08:14.096324,252.0,369.0,130.0,171.0
1391,1,CAM002,207,2.014902005471784,7310,True,ec790070-4835-4864-80a9-221ef0ed2582,Westbound,2025-11-18 13:08:14.094296,652.0,316.0,246.0,220.0
1390,3,CAM002,76,2.0388358417380776,7310,True,ec790070-4835-4864-80a9-221ef0ed2582,Westbound,2025-11-18 13:08:14.092295,401.0,350.0,218.0,190.0
1389,2,CAM001,275,1.6207447830128514,7375,True,613b4d1e-c528-4ef5-91ef-1fde52080565,Eastbound,2025-11-18 13:08:08.808335,275.0,220.0,123.0,126.0
1388,9,CAM001,271,2.031341870535452,7375,True,613b4d1e-c528-4ef5-91ef-1fde52080565,Eastbound,2025-11-18 13:08:08.805329,608.0,244.0,71.0,117.0
1387,5,CAM001,256,1.9660323667492572,7375,True,613b4d1e-c528-4ef5-91ef-1fde52080565,Eastbound,2025-11-18 13:08:08.800809,718.0,249.0,82.0,129.0
1386,8,CAM001,223,2.007104354687291,7375,True,613b4d1e-c528-4ef5-91ef-1fde52080565,Eastbound,2025-11-18 13:08:08.797807,485.0,245.0,116.0,134.0
1385,4,CAM001,220,1.6538547840138544,7375,True,613b4d1e-c528-4ef5-91ef-1fde52080565,Eastbound,2025-11-18 13:08:08.794827,375.0,243.0,108.0,100.0
1384,2,CAM002,285,1.6879454362374215,7305,True,ec790070-4835-4864-80a9-221ef0ed2582,Westbound,2025-11-18 13:08:08.374111,362.0,386.0,85.0,101.0
1383,4,CAM002,283,1.7253445402401841,7305,True,ec790070-4835-4864-80a9-221ef0ed2582,Westbound,2025-11-18 13:08:08.372112,517.0,375.0,51.0,95.0
1382,6,CAM002,240,2.010479423680509,7305,True,ec790070-4835-4864-80a9-221ef0ed2582,Westbound,2025-11-18 13:08:08.370114,557.0,353.0,106.0,152.0
1381,7,CAM002,216,2.039406643043725,7305,True,ec790070-4835-4864-80a9-221ef0ed2582,Westbound,2025-11-18 13:08:08.368112,252.0,370.0,130.0,170.0
1380,1,CAM002,207,2.0210199657789287,7305,True,ec790070-4835-4864-80a9-221ef0ed2582,Westbound,2025-11-18 13:08:08.366113,653.0,320.0,245.0,216.0
1379,3,CAM002,76,2.0355777344045856,7305,True,ec790070-4835-4864-80a9-221ef0ed2582,Westbound,2025-11-18 13:08:08.361886,401.0,351.0,218.0,189.0
1378,6,CAM001,292,1.6813479171084054,7370,True,613b4d1e-c528-4ef5-91ef-1fde52080565,Eastbound,2025-11-18 13:08:03.441595,555.0,259.0,48.0,81.0
1377,2,CAM001,275,1.6035830804548146,7370,True,613b4d1e-c528-4ef5-91ef-1fde52080565,Eastbound,2025-11-18 13:08:03.438593,273.0,226.0,119.0,120.0
1376,9,CAM001,271,1.990806689575743,7370,True,613b4d1e-c528-4ef5-91ef-1fde52080565,Eastbound,2025-11-18 13:08:03.435592,606.0,246.0,73.0,122.0
1375,5,CAM001,256,2.0057146828062935,7370,True,613b4d1e-c528-4ef5-91ef-1fde52080565,Eastbound,2025-11-18 13:08:03.434081,715.0,252.0,81.0,134.0
1374,8,CAM001,223,1.9276869366841396,7370,True,613b4d1e-c528-4ef5-91ef-1fde52080565,Eastbound,2025-11-18 13:08:03.432081,484.0,251.0,104.0,126.0
1373,4,CAM001,220,1.6621760791974054,7370,True,613b4d1e-c528-4ef5-91ef-1fde52080565,Eastbound,2025-11-18 13:08:03.429082,376.0,245.0,107.0,99.0
1372,2,CAM002,285,1.7017824335742455,7300,True,ec790070-4835-4864-80a9-221ef0ed2582,Westbound,2025-11-18 13:08:02.922832,362.0,386.0,85.0,101.0
1371,4,CAM002,283,1.7423133553520254,7300,True,ec790070-4835-4864-80a9-221ef0ed2582,Westbound,2025-11-18 13:08:02.921833,517.0,375.0,50.0,94.0
1370,6,CAM002,240,1.7073100620756751,7300,True,ec790070-4835-4864-80a9-221ef0ed2582,Westbound,2025-11-18 13:08:02.919833,557.0,353.0,107.0,151.0
1369,7,CAM002,216,2.036646513771387,7300,True,ec790070-4835-4864-80a9-221ef0ed2582,Westbound,2025-11-18 13:08:02.916833,252.0,370.0,130.0,170.0
1368,1,CAM002,207,2.0191097941411855,7300,True,ec790070-4835-4864-80a9-221ef0ed2582,Westbound,2025-11-18 13:08:02.914825,648.0,318.0,253.0,218.0
1367,3,CAM002,76,2.0078759690121633,7300,True,ec790070-4835-4864-80a9-221ef0ed2582,Westbound,2025-11-18 13:08:02.910315,401.0,352.0,217.0,188.0
1366,2,CAM001,275,1.5263248560031712,7365,True,613b4d1e-c528-4ef5-91ef-1fde52080565,Eastbound,2025-11-18 13:07:58.015801,273.0,235.0,112.0,113.0
1365,9,CAM001,271,1.9551491360821904,7365,True,613b4d1e-c528-4ef5-91ef-1fde52080565,Eastbound,2025-11-18 13:07:58.013498,603.0,247.0,77.0,126.0
1364,5,CAM001,256,1.9367149730907076,7365,True,613b4d1e-c528-4ef5-91ef-1fde52080565,Eastbound,2025-11-18 13:07:58.011499,714.0,252.0,83.0,136.0
1363,8,CAM001,223,1.9255007064357896,7365,True,613b4d1e-c528-4ef5-91ef-1fde52080565,Eastbound,2025-11-18 13:07:58.009498,477.0,256.0,105.0,119.0
1362,4,CAM001,220,1.6150727994770497,7365,True,613b4d1e-c528-4ef5-91ef-1fde52080565,Eastbound,2025-11-18 13:07:58.006517,376.0,245.0,108.0,101.0
1361,2,CAM002,285,1.6711581855675897,7295,True,ec790070-4835-4864-80a9-221ef0ed2582,Westbound,2025-11-18 13:07:57.636915,362.0,386.0,85.0,103.0
1360,4,CAM002,283,1.7366528821220575,7295,True,ec790070-4835-4864-80a9-221ef0ed2582,Westbound,2025-11-18 13:07:57.634914,518.0,376.0,49.0,93.0
1359,6,CAM002,240,2.0175023880971756,7295,True,ec790070-4835-4864-80a9-221ef0ed2582,Westbound,2025-11-18 13:07:57.632405,562.0,356.0,102.0,146.0
1358,7,CAM002,216,2.0218691676724587,7295,True,ec790070-4835-4864-80a9-221ef0ed2582,Westbound,2025-11-18 13:07:57.630406,253.0,370.0,129.0,170.0
1357,1,CAM002,207,1.9819665014861807,7295,True,ec790070-4835-4864-80a9-221ef0ed2582,Westbound,2025-11-18 13:07:57.628407,644.0,318.0,265.0,217.0
1356,3,CAM002,76,2.029678458252605,7295,True,ec790070-4835-4864-80a9-221ef0ed2582,Westbound,2025-11-18 13:07:57.625405,401.0,351.0,218.0,189.0
1355,7,CAM001,275,1.6186754889540418,7360,True,613b4d1e-c528-4ef5-91ef-1fde52080565,Eastbound,2025-11-18 13:07:52.312749,274.0,220.0,128.0,128.0
1354,9,CAM001,271,1.9812847132910223,7360,True,613b4d1e-c528-4ef5-91ef-1fde52080565,Eastbound,2025-11-18 13:07:52.309750,607.0,243.0,72.0,118.0
1353,5,CAM001,256,2.019739759655404,7360,True,613b4d1e-c528-4ef5-91ef-1fde52080565,Eastbound,2025-11-18 13:07:52.305749,715.0,251.0,82.0,136.0
1352,8,CAM001,223,2.0231141708924643,7360,True,613b4d1e-c528-4ef5-91ef-1fde52080565,Eastbound,2025-11-18 13:07:52.302486,484.0,245.0,118.0,133.0
1351,2,CAM001,220,1.9825530830627711,7360,True,613b4d1e-c528-4ef5-91ef-1fde52080565,Eastbound,2025-11-18 13:07:52.298482,379.0,244.0,108.0,101.0
1350,4,CAM002,283,1.9509304041360627,7290,True,ec790070-4835-4864-80a9-221ef0ed2582,Westbound,2025-11-18 13:07:51.695258,518.0,376.0,50.0,93.0
1349,6,CAM002,240,2.0082378075493983,7290,True,ec790070-4835-4864-80a9-221ef0ed2582,Westbound,2025-11-18 13:07:51.692661,560.0,357.0,99.0,147.0
1348,7,CAM002,216,1.7015261777680324,7290,True,ec790070-4835-4864-80a9-221ef0ed2582,Westbound,2025-11-18 13:07:51.688660,253.0,370.0,129.0,170.0
1347,1,CAM002,207,1.9441126925199468,7290,True,ec790070-4835-4864-80a9-221ef0ed2582,Westbound,2025-11-18 13:07:51.685660,658.0,315.0,275.0,220.0
1346,3,CAM002,76,2.036152536994825,7290,True,ec790070-4835-4864-80a9-221ef0ed2582,Westbound,2025-11-18 13:07:51.682139,400.0,350.0,220.0,190.0
1345,7,CAM001,275,1.4706266751921317,7355,True,613b4d1e-c528-4ef5-91ef-1fde52080565,Eastbound,2025-11-18 13:07:44.563433,275.0,229.0,119.0,117.0
1344,9,CAM001,271,2.028745186160823,7355,True,613b4d1e-c528-4ef5-91ef-1fde52080565,Eastbound,2025-11-18 13:07:44.558437,607.0,242.0,73.0,119.0
1343,5,CAM001,256,2.023929887526168,7355,True,613b4d1e-c528-4ef5-91ef-1fde52080565,Eastbound,2025-11-18 13:07:44.556430,714.0,249.0,84.0,140.0
1342,8,CAM001,223,2.0103183893091643,7355,True,613b4d1e-c528-4ef5-91ef-1fde52080565,Eastbound,2025-11-18 13:07:44.554430,483.0,245.0,117.0,133.0
1341,2,CAM001,220,2.0034188484558357,7355,True,613b4d1e-c528-4ef5-91ef-1fde52080565,Eastbound,2025-11-18 13:07:44.550217,378.0,243.0,106.0,100.0
1340,4,CAM002,283,2.035752622542793,7285,True,ec790070-4835-4864-80a9-221ef0ed2582,Westbound,2025-11-18 13:07:43.947761,518.0,376.0,49.0,93.0
1339,6,CAM002,240,1.9667950020089116,7285,True,ec790070-4835-4864-80a9-221ef0ed2582,Westbound,2025-11-18 13:07:43.945758,556.0,356.0,101.0,149.0
1338,7,CAM002,216,2.021530637949824,7285,True,ec790070-4835-4864-80a9-221ef0ed2582,Westbound,2025-11-18 13:07:43.943244,253.0,370.0,128.0,170.0
1337,1,CAM002,207,2.0016354538142918,7285,True,ec790070-4835-4864-80a9-221ef0ed2582,Westbound,2025-11-18 13:07:43.940241,665.0,311.0,273.0,226.0
1336,3,CAM002,76,2.038102209880833,7285,True,ec790070-4835-4864-80a9-221ef0ed2582,Westbound,2025-11-18 13:07:43.937256,400.0,350.0,221.0,190.0
1335,9,CAM001,271,2.0338706901265198,7350,True,613b4d1e-c528-4ef5-91ef-1fde52080565,Eastbound,2025-11-18 13:07:38.530566,607.0,243.0,72.0,117.0
1334,5,CAM001,256,1.932043272237821,7350,True,613b4d1e-c528-4ef5-91ef-1fde52080565,Eastbound,2025-11-18 13:07:38.527565,714.0,250.0,84.0,140.0
1333,8,CAM001,223,2.0034011390118778,7350,True,613b4d1e-c528-4ef5-91ef-1fde52080565,Eastbound,2025-11-18 13:07:38.523557,484.0,247.0,113.0,132.0
1332,2,CAM001,220,1.7697590475192908,7350,True,613b4d1e-c528-4ef5-91ef-1fde52080565,Eastbound,2025-11-18 13:07:38.519052,375.0,244.0,106.0,101.0
1331,4,CAM002,283,1.7690548162400828,7280,True,ec790070-4835-4864-80a9-221ef0ed2582,Westbound,2025-11-18 13:07:37.907278,517.0,377.0,50.0,92.0
1330,6,CAM002,240,2.0336018231039072,7280,True,ec790070-4835-4864-80a9-221ef0ed2582,Westbound,2025-11-18 13:07:37.904275,560.0,359.0,99.0,146.0
1329,7,CAM002,216,2.016089442916744,7280,True,ec790070-4835-4864-80a9-221ef0ed2582,Westbound,2025-11-18 13:07:37.901724,253.0,370.0,128.0,170.0
1328,1,CAM002,207,1.9958147316479709,7280,True,ec790070-4835-4864-80a9-221ef0ed2582,Westbound,2025-11-18 13:07:37.898721,655.0,312.0,269.0,224.0
1327,3,CAM002,76,2.0075447938759816,7280,True,ec790070-4835-4864-80a9-221ef0ed2582,Westbound,2025-11-18 13:07:37.895721,400.0,350.0,221.0,190.0
1326,2,CAM001,289,1.7292618300470561,7345,True,613b4d1e-c528-4ef5-91ef-1fde52080565,Eastbound,2025-11-18 13:07:32.092973,358.0,232.0,51.0,83.0
1325,7,CAM001,275,1.4741446505678084,7345,True,613b4d1e-c528-4ef5-91ef-1fde52080565,Eastbound,2025-11-18 13:07:32.089973,276.0,245.0,103.0,101.0
1324,9,CAM001,271,1.9878307187313111,7345,True,613b4d1e-c528-4ef5-91ef-1fde52080565,Eastbound,2025-11-18 13:07:32.086971,608.0,243.0,71.0,118.0
1323,5,CAM001,256,2.036128135265707,7345,True,613b4d1e-c528-4ef5-91ef-1fde52080565,Eastbound,2025-11-18 13:07:32.084971,715.0,250.0,82.0,138.0
1322,8,CAM001,223,1.9968900164166963,7345,True,613b4d1e-c528-4ef5-91ef-1fde52080565,Eastbound,2025-11-18 13:07:32.081460,487.0,245.0,111.0,134.0
1321,4,CAM001,220,1.6087678646119792,7345,True,613b4d1e-c528-4ef5-91ef-1fde52080565,Eastbound,2025-11-18 13:07:32.078457,379.0,244.0,105.0,101.0
1320,4,CAM002,283,2.0390053904882257,7275,True,ec790070-4835-4864-80a9-221ef0ed2582,Westbound,2025-11-18 13:07:31.551169,517.0,378.0,50.0,91.0
1319,6,CAM002,240,1.9460548131654596,7275,True,ec790070-4835-4864-80a9-221ef0ed2582,Westbound,2025-11-18 13:07:31.547169,560.0,360.0,99.0,145.0
1318,7,CAM002,216,1.6327520691792032,7275,True,ec790070-4835-4864-80a9-221ef0ed2582,Westbound,2025-11-18 13:07:31.543163,253.0,370.0,128.0,170.0
1317,1,CAM002,207,2.00295001203492,7275,True,ec790070-4835-4864-80a9-221ef0ed2582,Westbound,2025-11-18 13:07:31.538656,656.0,314.0,266.0,221.0
1316,3,CAM002,76,2.0090778853057834,7275,True,ec790070-4835-4864-80a9-221ef0ed2582,Westbound,2025-11-18 13:07:31.534651,399.0,351.0,223.0,189.0
1315,7,CAM001,289,1.6020734098177785,7340,True,613b4d1e-c528-4ef5-91ef-1fde52080565,Eastbound,2025-11-18 13:07:26.624403,341.0,214.0,81.0,125.0
1314,9,CAM001,271,1.9941120502652019,7340,True,613b4d1e-c528-4ef5-91ef-1fde52080565,Eastbound,2025-11-18 13:07:26.620889,609.0,244.0,70.0,117.0
1313,5,CAM001,256,1.990738777893533,7340,True,613b4d1e-c528-4ef5-91ef-1fde52080565,Eastbound,2025-11-18 13:07:26.618892,714.0,250.0,83.0,139.0
1312,8,CAM001,223,2.0129971905725843,7340,True,613b4d1e-c528-4ef5-91ef-1fde52080565,Eastbound,2025-11-18 13:07:26.616762,491.0,243.0,107.0,136.0
1311,2,CAM001,220,1.9868509233792686,7340,True,613b4d1e-c528-4ef5-91ef-1fde52080565,Eastbound,2025-11-18 13:07:26.613759,385.0,243.0,103.0,100.0
1310,4,CAM002,283,2.0272476099767545,7270,True,ec790070-4835-4864-80a9-221ef0ed2582,Westbound,2025-11-18 13:07:26.137180,517.0,378.0,50.0,91.0
1309,7,CAM002,216,1.621426362626539,7270,True,ec790070-4835-4864-80a9-221ef0ed2582,Westbound,2025-11-18 13:07:26.134177,253.0,370.0,128.0,170.0
1308,1,CAM002,207,2.0356540698632903,7270,True,ec790070-4835-4864-80a9-221ef0ed2582,Westbound,2025-11-18 13:07:26.131832,657.0,314.0,265.0,221.0
1307,3,CAM002,76,1.9767367128029096,7270,True,ec790070-4835-4864-80a9-221ef0ed2582,Westbound,2025-11-18 13:07:26.128833,399.0,351.0,223.0,189.0
1306,4,CAM001,290,1.7061350984253345,7335,True,613b4d1e-c528-4ef5-91ef-1fde52080565,Eastbound,2025-11-18 13:07:19.977930,556.0,259.0,47.0,82.0
1305,7,CAM001,289,1.450282184605371,7335,True,613b4d1e-c528-4ef5-91ef-1fde52080565,Eastbound,2025-11-18 13:07:19.975868,343.0,224.0,81.0,100.0
1304,9,CAM001,271,1.9875414241299687,7335,True,613b4d1e-c528-4ef5-91ef-1fde52080565,Eastbound,2025-11-18 13:07:19.974869,606.0,245.0,74.0,124.0
1303,5,CAM001,256,2.02460578838459,7335,True,613b4d1e-c528-4ef5-91ef-1fde52080565,Eastbound,2025-11-18 13:07:19.971355,714.0,251.0,84.0,140.0
1302,8,CAM001,223,1.8829897107562794,7335,True,613b4d1e-c528-4ef5-91ef-1fde52080565,Eastbound,2025-11-18 13:07:19.969354,488.0,249.0,95.0,129.0
1301,2,CAM001,220,1.9805598101839368,7335,True,613b4d1e-c528-4ef5-91ef-1fde52080565,Eastbound,2025-11-18 13:07:19.966353,381.0,244.0,106.0,100.0
1300,4,CAM002,283,1.7717410833539353,7265,True,ec790070-4835-4864-80a9-221ef0ed2582,Westbound,2025-11-18 13:07:19.420952,516.0,378.0,51.0,90.0
1299,6,CAM002,240,2.020559974234883,7265,True,ec790070-4835-4864-80a9-221ef0ed2582,Westbound,2025-11-18 13:07:19.418951,561.0,361.0,97.0,144.0
1298,7,CAM002,216,2.027459931272798,7265,True,ec790070-4835-4864-80a9-221ef0ed2582,Westbound,2025-11-18 13:07:19.415954,253.0,369.0,128.0,171.0
1297,1,CAM002,207,1.9828814810262159,7265,True,ec790070-4835-4864-80a9-221ef0ed2582,Westbound,2025-11-18 13:07:19.412498,656.0,313.0,266.0,222.0
1296,3,CAM002,76,2.029950057330929,7265,True,ec790070-4835-4864-80a9-221ef0ed2582,Westbound,2025-11-18 13:07:19.411500,398.0,351.0,223.0,189.0
1295,2,CAM001,275,1.9059123306622594,7330,True,613b4d1e-c528-4ef5-91ef-1fde52080565,Eastbound,2025-11-18 13:07:14.220641,279.0,238.0,105.0,107.0
1294,9,CAM001,271,1.9767412275562957,7330,True,613b4d1e-c528-4ef5-91ef-1fde52080565,Eastbound,2025-11-18 13:07:14.217635,603.0,246.0,79.0,127.0
1293,5,CAM001,256,2.026844456832088,7330,True,613b4d1e-c528-4ef5-91ef-1fde52080565,Eastbound,2025-11-18 13:07:14.214639,715.0,252.0,83.0,138.0
1292,8,CAM001,223,1.863816214568588,7330,True,613b4d1e-c528-4ef5-91ef-1fde52080565,Eastbound,2025-11-18 13:07:14.211115,488.0,253.0,91.0,123.0
1291,4,CAM001,220,1.725726806516292,7330,True,613b4d1e-c528-4ef5-91ef-1fde52080565,Eastbound,2025-11-18 13:07:14.208140,378.0,245.0,106.0,101.0
1290,4,CAM002,283,1.7629302192129725,7260,True,ec790070-4835-4864-80a9-221ef0ed2582,Westbound,2025-11-18 13:07:13.653565,515.0,377.0,51.0,90.0
1289,6,CAM002,240,2.031612406630168,7260,True,ec790070-4835-4864-80a9-221ef0ed2582,Westbound,2025-11-18 13:07:13.650042,561.0,361.0,96.0,145.0
1288,7,CAM002,216,1.9950047782260245,7260,True,ec790070-4835-4864-80a9-221ef0ed2582,Westbound,2025-11-18 13:07:13.647045,253.0,369.0,127.0,171.0
1287,1,CAM002,207,2.027938515115878,7260,True,ec790070-4835-4864-80a9-221ef0ed2582,Westbound,2025-11-18 13:07:13.644041,656.0,312.0,266.0,224.0
1286,3,CAM002,76,2.0348267476839275,7260,True,ec790070-4835-4864-80a9-221ef0ed2582,Westbound,2025-11-18 13:07:13.640719,398.0,351.0,223.0,189.0
1285,2,CAM001,275,2.0011183434317776,7325,True,613b4d1e-c528-4ef5-91ef-1fde52080565,Eastbound,2025-11-18 13:07:07.992344,277.0,214.0,126.0,132.0
1284,9,CAM001,271,2.0325838827821046,7325,True,613b4d1e-c528-4ef5-91ef-1fde52080565,Eastbound,2025-11-18 13:07:07.990346,607.0,245.0,74.0,116.0
1283,5,CAM001,256,1.9674499676167716,7325,True,613b4d1e-c528-4ef5-91ef-1fde52080565,Eastbound,2025-11-18 13:07:07.988343,715.0,251.0,82.0,137.0
1282,8,CAM001,223,2.0315854707642997,7325,True,613b4d1e-c528-4ef5-91ef-1fde52080565,Eastbound,2025-11-18 13:07:07.986344,505.0,242.0,101.0,136.0
1281,4,CAM001,220,1.7022851136347255,7325,True,613b4d1e-c528-4ef5-91ef-1fde52080565,Eastbound,2025-11-18 13:07:07.982304,379.0,246.0,106.0,100.0
1280,4,CAM002,283,1.7139986141518548,7255,True,ec790070-4835-4864-80a9-221ef0ed2582,Westbound,2025-11-18 13:07:07.518573,515.0,377.0,51.0,90.0
1279,6,CAM002,240,1.9985086598930186,7255,True,ec790070-4835-4864-80a9-221ef0ed2582,Westbound,2025-11-18 13:07:07.516573,560.0,361.0,96.0,145.0
1278,7,CAM002,216,2.0063579384259507,7255,True,ec790070-4835-4864-80a9-221ef0ed2582,Westbound,2025-11-18 13:07:07.513564,253.0,368.0,128.0,172.0
1277,1,CAM002,207,2.00639465232634,7255,True,ec790070-4835-4864-80a9-221ef0ed2582,Westbound,2025-11-18 13:07:07.510356,655.0,313.0,268.0,223.0
1276,3,CAM002,76,2.0358288197444216,7255,True,ec790070-4835-4864-80a9-221ef0ed2582,Westbound,2025-11-18 13:07:07.506359,398.0,351.0,222.0,189.0
1275,2,CAM001,275,1.867038119353056,7320,True,613b4d1e-c528-4ef5-91ef-1fde52080565,Eastbound,2025-11-18 13:07:02.780942,276.0,226.0,117.0,122.0
1274,9,CAM001,271,2.0046220952381173,7320,True,613b4d1e-c528-4ef5-91ef-1fde52080565,Eastbound,2025-11-18 13:07:02.778944,607.0,245.0,74.0,116.0
1273,5,CAM001,256,2.0274473226466596,7320,True,613b4d1e-c528-4ef5-91ef-1fde52080565,Eastbound,2025-11-18 13:07:02.776945,715.0,251.0,82.0,136.0
1272,8,CAM001,223,1.9904970133743407,7320,True,613b4d1e-c528-4ef5-91ef-1fde52080565,Eastbound,2025-11-18 13:07:02.773938,506.0,243.0,100.0,135.0
1271,4,CAM001,220,1.6184000509080079,7320,True,613b4d1e-c528-4ef5-91ef-1fde52080565,Eastbound,2025-11-18 13:07:02.759792,378.0,246.0,104.0,100.0
1270,4,CAM002,283,1.7177537665273903,7250,True,ec790070-4835-4864-80a9-221ef0ed2582,Westbound,2025-11-18 13:07:02.364422,516.0,378.0,50.0,89.0
1269,6,CAM002,240,1.665399157793167,7250,True,ec790070-4835-4864-80a9-221ef0ed2582,Westbound,2025-11-18 13:07:02.361849,559.0,360.0,96.0,146.0
1268,7,CAM002,216,2.0017619038816976,7250,True,ec790070-4835-4864-80a9-221ef0ed2582,Westbound,2025-11-18 13:07:02.359308,252.0,366.0,129.0,174.0
1267,1,CAM002,207,2.032795634901344,7250,True,ec790070-4835-4864-80a9-221ef0ed2582,Westbound,2025-11-18 13:07:02.356306,655.0,314.0,267.0,221.0
1266,3,CAM002,76,2.0393688882461265,7250,True,ec790070-4835-4864-80a9-221ef0ed2582,Westbound,2025-11-18 13:07:02.354299,398.0,351.0,221.0,189.0
1265,2,CAM001,275,2.0370024747851327,7315,True,613b4d1e-c528-4ef5-91ef-1fde52080565,Eastbound,2025-11-18 13:06:57.762743,281.0,246.0,93.0,100.0
1264,9,CAM001,271,2.036044952341767,7315,True,613b4d1e-c528-4ef5-91ef-1fde52080565,Eastbound,2025-11-18 13:06:57.759236,606.0,244.0,74.0,117.0
1263,5,CAM001,256,2.031413667843325,7315,True,613b4d1e-c528-4ef5-91ef-1fde52080565,Eastbound,2025-11-18 13:06:57.755716,715.0,251.0,82.0,139.0
1262,8,CAM001,223,1.9992268952943804,7315,True,613b4d1e-c528-4ef5-91ef-1fde52080565,Eastbound,2025-11-18 13:06:57.752697,501.0,247.0,103.0,132.0
1261,4,CAM001,220,1.60932800583498,7315,True,613b4d1e-c528-4ef5-91ef-1fde52080565,Eastbound,2025-11-18 13:06:57.748190,375.0,246.0,103.0,99.0
1260,4,CAM002,283,1.6654860657341575,7245,True,ec790070-4835-4864-80a9-221ef0ed2582,Westbound,2025-11-18 13:06:57.304894,516.0,378.0,51.0,89.0
1259,7,CAM002,216,2.0120659187835774,7245,True,ec790070-4835-4864-80a9-221ef0ed2582,Westbound,2025-11-18 13:06:57.301856,252.0,367.0,128.0,173.0
1258,1,CAM002,207,1.9830867946194857,7245,True,ec790070-4835-4864-80a9-221ef0ed2582,Westbound,2025-11-18 13:06:57.298856,654.0,315.0,269.0,220.0
1257,3,CAM002,76,2.039783726982743,7245,True,ec790070-4835-4864-80a9-221ef0ed2582,Westbound,2025-11-18 13:06:57.296855,397.0,351.0,222.0,189.0
1256,2,CAM001,275,2.0112877981112094,7310,True,613b4d1e-c528-4ef5-91ef-1fde52080565,Eastbound,2025-11-18 13:06:53.147448,281.0,245.0,93.0,102.0
1255,9,CAM001,271,1.9973078262402482,7310,True,613b4d1e-c528-4ef5-91ef-1fde52080565,Eastbound,2025-11-18 13:06:53.146449,606.0,243.0,74.0,118.0
1254,5,CAM001,256,2.034961306295513,7310,True,613b4d1e-c528-4ef5-91ef-1fde52080565,Eastbound,2025-11-18 13:06:53.145449,715.0,251.0,82.0,140.0
1253,8,CAM001,223,1.9645129237680916,7310,True,613b4d1e-c528-4ef5-91ef-1fde52080565,Eastbound,2025-11-18 13:06:53.143448,499.0,247.0,98.0,132.0
1252,4,CAM001,220,1.609981349428435,7310,True,613b4d1e-c528-4ef5-91ef-1fde52080565,Eastbound,2025-11-18 13:06:53.140902,376.0,248.0,100.0,96.0
1251,4,CAM002,283,1.6465461867290796,7240,True,ec790070-4835-4864-80a9-221ef0ed2582,Westbound,2025-11-18 13:06:52.760638,516.0,377.0,51.0,91.0
1250,7,CAM002,216,2.024988602319082,7240,True,ec790070-4835-4864-80a9-221ef0ed2582,Westbound,2025-11-18 13:06:52.758652,252.0,368.0,128.0,172.0
1249,1,CAM002,207,1.994264906501088,7240,True,ec790070-4835-4864-80a9-221ef0ed2582,Westbound,2025-11-18 13:06:52.756649,656.0,318.0,266.0,218.0
1248,3,CAM002,76,2.036079401652736,7240,True,ec790070-4835-4864-80a9-221ef0ed2582,Westbound,2025-11-18 13:06:52.753523,397.0,351.0,222.0,189.0
1247,2,CAM001,275,1.9012905240197626,7305,True,613b4d1e-c528-4ef5-91ef-1fde52080565,Eastbound,2025-11-18 13:06:48.670303,282.0,236.0,103.0,114.0
1246,9,CAM001,271,2.001566934523026,7305,True,613b4d1e-c528-4ef5-91ef-1fde52080565,Eastbound,2025-11-18 13:06:48.669303,607.0,245.0,73.0,116.0
1245,5,CAM001,256,2.0383828428119455,7305,True,613b4d1e-c528-4ef5-91ef-1fde52080565,Eastbound,2025-11-18 13:06:48.667302,715.0,251.0,83.0,139.0
1244,8,CAM001,223,1.9744322508035488,7305,True,613b4d1e-c528-4ef5-91ef-1fde52080565,Eastbound,2025-11-18 13:06:48.665302,508.0,245.0,99.0,133.0
1243,4,CAM001,220,1.6363267256968228,7305,True,613b4d1e-c528-4ef5-91ef-1fde52080565,Eastbound,2025-11-18 13:06:48.663305,378.0,247.0,99.0,98.0
1242,4,CAM002,283,1.6857603657561315,7235,True,ec790070-4835-4864-80a9-221ef0ed2582,Westbound,2025-11-18 13:06:48.326595,514.0,376.0,53.0,92.0
1241,6,CAM002,240,2.039036672243413,7235,True,ec790070-4835-4864-80a9-221ef0ed2582,Westbound,2025-11-18 13:06:48.323595,559.0,359.0,98.0,147.0
1240,7,CAM002,216,2.0255655243043793,7235,True,ec790070-4835-4864-80a9-221ef0ed2582,Westbound,2025-11-18 13:06:48.321085,252.0,367.0,129.0,173.0
1239,1,CAM002,207,1.9928300950657345,7235,True,ec790070-4835-4864-80a9-221ef0ed2582,Westbound,2025-11-18 13:06:48.320085,654.0,322.0,264.0,214.0
1238,3,CAM002,76,2.034748169261028,7235,True,ec790070-4835-4864-80a9-221ef0ed2582,Westbound,2025-11-18 13:06:48.316084,397.0,351.0,223.0,189.0
1237,2,CAM001,275,1.945850095340936,7300,True,613b4d1e-c528-4ef5-91ef-1fde52080565,Eastbound,2025-11-18 13:06:43.714907,286.0,224.0,114.0,127.0
1236,9,CAM001,271,2.0252852405552737,7300,True,613b4d1e-c528-4ef5-91ef-1fde52080565,Eastbound,2025-11-18 13:06:43.713904,609.0,247.0,71.0,113.0
1235,5,CAM001,256,1.9684542157685025,7300,True,613b4d1e-c528-4ef5-91ef-1fde52080565,Eastbound,2025-11-18 13:06:43.711797,716.0,251.0,82.0,138.0
1234,8,CAM001,223,2.0054468792054974,7300,True,613b4d1e-c528-4ef5-91ef-1fde52080565,Eastbound,2025-11-18 13:06:43.709257,501.0,243.0,104.0,135.0
1233,4,CAM001,220,1.6384188991659927,7300,True,613b4d1e-c528-4ef5-91ef-1fde52080565,Eastbound,2025-11-18 13:06:43.692491,381.0,245.0,101.0,100.0
1232,4,CAM002,283,1.7423649528180518,7230,True,ec790070-4835-4864-80a9-221ef0ed2582,Westbound,2025-11-18 13:06:43.208491,514.0,378.0,53.0,89.0
1231,6,CAM002,240,2.0347689096466985,7230,True,ec790070-4835-4864-80a9-221ef0ed2582,Westbound,2025-11-18 13:06:43.206476,560.0,359.0,97.0,147.0
1230,7,CAM002,216,1.993464685633582,7230,True,ec790070-4835-4864-80a9-221ef0ed2582,Westbound,2025-11-18 13:06:43.205466,252.0,366.0,130.0,174.0
1229,1,CAM002,207,2.003180840564876,7230,True,ec790070-4835-4864-80a9-221ef0ed2582,Westbound,2025-11-18 13:06:43.203481,650.0,323.0,267.0,213.0
1228,3,CAM002,76,2.0345655416583677,7230,True,ec790070-4835-4864-80a9-221ef0ed2582,Westbound,2025-11-18 13:06:43.199695,397.0,351.0,224.0,189.0
1227,2,CAM001,287,2.023286646617681,7295,True,613b4d1e-c528-4ef5-91ef-1fde52080565,Eastbound,2025-11-18 13:06:38.266752,348.0,216.0,54.0,121.0
1226,7,CAM001,275,1.429191965051325,7295,True,613b4d1e-c528-4ef5-91ef-1fde52080565,Eastbound,2025-11-18 13:06:38.264752,285.0,226.0,114.0,126.0
1225,9,CAM001,271,1.9927844588922274,7295,True,613b4d1e-c528-4ef5-91ef-1fde52080565,Eastbound,2025-11-18 13:06:38.261726,610.0,246.0,69.0,112.0
1224,5,CAM001,256,2.0311858699141556,7295,True,613b4d1e-c528-4ef5-91ef-1fde52080565,Eastbound,2025-11-18 13:06:38.258726,716.0,251.0,82.0,136.0
1223,8,CAM001,223,1.9985697752224747,7295,True,613b4d1e-c528-4ef5-91ef-1fde52080565,Eastbound,2025-11-18 13:06:38.255728,497.0,244.0,105.0,134.0
1222,4,CAM001,220,1.6253191621108878,7295,True,613b4d1e-c528-4ef5-91ef-1fde52080565,Eastbound,2025-11-18 13:06:38.250211,384.0,246.0,98.0,99.0
1221,4,CAM002,283,1.7730813113687345,7225,True,ec790070-4835-4864-80a9-221ef0ed2582,Westbound,2025-11-18 13:06:37.504532,515.0,378.0,51.0,88.0
1220,6,CAM002,240,1.9592744123209123,7225,True,ec790070-4835-4864-80a9-221ef0ed2582,Westbound,2025-11-18 13:06:37.502531,560.0,358.0,97.0,149.0
1219,7,CAM002,216,2.034738659564834,7225,True,ec790070-4835-4864-80a9-221ef0ed2582,Westbound,2025-11-18 13:06:37.500442,253.0,367.0,128.0,173.0
1218,1,CAM002,207,1.9442767405819867,7225,True,ec790070-4835-4864-80a9-221ef0ed2582,Westbound,2025-11-18 13:06:37.498440,654.0,322.0,278.0,215.0
1217,3,CAM002,76,2.032435199249916,7225,True,ec790070-4835-4864-80a9-221ef0ed2582,Westbound,2025-11-18 13:06:37.496441,398.0,351.0,223.0,189.0
1216,2,CAM001,287,1.9892050264176364,7290,True,613b4d1e-c528-4ef5-91ef-1fde52080565,Eastbound,2025-11-18 13:06:31.615080,350.0,215.0,51.0,123.0
1215,9,CAM001,271,2.031551816671139,7290,True,613b4d1e-c528-4ef5-91ef-1fde52080565,Eastbound,2025-11-18 13:06:31.612072,610.0,246.0,69.0,113.0
1214,5,CAM001,256,2.034471434742302,7290,True,613b4d1e-c528-4ef5-91ef-1fde52080565,Eastbound,2025-11-18 13:06:31.608564,716.0,252.0,81.0,136.0
1213,8,CAM001,223,2.0281281015878014,7290,True,613b4d1e-c528-4ef5-91ef-1fde52080565,Eastbound,2025-11-18 13:06:31.604563,497.0,244.0,100.0,134.0
1212,4,CAM001,220,1.6618621160807363,7290,True,613b4d1e-c528-4ef5-91ef-1fde52080565,Eastbound,2025-11-18 13:06:31.600043,386.0,249.0,92.0,93.0
1211,4,CAM002,283,1.7385873567754921,7220,True,ec790070-4835-4864-80a9-221ef0ed2582,Westbound,2025-11-18 13:06:31.070569,515.0,378.0,51.0,89.0
1210,6,CAM002,240,1.6324075847514106,7220,True,ec790070-4835-4864-80a9-221ef0ed2582,Westbound,2025-11-18 13:06:31.066569,558.0,358.0,100.0,149.0
1209,7,CAM002,216,2.0250746930617183,7220,True,ec790070-4835-4864-80a9-221ef0ed2582,Westbound,2025-11-18 13:06:31.064596,253.0,368.0,128.0,172.0
1208,1,CAM002,207,2.0297685705900945,7220,True,ec790070-4835-4864-80a9-221ef0ed2582,Westbound,2025-11-18 13:06:31.061618,668.0,317.0,278.0,220.0
1207,3,CAM002,76,2.0356921351290045,7220,True,ec790070-4835-4864-80a9-221ef0ed2582,Westbound,2025-11-18 13:06:31.060008,397.0,351.0,224.0,189.0
1206,2,CAM001,287,1.9704757210496355,7285,True,613b4d1e-c528-4ef5-91ef-1fde52080565,Eastbound,2025-11-18 13:06:26.095383,350.0,215.0,47.0,123.0
1205,9,CAM001,271,2.024499192394608,7285,True,613b4d1e-c528-4ef5-91ef-1fde52080565,Eastbound,2025-11-18 13:06:26.092373,609.0,244.0,70.0,116.0
1204,5,CAM001,256,2.0268129680323077,7285,True,613b4d1e-c528-4ef5-91ef-1fde52080565,Eastbound,2025-11-18 13:06:26.089083,716.0,252.0,81.0,137.0
1203,8,CAM001,223,1.9523452709242242,7285,True,613b4d1e-c528-4ef5-91ef-1fde52080565,Eastbound,2025-11-18 13:06:26.085081,505.0,243.0,92.0,135.0
1202,4,CAM001,220,1.6756579006699948,7285,True,613b4d1e-c528-4ef5-91ef-1fde52080565,Eastbound,2025-11-18 13:06:26.080965,387.0,252.0,90.0,91.0
1201,4,CAM002,283,1.7925128607866938,7215,True,ec790070-4835-4864-80a9-221ef0ed2582,Westbound,2025-11-18 13:06:25.561758,515.0,377.0,52.0,91.0
1200,7,CAM002,216,2.033822008950181,7215,True,ec790070-4835-4864-80a9-221ef0ed2582,Westbound,2025-11-18 13:06:25.560275,253.0,370.0,127.0,170.0
1199,1,CAM002,207,1.9006715210399527,7215,True,ec790070-4835-4864-80a9-221ef0ed2582,Westbound,2025-11-18 13:06:25.557285,667.0,301.0,281.0,236.0
1198,3,CAM002,76,2.0037153718208116,7215,True,ec790070-4835-4864-80a9-221ef0ed2582,Westbound,2025-11-18 13:06:25.553271,396.0,351.0,224.0,189.0
1197,2,CAM001,287,1.9952488459218718,7280,True,613b4d1e-c528-4ef5-91ef-1fde52080565,Eastbound,2025-11-18 13:06:19.672525,348.0,215.0,45.0,122.0
1196,9,CAM001,271,2.014595175125094,7280,True,613b4d1e-c528-4ef5-91ef-1fde52080565,Eastbound,2025-11-18 13:06:19.671012,608.0,243.0,72.0,118.0
1195,5,CAM001,256,2.0365364982280445,7280,True,613b4d1e-c528-4ef5-91ef-1fde52080565,Eastbound,2025-11-18 13:06:19.668013,715.0,251.0,82.0,138.0
1194,8,CAM001,223,2.0117574469816515,7280,True,613b4d1e-c528-4ef5-91ef-1fde52080565,Eastbound,2025-11-18 13:06:19.665010,514.0,241.0,88.0,138.0
1193,4,CAM001,220,1.5525366660716853,7280,True,613b4d1e-c528-4ef5-91ef-1fde52080565,Eastbound,2025-11-18 13:06:19.661083,385.0,252.0,92.0,92.0
1192,4,CAM002,283,2.0341880665866623,7210,True,ec790070-4835-4864-80a9-221ef0ed2582,Westbound,2025-11-18 13:06:19.254785,514.0,376.0,53.0,92.0
1191,7,CAM002,216,1.9930568646024494,7210,True,ec790070-4835-4864-80a9-221ef0ed2582,Westbound,2025-11-18 13:06:19.253785,252.0,368.0,129.0,172.0
1190,1,CAM002,207,1.9261999399246847,7210,True,ec790070-4835-4864-80a9-221ef0ed2582,Westbound,2025-11-18 13:06:19.249223,660.0,287.0,292.0,250.0
1189,3,CAM002,76,2.012864262047975,7210,True,ec790070-4835-4864-80a9-221ef0ed2582,Westbound,2025-11-18 13:06:19.232648,395.0,351.0,225.0,189.0
1188,7,CAM001,287,1.292655456430069,7275,True,613b4d1e-c528-4ef5-91ef-1fde52080565,Eastbound,2025-11-18 13:06:15.364497,348.0,216.0,45.0,121.0
1187,9,CAM001,271,2.007332206530903,7275,True,613b4d1e-c528-4ef5-91ef-1fde52080565,Eastbound,2025-11-18 13:06:15.362511,607.0,244.0,73.0,119.0
1186,5,CAM001,256,1.969242648641782,7275,True,613b4d1e-c528-4ef5-91ef-1fde52080565,Eastbound,2025-11-18 13:06:15.361398,716.0,251.0,81.0,139.0
1185,8,CAM001,223,1.944257414529092,7275,True,613b4d1e-c528-4ef5-91ef-1fde52080565,Eastbound,2025-11-18 13:06:15.359788,518.0,243.0,86.0,136.0
1184,2,CAM001,220,2.0385669326284472,7275,True,613b4d1e-c528-4ef5-91ef-1fde52080565,Eastbound,2025-11-18 13:06:15.357789,376.0,246.0,99.0,98.0
1183,4,CAM002,283,2.0294704629896714,7205,True,ec790070-4835-4864-80a9-221ef0ed2582,Westbound,2025-11-18 13:06:14.911626,513.0,376.0,53.0,91.0
1182,6,CAM002,240,2.0281358886660947,7205,True,ec790070-4835-4864-80a9-221ef0ed2582,Westbound,2025-11-18 13:06:14.907969,560.0,360.0,98.0,147.0
1181,7,CAM002,216,2.030224953837574,7205,True,ec790070-4835-4864-80a9-221ef0ed2582,Westbound,2025-11-18 13:06:14.904975,252.0,367.0,130.0,173.0
1180,1,CAM002,207,1.9658476273301755,7205,True,ec790070-4835-4864-80a9-221ef0ed2582,Westbound,2025-11-18 13:06:14.901886,662.0,315.0,247.0,221.0
1179,3,CAM002,76,2.034586610529152,7205,True,ec790070-4835-4864-80a9-221ef0ed2582,Westbound,2025-11-18 13:06:14.898280,396.0,351.0,226.0,189.0
1178,8,CAM001,275,1.9150899633679492,7270,True,613b4d1e-c528-4ef5-91ef-1fde52080565,Eastbound,2025-11-18 13:06:11.164367,283.0,238.0,97.0,112.0
1177,9,CAM001,271,2.027724984953802,7270,True,613b4d1e-c528-4ef5-91ef-1fde52080565,Eastbound,2025-11-18 13:06:11.162372,607.0,245.0,72.0,117.0
1176,5,CAM001,256,2.0291929537281694,7270,True,613b4d1e-c528-4ef5-91ef-1fde52080565,Eastbound,2025-11-18 13:06:11.158833,715.0,251.0,83.0,141.0
1175,6,CAM001,223,1.648536751808692,7270,True,613b4d1e-c528-4ef5-91ef-1fde52080565,Eastbound,2025-11-18 13:06:11.156848,521.0,245.0,86.0,134.0
1174,2,CAM001,220,1.7233077374550656,7270,True,613b4d1e-c528-4ef5-91ef-1fde52080565,Eastbound,2025-11-18 13:06:11.145291,377.0,245.0,99.0,100.0
1173,4,CAM002,283,2.005930275163918,7200,True,ec790070-4835-4864-80a9-221ef0ed2582,Westbound,2025-11-18 13:06:10.776555,513.0,377.0,52.0,89.0
1172,6,CAM002,240,1.7370039991322705,7200,True,ec790070-4835-4864-80a9-221ef0ed2582,Westbound,2025-11-18 13:06:10.771509,561.0,360.0,96.0,146.0
1171,7,CAM002,216,2.0374552696741612,7200,True,ec790070-4835-4864-80a9-221ef0ed2582,Westbound,2025-11-18 13:06:10.768883,252.0,368.0,130.0,172.0
1170,1,CAM002,207,1.9183976767018427,7200,True,ec790070-4835-4864-80a9-221ef0ed2582,Westbound,2025-11-18 13:06:10.766888,642.0,316.0,260.0,220.0
1169,3,CAM002,76,2.002332610291317,7200,True,ec790070-4835-4864-80a9-221ef0ed2582,Westbound,2025-11-18 13:06:10.764885,396.0,352.0,228.0,188.0
1168,8,CAM001,275,2.020775156946648,7265,True,613b4d1e-c528-4ef5-91ef-1fde52080565,Eastbound,2025-11-18 13:06:06.515524,283.0,220.0,116.0,132.0
1167,9,CAM001,271,2.0329083943885977,7265,True,613b4d1e-c528-4ef5-91ef-1fde52080565,Eastbound,2025-11-18 13:06:06.512475,608.0,245.0,71.0,115.0
1166,5,CAM001,256,1.970872840554435,7265,True,613b4d1e-c528-4ef5-91ef-1fde52080565,Eastbound,2025-11-18 13:06:06.509234,714.0,252.0,85.0,141.0
1165,6,CAM001,223,1.6258651659497798,7265,True,613b4d1e-c528-4ef5-91ef-1fde52080565,Eastbound,2025-11-18 13:06:06.506171,521.0,242.0,88.0,137.0
1164,4,CAM001,220,1.6216554030557173,7265,True,613b4d1e-c528-4ef5-91ef-1fde52080565,Eastbound,2025-11-18 13:06:06.504242,378.0,239.0,104.0,107.0
1163,4,CAM002,283,1.6815824768266545,7195,True,ec790070-4835-4864-80a9-221ef0ed2582,Westbound,2025-11-18 13:06:06.140589,514.0,377.0,49.0,89.0
1162,6,CAM002,240,1.6958695720013817,7195,True,ec790070-4835-4864-80a9-221ef0ed2582,Westbound,2025-11-18 13:06:06.139546,561.0,359.0,95.0,147.0
1161,7,CAM002,216,1.9883141938291375,7195,True,ec790070-4835-4864-80a9-221ef0ed2582,Westbound,2025-11-18 13:06:06.136549,252.0,368.0,130.0,172.0
1160,1,CAM002,207,1.9427273635571292,7195,True,ec790070-4835-4864-80a9-221ef0ed2582,Westbound,2025-11-18 13:06:06.128830,653.0,310.0,267.0,226.0
1159,3,CAM002,76,2.0375396062470577,7195,True,ec790070-4835-4864-80a9-221ef0ed2582,Westbound,2025-11-18 13:06:06.126840,397.0,353.0,228.0,187.0
1158,8,CAM001,275,1.9217487402436433,7260,True,613b4d1e-c528-4ef5-91ef-1fde52080565,Eastbound,2025-11-18 13:06:01.986197,279.0,223.0,118.0,128.0
1157,9,CAM001,271,2.034818636512242,7260,True,613b4d1e-c528-4ef5-91ef-1fde52080565,Eastbound,2025-11-18 13:06:01.984200,608.0,244.0,71.0,116.0
1156,5,CAM001,256,1.971941823596273,7260,True,613b4d1e-c528-4ef5-91ef-1fde52080565,Eastbound,2025-11-18 13:06:01.982205,713.0,252.0,86.0,142.0
1155,6,CAM001,223,1.6267401953472236,7260,True,613b4d1e-c528-4ef5-91ef-1fde52080565,Eastbound,2025-11-18 13:06:01.979606,519.0,244.0,86.0,134.0
1154,4,CAM001,220,1.5500776592084478,7260,True,613b4d1e-c528-4ef5-91ef-1fde52080565,Eastbound,2025-11-18 13:06:01.976699,376.0,244.0,103.0,101.0
1153,4,CAM002,283,1.679288558646753,7190,True,ec790070-4835-4864-80a9-221ef0ed2582,Westbound,2025-11-18 13:06:01.624689,516.0,376.0,47.0,91.0
1152,2,CAM002,275,2.0074472045146874,7190,True,ec790070-4835-4864-80a9-221ef0ed2582,Westbound,2025-11-18 13:06:01.622691,358.0,387.0,84.0,102.0
1151,6,CAM002,240,1.7301545407050616,7190,True,ec790070-4835-4864-80a9-221ef0ed2582,Westbound,2025-11-18 13:06:01.620660,561.0,359.0,94.0,147.0
1150,7,CAM002,216,2.0158734831150027,7190,True,ec790070-4835-4864-80a9-221ef0ed2582,Westbound,2025-11-18 13:06:01.617971,251.0,369.0,132.0,171.0
1149,1,CAM002,207,1.948207810222521,7190,True,ec790070-4835-4864-80a9-221ef0ed2582,Westbound,2025-11-18 13:06:01.616972,636.0,318.0,276.0,217.0
1148,3,CAM002,76,2.029429413595735,7190,True,ec790070-4835-4864-80a9-221ef0ed2582,Westbound,2025-11-18 13:06:01.612978,396.0,352.0,232.0,188.0
1147,1,CAM001,286,1.5615040383727703,7255,True,613b4d1e-c528-4ef5-91ef-1fde52080565,Eastbound,2025-11-18 13:05:57.215339,759.0,248.0,87.0,229.0
1146,8,CAM001,275,2.021606082343817,7255,True,613b4d1e-c528-4ef5-91ef-1fde52080565,Eastbound,2025-11-18 13:05:57.212336,275.0,231.0,111.0,117.0
1145,9,CAM001,271,2.0158348732910225,7255,True,613b4d1e-c528-4ef5-91ef-1fde52080565,Eastbound,2025-11-18 13:05:57.210627,608.0,242.0,71.0,118.0
1144,5,CAM001,256,1.4138687395443703,7255,True,613b4d1e-c528-4ef5-91ef-1fde52080565,Eastbound,2025-11-18 13:05:57.207579,711.0,252.0,90.0,140.0
1143,6,CAM001,223,1.6113676900289204,7255,True,613b4d1e-c528-4ef5-91ef-1fde52080565,Eastbound,2025-11-18 13:05:57.205577,519.0,247.0,87.0,131.0
1142,4,CAM001,220,2.0204250505888517,7255,True,613b4d1e-c528-4ef5-91ef-1fde52080565,Eastbound,2025-11-18 13:05:57.202920,376.0,249.0,97.0,96.0
1141,2,CAM002,275,1.5633739669674782,7185,True,ec790070-4835-4864-80a9-221ef0ed2582,Westbound,2025-11-18 13:05:56.779185,357.0,386.0,87.0,106.0
1140,6,CAM002,240,1.6889778011779244,7185,True,ec790070-4835-4864-80a9-221ef0ed2582,Westbound,2025-11-18 13:05:56.778177,561.0,357.0,93.0,149.0
1139,7,CAM002,216,2.008826117088606,7185,True,ec790070-4835-4864-80a9-221ef0ed2582,Westbound,2025-11-18 13:05:56.774185,253.0,369.0,131.0,171.0
1138,1,CAM002,207,1.63558108148394,7185,True,ec790070-4835-4864-80a9-221ef0ed2582,Westbound,2025-11-18 13:05:56.771078,651.0,312.0,296.0,224.0
1137,3,CAM002,76,2.0338968477572785,7185,True,ec790070-4835-4864-80a9-221ef0ed2582,Westbound,2025-11-18 13:05:56.766490,397.0,352.0,232.0,188.0
1136,2,CAM001,287,1.9989056916514678,7250,True,613b4d1e-c528-4ef5-91ef-1fde52080565,Eastbound,2025-11-18 13:05:52.206270,350.0,216.0,43.0,120.0
1135,8,CAM001,275,1.3910467803396662,7250,True,613b4d1e-c528-4ef5-91ef-1fde52080565,Eastbound,2025-11-18 13:05:52.203270,275.0,232.0,113.0,116.0
1134,9,CAM001,271,2.015474259599027,7250,True,613b4d1e-c528-4ef5-91ef-1fde52080565,Eastbound,2025-11-18 13:05:52.201270,607.0,241.0,73.0,120.0
1133,6,CAM001,223,1.5301823398007146,7250,True,613b4d1e-c528-4ef5-91ef-1fde52080565,Eastbound,2025-11-18 13:05:52.199156,511.0,244.0,94.0,135.0
1132,4,CAM001,220,1.9677239190064006,7250,True,613b4d1e-c528-4ef5-91ef-1fde52080565,Eastbound,2025-11-18 13:05:52.196130,381.0,249.0,94.0,95.0
1131,7,CAM002,275,2.018836066389714,7180,True,ec790070-4835-4864-80a9-221ef0ed2582,Westbound,2025-11-18 13:05:51.715487,349.0,385.0,102.0,125.0
1130,6,CAM002,240,1.7022787197835663,7180,True,ec790070-4835-4864-80a9-221ef0ed2582,Westbound,2025-11-18 13:05:51.712478,559.0,356.0,94.0,151.0
1129,8,CAM002,216,2.0022525934118933,7180,True,ec790070-4835-4864-80a9-221ef0ed2582,Westbound,2025-11-18 13:05:51.709162,255.0,370.0,129.0,170.0
1128,1,CAM002,207,2.036346763810517,7180,True,ec790070-4835-4864-80a9-221ef0ed2582,Westbound,2025-11-18 13:05:51.705159,655.0,309.0,304.0,228.0
1127,3,CAM002,76,2.0235977239200946,7180,True,ec790070-4835-4864-80a9-221ef0ed2582,Westbound,2025-11-18 13:05:51.701157,398.0,351.0,231.0,189.0
1126,2,CAM001,287,2.023390115159955,7245,True,613b4d1e-c528-4ef5-91ef-1fde52080565,Eastbound,2025-11-18 13:05:47.892643,351.0,215.0,43.0,120.0
1125,9,CAM001,271,2.0334763826120232,7245,True,613b4d1e-c528-4ef5-91ef-1fde52080565,Eastbound,2025-11-18 13:05:47.892643,607.0,240.0,74.0,122.0
1124,6,CAM001,223,1.580988538833755,7245,True,613b4d1e-c528-4ef5-91ef-1fde52080565,Eastbound,2025-11-18 13:05:47.890597,501.0,237.0,98.0,142.0
1123,4,CAM001,220,2.018631787342411,7245,True,613b4d1e-c528-4ef5-91ef-1fde52080565,Eastbound,2025-11-18 13:05:47.887818,386.0,251.0,91.0,92.0
1122,7,CAM002,275,1.9882795882821893,7175,True,ec790070-4835-4864-80a9-221ef0ed2582,Westbound,2025-11-18 13:05:47.607671,350.0,385.0,108.0,120.0
1121,6,CAM002,240,1.6062223259143205,7175,True,ec790070-4835-4864-80a9-221ef0ed2582,Westbound,2025-11-18 13:05:47.605674,560.0,357.0,92.0,149.0
1120,8,CAM002,216,1.9889269511824148,7175,True,ec790070-4835-4864-80a9-221ef0ed2582,Westbound,2025-11-18 13:05:47.602673,254.0,370.0,126.0,170.0
1119,1,CAM002,207,1.9993234112889804,7175,True,ec790070-4835-4864-80a9-221ef0ed2582,Westbound,2025-11-18 13:05:47.598899,655.0,312.0,302.0,225.0
1118,3,CAM002,76,2.02783159587571,7175,True,ec790070-4835-4864-80a9-221ef0ed2582,Westbound,2025-11-18 13:05:47.596891,397.0,349.0,230.0,191.0
1117,8,CAM001,287,1.450123118158742,7240,True,613b4d1e-c528-4ef5-91ef-1fde52080565,Eastbound,2025-11-18 13:05:44.055090,351.0,215.0,45.0,120.0
1116,2,CAM001,275,2.0258348855247785,7240,True,613b4d1e-c528-4ef5-91ef-1fde52080565,Eastbound,2025-11-18 13:05:44.053097,280.0,247.0,98.0,100.0
1115,9,CAM001,271,2.001512793409913,7240,True,613b4d1e-c528-4ef5-91ef-1fde52080565,Eastbound,2025-11-18 13:05:44.052088,606.0,242.0,75.0,121.0
1114,6,CAM001,223,2.010046359387349,7240,True,613b4d1e-c528-4ef5-91ef-1fde52080565,Eastbound,2025-11-18 13:05:44.050075,511.0,241.0,89.0,137.0
1113,4,CAM001,220,1.991044540230909,7240,True,613b4d1e-c528-4ef5-91ef-1fde52080565,Eastbound,2025-11-18 13:05:44.046290,379.0,248.0,100.0,97.0
1112,7,CAM002,275,1.5488577418344063,7170,True,ec790070-4835-4864-80a9-221ef0ed2582,Westbound,2025-11-18 13:05:43.696851,352.0,386.0,115.0,111.0
1111,8,CAM002,216,2.0094374224310356,7170,True,ec790070-4835-4864-80a9-221ef0ed2582,Westbound,2025-11-18 13:05:43.695851,253.0,369.0,128.0,171.0
1110,1,CAM002,207,1.9805881852053873,7170,True,ec790070-4835-4864-80a9-221ef0ed2582,Westbound,2025-11-18 13:05:43.692851,658.0,316.0,296.0,221.0
1109,3,CAM002,76,2.001574164166355,7170,True,ec790070-4835-4864-80a9-221ef0ed2582,Westbound,2025-11-18 13:05:43.689904,396.0,349.0,230.0,191.0
1108,2,CAM001,287,2.017477879207065,7235,True,613b4d1e-c528-4ef5-91ef-1fde52080565,Eastbound,2025-11-18 13:05:40.205953,353.0,215.0,46.0,121.0
1107,8,CAM001,275,1.4340626140161468,7235,True,613b4d1e-c528-4ef5-91ef-1fde52080565,Eastbound,2025-11-18 13:05:40.204969,279.0,248.0,99.0,98.0
1106,9,CAM001,271,2.0362369258996806,7235,True,613b4d1e-c528-4ef5-91ef-1fde52080565,Eastbound,2025-11-18 13:05:40.202954,606.0,243.0,74.0,119.0
1105,7,CAM001,256,1.974731067485377,7235,True,613b4d1e-c528-4ef5-91ef-1fde52080565,Eastbound,2025-11-18 13:05:40.200856,718.0,254.0,74.0,112.0
1104,6,CAM001,223,1.9849736406227554,7235,True,613b4d1e-c528-4ef5-91ef-1fde52080565,Eastbound,2025-11-18 13:05:40.198233,516.0,244.0,88.0,134.0
1103,4,CAM001,220,1.9894486464049579,7235,True,613b4d1e-c528-4ef5-91ef-1fde52080565,Eastbound,2025-11-18 13:05:40.190124,381.0,252.0,93.0,92.0
1102,8,CAM002,216,2.0364204770805476,7165,True,ec790070-4835-4864-80a9-221ef0ed2582,Westbound,2025-11-18 13:05:39.774801,254.0,369.0,127.0,171.0
1101,1,CAM002,207,2.0243427497014514,7165,True,ec790070-4835-4864-80a9-221ef0ed2582,Westbound,2025-11-18 13:05:39.771792,660.0,316.0,295.0,221.0
1100,3,CAM002,76,2.04070523353633,7165,True,ec790070-4835-4864-80a9-221ef0ed2582,Westbound,2025-11-18 13:05:39.768084,397.0,349.0,230.0,191.0
1099,2,CAM001,287,2.0170347770390844,7230,True,613b4d1e-c528-4ef5-91ef-1fde52080565,Eastbound,2025-11-18 13:05:36.380302,353.0,215.0,46.0,120.0
1098,9,CAM001,271,2.0163049384712717,7230,True,613b4d1e-c528-4ef5-91ef-1fde52080565,Eastbound,2025-11-18 13:05:36.378656,606.0,243.0,74.0,118.0
1097,7,CAM001,256,1.9208145548664493,7230,True,613b4d1e-c528-4ef5-91ef-1fde52080565,Eastbound,2025-11-18 13:05:36.376681,718.0,253.0,76.0,121.0
1096,6,CAM001,223,1.6044641689975838,7230,True,613b4d1e-c528-4ef5-91ef-1fde52080565,Eastbound,2025-11-18 13:05:36.374667,510.0,239.0,92.0,139.0
1095,4,CAM001,220,1.9891778257827273,7230,True,613b4d1e-c528-4ef5-91ef-1fde52080565,Eastbound,2025-11-18 13:05:36.372676,386.0,253.0,91.0,90.0
1094,6,CAM002,240,1.682275316254795,7160,True,ec790070-4835-4864-80a9-221ef0ed2582,Westbound,2025-11-18 13:05:36.016919,559.0,349.0,95.0,155.0
1093,8,CAM002,216,2.0007116108019383,7160,True,ec790070-4835-4864-80a9-221ef0ed2582,Westbound,2025-11-18 13:05:36.013927,253.0,370.0,127.0,170.0
1092,1,CAM002,207,2.030914227431983,7160,True,ec790070-4835-4864-80a9-221ef0ed2582,Westbound,2025-11-18 13:05:36.010920,663.0,316.0,288.0,221.0
1091,3,CAM002,76,2.013858838851886,7160,True,ec790070-4835-4864-80a9-221ef0ed2582,Westbound,2025-11-18 13:05:36.007108,398.0,349.0,229.0,191.0
1090,8,CAM001,287,1.4611008424081828,7225,True,613b4d1e-c528-4ef5-91ef-1fde52080565,Eastbound,2025-11-18 13:05:32.317180,354.0,215.0,44.0,119.0
1089,2,CAM001,275,1.9989345292052814,7225,True,613b4d1e-c528-4ef5-91ef-1fde52080565,Eastbound,2025-11-18 13:05:32.315179,278.0,249.0,98.0,97.0
1088,9,CAM001,271,2.028336859203319,7225,True,613b4d1e-c528-4ef5-91ef-1fde52080565,Eastbound,2025-11-18 13:05:32.309676,606.0,244.0,74.0,117.0
1087,7,CAM001,256,1.5065908039598546,7225,True,613b4d1e-c528-4ef5-91ef-1fde52080565,Eastbound,2025-11-18 13:05:32.308676,715.0,252.0,85.0,135.0
1086,6,CAM001,223,2.00653944714102,7225,True,613b4d1e-c528-4ef5-91ef-1fde52080565,Eastbound,2025-11-18 13:05:32.305675,513.0,242.0,89.0,136.0
1085,4,CAM001,220,2.0142737403733677,7225,True,613b4d1e-c528-4ef5-91ef-1fde52080565,Eastbound,2025-11-18 13:05:32.302678,384.0,253.0,91.0,90.0
1084,7,CAM002,240,1.545703343774748,7155,True,ec790070-4835-4864-80a9-221ef0ed2582,Westbound,2025-11-18 13:05:31.929593,558.0,350.0,97.0,155.0
1083,8,CAM002,216,2.009041333303333,7155,True,ec790070-4835-4864-80a9-221ef0ed2582,Westbound,2025-11-18 13:05:31.927084,253.0,369.0,128.0,171.0
1082,1,CAM002,207,2.0186135631825364,7155,True,ec790070-4835-4864-80a9-221ef0ed2582,Westbound,2025-11-18 13:05:31.926085,665.0,316.0,281.0,220.0
1081,3,CAM002,76,2.041256082196809,7155,True,ec790070-4835-4864-80a9-221ef0ed2582,Westbound,2025-11-18 13:05:31.923083,398.0,349.0,228.0,191.0
1080,2,CAM001,287,2.0198999599228653,7220,True,613b4d1e-c528-4ef5-91ef-1fde52080565,Eastbound,2025-11-18 13:05:28.301177,353.0,215.0,43.0,118.0
1079,8,CAM001,275,1.43209799071357,7220,True,613b4d1e-c528-4ef5-91ef-1fde52080565,Eastbound,2025-11-18 13:05:28.297668,278.0,249.0,99.0,97.0
1078,9,CAM001,271,1.998716009111817,7220,True,613b4d1e-c528-4ef5-91ef-1fde52080565,Eastbound,2025-11-18 13:05:28.296668,607.0,245.0,73.0,115.0
1077,7,CAM001,256,1.9533259008463673,7220,True,613b4d1e-c528-4ef5-91ef-1fde52080565,Eastbound,2025-11-18 13:05:28.293667,716.0,254.0,83.0,127.0
1076,6,CAM001,223,1.460494537782644,7220,True,613b4d1e-c528-4ef5-91ef-1fde52080565,Eastbound,2025-11-18 13:05:28.290668,515.0,245.0,90.0,133.0
1075,4,CAM001,220,1.9856022119515597,7220,True,613b4d1e-c528-4ef5-91ef-1fde52080565,Eastbound,2025-11-18 13:05:28.288532,382.0,249.0,92.0,95.0
1074,6,CAM002,275,1.6093193316856533,7150,True,ec790070-4835-4864-80a9-221ef0ed2582,Westbound,2025-11-18 13:05:27.875466,364.0,387.0,104.0,97.0
1073,8,CAM002,216,2.01304230197095,7150,True,ec790070-4835-4864-80a9-221ef0ed2582,Westbound,2025-11-18 13:05:27.871461,254.0,369.0,127.0,171.0
1072,1,CAM002,207,2.005368422160377,7150,True,ec790070-4835-4864-80a9-221ef0ed2582,Westbound,2025-11-18 13:05:27.867950,664.0,315.0,270.0,220.0
1071,3,CAM002,76,2.040437477988255,7150,True,ec790070-4835-4864-80a9-221ef0ed2582,Westbound,2025-11-18 13:05:27.865950,399.0,349.0,227.0,191.0
1070,2,CAM001,287,2.0205822295034386,7215,True,613b4d1e-c528-4ef5-91ef-1fde52080565,Eastbound,2025-11-18 13:05:24.082364,353.0,214.0,43.0,121.0
1069,9,CAM001,271,1.9989688184730459,7215,True,613b4d1e-c528-4ef5-91ef-1fde52080565,Eastbound,2025-11-18 13:05:24.080362,606.0,245.0,73.0,116.0
1068,7,CAM001,256,1.4401298753686245,7215,True,613b4d1e-c528-4ef5-91ef-1fde52080565,Eastbound,2025-11-18 13:05:24.077654,721.0,254.0,73.0,119.0
1067,6,CAM001,223,1.472758764111363,7215,True,613b4d1e-c528-4ef5-91ef-1fde52080565,Eastbound,2025-11-18 13:05:24.075649,508.0,239.0,95.0,140.0
1066,4,CAM001,220,2.014810955555662,7215,True,613b4d1e-c528-4ef5-91ef-1fde52080565,Eastbound,2025-11-18 13:05:24.072646,383.0,245.0,97.0,99.0
1065,6,CAM002,275,1.6724401893783998,7145,True,ec790070-4835-4864-80a9-221ef0ed2582,Westbound,2025-11-18 13:05:23.731122,365.0,387.0,103.0,98.0
1064,7,CAM002,240,1.652716702288318,7145,True,ec790070-4835-4864-80a9-221ef0ed2582,Westbound,2025-11-18 13:05:23.729373,558.0,356.0,94.0,151.0
1063,8,CAM002,216,2.007120377467292,7145,True,ec790070-4835-4864-80a9-221ef0ed2582,Westbound,2025-11-18 13:05:23.726373,253.0,370.0,127.0,170.0
1062,1,CAM002,207,1.9984296797941394,7145,True,ec790070-4835-4864-80a9-221ef0ed2582,Westbound,2025-11-18 13:05:23.722401,656.0,314.0,270.0,221.0
1061,3,CAM002,76,2.0348117645518955,7145,True,ec790070-4835-4864-80a9-221ef0ed2582,Westbound,2025-11-18 13:05:23.720375,399.0,348.0,227.0,192.0
1060,8,CAM001,287,1.4623121924518405,7210,True,613b4d1e-c528-4ef5-91ef-1fde52080565,Eastbound,2025-11-18 13:05:19.536409,353.0,213.0,44.0,123.0
1059,2,CAM001,275,2.031222277147493,7210,True,613b4d1e-c528-4ef5-91ef-1fde52080565,Eastbound,2025-11-18 13:05:19.534406,277.0,248.0,102.0,98.0
1058,9,CAM001,271,2.020119184475415,7210,True,613b4d1e-c528-4ef5-91ef-1fde52080565,Eastbound,2025-11-18 13:05:19.533409,607.0,246.0,71.0,114.0
1057,7,CAM001,256,1.5012307770476438,7210,True,613b4d1e-c528-4ef5-91ef-1fde52080565,Eastbound,2025-11-18 13:05:19.531422,716.0,251.0,81.0,136.0
1056,6,CAM001,223,1.4876650441626362,7210,True,613b4d1e-c528-4ef5-91ef-1fde52080565,Eastbound,2025-11-18 13:05:19.530405,511.0,242.0,95.0,137.0
1055,4,CAM001,220,1.995518296138182,7210,True,613b4d1e-c528-4ef5-91ef-1fde52080565,Eastbound,2025-11-18 13:05:19.526836,381.0,251.0,97.0,95.0
1054,6,CAM002,275,1.587591946385855,7140,True,ec790070-4835-4864-80a9-221ef0ed2582,Westbound,2025-11-18 13:05:19.113316,365.0,387.0,102.0,99.0
1053,7,CAM002,240,1.5768981672923446,7140,True,ec790070-4835-4864-80a9-221ef0ed2582,Westbound,2025-11-18 13:05:19.112325,558.0,357.0,94.0,150.0
1052,8,CAM002,216,2.0393690872037173,7140,True,ec790070-4835-4864-80a9-221ef0ed2582,Westbound,2025-11-18 13:05:19.110324,253.0,371.0,126.0,169.0
1051,1,CAM002,207,2.0128850033840022,7140,True,ec790070-4835-4864-80a9-221ef0ed2582,Westbound,2025-11-18 13:05:19.107735,665.0,317.0,264.0,218.0
1050,3,CAM002,76,2.035360008532345,7140,True,ec790070-4835-4864-80a9-221ef0ed2582,Westbound,2025-11-18 13:05:19.104802,399.0,348.0,227.0,192.0
1049,2,CAM001,275,2.0044381655553916,7205,True,613b4d1e-c528-4ef5-91ef-1fde52080565,Eastbound,2025-11-18 13:05:15.162919,278.0,247.0,104.0,98.0
1048,9,CAM001,271,1.5917807265550319,7205,True,613b4d1e-c528-4ef5-91ef-1fde52080565,Eastbound,2025-11-18 13:05:15.161919,609.0,245.0,69.0,112.0
1047,7,CAM001,256,2.032838521292317,7205,True,613b4d1e-c528-4ef5-91ef-1fde52080565,Eastbound,2025-11-18 13:05:15.159918,716.0,252.0,82.0,136.0
1046,6,CAM001,223,1.5024094576980815,7205,True,613b4d1e-c528-4ef5-91ef-1fde52080565,Eastbound,2025-11-18 13:05:15.158910,507.0,244.0,100.0,134.0
1045,4,CAM001,220,1.9876525251406927,7205,True,613b4d1e-c528-4ef5-91ef-1fde52080565,Eastbound,2025-11-18 13:05:15.154951,382.0,252.0,93.0,93.0
1044,6,CAM002,275,1.6534308225743828,7135,True,ec790070-4835-4864-80a9-221ef0ed2582,Westbound,2025-11-18 13:05:14.797037,363.0,387.0,100.0,98.0
1043,9,CAM002,240,1.6501691766916824,7135,True,ec790070-4835-4864-80a9-221ef0ed2582,Westbound,2025-11-18 13:05:14.796035,557.0,358.0,94.0,149.0
1042,8,CAM002,216,2.020110192650771,7135,True,ec790070-4835-4864-80a9-221ef0ed2582,Westbound,2025-11-18 13:05:14.794033,253.0,371.0,125.0,169.0
1041,1,CAM002,207,1.9884731382275138,7135,True,ec790070-4835-4864-80a9-221ef0ed2582,Westbound,2025-11-18 13:05:14.792033,677.0,315.0,248.0,221.0
1040,3,CAM002,76,2.0005056106442414,7135,True,ec790070-4835-4864-80a9-221ef0ed2582,Westbound,2025-11-18 13:05:14.779284,398.0,349.0,227.0,191.0
1039,2,CAM001,275,2.0376409804707043,7200,True,613b4d1e-c528-4ef5-91ef-1fde52080565,Eastbound,2025-11-18 13:05:10.247140,281.0,246.0,103.0,98.0
1038,9,CAM001,271,1.670188103107231,7200,True,613b4d1e-c528-4ef5-91ef-1fde52080565,Eastbound,2025-11-18 13:05:10.246143,608.0,244.0,70.0,114.0
1037,7,CAM001,256,2.0272973347987717,7200,True,613b4d1e-c528-4ef5-91ef-1fde52080565,Eastbound,2025-11-18 13:05:10.243174,716.0,252.0,82.0,137.0
1036,6,CAM001,223,1.620771097892314,7200,True,613b4d1e-c528-4ef5-91ef-1fde52080565,Eastbound,2025-11-18 13:05:10.241165,494.0,238.0,103.0,140.0
1035,4,CAM001,220,2.024678131232119,7200,True,613b4d1e-c528-4ef5-91ef-1fde52080565,Eastbound,2025-11-18 13:05:10.238726,386.0,251.0,94.0,93.0
1034,6,CAM002,275,1.4652461384002877,7130,True,ec790070-4835-4864-80a9-221ef0ed2582,Westbound,2025-11-18 13:05:09.891611,359.0,387.0,102.0,97.0
1033,9,CAM002,240,1.6234247731855131,7130,True,ec790070-4835-4864-80a9-221ef0ed2582,Westbound,2025-11-18 13:05:09.890613,557.0,359.0,94.0,148.0
1032,8,CAM002,216,2.0187662917427027,7130,True,ec790070-4835-4864-80a9-221ef0ed2582,Westbound,2025-11-18 13:05:09.887036,253.0,370.0,124.0,169.0
1031,1,CAM002,207,1.9715114770372582,7130,True,ec790070-4835-4864-80a9-221ef0ed2582,Westbound,2025-11-18 13:05:09.886041,672.0,316.0,223.0,220.0
1030,3,CAM002,76,1.9774774276010205,7130,True,ec790070-4835-4864-80a9-221ef0ed2582,Westbound,2025-11-18 13:05:09.874925,399.0,350.0,225.0,190.0
1029,2,CAM001,275,1.8824055416840482,7195,True,613b4d1e-c528-4ef5-91ef-1fde52080565,Eastbound,2025-11-18 13:05:05.973660,284.0,245.0,97.0,100.0
1028,9,CAM001,271,1.52297377692014,7195,True,613b4d1e-c528-4ef5-91ef-1fde52080565,Eastbound,2025-11-18 13:05:05.970660,608.0,243.0,70.0,116.0
1027,7,CAM001,256,1.9829930142492793,7195,True,613b4d1e-c528-4ef5-91ef-1fde52080565,Eastbound,2025-11-18 13:05:05.968652,715.0,251.0,83.0,139.0
1026,6,CAM001,223,1.54914863594275,7195,True,613b4d1e-c528-4ef5-91ef-1fde52080565,Eastbound,2025-11-18 13:05:05.966142,505.0,241.0,96.0,137.0
1025,4,CAM001,220,1.9991161836382143,7195,True,613b4d1e-c528-4ef5-91ef-1fde52080565,Eastbound,2025-11-18 13:05:05.963142,383.0,252.0,95.0,92.0
1024,3,CAM002,275,2.0366328694946465,7125,True,ec790070-4835-4864-80a9-221ef0ed2582,Westbound,2025-11-18 13:05:05.444631,361.0,387.0,106.0,98.0
1023,9,CAM002,240,1.635283993064117,7125,True,ec790070-4835-4864-80a9-221ef0ed2582,Westbound,2025-11-18 13:05:05.442632,557.0,360.0,94.0,147.0
1022,8,CAM002,216,2.03695030071552,7125,True,ec790070-4835-4864-80a9-221ef0ed2582,Westbound,2025-11-18 13:05:05.439632,252.0,370.0,123.0,167.0
1021,1,CAM002,207,2.0055714099106585,7125,True,ec790070-4835-4864-80a9-221ef0ed2582,Westbound,2025-11-18 13:05:05.437306,656.0,322.0,211.0,212.0
1020,6,CAM002,76,1.6580485749011082,7125,True,ec790070-4835-4864-80a9-221ef0ed2582,Westbound,2025-11-18 13:05:05.435326,398.0,349.0,227.0,191.0
1019,2,CAM001,287,2.0103213910271114,7190,True,613b4d1e-c528-4ef5-91ef-1fde52080565,Eastbound,2025-11-18 13:05:01.684398,354.0,213.0,43.0,121.0
1018,9,CAM001,271,1.592517389785733,7190,True,613b4d1e-c528-4ef5-91ef-1fde52080565,Eastbound,2025-11-18 13:05:01.681432,608.0,244.0,71.0,116.0
1017,7,CAM001,256,1.972289599745654,7190,True,613b4d1e-c528-4ef5-91ef-1fde52080565,Eastbound,2025-11-18 13:05:01.679421,715.0,251.0,83.0,138.0
1016,6,CAM001,223,1.5692423891849996,7190,True,613b4d1e-c528-4ef5-91ef-1fde52080565,Eastbound,2025-11-18 13:05:01.676845,508.0,244.0,99.0,134.0
1015,4,CAM001,220,1.9927017249128771,7190,True,613b4d1e-c528-4ef5-91ef-1fde52080565,Eastbound,2025-11-18 13:05:01.674843,382.0,253.0,92.0,91.0
1014,3,CAM002,275,2.0240621848221876,7120,True,ec790070-4835-4864-80a9-221ef0ed2582,Westbound,2025-11-18 13:05:01.338554,363.0,387.0,106.0,98.0
1013,9,CAM002,240,1.6389183981192448,7120,True,ec790070-4835-4864-80a9-221ef0ed2582,Westbound,2025-11-18 13:05:01.337023,557.0,360.0,94.0,146.0
1012,8,CAM002,216,2.0275579176582994,7120,True,ec790070-4835-4864-80a9-221ef0ed2582,Westbound,2025-11-18 13:05:01.334996,252.0,371.0,124.0,167.0
1011,1,CAM002,207,1.98818748057352,7120,True,ec790070-4835-4864-80a9-221ef0ed2582,Westbound,2025-11-18 13:05:01.332421,657.0,322.0,213.0,213.0
1010,6,CAM002,76,1.6731016366718081,7120,True,ec790070-4835-4864-80a9-221ef0ed2582,Westbound,2025-11-18 13:05:01.319316,397.0,347.0,229.0,193.0
1009,2,CAM001,287,2.0056473038239915,7185,True,613b4d1e-c528-4ef5-91ef-1fde52080565,Eastbound,2025-11-18 13:04:56.739540,354.0,213.0,43.0,122.0
1008,9,CAM001,271,1.6268173804783557,7185,True,613b4d1e-c528-4ef5-91ef-1fde52080565,Eastbound,2025-11-18 13:04:56.737026,608.0,243.0,72.0,119.0
1007,7,CAM001,256,1.5113926995559603,7185,True,613b4d1e-c528-4ef5-91ef-1fde52080565,Eastbound,2025-11-18 13:04:56.736026,716.0,251.0,82.0,138.0
1006,6,CAM001,223,1.6373572918299468,7185,True,613b4d1e-c528-4ef5-91ef-1fde52080565,Eastbound,2025-11-18 13:04:56.734026,496.0,237.0,103.0,141.0
1005,4,CAM001,220,2.006893029676078,7185,True,613b4d1e-c528-4ef5-91ef-1fde52080565,Eastbound,2025-11-18 13:04:56.733025,386.0,252.0,92.0,91.0
1004,7,CAM002,282,1.6358697467107228,7115,True,ec790070-4835-4864-80a9-221ef0ed2582,Westbound,2025-11-18 13:04:56.373973,810.0,292.0,113.0,243.0
1003,3,CAM002,275,2.0122789371228964,7115,True,ec790070-4835-4864-80a9-221ef0ed2582,Westbound,2025-11-18 13:04:56.370973,365.0,388.0,105.0,98.0
1002,9,CAM002,240,1.6779358302251255,7115,True,ec790070-4835-4864-80a9-221ef0ed2582,Westbound,2025-11-18 13:04:56.369965,557.0,360.0,94.0,146.0
1001,8,CAM002,216,2.009081914427463,7115,True,ec790070-4835-4864-80a9-221ef0ed2582,Westbound,2025-11-18 13:04:56.366447,253.0,370.0,124.0,169.0
1000,1,CAM002,207,1.9888431114206357,7115,True,ec790070-4835-4864-80a9-221ef0ed2582,Westbound,2025-11-18 13:04:56.364445,663.0,320.0,209.0,216.0
999,6,CAM002,76,1.7309048490788546,7115,True,ec790070-4835-4864-80a9-221ef0ed2582,Westbound,2025-11-18 13:04:56.361443,398.0,347.0,229.0,193.0
998,8,CAM001,287,1.4647209904050396,7180,True,613b4d1e-c528-4ef5-91ef-1fde52080565,Eastbound,2025-11-18 13:04:51.426595,354.0,214.0,44.0,122.0
997,4,CAM001,284,2.0192986031991755,7180,True,613b4d1e-c528-4ef5-91ef-1fde52080565,Eastbound,2025-11-18 13:04:51.425589,367.0,244.0,40.0,64.0
996,2,CAM001,275,2.0098077677651864,7180,True,613b4d1e-c528-4ef5-91ef-1fde52080565,Eastbound,2025-11-18 13:04:51.424596,280.0,244.0,100.0,105.0
995,9,CAM001,271,2.0184804960185696,7180,True,613b4d1e-c528-4ef5-91ef-1fde52080565,Eastbound,2025-11-18 13:04:51.421600,607.0,243.0,73.0,118.0
994,7,CAM001,256,1.471437729264475,7180,True,613b4d1e-c528-4ef5-91ef-1fde52080565,Eastbound,2025-11-18 13:04:51.418558,715.0,252.0,84.0,139.0
993,6,CAM001,223,1.5607887176151367,7180,True,613b4d1e-c528-4ef5-91ef-1fde52080565,Eastbound,2025-11-18 13:04:51.416069,505.0,241.0,95.0,137.0
992,3,CAM001,220,1.5741150434254363,7180,True,613b4d1e-c528-4ef5-91ef-1fde52080565,Eastbound,2025-11-18 13:04:51.413067,381.0,251.0,98.0,94.0
991,3,CAM002,275,1.683901932222291,7110,True,ec790070-4835-4864-80a9-221ef0ed2582,Westbound,2025-11-18 13:04:50.940983,364.0,389.0,106.0,98.0
990,7,CAM002,240,1.5660626190832065,7110,True,ec790070-4835-4864-80a9-221ef0ed2582,Westbound,2025-11-18 13:04:50.937996,556.0,359.0,95.0,147.0
989,8,CAM002,216,2.0024370811230003,7110,True,ec790070-4835-4864-80a9-221ef0ed2582,Westbound,2025-11-18 13:04:50.936399,253.0,369.0,123.0,169.0
988,1,CAM002,207,1.9739895842777497,7110,True,ec790070-4835-4864-80a9-221ef0ed2582,Westbound,2025-11-18 13:04:50.933819,656.0,321.0,205.0,214.0
987,6,CAM002,76,1.6620852949384892,7110,True,ec790070-4835-4864-80a9-221ef0ed2582,Westbound,2025-11-18 13:04:50.931811,397.0,348.0,230.0,192.0
986,2,CAM001,287,1.996682029744912,7175,True,613b4d1e-c528-4ef5-91ef-1fde52080565,Eastbound,2025-11-18 13:04:46.637998,353.0,215.0,42.0,120.0
985,8,CAM001,275,1.4627763139775571,7175,True,613b4d1e-c528-4ef5-91ef-1fde52080565,Eastbound,2025-11-18 13:04:46.634491,281.0,245.0,98.0,103.0
984,9,CAM001,271,2.033389193035602,7175,True,613b4d1e-c528-4ef5-91ef-1fde52080565,Eastbound,2025-11-18 13:04:46.633490,608.0,244.0,72.0,116.0
983,7,CAM001,256,2.019823578231014,7175,True,613b4d1e-c528-4ef5-91ef-1fde52080565,Eastbound,2025-11-18 13:04:46.631491,714.0,253.0,86.0,139.0
982,6,CAM001,223,1.5825086552410899,7175,True,613b4d1e-c528-4ef5-91ef-1fde52080565,Eastbound,2025-11-18 13:04:46.627957,515.0,245.0,96.0,134.0
981,3,CAM001,220,1.6112589272020772,7175,True,613b4d1e-c528-4ef5-91ef-1fde52080565,Eastbound,2025-11-18 13:04:46.624446,380.0,253.0,95.0,92.0
980,3,CAM002,275,1.7254910179245597,7105,True,ec790070-4835-4864-80a9-221ef0ed2582,Westbound,2025-11-18 13:04:45.980122,364.0,389.0,106.0,97.0
979,4,CAM002,240,2.033357422105361,7105,True,ec790070-4835-4864-80a9-221ef0ed2582,Westbound,2025-11-18 13:04:45.976600,556.0,358.0,95.0,148.0
978,8,CAM002,216,2.0270578159261454,7105,True,ec790070-4835-4864-80a9-221ef0ed2582,Westbound,2025-11-18 13:04:45.972599,253.0,370.0,122.0,168.0
977,1,CAM002,207,2.0182653069114016,7105,True,ec790070-4835-4864-80a9-221ef0ed2582,Westbound,2025-11-18 13:04:45.968599,656.0,319.0,209.0,217.0
976,6,CAM002,76,1.7132275462414217,7105,True,ec790070-4835-4864-80a9-221ef0ed2582,Westbound,2025-11-18 13:04:45.963075,398.0,349.0,230.0,191.0
975,2,CAM001,287,1.9812557278300746,7170,True,613b4d1e-c528-4ef5-91ef-1fde52080565,Eastbound,2025-11-18 13:04:41.485924,352.0,215.0,42.0,121.0
974,9,CAM001,271,2.032210060638616,7170,True,613b4d1e-c528-4ef5-91ef-1fde52080565,Eastbound,2025-11-18 13:04:41.482925,608.0,245.0,72.0,116.0
973,7,CAM001,256,1.9643346564693251,7170,True,613b4d1e-c528-4ef5-91ef-1fde52080565,Eastbound,2025-11-18 13:04:41.479915,712.0,251.0,88.0,139.0
972,6,CAM001,223,1.5779177099562134,7170,True,613b4d1e-c528-4ef5-91ef-1fde52080565,Eastbound,2025-11-18 13:04:41.476488,511.0,242.0,107.0,138.0
971,3,CAM001,220,1.4941957701931523,7170,True,613b4d1e-c528-4ef5-91ef-1fde52080565,Eastbound,2025-11-18 13:04:41.472486,382.0,252.0,97.0,93.0
970,3,CAM002,275,2.0200044957327568,7100,True,ec790070-4835-4864-80a9-221ef0ed2582,Westbound,2025-11-18 13:04:41.039802,364.0,389.0,106.0,97.0
969,4,CAM002,240,2.0363566990740303,7100,True,ec790070-4835-4864-80a9-221ef0ed2582,Westbound,2025-11-18 13:04:41.036642,557.0,359.0,94.0,147.0
968,8,CAM002,216,2.0108906685042047,7100,True,ec790070-4835-4864-80a9-221ef0ed2582,Westbound,2025-11-18 13:04:41.033642,253.0,371.0,121.0,166.0
967,1,CAM002,207,2.028087428487849,7100,True,ec790070-4835-4864-80a9-221ef0ed2582,Westbound,2025-11-18 13:04:41.032643,654.0,321.0,207.0,215.0
966,6,CAM002,76,1.7216310501131211,7100,True,ec790070-4835-4864-80a9-221ef0ed2582,Westbound,2025-11-18 13:04:41.028642,398.0,349.0,230.0,191.0
965,9,CAM001,271,2.0086387766291143,7165,True,613b4d1e-c528-4ef5-91ef-1fde52080565,Eastbound,2025-11-18 13:04:36.819387,607.0,245.0,73.0,116.0
964,7,CAM001,256,1.9157535704557085,7165,True,613b4d1e-c528-4ef5-91ef-1fde52080565,Eastbound,2025-11-18 13:04:36.817296,714.0,251.0,84.0,129.0
963,6,CAM001,223,1.4905678007779641,7165,True,613b4d1e-c528-4ef5-91ef-1fde52080565,Eastbound,2025-11-18 13:04:36.814296,500.0,244.0,117.0,136.0
962,2,CAM001,220,2.0303482117870892,7165,True,613b4d1e-c528-4ef5-91ef-1fde52080565,Eastbound,2025-11-18 13:04:36.811311,374.0,246.0,105.0,99.0
961,3,CAM002,275,2.013987802794601,7095,True,ec790070-4835-4864-80a9-221ef0ed2582,Westbound,2025-11-18 13:04:36.483781,364.0,389.0,106.0,98.0
960,4,CAM002,240,2.0291660969936034,7095,True,ec790070-4835-4864-80a9-221ef0ed2582,Westbound,2025-11-18 13:04:36.481780,557.0,360.0,94.0,145.0
959,8,CAM002,216,2.034254353939257,7095,True,ec790070-4835-4864-80a9-221ef0ed2582,Westbound,2025-11-18 13:04:36.479783,253.0,370.0,120.0,166.0
958,1,CAM002,207,2.030304244358901,7095,True,ec790070-4835-4864-80a9-221ef0ed2582,Westbound,2025-11-18 13:04:36.478780,651.0,320.0,210.0,214.0
957,6,CAM002,76,1.6695682382982628,7095,True,ec790070-4835-4864-80a9-221ef0ed2582,Westbound,2025-11-18 13:04:36.475577,398.0,349.0,230.0,191.0
956,2,CAM001,275,2.005212925908775,7160,True,613b4d1e-c528-4ef5-91ef-1fde52080565,Eastbound,2025-11-18 13:04:32.565911,280.0,247.0,96.0,101.0
955,9,CAM001,271,2.039612453461531,7160,True,613b4d1e-c528-4ef5-91ef-1fde52080565,Eastbound,2025-11-18 13:04:32.564911,606.0,244.0,73.0,116.0
954,7,CAM001,256,1.9743954253706553,7160,True,613b4d1e-c528-4ef5-91ef-1fde52080565,Eastbound,2025-11-18 13:04:32.563910,720.0,253.0,75.0,122.0
953,6,CAM001,223,1.6142601976587179,7160,True,613b4d1e-c528-4ef5-91ef-1fde52080565,Eastbound,2025-11-18 13:04:32.561911,485.0,247.0,118.0,131.0
952,3,CAM001,220,1.6390940375005536,7160,True,613b4d1e-c528-4ef5-91ef-1fde52080565,Eastbound,2025-11-18 13:04:32.559910,374.0,246.0,106.0,98.0
951,3,CAM002,275,1.6665488456490132,7090,True,ec790070-4835-4864-80a9-221ef0ed2582,Westbound,2025-11-18 13:04:31.880385,363.0,389.0,108.0,99.0
950,4,CAM002,240,2.0393398116356516,7090,True,ec790070-4835-4864-80a9-221ef0ed2582,Westbound,2025-11-18 13:04:31.875865,558.0,360.0,92.0,144.0
949,8,CAM002,216,2.0132317579444527,7090,True,ec790070-4835-4864-80a9-221ef0ed2582,Westbound,2025-11-18 13:04:31.872834,254.0,369.0,119.0,168.0
948,1,CAM002,207,2.018032830576744,7090,True,ec790070-4835-4864-80a9-221ef0ed2582,Westbound,2025-11-18 13:04:31.868822,649.0,320.0,215.0,215.0
947,6,CAM002,76,1.6612875262185876,7090,True,ec790070-4835-4864-80a9-221ef0ed2582,Westbound,2025-11-18 13:04:31.863414,399.0,349.0,229.0,191.0
946,2,CAM001,284,1.1236845529017763,7155,True,613b4d1e-c528-4ef5-91ef-1fde52080565,Eastbound,2025-11-18 13:04:27.361378,358.0,232.0,43.0,83.0
945,8,CAM001,275,1.4713889036563097,7155,True,613b4d1e-c528-4ef5-91ef-1fde52080565,Eastbound,2025-11-18 13:04:27.359379,277.0,244.0,101.0,104.0
944,9,CAM001,271,2.017163721516587,7155,True,613b4d1e-c528-4ef5-91ef-1fde52080565,Eastbound,2025-11-18 13:04:27.358380,606.0,243.0,73.0,117.0
943,7,CAM001,256,1.9311450414144318,7155,True,613b4d1e-c528-4ef5-91ef-1fde52080565,Eastbound,2025-11-18 13:04:27.356037,714.0,251.0,84.0,138.0
942,6,CAM001,223,1.9705833681307798,7155,True,613b4d1e-c528-4ef5-91ef-1fde52080565,Eastbound,2025-11-18 13:04:27.355037,483.0,246.0,119.0,132.0
941,3,CAM001,220,1.521879540918244,7155,True,613b4d1e-c528-4ef5-91ef-1fde52080565,Eastbound,2025-11-18 13:04:27.352035,376.0,245.0,105.0,98.0
940,3,CAM002,275,2.03058654048427,7085,True,ec790070-4835-4864-80a9-221ef0ed2582,Westbound,2025-11-18 13:04:26.833023,364.0,388.0,108.0,99.0
939,4,CAM002,240,2.023383344243078,7085,True,ec790070-4835-4864-80a9-221ef0ed2582,Westbound,2025-11-18 13:04:26.832024,559.0,359.0,91.0,146.0
938,8,CAM002,216,1.5619805459775686,7085,True,ec790070-4835-4864-80a9-221ef0ed2582,Westbound,2025-11-18 13:04:26.830023,253.0,370.0,119.0,168.0
937,1,CAM002,207,2.013716586106027,7085,True,ec790070-4835-4864-80a9-221ef0ed2582,Westbound,2025-11-18 13:04:26.829023,650.0,318.0,225.0,218.0
936,2,CAM002,76,2.0373955197410507,7085,True,ec790070-4835-4864-80a9-221ef0ed2582,Westbound,2025-11-18 13:04:26.825443,398.0,349.0,229.0,191.0
935,8,CAM001,284,1.5065228397342494,7150,True,613b4d1e-c528-4ef5-91ef-1fde52080565,Eastbound,2025-11-18 13:04:23.114555,337.0,214.0,68.0,124.0
934,9,CAM001,271,2.0388424013830746,7150,True,613b4d1e-c528-4ef5-91ef-1fde52080565,Eastbound,2025-11-18 13:04:23.111555,606.0,243.0,74.0,117.0
933,7,CAM001,256,2.0251372227652777,7150,True,613b4d1e-c528-4ef5-91ef-1fde52080565,Eastbound,2025-11-18 13:04:23.108548,715.0,251.0,82.0,135.0
932,6,CAM001,223,2.0302498643463904,7150,True,613b4d1e-c528-4ef5-91ef-1fde52080565,Eastbound,2025-11-18 13:04:23.104702,483.0,244.0,121.0,136.0
931,3,CAM002,275,1.9959542443716165,7080,True,ec790070-4835-4864-80a9-221ef0ed2582,Westbound,2025-11-18 13:04:22.774296,365.0,388.0,107.0,97.0
930,4,CAM002,240,1.985300806972345,7080,True,ec790070-4835-4864-80a9-221ef0ed2582,Westbound,2025-11-18 13:04:22.773297,558.0,356.0,93.0,151.0
929,8,CAM002,216,1.6630503819909108,7080,True,ec790070-4835-4864-80a9-221ef0ed2582,Westbound,2025-11-18 13:04:22.772296,252.0,370.0,119.0,169.0
928,1,CAM002,207,1.9845715428322086,7080,True,ec790070-4835-4864-80a9-221ef0ed2582,Westbound,2025-11-18 13:04:22.770296,647.0,318.0,231.0,217.0
927,2,CAM002,76,2.0154769324731046,7080,True,ec790070-4835-4864-80a9-221ef0ed2582,Westbound,2025-11-18 13:04:22.768291,398.0,349.0,228.0,191.0
926,8,CAM001,284,1.3514082541594152,7145,True,613b4d1e-c528-4ef5-91ef-1fde52080565,Eastbound,2025-11-18 13:04:18.646849,343.0,225.0,67.0,100.0
925,9,CAM001,271,2.010690704656885,7145,True,613b4d1e-c528-4ef5-91ef-1fde52080565,Eastbound,2025-11-18 13:04:18.645345,606.0,244.0,73.0,116.0
924,7,CAM001,256,2.0029617264649744,7145,True,613b4d1e-c528-4ef5-91ef-1fde52080565,Eastbound,2025-11-18 13:04:18.642456,715.0,251.0,83.0,137.0
923,6,CAM001,223,2.0273283605374894,7145,True,613b4d1e-c528-4ef5-91ef-1fde52080565,Eastbound,2025-11-18 13:04:18.641440,483.0,245.0,121.0,135.0
922,3,CAM001,220,1.551910372104067,7145,True,613b4d1e-c528-4ef5-91ef-1fde52080565,Eastbound,2025-11-18 13:04:18.637337,375.0,244.0,105.0,99.0
921,3,CAM002,275,1.6720820146377204,7075,True,ec790070-4835-4864-80a9-221ef0ed2582,Westbound,2025-11-18 13:04:18.302956,364.0,388.0,108.0,98.0
920,4,CAM002,240,2.0265635192052858,7075,True,ec790070-4835-4864-80a9-221ef0ed2582,Westbound,2025-11-18 13:04:18.299775,558.0,354.0,93.0,153.0
919,8,CAM002,216,2.0168594629541166,7075,True,ec790070-4835-4864-80a9-221ef0ed2582,Westbound,2025-11-18 13:04:18.295266,251.0,370.0,120.0,168.0
918,1,CAM002,207,1.910728951424812,7075,True,ec790070-4835-4864-80a9-221ef0ed2582,Westbound,2025-11-18 13:04:18.293262,645.0,311.0,254.0,224.0
917,2,CAM002,76,2.037304275741095,7075,True,ec790070-4835-4864-80a9-221ef0ed2582,Westbound,2025-11-18 13:04:18.288274,398.0,349.0,228.0,191.0
916,5,CAM001,274,2.025803393133338,7140,True,613b4d1e-c528-4ef5-91ef-1fde52080565,Eastbound,2025-11-18 13:04:14.473948,764.0,217.0,84.0,210.0
915,9,CAM001,271,2.031329503941105,7140,True,613b4d1e-c528-4ef5-91ef-1fde52080565,Eastbound,2025-11-18 13:04:14.471967,606.0,244.0,73.0,117.0
914,7,CAM001,256,1.4293612108726703,7140,True,613b4d1e-c528-4ef5-91ef-1fde52080565,Eastbound,2025-11-18 13:04:14.469969,714.0,252.0,85.0,138.0
913,6,CAM001,223,2.026844701421719,7140,True,613b4d1e-c528-4ef5-91ef-1fde52080565,Eastbound,2025-11-18 13:04:14.468970,483.0,247.0,120.0,133.0
912,3,CAM001,220,1.5738611253701371,7140,True,613b4d1e-c528-4ef5-91ef-1fde52080565,Eastbound,2025-11-18 13:04:14.465248,376.0,245.0,105.0,99.0
911,3,CAM002,275,1.6891776904237847,7070,True,ec790070-4835-4864-80a9-221ef0ed2582,Westbound,2025-11-18 13:04:14.147670,364.0,388.0,109.0,98.0
910,4,CAM002,240,2.0187227840504054,7070,True,ec790070-4835-4864-80a9-221ef0ed2582,Westbound,2025-11-18 13:04:14.145160,559.0,357.0,92.0,150.0
909,8,CAM002,216,2.00084362345378,7070,True,ec790070-4835-4864-80a9-221ef0ed2582,Westbound,2025-11-18 13:04:14.144160,251.0,371.0,120.0,167.0
908,1,CAM002,207,1.9841747143215949,7070,True,ec790070-4835-4864-80a9-221ef0ed2582,Westbound,2025-11-18 13:04:14.142161,659.0,302.0,264.0,234.0
907,2,CAM002,76,2.0391572042341006,7070,True,ec790070-4835-4864-80a9-221ef0ed2582,Westbound,2025-11-18 13:04:14.140177,398.0,349.0,227.0,191.0
906,7,CAM001,284,1.3735327734698668,7135,True,613b4d1e-c528-4ef5-91ef-1fde52080565,Eastbound,2025-11-18 13:04:09.918503,357.0,230.0,50.0,85.0
905,8,CAM001,275,1.9689880954725822,7135,True,613b4d1e-c528-4ef5-91ef-1fde52080565,Eastbound,2025-11-18 13:04:09.914721,285.0,246.0,87.0,98.0
904,1,CAM001,274,1.51913434801576,7135,True,613b4d1e-c528-4ef5-91ef-1fde52080565,Eastbound,2025-11-18 13:04:09.913720,765.0,216.0,82.0,212.0
903,9,CAM001,271,2.0147584569950334,7135,True,613b4d1e-c528-4ef5-91ef-1fde52080565,Eastbound,2025-11-18 13:04:09.911722,605.0,243.0,74.0,119.0
902,5,CAM001,256,1.9806098227219513,7135,True,613b4d1e-c528-4ef5-91ef-1fde52080565,Eastbound,2025-11-18 13:04:09.909727,714.0,253.0,84.0,136.0
901,6,CAM001,223,1.9992667578123644,7135,True,613b4d1e-c528-4ef5-91ef-1fde52080565,Eastbound,2025-11-18 13:04:09.908724,484.0,246.0,120.0,134.0
900,3,CAM001,220,1.5939948935864932,7135,True,613b4d1e-c528-4ef5-91ef-1fde52080565,Eastbound,2025-11-18 13:04:09.903964,381.0,246.0,101.0,98.0
899,3,CAM002,275,1.6808694301774105,7065,True,ec790070-4835-4864-80a9-221ef0ed2582,Westbound,2025-11-18 13:04:09.407968,363.0,388.0,110.0,99.0
898,4,CAM002,240,1.949534681169719,7065,True,ec790070-4835-4864-80a9-221ef0ed2582,Westbound,2025-11-18 13:04:09.405452,560.0,354.0,91.0,152.0
897,7,CAM002,216,1.5971499852304363,7065,True,ec790070-4835-4864-80a9-221ef0ed2582,Westbound,2025-11-18 13:04:09.402451,251.0,370.0,122.0,168.0
896,1,CAM002,207,1.9636911848033647,7065,True,ec790070-4835-4864-80a9-221ef0ed2582,Westbound,2025-11-18 13:04:09.400486,648.0,305.0,268.0,231.0
895,2,CAM002,76,2.0396277675692205,7065,True,ec790070-4835-4864-80a9-221ef0ed2582,Westbound,2025-11-18 13:04:09.397547,398.0,349.0,227.0,191.0
894,7,CAM001,284,1.613933717273793,7130,True,613b4d1e-c528-4ef5-91ef-1fde52080565,Eastbound,2025-11-18 13:04:04.929025,338.0,211.0,80.0,128.0
893,8,CAM001,275,2.023544810010684,7130,True,613b4d1e-c528-4ef5-91ef-1fde52080565,Eastbound,2025-11-18 13:04:04.927026,287.0,243.0,92.0,100.0
892,9,CAM001,271,2.0321605318017033,7130,True,613b4d1e-c528-4ef5-91ef-1fde52080565,Eastbound,2025-11-18 13:04:04.926020,606.0,244.0,73.0,116.0
891,5,CAM001,256,1.499723509674162,7130,True,613b4d1e-c528-4ef5-91ef-1fde52080565,Eastbound,2025-11-18 13:04:04.923515,713.0,252.0,86.0,136.0
890,6,CAM001,223,2.034585946327246,7130,True,613b4d1e-c528-4ef5-91ef-1fde52080565,Eastbound,2025-11-18 13:04:04.922515,481.0,244.0,123.0,136.0
889,3,CAM001,220,1.6463470670533482,7130,True,613b4d1e-c528-4ef5-91ef-1fde52080565,Eastbound,2025-11-18 13:04:04.919492,384.0,245.0,100.0,99.0
888,3,CAM002,275,1.7348422744048475,7060,True,ec790070-4835-4864-80a9-221ef0ed2582,Westbound,2025-11-18 13:04:04.457384,360.0,388.0,112.0,99.0
887,4,CAM002,240,2.027950958814608,7060,True,ec790070-4835-4864-80a9-221ef0ed2582,Westbound,2025-11-18 13:04:04.455235,558.0,350.0,93.0,155.0
886,7,CAM002,216,1.636068765127758,7060,True,ec790070-4835-4864-80a9-221ef0ed2582,Westbound,2025-11-18 13:04:04.452235,250.0,369.0,125.0,169.0
885,5,CAM002,207,2.023687444608805,7060,True,ec790070-4835-4864-80a9-221ef0ed2582,Westbound,2025-11-18 13:04:04.450235,664.0,309.0,263.0,228.0
884,2,CAM002,76,2.0364036693884313,7060,True,ec790070-4835-4864-80a9-221ef0ed2582,Westbound,2025-11-18 13:04:04.444687,398.0,349.0,227.0,191.0
883,7,CAM001,284,1.2705662082084836,7125,True,613b4d1e-c528-4ef5-91ef-1fde52080565,Eastbound,2025-11-18 13:03:59.608231,342.0,222.0,76.0,102.0
882,8,CAM001,275,2.01350972335154,7125,True,613b4d1e-c528-4ef5-91ef-1fde52080565,Eastbound,2025-11-18 13:03:59.602725,284.0,244.0,96.0,98.0
881,1,CAM001,274,1.8914435891930275,7125,True,613b4d1e-c528-4ef5-91ef-1fde52080565,Eastbound,2025-11-18 13:03:59.601723,767.0,224.0,77.0,206.0
880,9,CAM001,271,2.0132617666535677,7125,True,613b4d1e-c528-4ef5-91ef-1fde52080565,Eastbound,2025-11-18 13:03:59.597723,605.0,244.0,74.0,117.0
879,6,CAM001,223,2.028135133032285,7125,True,613b4d1e-c528-4ef5-91ef-1fde52080565,Eastbound,2025-11-18 13:03:59.594211,482.0,245.0,122.0,135.0
878,3,CAM001,220,1.5180613790742907,7125,True,613b4d1e-c528-4ef5-91ef-1fde52080565,Eastbound,2025-11-18 13:03:59.588702,381.0,243.0,103.0,100.0
877,3,CAM002,275,1.6729334812419565,7055,True,ec790070-4835-4864-80a9-221ef0ed2582,Westbound,2025-11-18 13:03:59.141828,361.0,388.0,109.0,99.0
876,4,CAM002,240,2.0175261605628005,7055,True,ec790070-4835-4864-80a9-221ef0ed2582,Westbound,2025-11-18 13:03:59.139827,559.0,352.0,92.0,154.0
875,7,CAM002,216,1.9787645132013834,7055,True,ec790070-4835-4864-80a9-221ef0ed2582,Westbound,2025-11-18 13:03:59.136828,249.0,368.0,130.0,171.0
874,5,CAM002,207,1.9824430918261617,7055,True,ec790070-4835-4864-80a9-221ef0ed2582,Westbound,2025-11-18 13:03:59.133314,665.0,309.0,250.0,228.0
873,2,CAM002,76,2.012083099151765,7055,True,ec790070-4835-4864-80a9-221ef0ed2582,Westbound,2025-11-18 13:03:59.128313,398.0,349.0,227.0,191.0
872,8,CAM001,275,1.807472573810537,7120,True,613b4d1e-c528-4ef5-91ef-1fde52080565,Eastbound,2025-11-18 13:03:54.999736,283.0,232.0,107.0,111.0
871,9,CAM001,271,2.0274754921354017,7120,True,613b4d1e-c528-4ef5-91ef-1fde52080565,Eastbound,2025-11-18 13:03:54.997730,604.0,243.0,76.0,119.0
870,1,CAM001,256,2.0389210587935356,7120,True,613b4d1e-c528-4ef5-91ef-1fde52080565,Eastbound,2025-11-18 13:03:54.994216,713.0,252.0,85.0,134.0
869,6,CAM001,223,2.0232878800047494,7120,True,613b4d1e-c528-4ef5-91ef-1fde52080565,Eastbound,2025-11-18 13:03:54.993219,483.0,247.0,121.0,133.0
868,3,CAM001,220,1.4479887621886072,7120,True,613b4d1e-c528-4ef5-91ef-1fde52080565,Eastbound,2025-11-18 13:03:54.989323,377.0,242.0,103.0,100.0
867,3,CAM002,275,2.0327141569734377,7050,True,ec790070-4835-4864-80a9-221ef0ed2582,Westbound,2025-11-18 13:03:54.622007,363.0,388.0,109.0,101.0
866,4,CAM002,240,2.011445269384496,7050,True,ec790070-4835-4864-80a9-221ef0ed2582,Westbound,2025-11-18 13:03:54.620007,562.0,355.0,90.0,151.0
865,7,CAM002,216,2.0336008963009964,7050,True,ec790070-4835-4864-80a9-221ef0ed2582,Westbound,2025-11-18 13:03:54.619007,253.0,366.0,132.0,174.0
864,5,CAM002,207,1.9809933669446753,7050,True,ec790070-4835-4864-80a9-221ef0ed2582,Westbound,2025-11-18 13:03:54.617009,661.0,312.0,245.0,225.0
863,2,CAM002,76,2.0395342326419135,7050,True,ec790070-4835-4864-80a9-221ef0ed2582,Westbound,2025-11-18 13:03:54.613605,398.0,349.0,226.0,191.0
862,8,CAM001,275,2.021566751927559,7115,True,613b4d1e-c528-4ef5-91ef-1fde52080565,Eastbound,2025-11-18 13:03:50.333593,276.0,208.0,136.0,139.0
861,9,CAM001,271,1.996334138596086,7115,True,613b4d1e-c528-4ef5-91ef-1fde52080565,Eastbound,2025-11-18 13:03:50.332592,606.0,245.0,73.0,115.0
860,1,CAM001,256,2.0406545584517475,7115,True,613b4d1e-c528-4ef5-91ef-1fde52080565,Eastbound,2025-11-18 13:03:50.330593,713.0,252.0,85.0,133.0
859,6,CAM001,223,2.034467520398794,7115,True,613b4d1e-c528-4ef5-91ef-1fde52080565,Eastbound,2025-11-18 13:03:50.327591,481.0,245.0,122.0,134.0
858,3,CAM002,275,2.033086109717395,7045,True,ec790070-4835-4864-80a9-221ef0ed2582,Westbound,2025-11-18 13:03:50.002109,364.0,388.0,108.0,100.0
857,4,CAM002,240,1.996529482980792,7045,True,ec790070-4835-4864-80a9-221ef0ed2582,Westbound,2025-11-18 13:03:50.000108,562.0,354.0,91.0,152.0
856,7,CAM002,216,1.9972903179756125,7045,True,ec790070-4835-4864-80a9-221ef0ed2582,Westbound,2025-11-18 13:03:49.998109,252.0,368.0,131.0,172.0
855,5,CAM002,207,1.9441744740325098,7045,True,ec790070-4835-4864-80a9-221ef0ed2582,Westbound,2025-11-18 13:03:49.995916,668.0,313.0,229.0,223.0
854,2,CAM002,76,2.0343157511479766,7045,True,ec790070-4835-4864-80a9-221ef0ed2582,Westbound,2025-11-18 13:03:49.992917,398.0,348.0,226.0,192.0
853,8,CAM001,275,1.8308335419505704,7110,True,613b4d1e-c528-4ef5-91ef-1fde52080565,Eastbound,2025-11-18 13:03:45.930725,275.0,222.0,128.0,124.0
852,4,CAM001,271,1.5958911401524756,7110,True,613b4d1e-c528-4ef5-91ef-1fde52080565,Eastbound,2025-11-18 13:03:45.928724,607.0,245.0,72.0,114.0
851,1,CAM001,256,2.024138128969799,7110,True,613b4d1e-c528-4ef5-91ef-1fde52080565,Eastbound,2025-11-18 13:03:45.926725,713.0,251.0,85.0,132.0
850,6,CAM001,223,2.0266157053576297,7110,True,613b4d1e-c528-4ef5-91ef-1fde52080565,Eastbound,2025-11-18 13:03:45.924215,481.0,246.0,122.0,132.0
849,9,CAM001,220,2.0368303315913576,7110,True,613b4d1e-c528-4ef5-91ef-1fde52080565,Eastbound,2025-11-18 13:03:45.922232,375.0,242.0,104.0,100.0
848,3,CAM002,275,2.016367794231345,7040,True,ec790070-4835-4864-80a9-221ef0ed2582,Westbound,2025-11-18 13:03:45.467690,363.0,388.0,108.0,100.0
847,4,CAM002,240,1.6368532373951372,7040,True,ec790070-4835-4864-80a9-221ef0ed2582,Westbound,2025-11-18 13:03:45.464619,562.0,354.0,91.0,152.0
846,7,CAM002,216,1.969784288151351,7040,True,ec790070-4835-4864-80a9-221ef0ed2582,Westbound,2025-11-18 13:03:45.461619,252.0,368.0,131.0,172.0
845,5,CAM002,207,2.000897287042804,7040,True,ec790070-4835-4864-80a9-221ef0ed2582,Westbound,2025-11-18 13:03:45.459621,649.0,315.0,224.0,220.0
844,2,CAM002,76,2.041272660340358,7040,True,ec790070-4835-4864-80a9-221ef0ed2582,Westbound,2025-11-18 13:03:45.456618,397.0,347.0,228.0,193.0
843,8,CAM001,275,1.856009024074706,7105,True,613b4d1e-c528-4ef5-91ef-1fde52080565,Eastbound,2025-11-18 13:03:41.446266,279.0,247.0,101.0,97.0
842,4,CAM001,271,1.5748809977971059,7105,True,613b4d1e-c528-4ef5-91ef-1fde52080565,Eastbound,2025-11-18 13:03:41.443758,606.0,244.0,73.0,116.0
841,1,CAM001,256,2.0310086147839588,7105,True,613b4d1e-c528-4ef5-91ef-1fde52080565,Eastbound,2025-11-18 13:03:41.441759,714.0,250.0,83.0,132.0
840,6,CAM001,223,2.0354666166557034,7105,True,613b4d1e-c528-4ef5-91ef-1fde52080565,Eastbound,2025-11-18 13:03:41.439758,480.0,247.0,121.0,130.0
839,9,CAM001,220,1.9987991318427092,7105,True,613b4d1e-c528-4ef5-91ef-1fde52080565,Eastbound,2025-11-18 13:03:41.436757,376.0,244.0,102.0,98.0
838,3,CAM002,275,2.018506348337156,7035,True,ec790070-4835-4864-80a9-221ef0ed2582,Westbound,2025-11-18 13:03:41.042682,362.0,388.0,110.0,100.0
837,4,CAM002,240,1.6405745375290623,7035,True,ec790070-4835-4864-80a9-221ef0ed2582,Westbound,2025-11-18 13:03:41.041680,561.0,354.0,92.0,151.0
836,7,CAM002,216,2.038365816903764,7035,True,ec790070-4835-4864-80a9-221ef0ed2582,Westbound,2025-11-18 13:03:41.040681,253.0,365.0,132.0,175.0
835,5,CAM002,207,1.9595534498318214,7035,True,ec790070-4835-4864-80a9-221ef0ed2582,Westbound,2025-11-18 13:03:41.038683,652.0,318.0,230.0,217.0
834,2,CAM002,76,2.0406895727113845,7035,True,ec790070-4835-4864-80a9-221ef0ed2582,Westbound,2025-11-18 13:03:41.035672,397.0,347.0,228.0,193.0
833,8,CAM001,275,2.0097305817152664,7100,True,613b4d1e-c528-4ef5-91ef-1fde52080565,Eastbound,2025-11-18 13:03:37.239421,277.0,249.0,101.0,96.0
832,4,CAM001,271,1.5815668796339908,7100,True,613b4d1e-c528-4ef5-91ef-1fde52080565,Eastbound,2025-11-18 13:03:37.237422,606.0,243.0,73.0,117.0
831,1,CAM001,256,2.040271516516053,7100,True,613b4d1e-c528-4ef5-91ef-1fde52080565,Eastbound,2025-11-18 13:03:37.236421,715.0,251.0,83.0,131.0
830,6,CAM001,223,2.025998282749931,7100,True,613b4d1e-c528-4ef5-91ef-1fde52080565,Eastbound,2025-11-18 13:03:37.233912,481.0,247.0,120.0,130.0
829,9,CAM001,220,2.030485759810403,7100,True,613b4d1e-c528-4ef5-91ef-1fde52080565,Eastbound,2025-11-18 13:03:37.231912,377.0,245.0,100.0,98.0
828,3,CAM002,275,2.0375644745398858,7030,True,ec790070-4835-4864-80a9-221ef0ed2582,Westbound,2025-11-18 13:03:36.835319,362.0,388.0,109.0,99.0
827,4,CAM002,240,1.6333174368205408,7030,True,ec790070-4835-4864-80a9-221ef0ed2582,Westbound,2025-11-18 13:03:36.833815,561.0,353.0,92.0,151.0
826,7,CAM002,216,2.0140615652147753,7030,True,ec790070-4835-4864-80a9-221ef0ed2582,Westbound,2025-11-18 13:03:36.832814,253.0,365.0,132.0,175.0
825,5,CAM002,207,1.937290168842054,7030,True,ec790070-4835-4864-80a9-221ef0ed2582,Westbound,2025-11-18 13:03:36.831814,664.0,318.0,223.0,218.0
824,2,CAM002,76,2.0385587788253208,7030,True,ec790070-4835-4864-80a9-221ef0ed2582,Westbound,2025-11-18 13:03:36.828816,397.0,347.0,228.0,193.0
823,8,CAM001,275,1.9991447032390441,7095,True,613b4d1e-c528-4ef5-91ef-1fde52080565,Eastbound,2025-11-18 13:03:32.891214,280.0,245.0,104.0,99.0
822,4,CAM001,271,1.6437182514320787,7095,True,613b4d1e-c528-4ef5-91ef-1fde52080565,Eastbound,2025-11-18 13:03:32.889214,607.0,244.0,72.0,116.0
821,1,CAM001,256,2.010383959847703,7095,True,613b4d1e-c528-4ef5-91ef-1fde52080565,Eastbound,2025-11-18 13:03:32.887214,715.0,252.0,83.0,132.0
820,6,CAM001,223,2.018223602750387,7095,True,613b4d1e-c528-4ef5-91ef-1fde52080565,Eastbound,2025-11-18 13:03:32.885203,482.0,246.0,119.0,132.0
819,9,CAM001,220,1.9977391368995867,7095,True,613b4d1e-c528-4ef5-91ef-1fde52080565,Eastbound,2025-11-18 13:03:32.882717,381.0,244.0,99.0,99.0
818,3,CAM002,275,2.0305704182575326,7025,True,ec790070-4835-4864-80a9-221ef0ed2582,Westbound,2025-11-18 13:03:32.494155,363.0,388.0,106.0,98.0
817,4,CAM002,240,1.6394651675091965,7025,True,ec790070-4835-4864-80a9-221ef0ed2582,Westbound,2025-11-18 13:03:32.491155,560.0,352.0,92.0,153.0
816,7,CAM002,216,2.0402106372059055,7025,True,ec790070-4835-4864-80a9-221ef0ed2582,Westbound,2025-11-18 13:03:32.490156,253.0,365.0,132.0,175.0
815,5,CAM002,207,2.017871420056134,7025,True,ec790070-4835-4864-80a9-221ef0ed2582,Westbound,2025-11-18 13:03:32.487155,649.0,318.0,226.0,217.0
814,2,CAM002,76,2.0373751445543773,7025,True,ec790070-4835-4864-80a9-221ef0ed2582,Westbound,2025-11-18 13:03:32.482752,396.0,348.0,229.0,192.0
813,8,CAM001,275,1.9591454670414643,7090,True,613b4d1e-c528-4ef5-91ef-1fde52080565,Eastbound,2025-11-18 13:03:28.009356,283.0,245.0,103.0,98.0
812,4,CAM001,271,1.6105195507289425,7090,True,613b4d1e-c528-4ef5-91ef-1fde52080565,Eastbound,2025-11-18 13:03:28.008354,608.0,245.0,71.0,116.0
811,1,CAM001,256,1.4360600174305163,7090,True,613b4d1e-c528-4ef5-91ef-1fde52080565,Eastbound,2025-11-18 13:03:28.006354,712.0,252.0,87.0,136.0
810,6,CAM001,223,2.0312933885385345,7090,True,613b4d1e-c528-4ef5-91ef-1fde52080565,Eastbound,2025-11-18 13:03:28.004787,483.0,244.0,120.0,134.0
809,9,CAM001,220,2.0360420005599242,7090,True,613b4d1e-c528-4ef5-91ef-1fde52080565,Eastbound,2025-11-18 13:03:28.000786,384.0,242.0,101.0,100.0
808,1,CAM002,279,1.5849725461224549,7020,True,ec790070-4835-4864-80a9-221ef0ed2582,Westbound,2025-11-18 13:03:27.620309,801.0,284.0,147.0,251.0
807,3,CAM002,275,1.9958913860108383,7020,True,ec790070-4835-4864-80a9-221ef0ed2582,Westbound,2025-11-18 13:03:27.618309,364.0,388.0,105.0,97.0
806,4,CAM002,240,1.687440224320272,7020,True,ec790070-4835-4864-80a9-221ef0ed2582,Westbound,2025-11-18 13:03:27.616310,559.0,352.0,92.0,154.0
805,7,CAM002,216,2.016677312830095,7020,True,ec790070-4835-4864-80a9-221ef0ed2582,Westbound,2025-11-18 13:03:27.612799,253.0,367.0,131.0,173.0
804,5,CAM002,207,1.987979821850716,7020,True,ec790070-4835-4864-80a9-221ef0ed2582,Westbound,2025-11-18 13:03:27.611798,648.0,321.0,230.0,214.0
803,2,CAM002,76,2.0081738429024405,7020,True,ec790070-4835-4864-80a9-221ef0ed2582,Westbound,2025-11-18 13:03:27.607798,397.0,349.0,228.0,191.0
802,8,CAM001,284,2.0063373999669194,7085,True,613b4d1e-c528-4ef5-91ef-1fde52080565,Eastbound,2025-11-18 13:03:22.905935,362.0,243.0,42.0,64.0
801,3,CAM001,275,1.6069317746617522,7085,True,613b4d1e-c528-4ef5-91ef-1fde52080565,Eastbound,2025-11-18 13:03:22.904909,282.0,246.0,100.0,96.0
800,4,CAM001,271,1.7067463550085484,7085,True,613b4d1e-c528-4ef5-91ef-1fde52080565,Eastbound,2025-11-18 13:03:22.903210,607.0,244.0,72.0,117.0
799,5,CAM001,256,1.6356254451929335,7085,True,613b4d1e-c528-4ef5-91ef-1fde52080565,Eastbound,2025-11-18 13:03:22.901177,710.0,251.0,91.0,138.0
798,6,CAM001,223,2.024448659799535,7085,True,613b4d1e-c528-4ef5-91ef-1fde52080565,Eastbound,2025-11-18 13:03:22.899154,482.0,246.0,120.0,133.0
797,9,CAM001,220,2.0224885728711954,7085,True,613b4d1e-c528-4ef5-91ef-1fde52080565,Eastbound,2025-11-18 13:03:22.896225,382.0,243.0,102.0,100.0
796,1,CAM002,279,1.9759415903312103,7015,True,ec790070-4835-4864-80a9-221ef0ed2582,Westbound,2025-11-18 13:03:22.249610,801.0,290.0,151.0,245.0
795,3,CAM002,275,1.5646844050191844,7015,True,ec790070-4835-4864-80a9-221ef0ed2582,Westbound,2025-11-18 13:03:22.247610,365.0,388.0,104.0,97.0
794,4,CAM002,240,1.5093665360266832,7015,True,ec790070-4835-4864-80a9-221ef0ed2582,Westbound,2025-11-18 13:03:22.245609,559.0,353.0,91.0,154.0
793,7,CAM002,216,2.0108669348438206,7015,True,ec790070-4835-4864-80a9-221ef0ed2582,Westbound,2025-11-18 13:03:22.244604,253.0,371.0,128.0,169.0
792,5,CAM002,207,1.3261411366777616,7015,True,ec790070-4835-4864-80a9-221ef0ed2582,Westbound,2025-11-18 13:03:22.241100,633.0,321.0,254.0,214.0
791,2,CAM002,76,2.037353834429858,7015,True,ec790070-4835-4864-80a9-221ef0ed2582,Westbound,2025-11-18 13:03:22.238098,398.0,349.0,229.0,191.0
790,3,CAM001,275,1.5437265240508522,7080,True,613b4d1e-c528-4ef5-91ef-1fde52080565,Eastbound,2025-11-18 13:03:17.680942,282.0,242.0,106.0,101.0
789,4,CAM001,271,2.0094735158505745,7080,True,613b4d1e-c528-4ef5-91ef-1fde52080565,Eastbound,2025-11-18 13:03:17.676990,607.0,243.0,72.0,118.0
788,5,CAM001,256,1.9717589799910458,7080,True,613b4d1e-c528-4ef5-91ef-1fde52080565,Eastbound,2025-11-18 13:03:17.674879,712.0,253.0,88.0,128.0
787,6,CAM001,223,2.02134489650777,7080,True,613b4d1e-c528-4ef5-91ef-1fde52080565,Eastbound,2025-11-18 13:03:17.673264,483.0,246.0,119.0,133.0
786,9,CAM001,220,1.990187902941953,7080,True,613b4d1e-c528-4ef5-91ef-1fde52080565,Eastbound,2025-11-18 13:03:17.669315,380.0,244.0,100.0,99.0
785,3,CAM002,275,1.5364132642998334,7010,True,ec790070-4835-4864-80a9-221ef0ed2582,Westbound,2025-11-18 13:03:17.067749,365.0,388.0,103.0,97.0
784,8,CAM002,216,2.0331508332899317,7010,True,ec790070-4835-4864-80a9-221ef0ed2582,Westbound,2025-11-18 13:03:17.063314,253.0,371.0,128.0,169.0
783,2,CAM002,76,2.01292146147925,7010,True,ec790070-4835-4864-80a9-221ef0ed2582,Westbound,2025-11-18 13:03:17.059317,399.0,349.0,230.0,191.0
782,3,CAM001,275,1.5625046228459198,7075,True,613b4d1e-c528-4ef5-91ef-1fde52080565,Eastbound,2025-11-18 13:03:12.941468,284.0,236.0,111.0,108.0
781,4,CAM001,271,1.998327626953281,7075,True,613b4d1e-c528-4ef5-91ef-1fde52080565,Eastbound,2025-11-18 13:03:12.938469,608.0,243.0,71.0,116.0
780,5,CAM001,256,1.2243024217431953,7075,True,613b4d1e-c528-4ef5-91ef-1fde52080565,Eastbound,2025-11-18 13:03:12.935460,716.0,255.0,82.0,120.0
779,6,CAM001,223,2.034157324936238,7075,True,613b4d1e-c528-4ef5-91ef-1fde52080565,Eastbound,2025-11-18 13:03:12.930945,483.0,244.0,121.0,134.0
778,9,CAM001,220,2.024062144360714,7075,True,613b4d1e-c528-4ef5-91ef-1fde52080565,Eastbound,2025-11-18 13:03:12.926943,384.0,244.0,99.0,100.0
777,3,CAM002,275,1.9973642828676634,7005,True,ec790070-4835-4864-80a9-221ef0ed2582,Westbound,2025-11-18 13:03:12.427070,365.0,388.0,104.0,97.0
776,7,CAM002,240,2.0041702775962724,7005,True,ec790070-4835-4864-80a9-221ef0ed2582,Westbound,2025-11-18 13:03:12.424936,558.0,353.0,93.0,154.0
775,8,CAM002,216,2.0326976171631363,7005,True,ec790070-4835-4864-80a9-221ef0ed2582,Westbound,2025-11-18 13:03:12.421192,254.0,371.0,127.0,169.0
774,1,CAM002,207,1.5546587774376157,7005,True,ec790070-4835-4864-80a9-221ef0ed2582,Westbound,2025-11-18 13:03:12.419155,658.0,305.0,286.0,230.0
773,2,CAM002,76,2.034689117764312,7005,True,ec790070-4835-4864-80a9-221ef0ed2582,Westbound,2025-11-18 13:03:12.414201,399.0,349.0,229.0,191.0
772,3,CAM001,275,1.6187208106974031,7070,True,613b4d1e-c528-4ef5-91ef-1fde52080565,Eastbound,2025-11-18 13:03:07.900040,282.0,246.0,100.0,98.0
771,4,CAM001,271,2.006712110730633,7070,True,613b4d1e-c528-4ef5-91ef-1fde52080565,Eastbound,2025-11-18 13:03:07.899041,609.0,242.0,69.0,115.0
770,1,CAM001,256,1.4729337943642506,7070,True,613b4d1e-c528-4ef5-91ef-1fde52080565,Eastbound,2025-11-18 13:03:07.896041,713.0,253.0,86.0,124.0
769,6,CAM001,223,2.026573243220711,7070,True,613b4d1e-c528-4ef5-91ef-1fde52080565,Eastbound,2025-11-18 13:03:07.894036,483.0,245.0,120.0,133.0
768,9,CAM001,220,1.991875738356958,7070,True,613b4d1e-c528-4ef5-91ef-1fde52080565,Eastbound,2025-11-18 13:03:07.891531,383.0,245.0,98.0,99.0
767,3,CAM002,275,1.6459176678321215,7000,True,ec790070-4835-4864-80a9-221ef0ed2582,Westbound,2025-11-18 13:03:07.385125,366.0,388.0,103.0,97.0
766,7,CAM002,240,1.993193216010114,7000,True,ec790070-4835-4864-80a9-221ef0ed2582,Westbound,2025-11-18 13:03:07.382617,558.0,353.0,92.0,155.0
765,8,CAM002,216,2.027692029296705,7000,True,ec790070-4835-4864-80a9-221ef0ed2582,Westbound,2025-11-18 13:03:07.381616,254.0,371.0,126.0,169.0
764,1,CAM002,207,1.525303619635652,7000,True,ec790070-4835-4864-80a9-221ef0ed2582,Westbound,2025-11-18 13:03:07.379616,658.0,302.0,287.0,234.0
763,2,CAM002,76,2.0366616653680656,7000,True,ec790070-4835-4864-80a9-221ef0ed2582,Westbound,2025-11-18 13:03:07.374159,399.0,349.0,228.0,191.0
762,8,CAM001,284,1.2781721502178005,7065,True,613b4d1e-c528-4ef5-91ef-1fde52080565,Eastbound,2025-11-18 13:03:02.697045,363.0,233.0,38.0,81.0
761,3,CAM001,275,1.394566632872671,7065,True,613b4d1e-c528-4ef5-91ef-1fde52080565,Eastbound,2025-11-18 13:03:02.695041,282.0,246.0,100.0,97.0
760,4,CAM001,271,1.9975045397765947,7065,True,613b4d1e-c528-4ef5-91ef-1fde52080565,Eastbound,2025-11-18 13:03:02.692778,607.0,240.0,72.0,119.0
759,1,CAM001,256,1.284149973228565,7065,True,613b4d1e-c528-4ef5-91ef-1fde52080565,Eastbound,2025-11-18 13:03:02.690778,721.0,253.0,72.0,112.0
758,6,CAM001,223,2.023562196238724,7065,True,613b4d1e-c528-4ef5-91ef-1fde52080565,Eastbound,2025-11-18 13:03:02.687779,482.0,245.0,121.0,133.0
757,9,CAM001,220,2.019682335425412,7065,True,613b4d1e-c528-4ef5-91ef-1fde52080565,Eastbound,2025-11-18 13:03:02.684776,383.0,242.0,96.0,101.0
756,3,CAM002,275,2.0197694330319873,6995,True,ec790070-4835-4864-80a9-221ef0ed2582,Westbound,2025-11-18 13:03:02.249757,365.0,388.0,104.0,98.0
755,7,CAM002,240,2.008621560018517,6995,True,ec790070-4835-4864-80a9-221ef0ed2582,Westbound,2025-11-18 13:03:02.247756,557.0,353.0,94.0,155.0
754,8,CAM002,216,1.6583821423420808,6995,True,ec790070-4835-4864-80a9-221ef0ed2582,Westbound,2025-11-18 13:03:02.244758,254.0,370.0,124.0,169.0
753,1,CAM002,207,2.001580424661909,6995,True,ec790070-4835-4864-80a9-221ef0ed2582,Westbound,2025-11-18 13:03:02.243752,656.0,300.0,287.0,237.0
752,2,CAM002,76,2.0334768601398436,6995,True,ec790070-4835-4864-80a9-221ef0ed2582,Westbound,2025-11-18 13:03:02.242225,398.0,349.0,228.0,191.0
751,8,CAM001,284,1.5043757471646297,7060,True,613b4d1e-c528-4ef5-91ef-1fde52080565,Eastbound,2025-11-18 13:02:58.236920,354.0,215.0,54.0,122.0
750,4,CAM001,271,2.0143215589545065,7060,True,613b4d1e-c528-4ef5-91ef-1fde52080565,Eastbound,2025-11-18 13:02:58.232397,609.0,243.0,71.0,117.0
749,6,CAM001,223,2.033818579056951,7060,True,613b4d1e-c528-4ef5-91ef-1fde52080565,Eastbound,2025-11-18 13:02:58.227398,482.0,243.0,122.0,135.0
748,9,CAM001,220,2.0323069341826527,7060,True,613b4d1e-c528-4ef5-91ef-1fde52080565,Eastbound,2025-11-18 13:02:58.222923,385.0,241.0,98.0,102.0
747,3,CAM002,275,1.9998098963106652,6990,True,ec790070-4835-4864-80a9-221ef0ed2582,Westbound,2025-11-18 13:02:57.912803,364.0,388.0,105.0,99.0
746,7,CAM002,240,1.6439666934966881,6990,True,ec790070-4835-4864-80a9-221ef0ed2582,Westbound,2025-11-18 13:02:57.908802,558.0,351.0,95.0,156.0
745,8,CAM002,216,1.4986232979554959,6990,True,ec790070-4835-4864-80a9-221ef0ed2582,Westbound,2025-11-18 13:02:57.906813,252.0,370.0,123.0,166.0
744,1,CAM002,207,1.917887341066443,6990,True,ec790070-4835-4864-80a9-221ef0ed2582,Westbound,2025-11-18 13:02:57.904802,656.0,305.0,282.0,232.0
743,2,CAM002,76,2.0365129831165474,6990,True,ec790070-4835-4864-80a9-221ef0ed2582,Westbound,2025-11-18 13:02:57.902288,398.0,348.0,228.0,192.0
742,3,CAM001,275,1.5152225400402657,7055,True,613b4d1e-c528-4ef5-91ef-1fde52080565,Eastbound,2025-11-18 13:02:54.439598,282.0,246.0,99.0,96.0
741,4,CAM001,271,2.010117026181958,7055,True,613b4d1e-c528-4ef5-91ef-1fde52080565,Eastbound,2025-11-18 13:02:54.438597,608.0,241.0,72.0,118.0
740,7,CAM001,256,2.032733367131818,7055,True,613b4d1e-c528-4ef5-91ef-1fde52080565,Eastbound,2025-11-18 13:02:54.437092,714.0,251.0,80.0,128.0
739,6,CAM001,223,2.028534771464697,7055,True,613b4d1e-c528-4ef5-91ef-1fde52080565,Eastbound,2025-11-18 13:02:54.435097,482.0,245.0,122.0,134.0
738,9,CAM001,220,2.0208837442882808,7055,True,613b4d1e-c528-4ef5-91ef-1fde52080565,Eastbound,2025-11-18 13:02:54.431486,380.0,241.0,102.0,102.0
737,3,CAM002,275,1.4993486523994293,6985,True,ec790070-4835-4864-80a9-221ef0ed2582,Westbound,2025-11-18 13:02:54.052489,364.0,388.0,105.0,99.0
736,8,CAM002,216,2.0088685519319474,6985,True,ec790070-4835-4864-80a9-221ef0ed2582,Westbound,2025-11-18 13:02:54.048490,253.0,370.0,122.0,165.0
735,2,CAM002,76,2.042440221409544,6985,True,ec790070-4835-4864-80a9-221ef0ed2582,Westbound,2025-11-18 13:02:54.046505,399.0,347.0,228.0,193.0
734,3,CAM001,275,1.557783494443844,7050,True,613b4d1e-c528-4ef5-91ef-1fde52080565,Eastbound,2025-11-18 13:02:50.366434,281.0,242.0,105.0,102.0
733,4,CAM001,271,1.6671994029400419,7050,True,613b4d1e-c528-4ef5-91ef-1fde52080565,Eastbound,2025-11-18 13:02:50.364434,606.0,242.0,74.0,119.0
732,7,CAM001,256,1.9546947115286193,7050,True,613b4d1e-c528-4ef5-91ef-1fde52080565,Eastbound,2025-11-18 13:02:50.363282,713.0,249.0,81.0,136.0
731,6,CAM001,223,2.018253290548625,7050,True,613b4d1e-c528-4ef5-91ef-1fde52080565,Eastbound,2025-11-18 13:02:50.361283,482.0,246.0,121.0,134.0
730,9,CAM001,220,1.986453221889706,7050,True,613b4d1e-c528-4ef5-91ef-1fde52080565,Eastbound,2025-11-18 13:02:50.358299,379.0,241.0,101.0,101.0
729,3,CAM002,275,1.672368380950236,6980,True,ec790070-4835-4864-80a9-221ef0ed2582,Westbound,2025-11-18 13:02:49.787720,363.0,388.0,106.0,100.0
728,4,CAM002,240,1.7167877180346012,6980,True,ec790070-4835-4864-80a9-221ef0ed2582,Westbound,2025-11-18 13:02:49.783696,558.0,351.0,94.0,156.0
727,8,CAM002,216,2.016154965879284,6980,True,ec790070-4835-4864-80a9-221ef0ed2582,Westbound,2025-11-18 13:02:49.779182,253.0,369.0,122.0,167.0
726,1,CAM002,207,1.996413980381807,6980,True,ec790070-4835-4864-80a9-221ef0ed2582,Westbound,2025-11-18 13:02:49.777182,672.0,310.0,277.0,227.0
725,2,CAM002,76,2.033890944591046,6980,True,ec790070-4835-4864-80a9-221ef0ed2582,Westbound,2025-11-18 13:02:49.775177,399.0,348.0,227.0,192.0
724,3,CAM001,275,1.590663912094702,7045,True,613b4d1e-c528-4ef5-91ef-1fde52080565,Eastbound,2025-11-18 13:02:45.255406,281.0,237.0,112.0,109.0
723,4,CAM001,271,1.637206886070493,7045,True,613b4d1e-c528-4ef5-91ef-1fde52080565,Eastbound,2025-11-18 13:02:45.254405,607.0,243.0,72.0,118.0
722,7,CAM001,256,1.9677816872630742,7045,True,613b4d1e-c528-4ef5-91ef-1fde52080565,Eastbound,2025-11-18 13:02:45.252112,709.0,248.0,86.0,145.0
721,6,CAM001,223,2.0035673296551173,7045,True,613b4d1e-c528-4ef5-91ef-1fde52080565,Eastbound,2025-11-18 13:02:45.249112,482.0,244.0,121.0,135.0
720,9,CAM001,220,2.0335515766572505,7045,True,613b4d1e-c528-4ef5-91ef-1fde52080565,Eastbound,2025-11-18 13:02:45.244111,383.0,242.0,101.0,100.0
719,3,CAM002,275,1.7007156861895791,6975,True,ec790070-4835-4864-80a9-221ef0ed2582,Westbound,2025-11-18 13:02:44.801165,363.0,388.0,106.0,101.0
718,4,CAM002,240,1.703331932069269,6975,True,ec790070-4835-4864-80a9-221ef0ed2582,Westbound,2025-11-18 13:02:44.799166,558.0,352.0,94.0,155.0
717,8,CAM002,216,1.9933204659435044,6975,True,ec790070-4835-4864-80a9-221ef0ed2582,Westbound,2025-11-18 13:02:44.797165,253.0,369.0,122.0,168.0
716,1,CAM002,207,1.9693907656806933,6975,True,ec790070-4835-4864-80a9-221ef0ed2582,Westbound,2025-11-18 13:02:44.795166,671.0,312.0,261.0,224.0
715,2,CAM002,76,2.036079666025316,6975,True,ec790070-4835-4864-80a9-221ef0ed2582,Westbound,2025-11-18 13:02:44.792068,399.0,349.0,226.0,191.0
714,3,CAM001,275,1.5820368693639495,7040,True,613b4d1e-c528-4ef5-91ef-1fde52080565,Eastbound,2025-11-18 13:02:40.291178,282.0,238.0,110.0,107.0
713,4,CAM001,271,1.6284942286725814,7040,True,613b4d1e-c528-4ef5-91ef-1fde52080565,Eastbound,2025-11-18 13:02:40.289177,607.0,244.0,72.0,117.0
712,7,CAM001,256,2.0221618178574334,7040,True,613b4d1e-c528-4ef5-91ef-1fde52080565,Eastbound,2025-11-18 13:02:40.287177,710.0,249.0,87.0,143.0
711,6,CAM001,223,2.0144743348435488,7040,True,613b4d1e-c528-4ef5-91ef-1fde52080565,Eastbound,2025-11-18 13:02:40.285173,482.0,245.0,121.0,133.0
710,9,CAM001,220,2.006063279532377,7040,True,613b4d1e-c528-4ef5-91ef-1fde52080565,Eastbound,2025-11-18 13:02:40.281664,383.0,242.0,101.0,100.0
709,3,CAM002,275,1.6435961643502182,6970,True,ec790070-4835-4864-80a9-221ef0ed2582,Westbound,2025-11-18 13:02:39.885506,363.0,388.0,106.0,101.0
708,4,CAM002,240,1.6375132633774685,6970,True,ec790070-4835-4864-80a9-221ef0ed2582,Westbound,2025-11-18 13:02:39.883500,558.0,354.0,94.0,152.0
707,8,CAM002,216,2.0281409344876176,6970,True,ec790070-4835-4864-80a9-221ef0ed2582,Westbound,2025-11-18 13:02:39.880789,253.0,369.0,122.0,168.0
706,1,CAM002,207,1.9808246475523241,6970,True,ec790070-4835-4864-80a9-221ef0ed2582,Westbound,2025-11-18 13:02:39.878743,656.0,318.0,242.0,217.0
705,2,CAM002,76,1.7078571957941768,6970,True,ec790070-4835-4864-80a9-221ef0ed2582,Westbound,2025-11-18 13:02:39.874813,399.0,348.0,227.0,192.0
704,2,CAM001,282,2.003733508623348,7035,True,613b4d1e-c528-4ef5-91ef-1fde52080565,Eastbound,2025-11-18 13:02:35.490812,768.0,273.0,78.0,152.0
703,3,CAM001,275,1.4909774681097376,7035,True,613b4d1e-c528-4ef5-91ef-1fde52080565,Eastbound,2025-11-18 13:02:35.489811,284.0,238.0,106.0,106.0
702,4,CAM001,271,1.5960748581468753,7035,True,613b4d1e-c528-4ef5-91ef-1fde52080565,Eastbound,2025-11-18 13:02:35.488812,608.0,245.0,71.0,115.0
701,7,CAM001,256,2.0204418180223733,7035,True,613b4d1e-c528-4ef5-91ef-1fde52080565,Eastbound,2025-11-18 13:02:35.486812,710.0,249.0,88.0,140.0
700,6,CAM001,223,1.6068185420202452,7035,True,613b4d1e-c528-4ef5-91ef-1fde52080565,Eastbound,2025-11-18 13:02:35.484807,483.0,245.0,119.0,134.0
699,9,CAM001,220,2.0026482992976353,7035,True,613b4d1e-c528-4ef5-91ef-1fde52080565,Eastbound,2025-11-18 13:02:35.481758,381.0,242.0,103.0,99.0
698,3,CAM002,275,2.0221501693285626,6965,True,ec790070-4835-4864-80a9-221ef0ed2582,Westbound,2025-11-18 13:02:35.034613,363.0,388.0,106.0,101.0
697,4,CAM002,240,1.6257074188430811,6965,True,ec790070-4835-4864-80a9-221ef0ed2582,Westbound,2025-11-18 13:02:35.032104,559.0,354.0,92.0,152.0
696,8,CAM002,216,2.0294980030375087,6965,True,ec790070-4835-4864-80a9-221ef0ed2582,Westbound,2025-11-18 13:02:35.030103,252.0,369.0,122.0,168.0
695,1,CAM002,207,1.9480687208940157,6965,True,ec790070-4835-4864-80a9-221ef0ed2582,Westbound,2025-11-18 13:02:35.029102,641.0,319.0,255.0,216.0
694,6,CAM002,76,1.6750624262353178,6965,True,ec790070-4835-4864-80a9-221ef0ed2582,Westbound,2025-11-18 13:02:35.025125,399.0,348.0,227.0,192.0
693,1,CAM001,282,1.612386018981147,7030,True,613b4d1e-c528-4ef5-91ef-1fde52080565,Eastbound,2025-11-18 13:02:30.935947,769.0,269.0,76.0,157.0
692,3,CAM001,275,1.489174552432259,7030,True,613b4d1e-c528-4ef5-91ef-1fde52080565,Eastbound,2025-11-18 13:02:30.934948,280.0,249.0,92.0,93.0
691,4,CAM001,271,1.5949486572258627,7030,True,613b4d1e-c528-4ef5-91ef-1fde52080565,Eastbound,2025-11-18 13:02:30.932919,609.0,244.0,70.0,115.0
690,7,CAM001,256,2.0126709526987376,7030,True,613b4d1e-c528-4ef5-91ef-1fde52080565,Eastbound,2025-11-18 13:02:30.931244,711.0,250.0,90.0,141.0
689,6,CAM001,223,2.019767745434205,7030,True,613b4d1e-c528-4ef5-91ef-1fde52080565,Eastbound,2025-11-18 13:02:30.929250,483.0,244.0,119.0,136.0
688,9,CAM001,220,2.0147149176135986,7030,True,613b4d1e-c528-4ef5-91ef-1fde52080565,Eastbound,2025-11-18 13:02:30.925243,378.0,243.0,106.0,99.0
687,3,CAM002,275,1.577963805480989,6960,True,ec790070-4835-4864-80a9-221ef0ed2582,Westbound,2025-11-18 13:02:30.467916,363.0,388.0,106.0,101.0
686,4,CAM002,240,1.6274891016220157,6960,True,ec790070-4835-4864-80a9-221ef0ed2582,Westbound,2025-11-18 13:02:30.464916,558.0,353.0,94.0,153.0
685,8,CAM002,216,2.0388490714082637,6960,True,ec790070-4835-4864-80a9-221ef0ed2582,Westbound,2025-11-18 13:02:30.462911,251.0,371.0,123.0,166.0
684,1,CAM002,207,2.0246863129394983,6960,True,ec790070-4835-4864-80a9-221ef0ed2582,Westbound,2025-11-18 13:02:30.461406,658.0,315.0,266.0,220.0
683,2,CAM002,76,2.0345541339172946,6960,True,ec790070-4835-4864-80a9-221ef0ed2582,Westbound,2025-11-18 13:02:30.458428,398.0,349.0,227.0,191.0
682,1,CAM001,282,1.9676520185681003,7025,True,613b4d1e-c528-4ef5-91ef-1fde52080565,Eastbound,2025-11-18 13:02:26.465570,763.0,244.0,88.0,185.0
681,3,CAM001,275,1.4042815197409024,7025,True,613b4d1e-c528-4ef5-91ef-1fde52080565,Eastbound,2025-11-18 13:02:26.464569,280.0,244.0,96.0,99.0
680,4,CAM001,271,1.5434386960833828,7025,True,613b4d1e-c528-4ef5-91ef-1fde52080565,Eastbound,2025-11-18 13:02:26.462620,608.0,244.0,71.0,117.0
679,7,CAM001,256,1.4765011053132135,7025,True,613b4d1e-c528-4ef5-91ef-1fde52080565,Eastbound,2025-11-18 13:02:26.461061,708.0,251.0,96.0,141.0
678,6,CAM001,223,2.0085227787220523,7025,True,613b4d1e-c528-4ef5-91ef-1fde52080565,Eastbound,2025-11-18 13:02:26.460061,483.0,243.0,120.0,136.0
677,9,CAM001,220,2.008156616090116,7025,True,613b4d1e-c528-4ef5-91ef-1fde52080565,Eastbound,2025-11-18 13:02:26.457061,376.0,245.0,106.0,99.0
676,3,CAM002,275,2.02501915803941,6955,True,ec790070-4835-4864-80a9-221ef0ed2582,Westbound,2025-11-18 13:02:26.037507,362.0,388.0,106.0,101.0
675,4,CAM002,240,1.6501955896108285,6955,True,ec790070-4835-4864-80a9-221ef0ed2582,Westbound,2025-11-18 13:02:26.036507,557.0,352.0,95.0,154.0
674,8,CAM002,216,2.034529558315863,6955,True,ec790070-4835-4864-80a9-221ef0ed2582,Westbound,2025-11-18 13:02:26.034405,251.0,371.0,123.0,166.0
673,7,CAM002,207,1.6897101599056201,6955,True,ec790070-4835-4864-80a9-221ef0ed2582,Westbound,2025-11-18 13:02:26.033399,660.0,315.0,264.0,220.0
672,2,CAM002,76,2.037918799670583,6955,True,ec790070-4835-4864-80a9-221ef0ed2582,Westbound,2025-11-18 13:02:26.029885,398.0,349.0,227.0,191.0
671,3,CAM001,275,1.6195544309002885,7020,True,613b4d1e-c528-4ef5-91ef-1fde52080565,Eastbound,2025-11-18 13:02:21.828484,277.0,215.0,125.0,130.0
670,4,CAM001,271,1.6594283321796537,7020,True,613b4d1e-c528-4ef5-91ef-1fde52080565,Eastbound,2025-11-18 13:02:21.826481,608.0,242.0,71.0,119.0
669,7,CAM001,256,2.0226563044322643,7020,True,613b4d1e-c528-4ef5-91ef-1fde52080565,Eastbound,2025-11-18 13:02:21.825486,715.0,254.0,84.0,121.0
668,6,CAM001,223,2.034273015812486,7020,True,613b4d1e-c528-4ef5-91ef-1fde52080565,Eastbound,2025-11-18 13:02:21.823451,483.0,243.0,120.0,135.0
667,9,CAM001,220,1.9927156745224237,7020,True,613b4d1e-c528-4ef5-91ef-1fde52080565,Eastbound,2025-11-18 13:02:21.820778,377.0,244.0,105.0,99.0
666,3,CAM002,275,1.6400291803612275,6950,True,ec790070-4835-4864-80a9-221ef0ed2582,Westbound,2025-11-18 13:02:21.327194,362.0,388.0,106.0,101.0
665,4,CAM002,240,1.6505163869442077,6950,True,ec790070-4835-4864-80a9-221ef0ed2582,Westbound,2025-11-18 13:02:21.325196,557.0,352.0,96.0,154.0
664,8,CAM002,216,2.0118172159562566,6950,True,ec790070-4835-4864-80a9-221ef0ed2582,Westbound,2025-11-18 13:02:21.324194,250.0,371.0,126.0,166.0
663,1,CAM002,207,2.0112783350662435,6950,True,ec790070-4835-4864-80a9-221ef0ed2582,Westbound,2025-11-18 13:02:21.322652,664.0,313.0,266.0,223.0
662,2,CAM002,76,2.03486707734311,6950,True,ec790070-4835-4864-80a9-221ef0ed2582,Westbound,2025-11-18 13:02:21.319669,399.0,349.0,227.0,191.0
661,3,CAM001,275,1.5851088531197075,7015,True,613b4d1e-c528-4ef5-91ef-1fde52080565,Eastbound,2025-11-18 13:02:16.813492,276.0,217.0,127.0,130.0
660,4,CAM001,271,1.6099998594162095,7015,True,613b4d1e-c528-4ef5-91ef-1fde52080565,Eastbound,2025-11-18 13:02:16.811457,608.0,241.0,71.0,118.0
659,7,CAM001,256,1.907311298816502,7015,True,613b4d1e-c528-4ef5-91ef-1fde52080565,Eastbound,2025-11-18 13:02:16.809456,703.0,252.0,93.0,132.0
658,6,CAM001,223,2.031721117354623,7015,True,613b4d1e-c528-4ef5-91ef-1fde52080565,Eastbound,2025-11-18 13:02:16.807456,484.0,243.0,120.0,135.0
657,9,CAM001,220,2.025860661150929,7015,True,613b4d1e-c528-4ef5-91ef-1fde52080565,Eastbound,2025-11-18 13:02:16.803455,380.0,243.0,103.0,100.0
656,3,CAM002,275,1.638166985184013,6945,True,ec790070-4835-4864-80a9-221ef0ed2582,Westbound,2025-11-18 13:02:16.410313,363.0,388.0,105.0,100.0
655,4,CAM002,240,1.6509158786886595,6945,True,ec790070-4835-4864-80a9-221ef0ed2582,Westbound,2025-11-18 13:02:16.407313,558.0,353.0,96.0,152.0
654,8,CAM002,216,2.024099623013589,6945,True,ec790070-4835-4864-80a9-221ef0ed2582,Westbound,2025-11-18 13:02:16.405314,252.0,371.0,128.0,167.0
653,1,CAM002,207,1.9345532247313646,6945,True,ec790070-4835-4864-80a9-221ef0ed2582,Westbound,2025-11-18 13:02:16.402304,665.0,316.0,244.0,219.0
652,2,CAM002,76,2.04043532783276,6945,True,ec790070-4835-4864-80a9-221ef0ed2582,Westbound,2025-11-18 13:02:16.399796,397.0,349.0,228.0,191.0
651,3,CAM001,275,1.4676708363589617,7010,True,613b4d1e-c528-4ef5-91ef-1fde52080565,Eastbound,2025-11-18 13:02:12.436611,274.0,219.0,131.0,130.0
650,4,CAM001,271,1.5366689991422549,7010,True,613b4d1e-c528-4ef5-91ef-1fde52080565,Eastbound,2025-11-18 13:02:12.435611,607.0,243.0,72.0,117.0
649,7,CAM001,256,1.9322177018541313,7010,True,613b4d1e-c528-4ef5-91ef-1fde52080565,Eastbound,2025-11-18 13:02:12.433101,699.0,249.0,92.0,143.0
648,6,CAM001,223,2.0251345972791963,7010,True,613b4d1e-c528-4ef5-91ef-1fde52080565,Eastbound,2025-11-18 13:02:12.431932,483.0,245.0,121.0,134.0
647,9,CAM001,220,2.020081709626005,7010,True,613b4d1e-c528-4ef5-91ef-1fde52080565,Eastbound,2025-11-18 13:02:12.429904,377.0,242.0,104.0,101.0
646,3,CAM002,275,2.0030688505269167,6940,True,ec790070-4835-4864-80a9-221ef0ed2582,Westbound,2025-11-18 13:02:12.019218,364.0,388.0,104.0,100.0
645,4,CAM002,240,1.6464726953550923,6940,True,ec790070-4835-4864-80a9-221ef0ed2582,Westbound,2025-11-18 13:02:12.017217,558.0,352.0,96.0,153.0
644,8,CAM002,216,2.0187062577092365,6940,True,ec790070-4835-4864-80a9-221ef0ed2582,Westbound,2025-11-18 13:02:12.015219,253.0,371.0,129.0,169.0
643,1,CAM002,207,2.030308798619007,6940,True,ec790070-4835-4864-80a9-221ef0ed2582,Westbound,2025-11-18 13:02:12.012212,633.0,323.0,244.0,211.0
642,2,CAM002,76,2.034930965679735,6940,True,ec790070-4835-4864-80a9-221ef0ed2582,Westbound,2025-11-18 13:02:12.008737,397.0,349.0,228.0,191.0
641,3,CAM001,275,1.5284996860065188,7005,True,613b4d1e-c528-4ef5-91ef-1fde52080565,Eastbound,2025-11-18 13:02:08.255153,279.0,230.0,120.0,117.0
640,4,CAM001,271,1.5752972271672117,7005,True,613b4d1e-c528-4ef5-91ef-1fde52080565,Eastbound,2025-11-18 13:02:08.253152,608.0,245.0,70.0,114.0
639,7,CAM001,256,1.9421706817394415,7005,True,613b4d1e-c528-4ef5-91ef-1fde52080565,Eastbound,2025-11-18 13:02:08.251005,717.0,250.0,83.0,133.0
638,6,CAM001,223,1.9968945230232207,7005,True,613b4d1e-c528-4ef5-91ef-1fde52080565,Eastbound,2025-11-18 13:02:08.248004,481.0,245.0,121.0,134.0
637,9,CAM001,220,2.0248666233058588,7005,True,613b4d1e-c528-4ef5-91ef-1fde52080565,Eastbound,2025-11-18 13:02:08.245024,377.0,244.0,102.0,99.0
636,3,CAM002,275,1.6495224160060011,6935,True,ec790070-4835-4864-80a9-221ef0ed2582,Westbound,2025-11-18 13:02:07.895744,364.0,388.0,104.0,100.0
635,4,CAM002,240,1.644890618901873,6935,True,ec790070-4835-4864-80a9-221ef0ed2582,Westbound,2025-11-18 13:02:07.893742,558.0,354.0,94.0,151.0
634,8,CAM002,216,2.0047825987284735,6935,True,ec790070-4835-4864-80a9-221ef0ed2582,Westbound,2025-11-18 13:02:07.891650,253.0,370.0,129.0,170.0
633,1,CAM002,207,1.9173272437651676,6935,True,ec790070-4835-4864-80a9-221ef0ed2582,Westbound,2025-11-18 13:02:07.889650,635.0,319.0,277.0,215.0
632,2,CAM002,76,2.035350343197078,6935,True,ec790070-4835-4864-80a9-221ef0ed2582,Westbound,2025-11-18 13:02:07.885649,398.0,349.0,229.0,191.0
631,3,CAM001,275,1.5670110509210484,7000,True,613b4d1e-c528-4ef5-91ef-1fde52080565,Eastbound,2025-11-18 13:02:03.996787,279.0,232.0,119.0,115.0
630,4,CAM001,271,1.5792240342543968,7000,True,613b4d1e-c528-4ef5-91ef-1fde52080565,Eastbound,2025-11-18 13:02:03.993782,609.0,244.0,69.0,116.0
629,7,CAM001,256,1.963270416672976,7000,True,613b4d1e-c528-4ef5-91ef-1fde52080565,Eastbound,2025-11-18 13:02:03.991576,717.0,248.0,84.0,134.0
628,6,CAM001,223,2.0060015815280767,7000,True,613b4d1e-c528-4ef5-91ef-1fde52080565,Eastbound,2025-11-18 13:02:03.989574,481.0,244.0,122.0,134.0
627,9,CAM001,220,2.020693172362545,7000,True,613b4d1e-c528-4ef5-91ef-1fde52080565,Eastbound,2025-11-18 13:02:03.986574,378.0,242.0,104.0,100.0
626,3,CAM002,275,1.6609548512715597,6930,True,ec790070-4835-4864-80a9-221ef0ed2582,Westbound,2025-11-18 13:02:03.598586,364.0,388.0,103.0,100.0
625,4,CAM002,240,1.6575177628346776,6930,True,ec790070-4835-4864-80a9-221ef0ed2582,Westbound,2025-11-18 13:02:03.596587,558.0,354.0,94.0,152.0
624,8,CAM002,216,2.0362674614247127,6930,True,ec790070-4835-4864-80a9-221ef0ed2582,Westbound,2025-11-18 13:02:03.594586,253.0,370.0,128.0,170.0
623,1,CAM002,207,2.0263207790713986,6930,True,ec790070-4835-4864-80a9-221ef0ed2582,Westbound,2025-11-18 13:02:03.593587,659.0,310.0,295.0,225.0
622,2,CAM002,76,2.0400024424242034,6930,True,ec790070-4835-4864-80a9-221ef0ed2582,Westbound,2025-11-18 13:02:03.590045,398.0,349.0,230.0,191.0
621,3,CAM001,275,1.5408094333617877,6995,True,613b4d1e-c528-4ef5-91ef-1fde52080565,Eastbound,2025-11-18 13:01:59.658747,281.0,236.0,115.0,111.0
620,4,CAM001,271,1.5787243389065744,6995,True,613b4d1e-c528-4ef5-91ef-1fde52080565,Eastbound,2025-11-18 13:01:59.657748,608.0,244.0,71.0,117.0
619,7,CAM001,256,1.965278966837098,6995,True,613b4d1e-c528-4ef5-91ef-1fde52080565,Eastbound,2025-11-18 13:01:59.655748,719.0,246.0,82.0,134.0
618,6,CAM001,223,2.0334609106617623,6995,True,613b4d1e-c528-4ef5-91ef-1fde52080565,Eastbound,2025-11-18 13:01:59.653748,482.0,244.0,121.0,134.0
617,9,CAM001,220,1.9940350138541207,6995,True,613b4d1e-c528-4ef5-91ef-1fde52080565,Eastbound,2025-11-18 13:01:59.651584,377.0,241.0,108.0,101.0
616,3,CAM002,275,1.6485498559735314,6925,True,ec790070-4835-4864-80a9-221ef0ed2582,Westbound,2025-11-18 13:01:59.291663,364.0,388.0,104.0,100.0
615,4,CAM002,240,1.646705595190869,6925,True,ec790070-4835-4864-80a9-221ef0ed2582,Westbound,2025-11-18 13:01:59.289663,558.0,354.0,95.0,153.0
614,8,CAM002,216,2.0183232636428734,6925,True,ec790070-4835-4864-80a9-221ef0ed2582,Westbound,2025-11-18 13:01:59.286665,254.0,371.0,127.0,169.0
613,1,CAM002,207,2.007013891953185,6925,True,ec790070-4835-4864-80a9-221ef0ed2582,Westbound,2025-11-18 13:01:59.285663,656.0,311.0,296.0,226.0
612,2,CAM002,76,2.04081998208668,6925,True,ec790070-4835-4864-80a9-221ef0ed2582,Westbound,2025-11-18 13:01:59.282664,398.0,349.0,230.0,191.0
611,3,CAM001,275,1.5344671651074406,6990,True,613b4d1e-c528-4ef5-91ef-1fde52080565,Eastbound,2025-11-18 13:01:55.321635,283.0,240.0,112.0,107.0
610,4,CAM001,271,1.5818121570285955,6990,True,613b4d1e-c528-4ef5-91ef-1fde52080565,Eastbound,2025-11-18 13:01:55.320133,608.0,243.0,71.0,118.0
609,7,CAM001,256,2.037225875570542,6990,True,613b4d1e-c528-4ef5-91ef-1fde52080565,Eastbound,2025-11-18 13:01:55.317133,719.0,247.0,83.0,136.0
608,6,CAM001,223,2.033627797600152,6990,True,613b4d1e-c528-4ef5-91ef-1fde52080565,Eastbound,2025-11-18 13:01:55.315132,483.0,243.0,121.0,135.0
607,9,CAM001,220,2.0405528205040366,6990,True,613b4d1e-c528-4ef5-91ef-1fde52080565,Eastbound,2025-11-18 13:01:55.311620,380.0,243.0,106.0,100.0
606,3,CAM002,275,1.6539942491517732,6920,True,ec790070-4835-4864-80a9-221ef0ed2582,Westbound,2025-11-18 13:01:54.952096,364.0,388.0,103.0,100.0
605,4,CAM002,240,1.6586742128304084,6920,True,ec790070-4835-4864-80a9-221ef0ed2582,Westbound,2025-11-18 13:01:54.949592,558.0,354.0,95.0,153.0
604,8,CAM002,216,1.9844207621943877,6920,True,ec790070-4835-4864-80a9-221ef0ed2582,Westbound,2025-11-18 13:01:54.947592,254.0,369.0,126.0,170.0
603,1,CAM002,207,1.9709242910786362,6920,True,ec790070-4835-4864-80a9-221ef0ed2582,Westbound,2025-11-18 13:01:54.945591,657.0,314.0,291.0,222.0
602,2,CAM002,76,2.0388180348018086,6920,True,ec790070-4835-4864-80a9-221ef0ed2582,Westbound,2025-11-18 13:01:54.941585,398.0,349.0,230.0,191.0
601,3,CAM001,275,1.5594476346680197,6985,True,613b4d1e-c528-4ef5-91ef-1fde52080565,Eastbound,2025-11-18 13:01:50.923328,280.0,241.0,111.0,108.0
600,4,CAM001,271,1.6114835157343594,6985,True,613b4d1e-c528-4ef5-91ef-1fde52080565,Eastbound,2025-11-18 13:01:50.922331,607.0,242.0,73.0,119.0
599,7,CAM001,256,2.02796334715486,6985,True,613b4d1e-c528-4ef5-91ef-1fde52080565,Eastbound,2025-11-18 13:01:50.919780,719.0,247.0,83.0,136.0
598,6,CAM001,223,2.032389899822775,6985,True,613b4d1e-c528-4ef5-91ef-1fde52080565,Eastbound,2025-11-18 13:01:50.918780,482.0,243.0,123.0,135.0
597,9,CAM001,220,2.012689786787611,6985,True,613b4d1e-c528-4ef5-91ef-1fde52080565,Eastbound,2025-11-18 13:01:50.915263,381.0,243.0,102.0,100.0
596,8,CAM001,176,1.4834370086267148,6985,True,613b4d1e-c528-4ef5-91ef-1fde52080565,Eastbound,2025-11-18 13:01:50.911251,360.0,242.0,50.0,64.0
595,3,CAM002,275,1.6201787127519534,6915,True,ec790070-4835-4864-80a9-221ef0ed2582,Westbound,2025-11-18 13:01:50.496569,365.0,388.0,103.0,101.0
594,4,CAM002,240,1.6498240945540972,6915,True,ec790070-4835-4864-80a9-221ef0ed2582,Westbound,2025-11-18 13:01:50.494590,558.0,353.0,95.0,154.0
593,8,CAM002,216,1.525274376168269,6915,True,ec790070-4835-4864-80a9-221ef0ed2582,Westbound,2025-11-18 13:01:50.492579,252.0,366.0,128.0,171.0
592,1,CAM002,207,2.0145620877070733,6915,True,ec790070-4835-4864-80a9-221ef0ed2582,Westbound,2025-11-18 13:01:50.488789,663.0,315.0,282.0,220.0
591,2,CAM002,76,2.010370039073237,6915,True,ec790070-4835-4864-80a9-221ef0ed2582,Westbound,2025-11-18 13:01:50.485842,397.0,349.0,231.0,191.0
590,3,CAM001,275,1.3856253191492516,6980,True,613b4d1e-c528-4ef5-91ef-1fde52080565,Eastbound,2025-11-18 13:01:46.398030,276.0,246.0,108.0,102.0
589,4,CAM001,271,1.5293447728726504,6980,True,613b4d1e-c528-4ef5-91ef-1fde52080565,Eastbound,2025-11-18 13:01:46.396030,608.0,243.0,72.0,117.0
588,7,CAM001,256,2.0050914950841316,6980,True,613b4d1e-c528-4ef5-91ef-1fde52080565,Eastbound,2025-11-18 13:01:46.391018,720.0,248.0,82.0,131.0
587,6,CAM001,223,2.0405229274696026,6980,True,613b4d1e-c528-4ef5-91ef-1fde52080565,Eastbound,2025-11-18 13:01:46.389513,481.0,243.0,123.0,135.0
586,9,CAM001,220,1.9965490412918658,6980,True,613b4d1e-c528-4ef5-91ef-1fde52080565,Eastbound,2025-11-18 13:01:46.386490,382.0,242.0,98.0,100.0
585,3,CAM002,275,2.0095789359046417,6910,True,ec790070-4835-4864-80a9-221ef0ed2582,Westbound,2025-11-18 13:01:46.005061,364.0,388.0,105.0,102.0
584,4,CAM002,240,1.6522455195538164,6910,True,ec790070-4835-4864-80a9-221ef0ed2582,Westbound,2025-11-18 13:01:45.999962,559.0,354.0,94.0,153.0
583,8,CAM002,216,2.027052325047842,6910,True,ec790070-4835-4864-80a9-221ef0ed2582,Westbound,2025-11-18 13:01:45.997962,252.0,367.0,128.0,170.0
582,1,CAM002,207,2.0208572974821624,6910,True,ec790070-4835-4864-80a9-221ef0ed2582,Westbound,2025-11-18 13:01:45.994962,659.0,313.0,278.0,222.0
581,2,CAM002,76,2.0359018774906774,6910,True,ec790070-4835-4864-80a9-221ef0ed2582,Westbound,2025-11-18 13:01:45.992027,398.0,349.0,230.0,191.0
580,3,CAM001,275,1.5735747689059516,6975,True,613b4d1e-c528-4ef5-91ef-1fde52080565,Eastbound,2025-11-18 13:01:42.032075,286.0,248.0,96.0,90.0
579,4,CAM001,271,1.6217797969370402,6975,True,613b4d1e-c528-4ef5-91ef-1fde52080565,Eastbound,2025-11-18 13:01:42.029565,607.0,243.0,73.0,116.0
578,7,CAM001,256,1.9341249314405178,6975,True,613b4d1e-c528-4ef5-91ef-1fde52080565,Eastbound,2025-11-18 13:01:42.028565,723.0,249.0,76.0,127.0
577,6,CAM001,223,2.0368905358612976,6975,True,613b4d1e-c528-4ef5-91ef-1fde52080565,Eastbound,2025-11-18 13:01:42.026564,481.0,244.0,123.0,134.0
576,9,CAM001,220,2.0004874668591506,6975,True,613b4d1e-c528-4ef5-91ef-1fde52080565,Eastbound,2025-11-18 13:01:42.023563,384.0,240.0,96.0,100.0
575,3,CAM002,275,1.630556027367534,6905,True,ec790070-4835-4864-80a9-221ef0ed2582,Westbound,2025-11-18 13:01:41.653191,363.0,388.0,105.0,102.0
574,4,CAM002,240,1.6574150229116928,6905,True,ec790070-4835-4864-80a9-221ef0ed2582,Westbound,2025-11-18 13:01:41.652190,559.0,352.0,95.0,154.0
573,8,CAM002,216,2.013551098637821,6905,True,ec790070-4835-4864-80a9-221ef0ed2582,Westbound,2025-11-18 13:01:41.649949,253.0,370.0,127.0,167.0
572,1,CAM002,207,2.0310380500414253,6905,True,ec790070-4835-4864-80a9-221ef0ed2582,Westbound,2025-11-18 13:01:41.647948,657.0,313.0,278.0,223.0
571,2,CAM002,76,2.0092089196659297,6905,True,ec790070-4835-4864-80a9-221ef0ed2582,Westbound,2025-11-18 13:01:41.641949,399.0,349.0,230.0,191.0
570,3,CAM001,275,1.457697559133603,6970,True,613b4d1e-c528-4ef5-91ef-1fde52080565,Eastbound,2025-11-18 13:01:37.698539,286.0,247.0,95.0,93.0
569,4,CAM001,271,1.5896992612640506,6970,True,613b4d1e-c528-4ef5-91ef-1fde52080565,Eastbound,2025-11-18 13:01:37.695654,607.0,245.0,72.0,114.0
568,7,CAM001,256,1.9982559115804106,6970,True,613b4d1e-c528-4ef5-91ef-1fde52080565,Eastbound,2025-11-18 13:01:37.692540,720.0,249.0,81.0,137.0
567,6,CAM001,223,2.0121583047744447,6970,True,613b4d1e-c528-4ef5-91ef-1fde52080565,Eastbound,2025-11-18 13:01:37.691650,481.0,246.0,122.0,133.0
566,9,CAM001,220,2.017098373939871,6970,True,613b4d1e-c528-4ef5-91ef-1fde52080565,Eastbound,2025-11-18 13:01:37.689027,380.0,240.0,98.0,101.0
565,3,CAM002,275,1.6381380512724528,6900,True,ec790070-4835-4864-80a9-221ef0ed2582,Westbound,2025-11-18 13:01:37.324620,363.0,388.0,105.0,100.0
564,4,CAM002,240,1.650623359717091,6900,True,ec790070-4835-4864-80a9-221ef0ed2582,Westbound,2025-11-18 13:01:37.321635,559.0,351.0,95.0,155.0
563,8,CAM002,216,1.9930661369531975,6900,True,ec790070-4835-4864-80a9-221ef0ed2582,Westbound,2025-11-18 13:01:37.319113,254.0,371.0,124.0,166.0
562,1,CAM002,207,2.03168662938339,6900,True,ec790070-4835-4864-80a9-221ef0ed2582,Westbound,2025-11-18 13:01:37.317114,657.0,314.0,278.0,223.0
561,2,CAM002,76,2.0405827425634167,6900,True,ec790070-4835-4864-80a9-221ef0ed2582,Westbound,2025-11-18 13:01:37.315237,399.0,349.0,229.0,191.0
560,8,CAM001,279,1.2803537218256982,6965,True,613b4d1e-c528-4ef5-91ef-1fde52080565,Eastbound,2025-11-18 13:01:33.273674,354.0,212.0,59.0,127.0
559,3,CAM001,275,1.4464645620234677,6965,True,613b4d1e-c528-4ef5-91ef-1fde52080565,Eastbound,2025-11-18 13:01:33.271673,283.0,246.0,98.0,97.0
558,4,CAM001,271,1.5760167622009404,6965,True,613b4d1e-c528-4ef5-91ef-1fde52080565,Eastbound,2025-11-18 13:01:33.269646,608.0,244.0,71.0,116.0
557,7,CAM001,256,2.0193770685610364,6965,True,613b4d1e-c528-4ef5-91ef-1fde52080565,Eastbound,2025-11-18 13:01:33.267647,720.0,249.0,81.0,137.0
556,6,CAM001,223,2.0224120001323995,6965,True,613b4d1e-c528-4ef5-91ef-1fde52080565,Eastbound,2025-11-18 13:01:33.266647,481.0,246.0,122.0,133.0
555,9,CAM001,220,1.981505061887849,6965,True,613b4d1e-c528-4ef5-91ef-1fde52080565,Eastbound,2025-11-18 13:01:33.262646,381.0,241.0,96.0,100.0
554,3,CAM002,275,1.6513540477673112,6895,True,ec790070-4835-4864-80a9-221ef0ed2582,Westbound,2025-11-18 13:01:32.849666,363.0,388.0,105.0,99.0
553,4,CAM002,240,1.6365005678845577,6895,True,ec790070-4835-4864-80a9-221ef0ed2582,Westbound,2025-11-18 13:01:32.848665,559.0,350.0,95.0,155.0
552,8,CAM002,216,1.9965047465866717,6895,True,ec790070-4835-4864-80a9-221ef0ed2582,Westbound,2025-11-18 13:01:32.847666,254.0,371.0,123.0,166.0
551,1,CAM002,207,2.02571928371015,6895,True,ec790070-4835-4864-80a9-221ef0ed2582,Westbound,2025-11-18 13:01:32.845668,657.0,314.0,277.0,223.0
550,2,CAM002,76,2.01411364296091,6895,True,ec790070-4835-4864-80a9-221ef0ed2582,Westbound,2025-11-18 13:01:32.843664,399.0,349.0,229.0,191.0
549,8,CAM001,279,1.5292149370171617,6960,True,613b4d1e-c528-4ef5-91ef-1fde52080565,Eastbound,2025-11-18 13:01:29.016125,354.0,213.0,59.0,126.0
548,4,CAM001,271,1.6059613557485068,6960,True,613b4d1e-c528-4ef5-91ef-1fde52080565,Eastbound,2025-11-18 13:01:29.014118,608.0,244.0,71.0,117.0
547,7,CAM001,256,2.040147732461901,6960,True,613b4d1e-c528-4ef5-91ef-1fde52080565,Eastbound,2025-11-18 13:01:29.011015,719.0,247.0,83.0,142.0
546,6,CAM001,223,2.0115049849282998,6960,True,613b4d1e-c528-4ef5-91ef-1fde52080565,Eastbound,2025-11-18 13:01:29.008394,481.0,244.0,123.0,134.0
545,9,CAM001,220,2.0289784478562027,6960,True,613b4d1e-c528-4ef5-91ef-1fde52080565,Eastbound,2025-11-18 13:01:29.005395,386.0,241.0,97.0,100.0
544,3,CAM002,275,2.0171364130984983,6890,True,ec790070-4835-4864-80a9-221ef0ed2582,Westbound,2025-11-18 13:01:28.649435,363.0,388.0,104.0,99.0
543,4,CAM002,240,1.6468861887632253,6890,True,ec790070-4835-4864-80a9-221ef0ed2582,Westbound,2025-11-18 13:01:28.648432,559.0,350.0,96.0,154.0
542,8,CAM002,216,1.5845705281749503,6890,True,ec790070-4835-4864-80a9-221ef0ed2582,Westbound,2025-11-18 13:01:28.646432,256.0,371.0,120.0,167.0
541,1,CAM002,207,2.0144253060576363,6890,True,ec790070-4835-4864-80a9-221ef0ed2582,Westbound,2025-11-18 13:01:28.644338,657.0,314.0,275.0,222.0
540,2,CAM002,76,2.0139898525532582,6890,True,ec790070-4835-4864-80a9-221ef0ed2582,Westbound,2025-11-18 13:01:28.641434,399.0,349.0,229.0,191.0
539,3,CAM001,275,1.5099744569741735,6955,True,613b4d1e-c528-4ef5-91ef-1fde52080565,Eastbound,2025-11-18 13:01:24.648161,285.0,248.0,94.0,94.0
538,4,CAM001,271,1.6024679530930932,6955,True,613b4d1e-c528-4ef5-91ef-1fde52080565,Eastbound,2025-11-18 13:01:24.646160,608.0,244.0,70.0,116.0
537,7,CAM001,256,2.0322006552499676,6955,True,613b4d1e-c528-4ef5-91ef-1fde52080565,Eastbound,2025-11-18 13:01:24.643162,719.0,247.0,83.0,141.0
536,6,CAM001,223,2.027120713847334,6955,True,613b4d1e-c528-4ef5-91ef-1fde52080565,Eastbound,2025-11-18 13:01:24.641160,480.0,246.0,123.0,132.0
535,9,CAM001,220,2.023936462460459,6955,True,613b4d1e-c528-4ef5-91ef-1fde52080565,Eastbound,2025-11-18 13:01:24.638647,381.0,241.0,101.0,101.0
534,3,CAM002,275,1.6229002751964472,6885,True,ec790070-4835-4864-80a9-221ef0ed2582,Westbound,2025-11-18 13:01:24.276383,363.0,388.0,105.0,99.0
533,4,CAM002,240,1.6586449855321215,6885,True,ec790070-4835-4864-80a9-221ef0ed2582,Westbound,2025-11-18 13:01:24.274382,560.0,350.0,95.0,154.0
532,8,CAM002,216,2.0027535399626872,6885,True,ec790070-4835-4864-80a9-221ef0ed2582,Westbound,2025-11-18 13:01:24.271382,254.0,371.0,116.0,167.0
531,1,CAM002,207,2.0206266733578264,6885,True,ec790070-4835-4864-80a9-221ef0ed2582,Westbound,2025-11-18 13:01:24.267872,652.0,314.0,274.0,221.0
530,2,CAM002,76,2.038632104923163,6885,True,ec790070-4835-4864-80a9-221ef0ed2582,Westbound,2025-11-18 13:01:24.263887,399.0,348.0,229.0,192.0
529,3,CAM001,275,1.4864093096583866,6950,True,613b4d1e-c528-4ef5-91ef-1fde52080565,Eastbound,2025-11-18 13:01:20.254127,283.0,235.0,107.0,108.0
528,4,CAM001,271,1.6156759646630794,6950,True,613b4d1e-c528-4ef5-91ef-1fde52080565,Eastbound,2025-11-18 13:01:20.252126,608.0,243.0,71.0,118.0
527,7,CAM001,256,2.032370006307987,6950,True,613b4d1e-c528-4ef5-91ef-1fde52080565,Eastbound,2025-11-18 13:01:20.251124,719.0,246.0,83.0,141.0
526,6,CAM001,223,2.001887239983096,6950,True,613b4d1e-c528-4ef5-91ef-1fde52080565,Eastbound,2025-11-18 13:01:20.248977,481.0,246.0,121.0,132.0
525,9,CAM001,220,1.987910191516458,6950,True,613b4d1e-c528-4ef5-91ef-1fde52080565,Eastbound,2025-11-18 13:01:20.244980,379.0,241.0,99.0,101.0
524,3,CAM002,275,1.6796186129538553,6880,True,ec790070-4835-4864-80a9-221ef0ed2582,Westbound,2025-11-18 13:01:19.882382,364.0,388.0,104.0,99.0
523,4,CAM002,240,1.6829696569406918,6880,True,ec790070-4835-4864-80a9-221ef0ed2582,Westbound,2025-11-18 13:01:19.881382,559.0,350.0,96.0,154.0
522,8,CAM002,216,2.018089004018368,6880,True,ec790070-4835-4864-80a9-221ef0ed2582,Westbound,2025-11-18 13:01:19.878021,248.0,371.0,118.0,165.0
521,1,CAM002,207,2.012975084808037,6880,True,ec790070-4835-4864-80a9-221ef0ed2582,Westbound,2025-11-18 13:01:19.877020,646.0,315.0,283.0,221.0
520,2,CAM002,76,2.0090118472837646,6880,True,ec790070-4835-4864-80a9-221ef0ed2582,Westbound,2025-11-18 13:01:19.874019,400.0,347.0,229.0,193.0
519,3,CAM001,275,1.6061799949752502,6945,True,613b4d1e-c528-4ef5-91ef-1fde52080565,Eastbound,2025-11-18 13:01:15.844396,280.0,217.0,128.0,128.0
518,4,CAM001,271,1.63694116875806,6945,True,613b4d1e-c528-4ef5-91ef-1fde52080565,Eastbound,2025-11-18 13:01:15.842404,608.0,244.0,71.0,117.0
517,7,CAM001,256,2.0246605459279503,6945,True,613b4d1e-c528-4ef5-91ef-1fde52080565,Eastbound,2025-11-18 13:01:15.840293,719.0,244.0,83.0,139.0
516,6,CAM001,223,2.039388841823568,6945,True,613b4d1e-c528-4ef5-91ef-1fde52080565,Eastbound,2025-11-18 13:01:15.838675,480.0,243.0,125.0,135.0
515,9,CAM001,220,2.024353575802665,6945,True,613b4d1e-c528-4ef5-91ef-1fde52080565,Eastbound,2025-11-18 13:01:15.835778,380.0,241.0,101.0,100.0
514,3,CAM002,275,1.640418311362038,6875,True,ec790070-4835-4864-80a9-221ef0ed2582,Westbound,2025-11-18 13:01:15.478468,362.0,388.0,106.0,102.0
513,4,CAM002,240,1.648812052562122,6875,True,ec790070-4835-4864-80a9-221ef0ed2582,Westbound,2025-11-18 13:01:15.476488,559.0,352.0,95.0,152.0
512,8,CAM002,216,1.985791618399635,6875,True,ec790070-4835-4864-80a9-221ef0ed2582,Westbound,2025-11-18 13:01:15.475489,249.0,369.0,124.0,168.0
511,1,CAM002,207,1.9789012266831234,6875,True,ec790070-4835-4864-80a9-221ef0ed2582,Westbound,2025-11-18 13:01:15.474472,652.0,316.0,291.0,221.0
510,2,CAM002,76,2.0319894717081475,6875,True,ec790070-4835-4864-80a9-221ef0ed2582,Westbound,2025-11-18 13:01:15.471491,399.0,348.0,229.0,192.0
509,3,CAM001,275,1.530859494146285,6940,True,613b4d1e-c528-4ef5-91ef-1fde52080565,Eastbound,2025-11-18 13:01:11.262962,281.0,228.0,117.0,116.0
508,4,CAM001,271,1.597264850150512,6940,True,613b4d1e-c528-4ef5-91ef-1fde52080565,Eastbound,2025-11-18 13:01:11.261022,608.0,245.0,71.0,116.0
507,7,CAM001,256,2.008709015055642,6940,True,613b4d1e-c528-4ef5-91ef-1fde52080565,Eastbound,2025-11-18 13:01:11.259977,719.0,243.0,81.0,137.0
506,6,CAM001,223,2.02140790640309,6940,True,613b4d1e-c528-4ef5-91ef-1fde52080565,Eastbound,2025-11-18 13:01:11.258312,480.0,245.0,123.0,134.0
505,9,CAM001,220,2.026656971352951,6940,True,613b4d1e-c528-4ef5-91ef-1fde52080565,Eastbound,2025-11-18 13:01:11.240485,379.0,243.0,102.0,100.0
504,3,CAM002,275,1.6497499549199306,6870,True,ec790070-4835-4864-80a9-221ef0ed2582,Westbound,2025-11-18 13:01:10.812638,360.0,388.0,110.0,106.0
503,4,CAM002,240,1.682533148953927,6870,True,ec790070-4835-4864-80a9-221ef0ed2582,Westbound,2025-11-18 13:01:10.809630,560.0,353.0,93.0,151.0
502,8,CAM002,216,2.0260296217669755,6870,True,ec790070-4835-4864-80a9-221ef0ed2582,Westbound,2025-11-18 13:01:10.806950,254.0,366.0,128.0,173.0
501,1,CAM002,207,2.0368189433190227,6870,True,ec790070-4835-4864-80a9-221ef0ed2582,Westbound,2025-11-18 13:01:10.803986,662.0,315.0,291.0,222.0
500,2,CAM002,76,2.035598478667396,6870,True,ec790070-4835-4864-80a9-221ef0ed2582,Westbound,2025-11-18 13:01:10.801985,399.0,349.0,228.0,191.0
499,3,CAM001,275,1.3970873101539703,6935,True,613b4d1e-c528-4ef5-91ef-1fde52080565,Eastbound,2025-11-18 13:01:05.854465,284.0,244.0,97.0,98.0
498,4,CAM001,271,1.541683507720256,6935,True,613b4d1e-c528-4ef5-91ef-1fde52080565,Eastbound,2025-11-18 13:01:05.851457,606.0,245.0,73.0,116.0
497,7,CAM001,256,2.0105846719287013,6935,True,613b4d1e-c528-4ef5-91ef-1fde52080565,Eastbound,2025-11-18 13:01:05.847937,720.0,246.0,80.0,136.0
496,6,CAM001,223,2.0402203863848034,6935,True,613b4d1e-c528-4ef5-91ef-1fde52080565,Eastbound,2025-11-18 13:01:05.845933,480.0,248.0,122.0,132.0
495,9,CAM001,220,2.0185706476842658,6935,True,613b4d1e-c528-4ef5-91ef-1fde52080565,Eastbound,2025-11-18 13:01:05.842936,377.0,242.0,103.0,101.0
494,3,CAM002,275,1.9968981437835431,6865,True,ec790070-4835-4864-80a9-221ef0ed2582,Westbound,2025-11-18 13:01:05.297515,360.0,388.0,110.0,103.0
493,4,CAM002,240,1.6597262022515655,6865,True,ec790070-4835-4864-80a9-221ef0ed2582,Westbound,2025-11-18 13:01:05.294558,560.0,353.0,93.0,152.0
492,8,CAM002,216,2.001886526737764,6865,True,ec790070-4835-4864-80a9-221ef0ed2582,Westbound,2025-11-18 13:01:05.290543,252.0,367.0,125.0,172.0
491,1,CAM002,207,2.0325264833731995,6865,True,ec790070-4835-4864-80a9-221ef0ed2582,Westbound,2025-11-18 13:01:05.286409,665.0,314.0,285.0,223.0
490,2,CAM002,76,2.011094994328841,6865,True,ec790070-4835-4864-80a9-221ef0ed2582,Westbound,2025-11-18 13:01:05.283472,399.0,348.0,228.0,192.0
489,4,CAM001,271,1.5355637300487501,6930,True,613b4d1e-c528-4ef5-91ef-1fde52080565,Eastbound,2025-11-18 13:01:01.351770,606.0,244.0,72.0,116.0
488,7,CAM001,256,2.0145221598937604,6930,True,613b4d1e-c528-4ef5-91ef-1fde52080565,Eastbound,2025-11-18 13:01:01.348641,721.0,245.0,80.0,139.0
487,6,CAM001,223,2.0407664064730713,6930,True,613b4d1e-c528-4ef5-91ef-1fde52080565,Eastbound,2025-11-18 13:01:01.346640,480.0,248.0,121.0,132.0
486,9,CAM001,220,2.0346820608605864,6930,True,613b4d1e-c528-4ef5-91ef-1fde52080565,Eastbound,2025-11-18 13:01:01.343659,376.0,242.0,102.0,101.0
485,3,CAM002,275,1.9768043008353726,6860,True,ec790070-4835-4864-80a9-221ef0ed2582,Westbound,2025-11-18 13:01:01.026286,361.0,388.0,107.0,101.0
484,4,CAM002,240,1.6350791898118588,6860,True,ec790070-4835-4864-80a9-221ef0ed2582,Westbound,2025-11-18 13:01:01.025287,560.0,355.0,93.0,151.0
483,8,CAM002,216,1.947240498047417,6860,True,ec790070-4835-4864-80a9-221ef0ed2582,Westbound,2025-11-18 13:01:01.024286,247.0,368.0,130.0,171.0
482,1,CAM002,207,1.9827213785572158,6860,True,ec790070-4835-4864-80a9-221ef0ed2582,Westbound,2025-11-18 13:01:01.022337,662.0,314.0,274.0,222.0
481,2,CAM002,76,2.038538376215362,6860,True,ec790070-4835-4864-80a9-221ef0ed2582,Westbound,2025-11-18 13:01:01.020398,398.0,348.0,229.0,192.0
480,3,CAM001,275,1.5635970460172017,6925,True,613b4d1e-c528-4ef5-91ef-1fde52080565,Eastbound,2025-11-18 13:00:57.039324,276.0,221.0,127.0,128.0
479,4,CAM001,271,1.592119168920188,6925,True,613b4d1e-c528-4ef5-91ef-1fde52080565,Eastbound,2025-11-18 13:00:57.037319,607.0,243.0,72.0,116.0
478,7,CAM001,256,1.9704957046311977,6925,True,613b4d1e-c528-4ef5-91ef-1fde52080565,Eastbound,2025-11-18 13:00:57.034320,719.0,245.0,84.0,143.0
477,6,CAM001,223,2.018069770841686,6925,True,613b4d1e-c528-4ef5-91ef-1fde52080565,Eastbound,2025-11-18 13:00:57.031317,481.0,246.0,122.0,134.0
476,9,CAM001,220,2.020132929110466,6925,True,613b4d1e-c528-4ef5-91ef-1fde52080565,Eastbound,2025-11-18 13:00:57.026794,377.0,242.0,101.0,100.0
475,3,CAM002,275,1.6754223665521564,6855,True,ec790070-4835-4864-80a9-221ef0ed2582,Westbound,2025-11-18 13:00:56.553756,359.0,388.0,112.0,105.0
474,4,CAM002,240,1.6698183603018704,6855,True,ec790070-4835-4864-80a9-221ef0ed2582,Westbound,2025-11-18 13:00:56.552757,560.0,354.0,93.0,151.0
473,8,CAM002,216,2.013145823408433,6855,True,ec790070-4835-4864-80a9-221ef0ed2582,Westbound,2025-11-18 13:00:56.550757,253.0,367.0,132.0,172.0
472,1,CAM002,207,2.016334933199691,6855,True,ec790070-4835-4864-80a9-221ef0ed2582,Westbound,2025-11-18 13:00:56.549324,647.0,316.0,275.0,219.0
471,2,CAM002,76,2.0336040845026777,6855,True,ec790070-4835-4864-80a9-221ef0ed2582,Westbound,2025-11-18 13:00:56.545322,398.0,349.0,229.0,191.0
470,3,CAM001,275,1.5688931074967498,6920,True,613b4d1e-c528-4ef5-91ef-1fde52080565,Eastbound,2025-11-18 13:00:51.746360,276.0,224.0,125.0,124.0
469,4,CAM001,271,1.592298521969209,6920,True,613b4d1e-c528-4ef5-91ef-1fde52080565,Eastbound,2025-11-18 13:00:51.745359,607.0,243.0,72.0,115.0
468,7,CAM001,256,1.9648915843896255,6920,True,613b4d1e-c528-4ef5-91ef-1fde52080565,Eastbound,2025-11-18 13:00:51.743359,719.0,244.0,83.0,141.0
467,6,CAM001,223,2.00471743058471,6920,True,613b4d1e-c528-4ef5-91ef-1fde52080565,Eastbound,2025-11-18 13:00:51.741409,482.0,244.0,123.0,135.0
466,9,CAM001,220,2.024748808123984,6920,True,613b4d1e-c528-4ef5-91ef-1fde52080565,Eastbound,2025-11-18 13:00:51.739350,380.0,244.0,101.0,98.0
465,3,CAM002,275,1.6350389213986045,6850,True,ec790070-4835-4864-80a9-221ef0ed2582,Westbound,2025-11-18 13:00:51.341008,359.0,388.0,111.0,103.0
464,4,CAM002,240,1.6724630740222182,6850,True,ec790070-4835-4864-80a9-221ef0ed2582,Westbound,2025-11-18 13:00:51.337485,560.0,353.0,93.0,152.0
463,8,CAM002,216,2.0058004155455733,6850,True,ec790070-4835-4864-80a9-221ef0ed2582,Westbound,2025-11-18 13:00:51.332484,253.0,368.0,132.0,171.0
462,1,CAM002,207,1.9803984662092895,6850,True,ec790070-4835-4864-80a9-221ef0ed2582,Westbound,2025-11-18 13:00:51.319956,650.0,316.0,289.0,220.0
461,2,CAM002,76,2.0307494677293585,6850,True,ec790070-4835-4864-80a9-221ef0ed2582,Westbound,2025-11-18 13:00:51.316878,397.0,348.0,230.0,192.0
460,3,CAM001,275,1.5225708283473494,6915,True,613b4d1e-c528-4ef5-91ef-1fde52080565,Eastbound,2025-11-18 13:00:46.304110,277.0,236.0,113.0,112.0
459,4,CAM001,271,1.595097819615041,6915,True,613b4d1e-c528-4ef5-91ef-1fde52080565,Eastbound,2025-11-18 13:00:46.303110,606.0,244.0,73.0,116.0
458,7,CAM001,256,1.999041991662414,6915,True,613b4d1e-c528-4ef5-91ef-1fde52080565,Eastbound,2025-11-18 13:00:46.301111,719.0,245.0,83.0,142.0
457,6,CAM001,223,2.017192348105081,6915,True,613b4d1e-c528-4ef5-91ef-1fde52080565,Eastbound,2025-11-18 13:00:46.298913,481.0,245.0,123.0,134.0
456,9,CAM001,220,1.9968072897855054,6915,True,613b4d1e-c528-4ef5-91ef-1fde52080565,Eastbound,2025-11-18 13:00:46.296030,380.0,246.0,100.0,97.0
455,3,CAM002,275,1.9843079950679319,6845,True,ec790070-4835-4864-80a9-221ef0ed2582,Westbound,2025-11-18 13:00:45.856746,362.0,388.0,106.0,99.0
454,4,CAM002,240,1.674699528455841,6845,True,ec790070-4835-4864-80a9-221ef0ed2582,Westbound,2025-11-18 13:00:45.854746,560.0,353.0,94.0,152.0
453,8,CAM002,216,2.0258881854971102,6845,True,ec790070-4835-4864-80a9-221ef0ed2582,Westbound,2025-11-18 13:00:45.852746,252.0,369.0,131.0,170.0
452,1,CAM002,207,2.024833668209593,6845,True,ec790070-4835-4864-80a9-221ef0ed2582,Westbound,2025-11-18 13:00:45.849745,660.0,312.0,295.0,225.0
451,2,CAM002,76,2.036861533229499,6845,True,ec790070-4835-4864-80a9-221ef0ed2582,Westbound,2025-11-18 13:00:45.847222,395.0,348.0,230.0,192.0
450,3,CAM001,275,1.5198313646596244,6910,True,613b4d1e-c528-4ef5-91ef-1fde52080565,Eastbound,2025-11-18 13:00:41.354642,281.0,250.0,95.0,95.0
449,4,CAM001,271,1.6552239614400717,6910,True,613b4d1e-c528-4ef5-91ef-1fde52080565,Eastbound,2025-11-18 13:00:41.353643,606.0,244.0,73.0,116.0
448,7,CAM001,256,1.496572126831048,6910,True,613b4d1e-c528-4ef5-91ef-1fde52080565,Eastbound,2025-11-18 13:00:41.351642,719.0,245.0,83.0,143.0
447,6,CAM001,223,2.0204238185656886,6910,True,613b4d1e-c528-4ef5-91ef-1fde52080565,Eastbound,2025-11-18 13:00:41.349642,480.0,247.0,121.0,133.0
446,9,CAM001,220,2.0291572130101025,6910,True,613b4d1e-c528-4ef5-91ef-1fde52080565,Eastbound,2025-11-18 13:00:41.346467,377.0,242.0,101.0,101.0
445,3,CAM002,275,1.5772848716899106,6840,True,ec790070-4835-4864-80a9-221ef0ed2582,Westbound,2025-11-18 13:00:40.983693,362.0,388.0,105.0,100.0
444,1,CAM002,274,1.9819869201821563,6840,True,ec790070-4835-4864-80a9-221ef0ed2582,Westbound,2025-11-18 13:00:40.981694,802.0,318.0,154.0,222.0
443,4,CAM002,240,1.5177833620749124,6840,True,ec790070-4835-4864-80a9-221ef0ed2582,Westbound,2025-11-18 13:00:40.978654,560.0,354.0,94.0,151.0
442,8,CAM002,216,1.9860778271699182,6840,True,ec790070-4835-4864-80a9-221ef0ed2582,Westbound,2025-11-18 13:00:40.975655,252.0,370.0,131.0,167.0
441,7,CAM002,207,1.4114381207025566,6840,True,ec790070-4835-4864-80a9-221ef0ed2582,Westbound,2025-11-18 13:00:40.973654,663.0,311.0,286.0,224.0
440,2,CAM002,76,2.0301163477397255,6840,True,ec790070-4835-4864-80a9-221ef0ed2582,Westbound,2025-11-18 13:00:40.970653,397.0,348.0,229.0,192.0
439,3,CAM001,275,1.8413191483778213,6905,True,613b4d1e-c528-4ef5-91ef-1fde52080565,Eastbound,2025-11-18 13:00:36.590930,283.0,239.0,103.0,104.0
438,4,CAM001,271,1.9852904643796636,6905,True,613b4d1e-c528-4ef5-91ef-1fde52080565,Eastbound,2025-11-18 13:00:36.588926,608.0,245.0,71.0,114.0
437,1,CAM001,256,1.6083589660485382,6905,True,613b4d1e-c528-4ef5-91ef-1fde52080565,Eastbound,2025-11-18 13:00:36.586420,719.0,244.0,82.0,140.0
436,6,CAM001,223,2.019701715435313,6905,True,613b4d1e-c528-4ef5-91ef-1fde52080565,Eastbound,2025-11-18 13:00:36.585421,481.0,246.0,121.0,133.0
435,9,CAM001,220,1.9916909273457475,6905,True,613b4d1e-c528-4ef5-91ef-1fde52080565,Eastbound,2025-11-18 13:00:36.582421,378.0,240.0,101.0,102.0
434,1,CAM002,274,1.2153023122531086,6835,True,ec790070-4835-4864-80a9-221ef0ed2582,Westbound,2025-11-18 13:00:36.161355,811.0,319.0,143.0,216.0
433,8,CAM002,216,1.9674040273551576,6835,True,ec790070-4835-4864-80a9-221ef0ed2582,Westbound,2025-11-18 13:00:36.160355,255.0,371.0,127.0,163.0
432,2,CAM002,76,2.0420769550401365,6835,True,ec790070-4835-4864-80a9-221ef0ed2582,Westbound,2025-11-18 13:00:36.156845,399.0,347.0,230.0,193.0
431,3,CAM001,275,1.5698609821249419,6900,True,613b4d1e-c528-4ef5-91ef-1fde52080565,Eastbound,2025-11-18 13:00:32.696475,280.0,231.0,115.0,116.0
430,4,CAM001,271,2.0389941775143523,6900,True,613b4d1e-c528-4ef5-91ef-1fde52080565,Eastbound,2025-11-18 13:00:32.695475,609.0,246.0,71.0,113.0
429,1,CAM001,256,2.0136082120246437,6900,True,613b4d1e-c528-4ef5-91ef-1fde52080565,Eastbound,2025-11-18 13:00:32.693475,720.0,242.0,81.0,140.0
428,6,CAM001,223,2.0210294225998315,6900,True,613b4d1e-c528-4ef5-91ef-1fde52080565,Eastbound,2025-11-18 13:00:32.691475,482.0,244.0,123.0,134.0
427,9,CAM001,220,2.035129666520947,6900,True,613b4d1e-c528-4ef5-91ef-1fde52080565,Eastbound,2025-11-18 13:00:32.688523,380.0,240.0,100.0,101.0
426,8,CAM002,268,2.0310744450238336,6830,True,ec790070-4835-4864-80a9-221ef0ed2582,Westbound,2025-11-18 13:00:32.307189,350.0,383.0,127.0,159.0
425,3,CAM002,216,1.5258986436433686,6830,True,ec790070-4835-4864-80a9-221ef0ed2582,Westbound,2025-11-18 13:00:32.304190,254.0,371.0,127.0,164.0
424,2,CAM002,76,1.9483267532268227,6830,True,ec790070-4835-4864-80a9-221ef0ed2582,Westbound,2025-11-18 13:00:32.302189,400.0,348.0,228.0,192.0
423,3,CAM001,275,1.4396074742460983,6895,True,613b4d1e-c528-4ef5-91ef-1fde52080565,Eastbound,2025-11-18 13:00:28.174260,282.0,233.0,110.0,113.0
422,4,CAM001,271,1.571494890291888,6895,True,613b4d1e-c528-4ef5-91ef-1fde52080565,Eastbound,2025-11-18 13:00:28.172262,608.0,245.0,71.0,114.0
421,1,CAM001,256,2.0039479225658563,6895,True,613b4d1e-c528-4ef5-91ef-1fde52080565,Eastbound,2025-11-18 13:00:28.171260,718.0,242.0,81.0,143.0
420,6,CAM001,223,1.5629871355580136,6895,True,613b4d1e-c528-4ef5-91ef-1fde52080565,Eastbound,2025-11-18 13:00:28.169256,481.0,245.0,122.0,134.0
419,9,CAM001,220,2.0172726768799887,6895,True,613b4d1e-c528-4ef5-91ef-1fde52080565,Eastbound,2025-11-18 13:00:28.166734,378.0,241.0,100.0,101.0
418,8,CAM002,268,2.034172869170594,6825,True,ec790070-4835-4864-80a9-221ef0ed2582,Westbound,2025-11-18 13:00:27.758188,349.0,383.0,130.0,158.0
417,4,CAM002,240,1.688365778348111,6825,True,ec790070-4835-4864-80a9-221ef0ed2582,Westbound,2025-11-18 13:00:27.755681,560.0,354.0,94.0,151.0
416,3,CAM002,216,1.9991084291741459,6825,True,ec790070-4835-4864-80a9-221ef0ed2582,Westbound,2025-11-18 13:00:27.753681,253.0,368.0,125.0,163.0
415,2,CAM002,207,2.0372660818478243,6825,True,ec790070-4835-4864-80a9-221ef0ed2582,Westbound,2025-11-18 13:00:27.751680,650.0,314.0,278.0,221.0
414,6,CAM002,76,1.6951718549785177,6825,True,ec790070-4835-4864-80a9-221ef0ed2582,Westbound,2025-11-18 13:00:27.749172,401.0,349.0,227.0,191.0
413,3,CAM001,275,1.6003903193076106,6890,True,613b4d1e-c528-4ef5-91ef-1fde52080565,Eastbound,2025-11-18 13:00:23.462093,284.0,249.0,91.0,95.0
412,4,CAM001,271,1.6468844555701774,6890,True,613b4d1e-c528-4ef5-91ef-1fde52080565,Eastbound,2025-11-18 13:00:23.458085,608.0,244.0,71.0,115.0
411,1,CAM001,256,1.9656819168436568,6890,True,613b4d1e-c528-4ef5-91ef-1fde52080565,Eastbound,2025-11-18 13:00:23.455577,715.0,243.0,84.0,142.0
410,6,CAM001,223,1.6680765995458398,6890,True,613b4d1e-c528-4ef5-91ef-1fde52080565,Eastbound,2025-11-18 13:00:23.453578,480.0,247.0,121.0,133.0
409,9,CAM001,220,2.030636273457624,6890,True,613b4d1e-c528-4ef5-91ef-1fde52080565,Eastbound,2025-11-18 13:00:23.448571,376.0,242.0,100.0,100.0
408,8,CAM002,268,2.0314938276039136,6820,True,ec790070-4835-4864-80a9-221ef0ed2582,Westbound,2025-11-18 13:00:22.941003,344.0,384.0,140.0,158.0
407,4,CAM002,240,1.7172572809425934,6820,True,ec790070-4835-4864-80a9-221ef0ed2582,Westbound,2025-11-18 13:00:22.939003,560.0,354.0,94.0,151.0
406,3,CAM002,216,1.6961840337522076,6820,True,ec790070-4835-4864-80a9-221ef0ed2582,Westbound,2025-11-18 13:00:22.936459,252.0,368.0,127.0,164.0
405,2,CAM002,207,1.9568668489457295,6820,True,ec790070-4835-4864-80a9-221ef0ed2582,Westbound,2025-11-18 13:00:22.935459,653.0,312.0,286.0,224.0
404,6,CAM002,76,1.7555659125266556,6820,True,ec790070-4835-4864-80a9-221ef0ed2582,Westbound,2025-11-18 13:00:22.931557,400.0,349.0,227.0,191.0
403,3,CAM001,275,1.4533260724529413,6885,True,613b4d1e-c528-4ef5-91ef-1fde52080565,Eastbound,2025-11-18 13:00:18.179208,285.0,245.0,93.0,100.0
402,4,CAM001,271,1.6029616621123306,6885,True,613b4d1e-c528-4ef5-91ef-1fde52080565,Eastbound,2025-11-18 13:00:18.176502,609.0,245.0,69.0,112.0
401,1,CAM001,256,1.941024635469466,6885,True,613b4d1e-c528-4ef5-91ef-1fde52080565,Eastbound,2025-11-18 13:00:18.175507,721.0,242.0,79.0,135.0
400,6,CAM001,223,1.6189507896390434,6885,True,613b4d1e-c528-4ef5-91ef-1fde52080565,Eastbound,2025-11-18 13:00:18.173399,481.0,247.0,120.0,133.0
399,9,CAM001,220,2.018988464358901,6885,True,613b4d1e-c528-4ef5-91ef-1fde52080565,Eastbound,2025-11-18 13:00:18.169507,377.0,241.0,97.0,101.0
398,8,CAM002,268,1.90910252766413,6815,True,ec790070-4835-4864-80a9-221ef0ed2582,Westbound,2025-11-18 13:00:17.746808,346.0,386.0,136.0,137.0
397,4,CAM002,240,1.7088200362259784,6815,True,ec790070-4835-4864-80a9-221ef0ed2582,Westbound,2025-11-18 13:00:17.744806,560.0,355.0,93.0,150.0
396,3,CAM002,216,1.9884693524212422,6815,True,ec790070-4835-4864-80a9-221ef0ed2582,Westbound,2025-11-18 13:00:17.742730,251.0,368.0,128.0,164.0
395,2,CAM002,207,2.0048227598169106,6815,True,ec790070-4835-4864-80a9-221ef0ed2582,Westbound,2025-11-18 13:00:17.740735,658.0,311.0,285.0,225.0
394,6,CAM002,76,1.7441501494509606,6815,True,ec790070-4835-4864-80a9-221ef0ed2582,Westbound,2025-11-18 13:00:17.736220,400.0,348.0,228.0,192.0
393,9,CAM001,275,2.03226481946483,6880,True,613b4d1e-c528-4ef5-91ef-1fde52080565,Eastbound,2025-11-18 13:00:12.647578,284.0,216.0,120.0,133.0
392,4,CAM001,271,1.6135175766236363,6880,True,613b4d1e-c528-4ef5-91ef-1fde52080565,Eastbound,2025-11-18 13:00:12.645578,608.0,244.0,71.0,114.0
391,1,CAM001,256,1.9963901641972792,6880,True,613b4d1e-c528-4ef5-91ef-1fde52080565,Eastbound,2025-11-18 13:00:12.643578,720.0,244.0,80.0,140.0
390,6,CAM001,223,1.6001955107037293,6880,True,613b4d1e-c528-4ef5-91ef-1fde52080565,Eastbound,2025-11-18 13:00:12.642578,482.0,246.0,120.0,134.0
389,3,CAM001,220,1.4817840780146554,6880,True,613b4d1e-c528-4ef5-91ef-1fde52080565,Eastbound,2025-11-18 13:00:12.640151,381.0,240.0,96.0,103.0
388,8,CAM002,268,2.0103766689070706,6810,True,ec790070-4835-4864-80a9-221ef0ed2582,Westbound,2025-11-18 13:00:12.243876,362.0,387.0,105.0,103.0
387,4,CAM002,240,1.669415123912404,6810,True,ec790070-4835-4864-80a9-221ef0ed2582,Westbound,2025-11-18 13:00:12.241871,560.0,356.0,92.0,149.0
386,3,CAM002,216,1.5700358637575231,6810,True,ec790070-4835-4864-80a9-221ef0ed2582,Westbound,2025-11-18 13:00:12.239139,252.0,368.0,127.0,163.0
385,2,CAM002,207,2.0159575049502014,6810,True,ec790070-4835-4864-80a9-221ef0ed2582,Westbound,2025-11-18 13:00:12.238088,650.0,314.0,282.0,222.0
384,6,CAM002,76,1.7060551653342475,6810,True,ec790070-4835-4864-80a9-221ef0ed2582,Westbound,2025-11-18 13:00:12.235467,400.0,347.0,229.0,193.0
383,9,CAM001,275,1.998766102442561,6875,True,613b4d1e-c528-4ef5-91ef-1fde52080565,Eastbound,2025-11-18 13:00:07.704261,284.0,216.0,120.0,133.0
382,4,CAM001,271,1.598305860306736,6875,True,613b4d1e-c528-4ef5-91ef-1fde52080565,Eastbound,2025-11-18 13:00:07.702262,608.0,244.0,71.0,114.0
381,1,CAM001,256,2.0296961164058107,6875,True,613b4d1e-c528-4ef5-91ef-1fde52080565,Eastbound,2025-11-18 13:00:07.701261,716.0,244.0,85.0,150.0
380,6,CAM001,223,1.6172097182362641,6875,True,613b4d1e-c528-4ef5-91ef-1fde52080565,Eastbound,2025-11-18 13:00:07.699257,482.0,244.0,121.0,135.0
379,3,CAM001,220,1.5293859719537874,6875,True,613b4d1e-c528-4ef5-91ef-1fde52080565,Eastbound,2025-11-18 13:00:07.695740,386.0,240.0,99.0,103.0
378,8,CAM002,268,2.0194550122484993,6805,True,ec790070-4835-4864-80a9-221ef0ed2582,Westbound,2025-11-18 13:00:07.278462,363.0,387.0,102.0,102.0
377,4,CAM002,240,1.6393747453252483,6805,True,ec790070-4835-4864-80a9-221ef0ed2582,Westbound,2025-11-18 13:00:07.275951,559.0,356.0,93.0,149.0
376,3,CAM002,216,1.515411378028323,6805,True,ec790070-4835-4864-80a9-221ef0ed2582,Westbound,2025-11-18 13:00:07.272955,252.0,369.0,128.0,163.0
375,2,CAM002,207,1.9767286456732847,6805,True,ec790070-4835-4864-80a9-221ef0ed2582,Westbound,2025-11-18 13:00:07.271951,652.0,315.0,289.0,221.0
374,6,CAM002,76,1.6711805557639534,6805,True,ec790070-4835-4864-80a9-221ef0ed2582,Westbound,2025-11-18 13:00:07.268956,400.0,347.0,228.0,193.0
373,9,CAM001,275,1.9460960280138981,6870,True,613b4d1e-c528-4ef5-91ef-1fde52080565,Eastbound,2025-11-18 13:00:03.172607,282.0,208.0,122.0,139.0
372,4,CAM001,271,1.626433769620227,6870,True,613b4d1e-c528-4ef5-91ef-1fde52080565,Eastbound,2025-11-18 13:00:03.170607,608.0,245.0,70.0,112.0
371,1,CAM001,256,1.9301959077951443,6870,True,613b4d1e-c528-4ef5-91ef-1fde52080565,Eastbound,2025-11-18 13:00:03.169601,716.0,244.0,87.0,146.0
370,6,CAM001,223,1.64253556795443,6870,True,613b4d1e-c528-4ef5-91ef-1fde52080565,Eastbound,2025-11-18 13:00:03.167494,482.0,245.0,119.0,134.0
369,3,CAM001,220,1.5267837155144603,6870,True,613b4d1e-c528-4ef5-91ef-1fde52080565,Eastbound,2025-11-18 13:00:03.163890,379.0,241.0,105.0,102.0
368,8,CAM002,268,2.0401536737691033,6800,True,ec790070-4835-4864-80a9-221ef0ed2582,Westbound,2025-11-18 13:00:02.767120,364.0,388.0,102.0,103.0
367,4,CAM002,240,1.670690858757083,6800,True,ec790070-4835-4864-80a9-221ef0ed2582,Westbound,2025-11-18 13:00:02.765614,559.0,356.0,93.0,149.0
366,3,CAM002,216,1.57648559525507,6800,True,ec790070-4835-4864-80a9-221ef0ed2582,Westbound,2025-11-18 13:00:02.762723,251.0,367.0,128.0,163.0
365,2,CAM002,207,2.034946376738678,6800,True,ec790070-4835-4864-80a9-221ef0ed2582,Westbound,2025-11-18 13:00:02.760615,669.0,316.0,278.0,218.0
364,6,CAM002,76,1.7082869700617231,6800,True,ec790070-4835-4864-80a9-221ef0ed2582,Westbound,2025-11-18 13:00:02.757119,400.0,347.0,229.0,193.0
363,9,CAM001,275,2.0259699205424875,6865,True,613b4d1e-c528-4ef5-91ef-1fde52080565,Eastbound,2025-11-18 12:59:58.506932,276.0,197.0,129.0,146.0
362,4,CAM001,271,1.6061394905835304,6865,True,613b4d1e-c528-4ef5-91ef-1fde52080565,Eastbound,2025-11-18 12:59:58.504931,608.0,245.0,70.0,112.0
361,1,CAM001,256,1.972312155647636,6865,True,613b4d1e-c528-4ef5-91ef-1fde52080565,Eastbound,2025-11-18 12:59:58.503932,720.0,246.0,81.0,132.0
360,6,CAM001,223,1.6224298329955544,6865,True,613b4d1e-c528-4ef5-91ef-1fde52080565,Eastbound,2025-11-18 12:59:58.501932,482.0,246.0,119.0,134.0
359,3,CAM001,220,1.529046867290583,6865,True,613b4d1e-c528-4ef5-91ef-1fde52080565,Eastbound,2025-11-18 12:59:58.498038,373.0,242.0,106.0,101.0
358,8,CAM002,268,2.004645999870798,6795,True,ec790070-4835-4864-80a9-221ef0ed2582,Westbound,2025-11-18 12:59:58.096701,365.0,387.0,99.0,103.0
357,4,CAM002,240,1.638826770362627,6795,True,ec790070-4835-4864-80a9-221ef0ed2582,Westbound,2025-11-18 12:59:58.094898,560.0,355.0,92.0,150.0
356,3,CAM002,216,1.5308421564688086,6795,True,ec790070-4835-4864-80a9-221ef0ed2582,Westbound,2025-11-18 12:59:58.093173,252.0,369.0,129.0,162.0
355,2,CAM002,207,1.9525047488662592,6795,True,ec790070-4835-4864-80a9-221ef0ed2582,Westbound,2025-11-18 12:59:58.090310,659.0,317.0,261.0,218.0
354,6,CAM002,76,1.6680644578683084,6795,True,ec790070-4835-4864-80a9-221ef0ed2582,Westbound,2025-11-18 12:59:58.086713,400.0,347.0,228.0,193.0
353,9,CAM001,275,1.936359692045166,6860,True,613b4d1e-c528-4ef5-91ef-1fde52080565,Eastbound,2025-11-18 12:59:53.565364,273.0,201.0,128.0,142.0
352,4,CAM001,271,1.6493065580219624,6860,True,613b4d1e-c528-4ef5-91ef-1fde52080565,Eastbound,2025-11-18 12:59:53.563428,608.0,245.0,69.0,114.0
351,1,CAM001,256,1.9235352305694717,6860,True,613b4d1e-c528-4ef5-91ef-1fde52080565,Eastbound,2025-11-18 12:59:53.562429,723.0,247.0,76.0,130.0
350,6,CAM001,223,1.6716639598084742,6860,True,613b4d1e-c528-4ef5-91ef-1fde52080565,Eastbound,2025-11-18 12:59:53.560423,482.0,247.0,118.0,133.0
349,3,CAM001,220,1.5720424404081004,6860,True,613b4d1e-c528-4ef5-91ef-1fde52080565,Eastbound,2025-11-18 12:59:53.558445,374.0,244.0,104.0,99.0
348,8,CAM002,268,1.9951482374649787,6790,True,ec790070-4835-4864-80a9-221ef0ed2582,Westbound,2025-11-18 12:59:53.110839,368.0,387.0,92.0,101.0
347,4,CAM002,240,1.7035698852024663,6790,True,ec790070-4835-4864-80a9-221ef0ed2582,Westbound,2025-11-18 12:59:53.107824,559.0,355.0,93.0,150.0
346,3,CAM002,216,1.6362580083705565,6790,True,ec790070-4835-4864-80a9-221ef0ed2582,Westbound,2025-11-18 12:59:53.104792,253.0,369.0,129.0,161.0
345,2,CAM002,207,1.9500358420930761,6790,True,ec790070-4835-4864-80a9-221ef0ed2582,Westbound,2025-11-18 12:59:53.102793,635.0,316.0,284.0,220.0
344,6,CAM002,76,1.7368843060218595,6790,True,ec790070-4835-4864-80a9-221ef0ed2582,Westbound,2025-11-18 12:59:53.097792,399.0,347.0,229.0,193.0
343,9,CAM001,275,1.9488222561785653,6855,True,613b4d1e-c528-4ef5-91ef-1fde52080565,Eastbound,2025-11-18 12:59:47.977334,274.0,209.0,129.0,138.0
342,4,CAM001,271,1.5671807593744664,6855,True,613b4d1e-c528-4ef5-91ef-1fde52080565,Eastbound,2025-11-18 12:59:47.975707,607.0,244.0,71.0,116.0
341,1,CAM001,256,2.007443599705158,6855,True,613b4d1e-c528-4ef5-91ef-1fde52080565,Eastbound,2025-11-18 12:59:47.973719,718.0,245.0,84.0,143.0
340,6,CAM001,223,1.5727579232913296,6855,True,613b4d1e-c528-4ef5-91ef-1fde52080565,Eastbound,2025-11-18 12:59:47.972714,484.0,246.0,117.0,134.0
339,3,CAM001,220,1.4187645133177276,6855,True,613b4d1e-c528-4ef5-91ef-1fde52080565,Eastbound,2025-11-18 12:59:47.969707,375.0,246.0,102.0,97.0
338,8,CAM002,268,1.9363971492410934,6785,True,ec790070-4835-4864-80a9-221ef0ed2582,Westbound,2025-11-18 12:59:47.569730,363.0,387.0,104.0,123.0
337,4,CAM002,240,1.6491416698647343,6785,True,ec790070-4835-4864-80a9-221ef0ed2582,Westbound,2025-11-18 12:59:47.566599,559.0,354.0,93.0,151.0
336,3,CAM002,216,2.018498966918463,6785,True,ec790070-4835-4864-80a9-221ef0ed2582,Westbound,2025-11-18 12:59:47.563967,253.0,367.0,124.0,156.0
335,2,CAM002,207,2.020390954047162,6785,True,ec790070-4835-4864-80a9-221ef0ed2582,Westbound,2025-11-18 12:59:47.560964,660.0,311.0,295.0,225.0
334,6,CAM002,76,1.6740603992805527,6785,True,ec790070-4835-4864-80a9-221ef0ed2582,Westbound,2025-11-18 12:59:47.557969,400.0,347.0,228.0,193.0
333,9,CAM001,275,2.0162382272154615,6850,True,613b4d1e-c528-4ef5-91ef-1fde52080565,Eastbound,2025-11-18 12:59:43.054395,281.0,209.0,137.0,142.0
332,4,CAM001,271,1.592542314412094,6850,True,613b4d1e-c528-4ef5-91ef-1fde52080565,Eastbound,2025-11-18 12:59:43.051393,609.0,242.0,69.0,115.0
331,7,CAM001,270,2.017693102062489,6850,True,613b4d1e-c528-4ef5-91ef-1fde52080565,Eastbound,2025-11-18 12:59:43.050395,761.0,255.0,90.0,175.0
330,1,CAM001,256,1.3250592766529665,6850,True,613b4d1e-c528-4ef5-91ef-1fde52080565,Eastbound,2025-11-18 12:59:43.048393,718.0,246.0,84.0,141.0
329,6,CAM001,223,2.0199382114131246,6850,True,613b4d1e-c528-4ef5-91ef-1fde52080565,Eastbound,2025-11-18 12:59:43.046243,485.0,244.0,117.0,136.0
328,8,CAM002,268,1.921189505725944,6780,True,ec790070-4835-4864-80a9-221ef0ed2582,Westbound,2025-11-18 12:59:42.490405,355.0,386.0,118.0,136.0
327,4,CAM002,240,1.6837127463235817,6780,True,ec790070-4835-4864-80a9-221ef0ed2582,Westbound,2025-11-18 12:59:42.489405,559.0,353.0,93.0,152.0
326,3,CAM002,216,1.9765273429116976,6780,True,ec790070-4835-4864-80a9-221ef0ed2582,Westbound,2025-11-18 12:59:42.486399,253.0,369.0,125.0,156.0
325,2,CAM002,207,2.002632394408989,6780,True,ec790070-4835-4864-80a9-221ef0ed2582,Westbound,2025-11-18 12:59:42.484894,660.0,314.0,286.0,222.0
324,1,CAM002,76,2.0124283903776865,6780,True,ec790070-4835-4864-80a9-221ef0ed2582,Westbound,2025-11-18 12:59:42.482895,400.0,348.0,228.0,192.0
323,6,CAM001,276,2.014362945327588,6845,True,613b4d1e-c528-4ef5-91ef-1fde52080565,Eastbound,2025-11-18 12:59:37.691987,554.0,259.0,48.0,81.0
322,3,CAM001,275,1.4958842788652844,6845,True,613b4d1e-c528-4ef5-91ef-1fde52080565,Eastbound,2025-11-18 12:59:37.689986,277.0,209.0,146.0,142.0
321,4,CAM001,271,1.647815370586961,6845,True,613b4d1e-c528-4ef5-91ef-1fde52080565,Eastbound,2025-11-18 12:59:37.688986,606.0,242.0,74.0,124.0
320,1,CAM001,270,1.3934916749063122,6845,True,613b4d1e-c528-4ef5-91ef-1fde52080565,Eastbound,2025-11-18 12:59:37.686981,765.0,265.0,83.0,163.0
319,7,CAM001,256,2.0352152345802814,6845,True,613b4d1e-c528-4ef5-91ef-1fde52080565,Eastbound,2025-11-18 12:59:37.684472,720.0,248.0,81.0,138.0
318,8,CAM001,223,1.551316097624546,6845,True,613b4d1e-c528-4ef5-91ef-1fde52080565,Eastbound,2025-11-18 12:59:37.682471,482.0,250.0,107.0,129.0
317,9,CAM001,220,2.0361701310523403,6845,True,613b4d1e-c528-4ef5-91ef-1fde52080565,Eastbound,2025-11-18 12:59:37.678472,375.0,245.0,103.0,98.0
316,8,CAM002,268,1.8960542700100098,6775,True,ec790070-4835-4864-80a9-221ef0ed2582,Westbound,2025-11-18 12:59:37.103334,368.0,385.0,91.0,119.0
315,4,CAM002,240,1.7154798816943582,6775,True,ec790070-4835-4864-80a9-221ef0ed2582,Westbound,2025-11-18 12:59:37.100334,558.0,353.0,94.0,152.0
314,3,CAM002,216,1.9852361165611376,6775,True,ec790070-4835-4864-80a9-221ef0ed2582,Westbound,2025-11-18 12:59:37.097333,253.0,369.0,129.0,163.0
313,2,CAM002,207,1.5753485129877318,6775,True,ec790070-4835-4864-80a9-221ef0ed2582,Westbound,2025-11-18 12:59:37.095266,656.0,315.0,286.0,221.0
312,1,CAM002,76,1.6585930330861414,6775,True,ec790070-4835-4864-80a9-221ef0ed2582,Westbound,2025-11-18 12:59:37.091265,400.0,349.0,227.0,191.0
311,6,CAM001,275,1.9905057004700746,6840,True,613b4d1e-c528-4ef5-91ef-1fde52080565,Eastbound,2025-11-18 12:59:32.538588,277.0,215.0,136.0,129.0
310,4,CAM001,271,1.592926216701183,6840,True,613b4d1e-c528-4ef5-91ef-1fde52080565,Eastbound,2025-11-18 12:59:32.536475,604.0,247.0,76.0,125.0
309,2,CAM001,270,1.3091032242269924,6840,True,613b4d1e-c528-4ef5-91ef-1fde52080565,Eastbound,2025-11-18 12:59:32.534876,779.0,280.0,56.0,144.0
308,7,CAM001,256,1.4636194352833185,6840,True,613b4d1e-c528-4ef5-91ef-1fde52080565,Eastbound,2025-11-18 12:59:32.532858,720.0,248.0,81.0,138.0
307,1,CAM001,223,1.8848203959788752,6840,True,613b4d1e-c528-4ef5-91ef-1fde52080565,Eastbound,2025-11-18 12:59:32.530861,475.0,257.0,108.0,121.0
306,9,CAM001,220,1.994815683603202,6840,True,613b4d1e-c528-4ef5-91ef-1fde52080565,Eastbound,2025-11-18 12:59:32.528891,375.0,243.0,103.0,99.0
305,8,CAM002,268,2.031319656251778,6770,True,ec790070-4835-4864-80a9-221ef0ed2582,Westbound,2025-11-18 12:59:32.092205,356.0,381.0,116.0,159.0
304,4,CAM002,240,1.6346551539213485,6770,True,ec790070-4835-4864-80a9-221ef0ed2582,Westbound,2025-11-18 12:59:32.091198,559.0,353.0,93.0,153.0
303,3,CAM002,216,1.993655021353717,6770,True,ec790070-4835-4864-80a9-221ef0ed2582,Westbound,2025-11-18 12:59:32.089201,251.0,367.0,132.0,167.0
302,7,CAM002,207,1.5399783085871634,6770,True,ec790070-4835-4864-80a9-221ef0ed2582,Westbound,2025-11-18 12:59:32.087152,662.0,315.0,280.0,221.0
301,2,CAM002,76,2.0361233093529343,6770,True,ec790070-4835-4864-80a9-221ef0ed2582,Westbound,2025-11-18 12:59:32.083479,400.0,349.0,228.0,191.0
300,6,CAM001,275,1.904031511769588,6835,True,613b4d1e-c528-4ef5-91ef-1fde52080565,Eastbound,2025-11-18 12:59:27.945720,278.0,224.0,130.0,121.0
299,4,CAM001,271,1.5921232042976259,6835,True,613b4d1e-c528-4ef5-91ef-1fde52080565,Eastbound,2025-11-18 12:59:27.943719,609.0,246.0,70.0,112.0
298,7,CAM001,256,1.4648856495411915,6835,True,613b4d1e-c528-4ef5-91ef-1fde52080565,Eastbound,2025-11-18 12:59:27.942719,720.0,248.0,81.0,137.0
297,1,CAM001,223,2.039767414494821,6835,True,613b4d1e-c528-4ef5-91ef-1fde52080565,Eastbound,2025-11-18 12:59:27.940718,481.0,245.0,122.0,134.0
296,9,CAM001,220,1.9877002324111603,6835,True,613b4d1e-c528-4ef5-91ef-1fde52080565,Eastbound,2025-11-18 12:59:27.937714,377.0,243.0,103.0,98.0
295,8,CAM002,268,1.9161459329154573,6765,True,ec790070-4835-4864-80a9-221ef0ed2582,Westbound,2025-11-18 12:59:27.544774,355.0,380.0,116.0,160.0
294,4,CAM002,240,1.6435631239835797,6765,True,ec790070-4835-4864-80a9-221ef0ed2582,Westbound,2025-11-18 12:59:27.542774,560.0,357.0,92.0,150.0
293,3,CAM002,216,2.0281618520706433,6765,True,ec790070-4835-4864-80a9-221ef0ed2582,Westbound,2025-11-18 12:59:27.541772,253.0,369.0,129.0,164.0
292,7,CAM002,207,1.5523152616115357,6765,True,ec790070-4835-4864-80a9-221ef0ed2582,Westbound,2025-11-18 12:59:27.539773,659.0,313.0,280.0,223.0
291,2,CAM002,76,2.0051699157437155,6765,True,ec790070-4835-4864-80a9-221ef0ed2582,Westbound,2025-11-18 12:59:27.537769,399.0,348.0,228.0,192.0
290,6,CAM001,275,1.9988775878980312,6830,True,613b4d1e-c528-4ef5-91ef-1fde52080565,Eastbound,2025-11-18 12:59:23.710697,283.0,240.0,114.0,105.0
289,4,CAM001,271,1.5949951047351834,6830,True,613b4d1e-c528-4ef5-91ef-1fde52080565,Eastbound,2025-11-18 12:59:23.707664,608.0,246.0,71.0,113.0
288,7,CAM001,256,1.4594926340444991,6830,True,613b4d1e-c528-4ef5-91ef-1fde52080565,Eastbound,2025-11-18 12:59:23.706664,720.0,246.0,81.0,140.0
287,1,CAM001,223,2.0160263897643365,6830,True,613b4d1e-c528-4ef5-91ef-1fde52080565,Eastbound,2025-11-18 12:59:23.705152,481.0,245.0,122.0,134.0
286,9,CAM001,220,2.0249621330845398,6830,True,613b4d1e-c528-4ef5-91ef-1fde52080565,Eastbound,2025-11-18 12:59:23.702146,381.0,245.0,99.0,96.0
285,4,CAM002,240,1.6071677994035425,6760,True,ec790070-4835-4864-80a9-221ef0ed2582,Westbound,2025-11-18 12:59:23.319890,560.0,359.0,92.0,148.0
284,3,CAM002,216,1.994188809604656,6760,True,ec790070-4835-4864-80a9-221ef0ed2582,Westbound,2025-11-18 12:59:23.317891,254.0,372.0,126.0,162.0
283,7,CAM002,207,1.5183890064265022,6760,True,ec790070-4835-4864-80a9-221ef0ed2582,Westbound,2025-11-18 12:59:23.315546,666.0,311.0,278.0,225.0
282,2,CAM002,76,2.036920580790922,6760,True,ec790070-4835-4864-80a9-221ef0ed2582,Westbound,2025-11-18 12:59:23.312546,398.0,347.0,228.0,193.0
281,6,CAM001,275,1.9593605800607072,6825,True,613b4d1e-c528-4ef5-91ef-1fde52080565,Eastbound,2025-11-18 12:59:19.272032,282.0,243.0,107.0,102.0
280,4,CAM001,271,1.5812144662137382,6825,True,613b4d1e-c528-4ef5-91ef-1fde52080565,Eastbound,2025-11-18 12:59:19.269952,608.0,245.0,71.0,114.0
279,7,CAM001,256,1.4699588419949097,6825,True,613b4d1e-c528-4ef5-91ef-1fde52080565,Eastbound,2025-11-18 12:59:19.268030,719.0,245.0,83.0,141.0
278,1,CAM001,223,2.0196594758977082,6825,True,613b4d1e-c528-4ef5-91ef-1fde52080565,Eastbound,2025-11-18 12:59:19.267034,481.0,246.0,121.0,134.0
277,9,CAM001,220,2.0267668863633803,6825,True,613b4d1e-c528-4ef5-91ef-1fde52080565,Eastbound,2025-11-18 12:59:19.264264,380.0,245.0,99.0,97.0
276,8,CAM002,268,2.0196802967666203,6755,True,ec790070-4835-4864-80a9-221ef0ed2582,Westbound,2025-11-18 12:59:18.889994,360.0,387.0,110.0,153.0
275,4,CAM002,240,1.6402517087352313,6755,True,ec790070-4835-4864-80a9-221ef0ed2582,Westbound,2025-11-18 12:59:18.887992,559.0,356.0,93.0,150.0
274,3,CAM002,216,1.9695667364202007,6755,True,ec790070-4835-4864-80a9-221ef0ed2582,Westbound,2025-11-18 12:59:18.885477,252.0,371.0,129.0,166.0
273,7,CAM002,207,1.5586648762417794,6755,True,ec790070-4835-4864-80a9-221ef0ed2582,Westbound,2025-11-18 12:59:18.883478,664.0,311.0,268.0,225.0
272,2,CAM002,76,2.032821799169362,6755,True,ec790070-4835-4864-80a9-221ef0ed2582,Westbound,2025-11-18 12:59:18.880505,400.0,347.0,226.0,193.0
271,6,CAM001,275,1.9247582498703812,6820,True,613b4d1e-c528-4ef5-91ef-1fde52080565,Eastbound,2025-11-18 12:59:14.666676,277.0,237.0,113.0,110.0
270,4,CAM001,271,1.6003975871578566,6820,True,613b4d1e-c528-4ef5-91ef-1fde52080565,Eastbound,2025-11-18 12:59:14.664163,608.0,245.0,71.0,114.0
269,7,CAM001,256,1.487871059265415,6820,True,613b4d1e-c528-4ef5-91ef-1fde52080565,Eastbound,2025-11-18 12:59:14.663163,720.0,246.0,81.0,138.0
268,1,CAM001,223,2.0156525869951567,6820,True,613b4d1e-c528-4ef5-91ef-1fde52080565,Eastbound,2025-11-18 12:59:14.662164,480.0,246.0,122.0,134.0
267,9,CAM001,220,1.999498564550649,6820,True,613b4d1e-c528-4ef5-91ef-1fde52080565,Eastbound,2025-11-18 12:59:14.660182,381.0,244.0,100.0,99.0
266,8,CAM002,268,2.0146218228337864,6750,True,ec790070-4835-4864-80a9-221ef0ed2582,Westbound,2025-11-18 12:59:14.228403,360.0,387.0,110.0,153.0
265,4,CAM002,240,1.6464195354850275,6750,True,ec790070-4835-4864-80a9-221ef0ed2582,Westbound,2025-11-18 12:59:14.225377,558.0,352.0,96.0,155.0
264,3,CAM002,216,2.017886840886609,6750,True,ec790070-4835-4864-80a9-221ef0ed2582,Westbound,2025-11-18 12:59:14.223689,250.0,368.0,134.0,172.0
263,7,CAM002,207,1.594538303003073,6750,True,ec790070-4835-4864-80a9-221ef0ed2582,Westbound,2025-11-18 12:59:14.221706,658.0,314.0,262.0,222.0
262,2,CAM002,76,2.0385204268429,6750,True,ec790070-4835-4864-80a9-221ef0ed2582,Westbound,2025-11-18 12:59:14.216682,402.0,347.0,225.0,193.0
261,6,CAM001,275,2.0081918612602063,6815,True,613b4d1e-c528-4ef5-91ef-1fde52080565,Eastbound,2025-11-18 12:59:09.261518,275.0,223.0,127.0,123.0
260,4,CAM001,271,1.6436182224038915,6815,True,613b4d1e-c528-4ef5-91ef-1fde52080565,Eastbound,2025-11-18 12:59:09.259517,609.0,245.0,70.0,112.0
259,7,CAM001,256,1.5568882879986479,6815,True,613b4d1e-c528-4ef5-91ef-1fde52080565,Eastbound,2025-11-18 12:59:09.258521,719.0,247.0,82.0,140.0
258,1,CAM001,223,2.023951218409867,6815,True,613b4d1e-c528-4ef5-91ef-1fde52080565,Eastbound,2025-11-18 12:59:09.256518,482.0,245.0,122.0,135.0
257,9,CAM001,220,2.019529066735257,6815,True,613b4d1e-c528-4ef5-91ef-1fde52080565,Eastbound,2025-11-18 12:59:09.253929,382.0,242.0,98.0,100.0
256,8,CAM002,268,2.033643206157281,6745,True,ec790070-4835-4864-80a9-221ef0ed2582,Westbound,2025-11-18 12:59:08.765139,360.0,386.0,110.0,154.0
255,4,CAM002,240,1.6640389594772744,6745,True,ec790070-4835-4864-80a9-221ef0ed2582,Westbound,2025-11-18 12:59:08.763508,558.0,354.0,95.0,153.0
254,3,CAM002,216,1.9860391395662997,6745,True,ec790070-4835-4864-80a9-221ef0ed2582,Westbound,2025-11-18 12:59:08.761507,251.0,367.0,133.0,168.0
253,7,CAM002,207,1.639865045786381,6745,True,ec790070-4835-4864-80a9-221ef0ed2582,Westbound,2025-11-18 12:59:08.760506,657.0,313.0,261.0,222.0
252,2,CAM002,76,2.0383253781995623,6745,True,ec790070-4835-4864-80a9-221ef0ed2582,Westbound,2025-11-18 12:59:08.757523,402.0,347.0,225.0,193.0
251,6,CAM001,275,2.0016176574999784,6810,True,613b4d1e-c528-4ef5-91ef-1fde52080565,Eastbound,2025-11-18 12:59:03.678977,277.0,220.0,128.0,125.0
250,4,CAM001,271,1.6878726507639585,6810,True,613b4d1e-c528-4ef5-91ef-1fde52080565,Eastbound,2025-11-18 12:59:03.676981,609.0,245.0,69.0,112.0
249,7,CAM001,256,1.6144304809620433,6810,True,613b4d1e-c528-4ef5-91ef-1fde52080565,Eastbound,2025-11-18 12:59:03.674969,718.0,245.0,83.0,142.0
248,1,CAM001,223,2.029428711688624,6810,True,613b4d1e-c528-4ef5-91ef-1fde52080565,Eastbound,2025-11-18 12:59:03.672497,484.0,246.0,120.0,134.0
247,9,CAM001,220,2.019527138071083,6810,True,613b4d1e-c528-4ef5-91ef-1fde52080565,Eastbound,2025-11-18 12:59:03.670496,382.0,241.0,98.0,100.0
246,8,CAM002,268,2.0346939467125695,6740,True,ec790070-4835-4864-80a9-221ef0ed2582,Westbound,2025-11-18 12:59:03.047194,360.0,386.0,109.0,154.0
245,4,CAM002,240,1.6650786981102386,6740,True,ec790070-4835-4864-80a9-221ef0ed2582,Westbound,2025-11-18 12:59:03.046193,559.0,356.0,93.0,151.0
244,3,CAM002,216,1.9928617932797552,6740,True,ec790070-4835-4864-80a9-221ef0ed2582,Westbound,2025-11-18 12:59:03.043606,253.0,366.0,127.0,159.0
243,7,CAM002,207,1.5842541307415872,6740,True,ec790070-4835-4864-80a9-221ef0ed2582,Westbound,2025-11-18 12:59:03.042639,656.0,312.0,259.0,222.0
242,2,CAM002,76,2.0317908046381636,6740,True,ec790070-4835-4864-80a9-221ef0ed2582,Westbound,2025-11-18 12:59:03.039684,402.0,348.0,225.0,192.0
241,6,CAM001,275,2.0078037161329783,6805,True,613b4d1e-c528-4ef5-91ef-1fde52080565,Eastbound,2025-11-18 12:58:58.257130,281.0,220.0,126.0,124.0
240,4,CAM001,271,1.6345416244067905,6805,True,613b4d1e-c528-4ef5-91ef-1fde52080565,Eastbound,2025-11-18 12:58:58.255086,609.0,245.0,69.0,112.0
239,7,CAM001,256,1.5578206686204215,6805,True,613b4d1e-c528-4ef5-91ef-1fde52080565,Eastbound,2025-11-18 12:58:58.252558,720.0,245.0,81.0,139.0
238,1,CAM001,223,2.0310346571720035,6805,True,613b4d1e-c528-4ef5-91ef-1fde52080565,Eastbound,2025-11-18 12:58:58.248605,484.0,245.0,120.0,134.0
237,9,CAM001,220,2.028019615084279,6805,True,613b4d1e-c528-4ef5-91ef-1fde52080565,Eastbound,2025-11-18 12:58:58.245543,385.0,242.0,96.0,98.0
236,8,CAM002,268,2.03378728352448,6735,True,ec790070-4835-4864-80a9-221ef0ed2582,Westbound,2025-11-18 12:58:57.728428,360.0,387.0,109.0,153.0
235,4,CAM002,240,1.6886713624328356,6735,True,ec790070-4835-4864-80a9-221ef0ed2582,Westbound,2025-11-18 12:58:57.726412,560.0,356.0,92.0,151.0
234,3,CAM002,216,1.9835342739397328,6735,True,ec790070-4835-4864-80a9-221ef0ed2582,Westbound,2025-11-18 12:58:57.723815,254.0,366.0,125.0,156.0
233,7,CAM002,207,1.6517931914513135,6735,True,ec790070-4835-4864-80a9-221ef0ed2582,Westbound,2025-11-18 12:58:57.721815,654.0,312.0,262.0,223.0
232,2,CAM002,76,2.028806166235107,6735,True,ec790070-4835-4864-80a9-221ef0ed2582,Westbound,2025-11-18 12:58:57.718811,403.0,348.0,225.0,192.0
231,3,CAM001,275,1.5681866976873402,6800,True,613b4d1e-c528-4ef5-91ef-1fde52080565,Eastbound,2025-11-18 12:58:52.927720,281.0,220.0,124.0,124.0
230,4,CAM001,271,1.645767524746463,6800,True,613b4d1e-c528-4ef5-91ef-1fde52080565,Eastbound,2025-11-18 12:58:52.924703,609.0,245.0,70.0,114.0
229,6,CAM001,258,1.9692335641129535,6800,True,613b4d1e-c528-4ef5-91ef-1fde52080565,Eastbound,2025-11-18 12:58:52.921192,340.0,213.0,80.0,131.0
228,7,CAM001,256,1.5607083668716697,6800,True,613b4d1e-c528-4ef5-91ef-1fde52080565,Eastbound,2025-11-18 12:58:52.919191,721.0,247.0,81.0,141.0
227,1,CAM001,223,2.011459528834952,6800,True,613b4d1e-c528-4ef5-91ef-1fde52080565,Eastbound,2025-11-18 12:58:52.916184,484.0,244.0,121.0,135.0
226,9,CAM001,220,2.03283650884569,6800,True,613b4d1e-c528-4ef5-91ef-1fde52080565,Eastbound,2025-11-18 12:58:52.913630,384.0,243.0,96.0,97.0
225,8,CAM002,268,2.03665038898614,6730,True,ec790070-4835-4864-80a9-221ef0ed2582,Westbound,2025-11-18 12:58:52.400878,359.0,387.0,110.0,153.0
224,4,CAM002,240,1.6936767030603819,6730,True,ec790070-4835-4864-80a9-221ef0ed2582,Westbound,2025-11-18 12:58:52.397777,560.0,356.0,92.0,150.0
223,3,CAM002,216,2.0112149874928136,6730,True,ec790070-4835-4864-80a9-221ef0ed2582,Westbound,2025-11-18 12:58:52.395769,257.0,366.0,120.0,154.0
222,7,CAM002,207,1.6630478050892705,6730,True,ec790070-4835-4864-80a9-221ef0ed2582,Westbound,2025-11-18 12:58:52.393344,664.0,313.0,258.0,223.0
221,2,CAM002,76,2.035944412711247,6730,True,ec790070-4835-4864-80a9-221ef0ed2582,Westbound,2025-11-18 12:58:52.391358,401.0,347.0,226.0,193.0
220,6,CAM001,275,2.0347872193635155,6795,True,613b4d1e-c528-4ef5-91ef-1fde52080565,Eastbound,2025-11-18 12:58:47.105928,276.0,245.0,101.0,101.0
219,4,CAM001,271,1.5516448697287928,6795,True,613b4d1e-c528-4ef5-91ef-1fde52080565,Eastbound,2025-11-18 12:58:47.104202,608.0,245.0,71.0,114.0
218,3,CAM001,258,1.4023295081743428,6795,True,613b4d1e-c528-4ef5-91ef-1fde52080565,Eastbound,2025-11-18 12:58:47.102198,347.0,225.0,69.0,100.0
217,7,CAM001,256,1.430822290548881,6795,True,613b4d1e-c528-4ef5-91ef-1fde52080565,Eastbound,2025-11-18 12:58:47.100196,720.0,248.0,83.0,142.0
216,1,CAM001,223,2.007561584677048,6795,True,613b4d1e-c528-4ef5-91ef-1fde52080565,Eastbound,2025-11-18 12:58:47.098196,483.0,246.0,122.0,133.0
215,9,CAM001,220,1.9998121274031881,6795,True,613b4d1e-c528-4ef5-91ef-1fde52080565,Eastbound,2025-11-18 12:58:47.095079,382.0,244.0,97.0,97.0
214,8,CAM002,268,2.020816248420105,6725,True,ec790070-4835-4864-80a9-221ef0ed2582,Westbound,2025-11-18 12:58:46.629225,359.0,387.0,109.0,153.0
213,4,CAM002,240,1.6649641727973945,6725,True,ec790070-4835-4864-80a9-221ef0ed2582,Westbound,2025-11-18 12:58:46.627228,559.0,353.0,94.0,153.0
212,3,CAM002,216,2.020767120076243,6725,True,ec790070-4835-4864-80a9-221ef0ed2582,Westbound,2025-11-18 12:58:46.625083,257.0,366.0,119.0,156.0
211,7,CAM002,207,1.989570385580735,6725,True,ec790070-4835-4864-80a9-221ef0ed2582,Westbound,2025-11-18 12:58:46.622513,669.0,313.0,246.0,223.0
210,2,CAM002,76,2.0367919320363588,6725,True,ec790070-4835-4864-80a9-221ef0ed2582,Westbound,2025-11-18 12:58:46.618593,400.0,347.0,228.0,193.0
209,3,CAM001,275,1.5713202326425315,6790,True,613b4d1e-c528-4ef5-91ef-1fde52080565,Eastbound,2025-11-18 12:58:42.626737,276.0,245.0,101.0,100.0
208,4,CAM001,271,1.6222870339811153,6790,True,613b4d1e-c528-4ef5-91ef-1fde52080565,Eastbound,2025-11-18 12:58:42.624692,609.0,245.0,69.0,112.0
207,6,CAM001,258,1.7991776799136212,6790,True,613b4d1e-c528-4ef5-91ef-1fde52080565,Eastbound,2025-11-18 12:58:42.623148,358.0,233.0,50.0,80.0
206,7,CAM001,256,1.576277052961775,6790,True,613b4d1e-c528-4ef5-91ef-1fde52080565,Eastbound,2025-11-18 12:58:42.621150,718.0,245.0,86.0,146.0
205,1,CAM001,223,2.0285405745258087,6790,True,613b4d1e-c528-4ef5-91ef-1fde52080565,Eastbound,2025-11-18 12:58:42.619153,482.0,247.0,121.0,132.0
204,9,CAM001,220,1.9812277156124438,6790,True,613b4d1e-c528-4ef5-91ef-1fde52080565,Eastbound,2025-11-18 12:58:42.615241,381.0,243.0,95.0,99.0
203,8,CAM002,268,2.0203588705239492,6720,True,ec790070-4835-4864-80a9-221ef0ed2582,Westbound,2025-11-18 12:58:42.107025,358.0,387.0,107.0,154.0
202,4,CAM002,240,1.6499880338184185,6720,True,ec790070-4835-4864-80a9-221ef0ed2582,Westbound,2025-11-18 12:58:42.105023,558.0,352.0,96.0,154.0
201,3,CAM002,216,1.6061168968347723,6720,True,ec790070-4835-4864-80a9-221ef0ed2582,Westbound,2025-11-18 12:58:42.104018,254.0,357.0,128.0,172.0
200,7,CAM002,207,1.5634120232012696,6720,True,ec790070-4835-4864-80a9-221ef0ed2582,Westbound,2025-11-18 12:58:42.102514,662.0,314.0,239.0,222.0
199,2,CAM002,76,2.0275261336119654,6720,True,ec790070-4835-4864-80a9-221ef0ed2582,Westbound,2025-11-18 12:58:42.098534,400.0,348.0,228.0,192.0
198,4,CAM001,271,1.6165220839954924,6785,True,613b4d1e-c528-4ef5-91ef-1fde52080565,Eastbound,2025-11-18 12:58:37.594092,609.0,243.0,68.0,114.0
197,6,CAM001,258,2.0269714096523592,6785,True,613b4d1e-c528-4ef5-91ef-1fde52080565,Eastbound,2025-11-18 12:58:37.592583,342.0,216.0,81.0,123.0
196,7,CAM001,256,1.5822343573980484,6785,True,613b4d1e-c528-4ef5-91ef-1fde52080565,Eastbound,2025-11-18 12:58:37.590583,718.0,244.0,86.0,144.0
195,1,CAM001,223,2.0316791423043,6785,True,613b4d1e-c528-4ef5-91ef-1fde52080565,Eastbound,2025-11-18 12:58:37.588583,482.0,245.0,122.0,134.0
194,9,CAM001,220,2.0270367218912315,6785,True,613b4d1e-c528-4ef5-91ef-1fde52080565,Eastbound,2025-11-18 12:58:37.585584,384.0,241.0,97.0,100.0
193,8,CAM002,268,1.88151972265786,6715,True,ec790070-4835-4864-80a9-221ef0ed2582,Westbound,2025-11-18 12:58:37.062670,364.0,387.0,97.0,152.0
192,4,CAM002,240,1.6436015454824136,6715,True,ec790070-4835-4864-80a9-221ef0ed2582,Westbound,2025-11-18 12:58:37.059164,559.0,356.0,95.0,150.0
191,3,CAM002,216,1.9515474998736249,6715,True,ec790070-4835-4864-80a9-221ef0ed2582,Westbound,2025-11-18 12:58:37.055164,250.0,354.0,139.0,186.0
190,7,CAM002,207,1.5706595810527217,6715,True,ec790070-4835-4864-80a9-221ef0ed2582,Westbound,2025-11-18 12:58:37.051647,662.0,315.0,232.0,219.0
189,2,CAM002,76,2.019299487814217,6715,True,ec790070-4835-4864-80a9-221ef0ed2582,Westbound,2025-11-18 12:58:37.048665,397.0,349.0,229.0,191.0
188,4,CAM001,271,1.6280551841819542,6780,True,613b4d1e-c528-4ef5-91ef-1fde52080565,Eastbound,2025-11-18 12:58:32.291811,608.0,243.0,68.0,115.0
187,6,CAM001,258,1.8071577068048643,6780,True,613b4d1e-c528-4ef5-91ef-1fde52080565,Eastbound,2025-11-18 12:58:32.288805,344.0,225.0,77.0,100.0
186,7,CAM001,256,1.6046227605476915,6780,True,613b4d1e-c528-4ef5-91ef-1fde52080565,Eastbound,2025-11-18 12:58:32.287801,719.0,244.0,84.0,139.0
185,1,CAM001,223,2.016497052450331,6780,True,613b4d1e-c528-4ef5-91ef-1fde52080565,Eastbound,2025-11-18 12:58:32.285776,482.0,246.0,122.0,133.0
184,9,CAM001,220,2.0058547279694867,6780,True,613b4d1e-c528-4ef5-91ef-1fde52080565,Eastbound,2025-11-18 12:58:32.281594,379.0,241.0,102.0,101.0
183,8,CAM002,271,2.0320505628473353,6710,True,ec790070-4835-4864-80a9-221ef0ed2582,Westbound,2025-11-18 12:58:31.812638,361.0,386.0,107.0,107.0
182,4,CAM002,240,1.6891262359662467,6710,True,ec790070-4835-4864-80a9-221ef0ed2582,Westbound,2025-11-18 12:58:31.810639,561.0,361.0,90.0,145.0
181,3,CAM002,216,1.9909860600814602,6710,True,ec790070-4835-4864-80a9-221ef0ed2582,Westbound,2025-11-18 12:58:31.808638,251.0,371.0,125.0,164.0
180,7,CAM002,207,1.6436589238563253,6710,True,ec790070-4835-4864-80a9-221ef0ed2582,Westbound,2025-11-18 12:58:31.807638,661.0,316.0,226.0,219.0
179,2,CAM002,76,2.015472793620338,6710,True,ec790070-4835-4864-80a9-221ef0ed2582,Westbound,2025-11-18 12:58:31.803633,395.0,348.0,230.0,192.0
178,6,CAM001,273,1.9913527676852236,6775,True,613b4d1e-c528-4ef5-91ef-1fde52080565,Eastbound,2025-11-18 12:58:26.868110,277.0,250.0,95.0,93.0
177,4,CAM001,271,1.5678838219068487,6775,True,613b4d1e-c528-4ef5-91ef-1fde52080565,Eastbound,2025-11-18 12:58:26.866109,605.0,238.0,74.0,124.0
176,7,CAM001,256,1.4701140486937117,6775,True,613b4d1e-c528-4ef5-91ef-1fde52080565,Eastbound,2025-11-18 12:58:26.864100,719.0,243.0,83.0,139.0
175,1,CAM001,223,2.0160933420136735,6775,True,613b4d1e-c528-4ef5-91ef-1fde52080565,Eastbound,2025-11-18 12:58:26.861596,482.0,247.0,121.0,132.0
174,9,CAM001,220,2.020780544195512,6775,True,613b4d1e-c528-4ef5-91ef-1fde52080565,Eastbound,2025-11-18 12:58:26.858596,374.0,242.0,104.0,103.0
173,8,CAM002,271,2.032650063073132,6705,True,ec790070-4835-4864-80a9-221ef0ed2582,Westbound,2025-11-18 12:58:26.416894,360.0,386.0,108.0,107.0
172,4,CAM002,240,1.6489961330204788,6705,True,ec790070-4835-4864-80a9-221ef0ed2582,Westbound,2025-11-18 12:58:26.415894,559.0,353.0,94.0,153.0
171,3,CAM002,216,1.9973391445932753,6705,True,ec790070-4835-4864-80a9-221ef0ed2582,Westbound,2025-11-18 12:58:26.412831,254.0,368.0,122.0,160.0
170,7,CAM002,207,1.975286610067155,6705,True,ec790070-4835-4864-80a9-221ef0ed2582,Westbound,2025-11-18 12:58:26.409830,654.0,320.0,222.0,215.0
169,2,CAM002,76,2.0233659736836596,6705,True,ec790070-4835-4864-80a9-221ef0ed2582,Westbound,2025-11-18 12:58:26.404824,397.0,347.0,231.0,193.0
168,6,CAM001,273,2.000842770412066,6770,True,613b4d1e-c528-4ef5-91ef-1fde52080565,Eastbound,2025-11-18 12:58:22.714737,278.0,246.0,100.0,98.0
167,4,CAM001,271,1.5922171876419657,6770,True,613b4d1e-c528-4ef5-91ef-1fde52080565,Eastbound,2025-11-18 12:58:22.712637,600.0,233.0,81.0,135.0
166,1,CAM001,223,1.5932536138786277,6770,True,613b4d1e-c528-4ef5-91ef-1fde52080565,Eastbound,2025-11-18 12:58:22.710637,482.0,246.0,121.0,133.0
165,9,CAM001,220,2.012083283042645,6770,True,613b4d1e-c528-4ef5-91ef-1fde52080565,Eastbound,2025-11-18 12:58:22.706637,374.0,243.0,104.0,104.0
164,8,CAM002,271,1.98542278671674,6700,True,ec790070-4835-4864-80a9-221ef0ed2582,Westbound,2025-11-18 12:58:22.357817,359.0,386.0,108.0,106.0
163,4,CAM002,240,1.6563532382146282,6700,True,ec790070-4835-4864-80a9-221ef0ed2582,Westbound,2025-11-18 12:58:22.355829,559.0,353.0,95.0,153.0
162,3,CAM002,216,2.002120545254888,6700,True,ec790070-4835-4864-80a9-221ef0ed2582,Westbound,2025-11-18 12:58:22.352102,256.0,368.0,120.0,160.0
161,7,CAM002,207,1.7302303250343711,6700,True,ec790070-4835-4864-80a9-221ef0ed2582,Westbound,2025-11-18 12:58:22.350098,652.0,317.0,228.0,218.0
160,1,CAM002,76,1.681440618292993,6700,True,ec790070-4835-4864-80a9-221ef0ed2582,Westbound,2025-11-18 12:58:22.343985,395.0,347.0,234.0,193.0
159,6,CAM001,273,1.995902303213022,6765,True,613b4d1e-c528-4ef5-91ef-1fde52080565,Eastbound,2025-11-18 12:58:18.219484,277.0,243.0,102.0,101.0
158,4,CAM001,271,1.579050786358283,6765,True,613b4d1e-c528-4ef5-91ef-1fde52080565,Eastbound,2025-11-18 12:58:18.217485,601.0,235.0,82.0,131.0
157,7,CAM001,256,2.0205560867396892,6765,True,613b4d1e-c528-4ef5-91ef-1fde52080565,Eastbound,2025-11-18 12:58:18.216484,720.0,242.0,81.0,136.0
156,8,CAM001,223,2.0316719963572023,6765,True,613b4d1e-c528-4ef5-91ef-1fde52080565,Eastbound,2025-11-18 12:58:18.213478,481.0,247.0,121.0,132.0
155,9,CAM001,220,1.9790299514344931,6765,True,613b4d1e-c528-4ef5-91ef-1fde52080565,Eastbound,2025-11-18 12:58:18.210990,373.0,243.0,107.0,104.0
154,4,CAM002,240,1.6021586258090137,6695,True,ec790070-4835-4864-80a9-221ef0ed2582,Westbound,2025-11-18 12:58:17.841607,559.0,354.0,94.0,151.0
153,3,CAM002,216,1.9876212710981014,6695,True,ec790070-4835-4864-80a9-221ef0ed2582,Westbound,2025-11-18 12:58:17.840607,257.0,370.0,114.0,162.0
152,2,CAM002,207,2.0058362742770384,6695,True,ec790070-4835-4864-80a9-221ef0ed2582,Westbound,2025-11-18 12:58:17.838608,655.0,311.0,237.0,225.0
151,1,CAM002,76,1.9745116489457677,6695,True,ec790070-4835-4864-80a9-221ef0ed2582,Westbound,2025-11-18 12:58:17.836616,393.0,348.0,237.0,192.0
150,6,CAM001,273,1.9486308728220527,6760,True,613b4d1e-c528-4ef5-91ef-1fde52080565,Eastbound,2025-11-18 12:58:14.206695,276.0,234.0,108.0,111.0
149,4,CAM001,271,1.599710171754328,6760,True,613b4d1e-c528-4ef5-91ef-1fde52080565,Eastbound,2025-11-18 12:58:14.203592,604.0,245.0,77.0,119.0
148,7,CAM001,256,2.015492507861525,6760,True,613b4d1e-c528-4ef5-91ef-1fde52080565,Eastbound,2025-11-18 12:58:14.201974,720.0,243.0,81.0,138.0
147,8,CAM001,223,2.0087007113572333,6760,True,613b4d1e-c528-4ef5-91ef-1fde52080565,Eastbound,2025-11-18 12:58:14.198986,481.0,247.0,120.0,132.0
146,9,CAM001,220,1.5773414332878715,6760,True,613b4d1e-c528-4ef5-91ef-1fde52080565,Eastbound,2025-11-18 12:58:14.195982,375.0,243.0,104.0,103.0
145,9,CAM002,268,1.641296193346751,6690,True,ec790070-4835-4864-80a9-221ef0ed2582,Westbound,2025-11-18 12:58:13.816276,514.0,377.0,54.0,91.0
144,4,CAM002,240,1.6380580139273717,6690,True,ec790070-4835-4864-80a9-221ef0ed2582,Westbound,2025-11-18 12:58:13.815313,559.0,355.0,93.0,149.0
143,3,CAM002,216,2.0069307489599866,6690,True,ec790070-4835-4864-80a9-221ef0ed2582,Westbound,2025-11-18 12:58:13.814275,247.0,370.0,119.0,167.0
142,2,CAM002,207,2.033733176329748,6690,True,ec790070-4835-4864-80a9-221ef0ed2582,Westbound,2025-11-18 12:58:13.812167,654.0,310.0,239.0,227.0
141,1,CAM002,76,1.9908857674652334,6690,True,ec790070-4835-4864-80a9-221ef0ed2582,Westbound,2025-11-18 12:58:13.809255,392.0,350.0,236.0,190.0
140,6,CAM001,273,1.9876382580051697,6755,True,613b4d1e-c528-4ef5-91ef-1fde52080565,Eastbound,2025-11-18 12:58:09.856975,274.0,222.0,121.0,125.0
139,4,CAM001,271,1.5760547697964165,6755,True,613b4d1e-c528-4ef5-91ef-1fde52080565,Eastbound,2025-11-18 12:58:09.853974,603.0,246.0,78.0,117.0
138,7,CAM001,256,2.0326058757128047,6755,True,613b4d1e-c528-4ef5-91ef-1fde52080565,Eastbound,2025-11-18 12:58:09.851791,720.0,244.0,82.0,142.0
137,1,CAM001,223,1.58491626594505,6755,True,613b4d1e-c528-4ef5-91ef-1fde52080565,Eastbound,2025-11-18 12:58:09.849791,481.0,246.0,123.0,133.0
136,9,CAM001,220,1.6161251678260735,6755,True,613b4d1e-c528-4ef5-91ef-1fde52080565,Eastbound,2025-11-18 12:58:09.845808,375.0,242.0,108.0,105.0
135,8,CAM002,269,2.025032544769212,6685,True,ec790070-4835-4864-80a9-221ef0ed2582,Westbound,2025-11-18 12:58:09.460037,358.0,384.0,85.0,153.0
134,9,CAM002,268,1.4805188243391607,6685,True,ec790070-4835-4864-80a9-221ef0ed2582,Westbound,2025-11-18 12:58:09.458037,511.0,376.0,59.0,91.0
133,4,CAM002,240,1.629296204671111,6685,True,ec790070-4835-4864-80a9-221ef0ed2582,Westbound,2025-11-18 12:58:09.456037,559.0,355.0,93.0,150.0
132,3,CAM002,216,1.9688769407511866,6685,True,ec790070-4835-4864-80a9-221ef0ed2582,Westbound,2025-11-18 12:58:09.451529,246.0,369.0,127.0,167.0
131,2,CAM002,207,2.0238494494635164,6685,True,ec790070-4835-4864-80a9-221ef0ed2582,Westbound,2025-11-18 12:58:09.448529,653.0,311.0,241.0,224.0
130,1,CAM002,76,1.6562697234027053,6685,True,ec790070-4835-4864-80a9-221ef0ed2582,Westbound,2025-11-18 12:58:09.442995,396.0,351.0,232.0,189.0
129,6,CAM001,273,1.9862405848248996,6750,True,613b4d1e-c528-4ef5-91ef-1fde52080565,Eastbound,2025-11-18 12:58:05.533813,271.0,218.0,127.0,128.0
128,4,CAM001,271,1.5751525420392045,6750,True,613b4d1e-c528-4ef5-91ef-1fde52080565,Eastbound,2025-11-18 12:58:05.532786,604.0,249.0,73.0,110.0
127,7,CAM001,256,1.9755422127667177,6750,True,613b4d1e-c528-4ef5-91ef-1fde52080565,Eastbound,2025-11-18 12:58:05.531786,719.0,244.0,83.0,143.0
126,8,CAM001,223,1.4587804393571557,6750,True,613b4d1e-c528-4ef5-91ef-1fde52080565,Eastbound,2025-11-18 12:58:05.529787,482.0,245.0,124.0,134.0
125,9,CAM001,220,2.0158674061743693,6750,True,613b4d1e-c528-4ef5-91ef-1fde52080565,Eastbound,2025-11-18 12:58:05.527785,377.0,243.0,104.0,102.0
124,8,CAM002,269,1.3260330055593643,6680,True,ec790070-4835-4864-80a9-221ef0ed2582,Westbound,2025-11-18 12:58:05.160763,358.0,385.0,84.0,153.0
123,4,CAM002,240,1.6103209877578923,6680,True,ec790070-4835-4864-80a9-221ef0ed2582,Westbound,2025-11-18 12:58:05.158762,559.0,355.0,92.0,150.0
122,3,CAM002,216,2.0387618397332723,6680,True,ec790070-4835-4864-80a9-221ef0ed2582,Westbound,2025-11-18 12:58:05.155762,250.0,367.0,131.0,169.0
121,2,CAM002,207,2.0407490253042293,6680,True,ec790070-4835-4864-80a9-221ef0ed2582,Westbound,2025-11-18 12:58:05.152756,654.0,313.0,238.0,221.0
120,1,CAM002,76,1.9966066028467733,6680,True,ec790070-4835-4864-80a9-221ef0ed2582,Westbound,2025-11-18 12:58:05.149250,395.0,352.0,234.0,188.0
119,6,CAM001,273,1.8958836503190686,6745,True,613b4d1e-c528-4ef5-91ef-1fde52080565,Eastbound,2025-11-18 12:58:01.224552,272.0,217.0,131.0,129.0
118,4,CAM001,271,1.635806911974489,6745,True,613b4d1e-c528-4ef5-91ef-1fde52080565,Eastbound,2025-11-18 12:58:01.221030,602.0,249.0,73.0,110.0
117,7,CAM001,256,1.97150804732813,6745,True,613b4d1e-c528-4ef5-91ef-1fde52080565,Eastbound,2025-11-18 12:58:01.218030,719.0,244.0,83.0,143.0
116,8,CAM001,223,2.0307943256421397,6745,True,613b4d1e-c528-4ef5-91ef-1fde52080565,Eastbound,2025-11-18 12:58:01.215029,482.0,246.0,123.0,134.0
115,9,CAM001,220,1.969234492895442,6745,True,613b4d1e-c528-4ef5-91ef-1fde52080565,Eastbound,2025-11-18 12:58:01.213023,378.0,244.0,102.0,101.0
114,4,CAM002,240,1.6342265066085535,6675,True,ec790070-4835-4864-80a9-221ef0ed2582,Westbound,2025-11-18 12:58:00.839597,559.0,354.0,92.0,151.0
113,3,CAM002,216,1.9807038521817633,6675,True,ec790070-4835-4864-80a9-221ef0ed2582,Westbound,2025-11-18 12:58:00.838598,251.0,368.0,133.0,170.0
112,2,CAM002,207,1.9980608261738724,6675,True,ec790070-4835-4864-80a9-221ef0ed2582,Westbound,2025-11-18 12:58:00.836597,653.0,312.0,240.0,223.0
111,1,CAM002,76,2.0240996210073052,6675,True,ec790070-4835-4864-80a9-221ef0ed2582,Westbound,2025-11-18 12:58:00.834617,393.0,354.0,233.0,186.0
110,3,CAM001,273,1.501335483630222,6740,True,613b4d1e-c528-4ef5-91ef-1fde52080565,Eastbound,2025-11-18 12:57:56.495120,276.0,229.0,120.0,117.0
109,4,CAM001,271,1.5882426882164473,6740,True,613b4d1e-c528-4ef5-91ef-1fde52080565,Eastbound,2025-11-18 12:57:56.493003,603.0,247.0,70.0,111.0
108,6,CAM001,258,2.036984042525344,6740,True,613b4d1e-c528-4ef5-91ef-1fde52080565,Eastbound,2025-11-18 12:57:56.490338,360.0,240.0,50.0,68.0
107,7,CAM001,256,2.0274524610520723,6740,True,613b4d1e-c528-4ef5-91ef-1fde52080565,Eastbound,2025-11-18 12:57:56.489322,720.0,245.0,82.0,141.0
106,8,CAM001,223,2.02277879322872,6740,True,613b4d1e-c528-4ef5-91ef-1fde52080565,Eastbound,2025-11-18 12:57:56.487333,482.0,247.0,122.0,133.0
105,9,CAM001,220,2.0188312714493883,6740,True,613b4d1e-c528-4ef5-91ef-1fde52080565,Eastbound,2025-11-18 12:57:56.484321,379.0,246.0,100.0,100.0
104,4,CAM002,240,1.598286243585895,6670,True,ec790070-4835-4864-80a9-221ef0ed2582,Westbound,2025-11-18 12:57:56.075327,560.0,354.0,92.0,151.0
103,3,CAM002,216,1.553544712149717,6670,True,ec790070-4835-4864-80a9-221ef0ed2582,Westbound,2025-11-18 12:57:56.072610,254.0,370.0,133.0,170.0
102,2,CAM002,207,1.9823654285089938,6670,True,ec790070-4835-4864-80a9-221ef0ed2582,Westbound,2025-11-18 12:57:56.070482,652.0,312.0,243.0,223.0
101,1,CAM002,76,2.0050363667714985,6670,True,ec790070-4835-4864-80a9-221ef0ed2582,Westbound,2025-11-18 12:57:56.067582,393.0,356.0,230.0,184.0
100,3,CAM001,273,1.3982750553973742,6735,True,613b4d1e-c528-4ef5-91ef-1fde52080565,Eastbound,2025-11-18 12:57:52.084736,277.0,236.0,114.0,109.0
99,4,CAM001,271,1.438292749727826,6735,True,613b4d1e-c528-4ef5-91ef-1fde52080565,Eastbound,2025-11-18 12:57:52.082223,606.0,243.0,68.0,113.0
98,6,CAM001,258,1.7839872606769394,6735,True,613b4d1e-c528-4ef5-91ef-1fde52080565,Eastbound,2025-11-18 12:57:52.080222,358.0,241.0,54.0,66.0
97,7,CAM001,256,2.030665717989317,6735,True,613b4d1e-c528-4ef5-91ef-1fde52080565,Eastbound,2025-11-18 12:57:52.078222,719.0,245.0,84.0,143.0
96,8,CAM001,223,1.6080521406319888,6735,True,613b4d1e-c528-4ef5-91ef-1fde52080565,Eastbound,2025-11-18 12:57:52.076224,482.0,246.0,122.0,134.0
95,9,CAM001,220,1.9923572702050552,6735,True,613b4d1e-c528-4ef5-91ef-1fde52080565,Eastbound,2025-11-18 12:57:52.074217,378.0,245.0,99.0,99.0
94,8,CAM002,268,1.7637348970002638,6665,True,ec790070-4835-4864-80a9-221ef0ed2582,Westbound,2025-11-18 12:57:51.629870,503.0,376.0,58.0,86.0
93,4,CAM002,240,2.027500976216071,6665,True,ec790070-4835-4864-80a9-221ef0ed2582,Westbound,2025-11-18 12:57:51.627870,560.0,352.0,92.0,152.0
92,3,CAM002,216,1.9820159290223298,6665,True,ec790070-4835-4864-80a9-221ef0ed2582,Westbound,2025-11-18 12:57:51.626870,254.0,368.0,131.0,171.0
91,2,CAM002,207,2.01337078449907,6665,True,ec790070-4835-4864-80a9-221ef0ed2582,Westbound,2025-11-18 12:57:51.624894,651.0,312.0,248.0,222.0
90,1,CAM002,76,2.0265762570302983,6665,True,ec790070-4835-4864-80a9-221ef0ed2582,Westbound,2025-11-18 12:57:51.622859,395.0,356.0,227.0,184.0
89,6,CAM001,273,1.5036805631313634,6730,True,613b4d1e-c528-4ef5-91ef-1fde52080565,Eastbound,2025-11-18 12:57:47.872054,277.0,221.0,131.0,125.0
88,7,CAM001,256,2.0256658951393054,6730,True,613b4d1e-c528-4ef5-91ef-1fde52080565,Eastbound,2025-11-18 12:57:47.870054,718.0,246.0,85.0,142.0
87,8,CAM001,223,1.6990841080918189,6730,True,613b4d1e-c528-4ef5-91ef-1fde52080565,Eastbound,2025-11-18 12:57:47.868044,484.0,246.0,121.0,134.0
86,9,CAM001,220,1.9777833974253471,6730,True,613b4d1e-c528-4ef5-91ef-1fde52080565,Eastbound,2025-11-18 12:57:47.862947,381.0,244.0,98.0,98.0
85,3,CAM002,269,2.0023868558170945,6660,True,ec790070-4835-4864-80a9-221ef0ed2582,Westbound,2025-11-18 12:57:47.521054,350.0,386.0,85.0,154.0
84,8,CAM002,268,1.776341108228324,6660,True,ec790070-4835-4864-80a9-221ef0ed2582,Westbound,2025-11-18 12:57:47.518089,505.0,376.0,56.0,87.0
83,4,CAM002,240,2.006226671300666,6660,True,ec790070-4835-4864-80a9-221ef0ed2582,Westbound,2025-11-18 12:57:47.516097,560.0,350.0,92.0,153.0
82,6,CAM002,216,1.6142346961569234,6660,True,ec790070-4835-4864-80a9-221ef0ed2582,Westbound,2025-11-18 12:57:47.514098,252.0,365.0,130.0,170.0
81,2,CAM002,207,1.9940431589465994,6660,True,ec790070-4835-4864-80a9-221ef0ed2582,Westbound,2025-11-18 12:57:47.512045,653.0,312.0,251.0,222.0
80,1,CAM002,76,2.0371300405648434,6660,True,ec790070-4835-4864-80a9-221ef0ed2582,Westbound,2025-11-18 12:57:47.509520,398.0,355.0,225.0,185.0
79,6,CAM001,273,1.3453420705430137,6725,True,613b4d1e-c528-4ef5-91ef-1fde52080565,Eastbound,2025-11-18 12:57:43.295854,277.0,232.0,119.0,112.0
78,9,CAM001,271,2.0346265099420284,6725,True,613b4d1e-c528-4ef5-91ef-1fde52080565,Eastbound,2025-11-18 12:57:43.293915,607.0,237.0,71.0,120.0
77,7,CAM001,256,1.9681297142150762,6725,True,613b4d1e-c528-4ef5-91ef-1fde52080565,Eastbound,2025-11-18 12:57:43.292187,719.0,247.0,84.0,137.0
76,8,CAM001,223,1.6911478374313345,6725,True,613b4d1e-c528-4ef5-91ef-1fde52080565,Eastbound,2025-11-18 12:57:43.290088,483.0,246.0,120.0,134.0
75,3,CAM001,220,2.0189934326626973,6725,True,613b4d1e-c528-4ef5-91ef-1fde52080565,Eastbound,2025-11-18 12:57:43.287215,380.0,244.0,99.0,98.0
74,8,CAM002,268,1.7596496035204898,6655,True,ec790070-4835-4864-80a9-221ef0ed2582,Westbound,2025-11-18 12:57:42.879817,509.0,376.0,53.0,88.0
73,4,CAM002,240,2.0310583418820602,6655,True,ec790070-4835-4864-80a9-221ef0ed2582,Westbound,2025-11-18 12:57:42.877817,560.0,351.0,92.0,153.0
72,6,CAM002,216,1.9836165714274785,6655,True,ec790070-4835-4864-80a9-221ef0ed2582,Westbound,2025-11-18 12:57:42.875817,252.0,365.0,130.0,170.0
71,2,CAM002,207,2.0239241803595402,6655,True,ec790070-4835-4864-80a9-221ef0ed2582,Westbound,2025-11-18 12:57:42.874816,650.0,313.0,255.0,222.0
70,1,CAM002,76,2.029322909532492,6655,True,ec790070-4835-4864-80a9-221ef0ed2582,Westbound,2025-11-18 12:57:42.870775,400.0,354.0,223.0,186.0
69,9,CAM001,271,1.9539928134184195,6720,True,613b4d1e-c528-4ef5-91ef-1fde52080565,Eastbound,2025-11-18 12:57:38.231745,607.0,239.0,72.0,119.0
68,7,CAM001,256,2.0119395057630776,6720,True,613b4d1e-c528-4ef5-91ef-1fde52080565,Eastbound,2025-11-18 12:57:38.228741,719.0,246.0,84.0,138.0
67,8,CAM001,223,2.017185162284198,6720,True,613b4d1e-c528-4ef5-91ef-1fde52080565,Eastbound,2025-11-18 12:57:38.226674,483.0,246.0,120.0,133.0
66,3,CAM001,220,1.5716937035223515,6720,True,613b4d1e-c528-4ef5-91ef-1fde52080565,Eastbound,2025-11-18 12:57:38.222707,381.0,243.0,96.0,100.0
65,3,CAM002,267,2.0178196297548148,6650,True,ec790070-4835-4864-80a9-221ef0ed2582,Westbound,2025-11-18 12:57:37.821959,355.0,384.0,99.0,111.0
64,4,CAM002,240,2.0129333980065005,6650,True,ec790070-4835-4864-80a9-221ef0ed2582,Westbound,2025-11-18 12:57:37.819958,560.0,352.0,93.0,152.0
63,6,CAM002,216,2.0152382730104694,6650,True,ec790070-4835-4864-80a9-221ef0ed2582,Westbound,2025-11-18 12:57:37.817958,250.0,364.0,133.0,174.0
62,2,CAM002,207,1.9882425952148417,6650,True,ec790070-4835-4864-80a9-221ef0ed2582,Westbound,2025-11-18 12:57:37.815959,654.0,313.0,264.0,224.0
61,1,CAM002,76,2.0280142757932063,6650,True,ec790070-4835-4864-80a9-221ef0ed2582,Westbound,2025-11-18 12:57:37.813958,401.0,352.0,222.0,188.0
60,4,CAM001,271,1.6360688583212415,6715,True,613b4d1e-c528-4ef5-91ef-1fde52080565,Eastbound,2025-11-18 12:57:33.235411,608.0,243.0,72.0,118.0
59,7,CAM001,256,1.9393152116239656,6715,True,613b4d1e-c528-4ef5-91ef-1fde52080565,Eastbound,2025-11-18 12:57:33.233411,717.0,245.0,88.0,141.0
58,3,CAM001,233,1.6120748372498126,6715,True,613b4d1e-c528-4ef5-91ef-1fde52080565,Eastbound,2025-11-18 12:57:33.231406,356.0,213.0,59.0,127.0
57,8,CAM001,223,2.0301429682199217,6715,True,613b4d1e-c528-4ef5-91ef-1fde52080565,Eastbound,2025-11-18 12:57:33.229901,483.0,244.0,121.0,135.0
56,9,CAM001,220,2.0303224843421392,6715,True,613b4d1e-c528-4ef5-91ef-1fde52080565,Eastbound,2025-11-18 12:57:33.228917,396.0,241.0,95.0,100.0
55,3,CAM002,267,1.6242657891456471,6645,True,ec790070-4835-4864-80a9-221ef0ed2582,Westbound,2025-11-18 12:57:32.685511,357.0,385.0,97.0,108.0
54,4,CAM002,240,1.6409469747536423,6645,True,ec790070-4835-4864-80a9-221ef0ed2582,Westbound,2025-11-18 12:57:32.683527,560.0,351.0,92.0,153.0
53,6,CAM002,216,1.979332033953195,6645,True,ec790070-4835-4864-80a9-221ef0ed2582,Westbound,2025-11-18 12:57:32.682402,251.0,366.0,133.0,172.0
52,2,CAM002,207,1.983388016696336,6645,True,ec790070-4835-4864-80a9-221ef0ed2582,Westbound,2025-11-18 12:57:32.679799,660.0,311.0,259.0,225.0
51,1,CAM002,76,2.033239400035913,6645,True,ec790070-4835-4864-80a9-221ef0ed2582,Westbound,2025-11-18 12:57:32.677678,399.0,351.0,223.0,189.0
50,4,CAM001,271,1.6552408089033819,6710,True,613b4d1e-c528-4ef5-91ef-1fde52080565,Eastbound,2025-11-18 12:57:28.080235,606.0,247.0,74.0,120.0
49,7,CAM001,256,1.996708197194661,6710,True,613b4d1e-c528-4ef5-91ef-1fde52080565,Eastbound,2025-11-18 12:57:28.078233,719.0,247.0,84.0,130.0
48,3,CAM001,233,1.572014616297725,6710,True,613b4d1e-c528-4ef5-91ef-1fde52080565,Eastbound,2025-11-18 12:57:28.077234,354.0,214.0,60.0,124.0
47,8,CAM001,223,2.0331395438595887,6710,True,613b4d1e-c528-4ef5-91ef-1fde52080565,Eastbound,2025-11-18 12:57:28.075232,481.0,244.0,124.0,135.0
46,9,CAM001,220,1.9790998510781472,6710,True,613b4d1e-c528-4ef5-91ef-1fde52080565,Eastbound,2025-11-18 12:57:28.073234,389.0,241.0,101.0,100.0
45,3,CAM002,267,1.6318519712170287,6640,True,ec790070-4835-4864-80a9-221ef0ed2582,Westbound,2025-11-18 12:57:27.566770,364.0,385.0,87.0,104.0
44,4,CAM002,240,1.6879445407038538,6640,True,ec790070-4835-4864-80a9-221ef0ed2582,Westbound,2025-11-18 12:57:27.563769,559.0,350.0,94.0,154.0
43,6,CAM002,216,2.011227088703325,6640,True,ec790070-4835-4864-80a9-221ef0ed2582,Westbound,2025-11-18 12:57:27.562769,253.0,370.0,132.0,170.0
42,2,CAM002,207,2.0215502685522857,6640,True,ec790070-4835-4864-80a9-221ef0ed2582,Westbound,2025-11-18 12:57:27.559631,644.0,310.0,265.0,225.0
41,1,CAM002,76,2.004349634228054,6640,True,ec790070-4835-4864-80a9-221ef0ed2582,Westbound,2025-11-18 12:57:27.555631,398.0,349.0,224.0,191.0
40,4,CAM001,271,1.6381288874104476,6705,True,613b4d1e-c528-4ef5-91ef-1fde52080565,Eastbound,2025-11-18 12:57:22.578145,602.0,249.0,78.0,126.0
39,7,CAM001,256,1.913831148972826,6705,True,613b4d1e-c528-4ef5-91ef-1fde52080565,Eastbound,2025-11-18 12:57:22.576156,723.0,250.0,77.0,125.0
38,6,CAM001,233,1.4784785302502317,6705,True,613b4d1e-c528-4ef5-91ef-1fde52080565,Eastbound,2025-11-18 12:57:22.575142,350.0,215.0,61.0,122.0
37,8,CAM001,223,2.0201802994764764,6705,True,613b4d1e-c528-4ef5-91ef-1fde52080565,Eastbound,2025-11-18 12:57:22.572150,481.0,246.0,122.0,133.0
36,9,CAM001,220,1.9932692715417404,6705,True,613b4d1e-c528-4ef5-91ef-1fde52080565,Eastbound,2025-11-18 12:57:22.569549,380.0,242.0,104.0,100.0
35,3,CAM002,267,2.032779807930677,6635,True,ec790070-4835-4864-80a9-221ef0ed2582,Westbound,2025-11-18 12:57:22.075495,368.0,384.0,86.0,105.0
34,4,CAM002,240,1.7378191649633283,6635,True,ec790070-4835-4864-80a9-221ef0ed2582,Westbound,2025-11-18 12:57:22.072509,559.0,351.0,94.0,154.0
33,6,CAM002,216,1.9989737608322764,6635,True,ec790070-4835-4864-80a9-221ef0ed2582,Westbound,2025-11-18 12:57:22.069905,253.0,369.0,132.0,169.0
32,2,CAM002,207,1.98214018952885,6635,True,ec790070-4835-4864-80a9-221ef0ed2582,Westbound,2025-11-18 12:57:22.068913,648.0,311.0,277.0,225.0
31,1,CAM002,76,2.033357746468888,6635,True,ec790070-4835-4864-80a9-221ef0ed2582,Westbound,2025-11-18 12:57:22.065907,397.0,348.0,225.0,192.0
30,4,CAM001,271,1.6970256865225979,6700,True,613b4d1e-c528-4ef5-91ef-1fde52080565,Eastbound,2025-11-18 12:57:17.078282,600.0,249.0,81.0,129.0
29,6,CAM001,258,1.513874371932581,6700,True,613b4d1e-c528-4ef5-91ef-1fde52080565,Eastbound,2025-11-18 12:57:17.076282,358.0,240.0,51.0,64.0
28,7,CAM001,256,2.024314398518339,6700,True,613b4d1e-c528-4ef5-91ef-1fde52080565,Eastbound,2025-11-18 12:57:17.075283,719.0,247.0,85.0,138.0
27,8,CAM001,223,2.0175745993762466,6700,True,613b4d1e-c528-4ef5-91ef-1fde52080565,Eastbound,2025-11-18 12:57:17.073281,481.0,248.0,120.0,131.0
26,9,CAM001,220,2.027326018872156,6700,True,613b4d1e-c528-4ef5-91ef-1fde52080565,Eastbound,2025-11-18 12:57:17.068950,375.0,243.0,105.0,100.0
25,3,CAM002,267,1.6185093308081353,6630,True,ec790070-4835-4864-80a9-221ef0ed2582,Westbound,2025-11-18 12:57:16.646001,364.0,385.0,77.0,105.0
24,4,CAM002,240,1.726563712413903,6630,True,ec790070-4835-4864-80a9-221ef0ed2582,Westbound,2025-11-18 12:57:16.643002,558.0,351.0,94.0,154.0
23,6,CAM002,216,1.5799780946823705,6630,True,ec790070-4835-4864-80a9-221ef0ed2582,Westbound,2025-11-18 12:57:16.639455,253.0,365.0,129.0,166.0
22,2,CAM002,207,2.0071790299818324,6630,True,ec790070-4835-4864-80a9-221ef0ed2582,Westbound,2025-11-18 12:57:16.638455,656.0,310.0,279.0,226.0
21,1,CAM002,76,1.9953179357817237,6630,True,ec790070-4835-4864-80a9-221ef0ed2582,Westbound,2025-11-18 12:57:16.635470,398.0,348.0,225.0,192.0
20,3,CAM001,273,1.3446205575459602,6695,True,613b4d1e-c528-4ef5-91ef-1fde52080565,Eastbound,2025-11-18 12:57:12.276835,277.0,249.0,96.0,95.0
19,4,CAM001,271,1.5471333587993332,6695,True,613b4d1e-c528-4ef5-91ef-1fde52080565,Eastbound,2025-11-18 12:57:12.275836,603.0,249.0,78.0,121.0
18,7,CAM001,256,2.0294487137001136,6695,True,613b4d1e-c528-4ef5-91ef-1fde52080565,Eastbound,2025-11-18 12:57:12.272836,717.0,247.0,89.0,139.0
17,8,CAM001,223,1.5727611239551949,6695,True,613b4d1e-c528-4ef5-91ef-1fde52080565,Eastbound,2025-11-18 12:57:12.271837,482.0,248.0,119.0,131.0
16,9,CAM001,220,2.0093114325348598,6695,True,613b4d1e-c528-4ef5-91ef-1fde52080565,Eastbound,2025-11-18 12:57:12.268965,375.0,244.0,104.0,99.0
15,3,CAM002,267,2.0115070170073843,6625,True,ec790070-4835-4864-80a9-221ef0ed2582,Westbound,2025-11-18 12:57:11.889561,350.0,386.0,79.0,104.0
14,4,CAM002,240,1.6763080931041991,6625,True,ec790070-4835-4864-80a9-221ef0ed2582,Westbound,2025-11-18 12:57:11.888562,558.0,351.0,94.0,154.0
13,6,CAM002,216,2.0092491963273797,6625,True,ec790070-4835-4864-80a9-221ef0ed2582,Westbound,2025-11-18 12:57:11.886564,254.0,362.0,126.0,162.0
12,2,CAM002,207,1.971456269842675,6625,True,ec790070-4835-4864-80a9-221ef0ed2582,Westbound,2025-11-18 12:57:11.885563,654.0,311.0,279.0,224.0
11,8,CAM002,76,1.7057470703135091,6625,True,ec790070-4835-4864-80a9-221ef0ed2582,Westbound,2025-11-18 12:57:11.882558,397.0,348.0,225.0,192.0
10,4,CAM001,271,1.5302333275272662,6690,True,613b4d1e-c528-4ef5-91ef-1fde52080565,Eastbound,2025-11-18 12:57:07.569173,610.0,249.0,69.0,107.0
9,1,CAM001,270,1.9952479328763455,6690,True,613b4d1e-c528-4ef5-91ef-1fde52080565,Eastbound,2025-11-18 12:57:07.567656,765.0,232.0,82.0,200.0
8,7,CAM001,256,1.9587115376908122,6690,True,613b4d1e-c528-4ef5-91ef-1fde52080565,Eastbound,2025-11-18 12:57:07.562647,715.0,248.0,92.0,135.0
7,8,CAM001,223,1.549905643438267,6690,True,613b4d1e-c528-4ef5-91ef-1fde52080565,Eastbound,2025-11-18 12:57:07.560637,482.0,248.0,119.0,131.0
6,9,CAM001,220,1.9935229716501301,6690,True,613b4d1e-c528-4ef5-91ef-1fde52080565,Eastbound,2025-11-18 12:57:07.555128,376.0,245.0,101.0,98.0
5,3,CAM002,267,1.980979400013628,6620,True,ec790070-4835-4864-80a9-221ef0ed2582,Westbound,2025-11-18 12:57:07.022340,349.0,385.0,90.0,104.0
4,4,CAM002,240,1.6455937183526204,6620,True,ec790070-4835-4864-80a9-221ef0ed2582,Westbound,2025-11-18 12:57:07.020750,558.0,351.0,95.0,154.0
3,6,CAM002,216,2.027857750426957,6620,True,ec790070-4835-4864-80a9-221ef0ed2582,Westbound,2025-11-18 12:57:07.018824,253.0,361.0,128.0,165.0
2,2,CAM002,207,1.9972265459835055,6620,True,ec790070-4835-4864-80a9-221ef0ed2582,Westbound,2025-11-18 12:57:07.015760,659.0,312.0,275.0,223.0
1,8,CAM002,76,1.6654986050491034,6620,True,ec790070-4835-4864-80a9-221ef0ed2582,Westbound,2025-11-18 12:57:07.012803,397.0,348.0,225.0,192.0
